^aa	-12.47680945	-6.78014248
^aac	-13.57542174	-10.73522497
^aad	-13.57542174	-9.36573773
^aag	-13.57542174	-10.14743831
^aak	-13.57542174	-8.75192729
^aal	-13.57542174	-9.59312757
^aam	-13.57542174	-10.39875274
^aan	-13.57542174	-9.13921008
^aap	-13.57542174	-11.04537990
^aar	-12.88227456	-8.70707673
^aas	-13.57542174	-8.89998039
^aat	-13.57542174	-9.40022391
^aav	-13.57542174	-9.15281573
^aay	-13.57542174	-9.49203146
^aaz	-13.57542174	-10.35223272
^ab	-8.36048599	-8.57574073
^aba	-10.93636441	-11.65151571
^abb	-11.37819717	-11.83383726
^abd	-10.93636441	-11.04537990
^abh	-12.47680945	-8.89998039
^abo	-10.31732521	-11.65151571
^abr	-10.43992753	-13.44327518
^abs	-9.56808856	-13.44327518
^abu	-11.01047239	-11.24605060
^ac	-7.99947264	-9.30014045
^aca	-11.09051509	-11.24605060
^acc	-8.77963120	-10.61006183
^ach	-10.74220840	-9.91691465
^acq	-10.31732521	-13.44327518
^acr	-10.57968947	-12.75012800
^act	-9.99190280	-12.05698081
^ad	-8.30756358	-7.93388684
^ada	-11.01047239	-10.35223272
^add	-10.68504999	-10.18517864
^adh	-11.49598020	-9.08656635
^adi	-12.47680945	-9.47298326
^adj	-10.14143454	-13.44327518
^adm	-10.07891418	-11.24605060
^ado	-10.43992753	-11.04537990
^adu	-11.01047239	-10.22439935
^adv	-9.74678035	-12.05698081
^ae	-10.07891418	-11.49736503
^aer	-10.35654592	-11.65151571
^af	-9.21871292	-10.55290342
^aff	-9.64359611	-13.44327518
^afg	-12.47680945	-11.14069008
^aft	-10.74220840	-12.75012800
^ag	-9.12107445	-9.59312757
^aga	-11.62951159	-10.87832582
^age	-10.86737154	-11.65151571
^agg	-10.20812591	-11.04537990
^agn	-12.88227456	-11.04537990
^ago	-11.17752647	-13.44327518
^agr	-10.63098276	-11.14069008
^ah	-11.96598383	-11.04537990
^ai	-9.38576700	-9.63661269
^aik	-13.57542174	-10.73522497
^air	-9.68360145	-11.65151571
^aj	-12.88227456	-10.14743831
^ak	-13.57542174	-8.84815533
^aka	-13.57542174	-10.14743831
^akk	-13.57542174	-10.30778096
^akr	-13.57542174	-10.22439935
^aks	-13.57542174	-10.80421785
^al	-8.22356361	-8.57574073
^ala	-11.96598383	-9.49203146
^alb	-11.37819717	-11.65151571
^ale	-11.17752647	-10.95836853
^ali	-10.35654592	-11.24605060
^alk	-11.09051509	-13.44327518
^all	-9.35591404	-9.77971353
^alp	-10.48437929	-11.49736503
^alt	-10.24321723	-12.34466289
^alu	-11.37819717	-12.05698081
^am	-8.50651754	-8.16516052
^ama	-10.68504999	-10.18517864
^amb	-9.83775212	-10.61006183
^ame	-10.63098276	-10.07597935
^amg	-13.57542174	-9.88792711
^ami	-11.01047239	-10.55290342
^amm	-12.18912738	-9.97753927
^amo	-10.24321723	-11.36383363
^amp	-10.24321723	-11.49736503
^amr	-13.57542174	-10.44754290
^an	-7.61958437	-7.15914101
^ana	-9.43228702	-9.88792711
^anc	-10.43992753	-10.87832582
^and	-11.62951159	-9.70560556
^ane	-10.63098276	-10.95836853
^ang	-10.07891418	-9.33240131
^ani	-10.63098276	-10.55290342
^anj	-13.57542174	-10.39875274
^ann	-9.86184968	-8.86856420
^ano	-10.43992753	-11.65151571
^ans	-11.62951159	-11.49736503
^ant	-8.59181512	-9.38283217
^anu	-12.88227456	-8.56047325
^anv	-13.57542174	-10.67068645
^anw	-13.57542174	-10.73522497
^any	-11.37819717	-11.24605060
^ao	-12.18912738	-11.04537990
^ap	-8.28211692	-8.85830770
^apa	-11.78366227	-10.22439935
^aph	-11.37819717	-10.22439935
^apo	-9.79123211	-10.39875274
^app	-8.80473712	-10.80421785
^apr	-12.18912738	-11.04537990
^aq	-10.43992753	-13.44327518
^aqu	-10.43992753	-13.44327518
^ar	-8.18179420	-7.82650408
^ara	-11.96598383	-9.45429113
^arb	-10.57968947	-11.65151571
^arc	-9.83775212	-11.65151571
^ard	-11.78366227	-10.55290342
^are	-11.96598383	-10.95836853
^arg	-11.09051509	-12.75012800
^ari	-11.09051509	-9.09946975
^arj	-13.57542174	-10.61006183
^arm	-10.27958488	-11.49736503
^aro	-11.27283665	-10.87832582
^arr	-10.24321723	-11.36383363
^ars	-11.17752647	-11.83383726
^art	-9.70422073	-10.18517864
^aru	-12.47680945	-10.61006183
^as	-8.22831421	-8.55292605
^asa	-13.57542174	-10.35223272
^asc	-10.35654592	-13.44327518
^ash	-10.93636441	-9.83235726
^asi	-11.96598383	-10.87832582
^aso	-13.57542174	-10.73522497
^asp	-10.35654592	-13.44327518
^ass	-9.13277049	-10.73522497
^ast	-9.81422163	-10.44754290
^at	-8.86589154	-7.79430094
^ath	-11.37819717	-8.12026520
^ati	-12.47680945	-10.35223272
^atl	-12.88227456	-10.87832582
^ato	-10.80283302	-11.65151571
^atr	-11.27283665	-12.75012800
^att	-9.38576700	-10.35223272
^atu	-13.57542174	-10.80421785
^au	-8.66276686	-9.22376747
^aud	-10.27958488	-12.05698081
^aug	-10.80283302	-11.14069008
^aus	-11.01047239	-10.04207779
^aut	-9.34131524	-10.67068645
^av	-9.48107718	-8.02274018
^ava	-10.93636441	-8.21752850
^ave	-10.63098276	-12.05698081
^avi	-11.01047239	-9.85975624
^avo	-10.80283302	-13.44327518
^aw	-10.04906122	-11.14069008
^awa	-10.93636441	-12.05698081
^ax	-11.37819717	-12.34466289
^ay	-12.18912738	-9.34893061
^aya	-12.47680945	-10.22439935
^ayy	-13.57542174	-11.04537990
^az	-12.18912738	-9.57207416
^azh	-13.57542174	-9.88792711
^ba	-7.22279235	-7.29267241
^baa	-12.18912738	-8.59124491
^bab	-10.86737154	-10.55290342
^bac	-8.95044893	-12.75012800
^bad	-10.63098276	-10.18517864
^bag	-10.86737154	-13.44327518
^bah	-12.47680945	-9.91691465
^bai	-10.80283302	-10.26522135
^bak	-11.27283665	-11.65151571
^bal	-9.41653866	-9.85975624
^bam	-12.18912738	-10.80421785
^ban	-9.28496230	-8.81830236
^bap	-11.09051509	-12.05698081
^bar	-8.79629825	-10.67068645
^bas	-9.51497873	-10.35223272
^bat	-9.66339874	-10.49883620
^bau	-11.78366227	-11.24605060
^bay	-11.49598020	-10.80421785
^be	-7.47510279	-9.04882602
^bea	-9.44828736	-11.83383726
^bec	-10.86737154	-12.75012800
^bed	-9.70422073	-13.44327518
^bee	-10.24321723	-10.44754290
^bef	-10.53089931	-13.44327518
^beg	-10.31732521	-12.75012800
^beh	-10.31732521	-13.44327518
^bel	-9.49788430	-11.24605060
^ben	-10.04906122	-10.35223272
^ber	-10.48437929	-12.05698081
^bes	-9.86184968	-11.36383363
^bet	-10.04906122	-11.14069008
^bew	-10.93636441	-13.44327518
^bh	-12.88227456	-7.37023064
^bha	-12.88227456	-7.67808407
^bhe	-13.57542174	-10.26522135
^bho	-13.57542174	-9.33240131
^bhu	-13.57542174	-10.49883620
^bi	-8.01859368	-9.13921008
^bib	-11.01047239	-12.34466289
^bic	-10.63098276	-12.34466289
^bid	-11.01047239	-13.44327518
^big	-10.80283302	-12.05698081
^bil	-10.07891418	-12.05698081
^bin	-10.53089931	-10.49883620
^bio	-9.79123211	-11.49736503
^bir	-10.24321723	-10.95836853
^bis	-10.74220840	-11.04537990
^bit	-10.63098276	-11.83383726
^bl	-7.70612483	-9.70560556
^bla	-8.90259291	-10.44754290
^ble	-9.96450383	-12.05698081
^bli	-9.68360145	-13.44327518
^blo	-9.00071076	-10.67068645
^blu	-9.35591404	-11.83383726
^bo	-7.61699705	-8.45284259
^boa	-10.24321723	-11.83383726
^bob	-10.68504999	-11.36383363
^bod	-10.53089931	-11.04537990
^bog	-11.17752647	-13.44327518
^bol	-10.31732521	-11.83383726
^bom	-10.63098276	-11.24605060
^bon	-9.83775212	-10.55290342
^boo	-9.23161632	-9.49203146
^bor	-10.31732521	-11.65151571
^bos	-11.09051509	-11.65151571
^bot	-10.63098276	-10.95836853
^bou	-10.02007368	-11.04537990
^bow	-10.27958488	-11.36383363
^box	-11.09051509	-12.75012800
^br	-7.57648518	-8.38068014
^bra	-8.86589154	-9.55145488
^bre	-9.23161632	-10.00928797
^bri	-9.10951362	-9.36573773
^bro	-8.96030123	-10.95836853
^bru	-10.14143454	-11.24605060
^bu	-7.71463552	-9.30014045
^bub	-11.27283665	-12.75012800
^buc	-10.35654592	-13.44327518
^bud	-11.01047239	-10.11107067
^buf	-11.01047239	-12.75012800
^bug	-10.86737154	-13.44327518
^buk	-13.57542174	-10.67068645
^bul	-9.58643770	-12.05698081
^bum	-10.68504999	-13.44327518
^bun	-10.20812591	-12.05698081
^bur	-9.25793363	-12.75012800
^bus	-9.60512983	-11.83383726
^but	-10.04906122	-12.34466289
^by	-10.68504999	-11.04537990
^ca	-6.83490238	-8.31931120
^cab	-10.20812591	-11.65151571
^cac	-11.09051509	-13.44327518
^cad	-10.80283302	-12.75012800
^cae	-12.47680945	-11.24605060
^cai	-11.78366227	-11.65151571
^cal	-9.07561207	-10.67068645
^cam	-9.70422073	-10.26522135
^can	-8.77963120	-10.55290342
^cap	-9.27135665	-11.04537990
^car	-8.28715471	-9.91691465
^cas	-9.40103447	-10.55290342
^cat	-8.98030189	-11.36383363
^cau	-9.88654229	-11.24605060
^cav	-10.31732521	-13.44327518
^ce	-8.45742793	-9.59312757
^cel	-10.27958488	-10.95836853
^cen	-9.34131524	-10.67068645
^cer	-9.88654229	-12.05698081
^ch	-7.18183099	-6.49341872
^cha	-8.24754557	-7.70348226
^che	-8.91198265	-7.53519224
^chi	-8.72339148	-8.25031833
^chl	-10.68504999	-12.75012800
^cho	-9.41653866	-9.12578706
^chr	-10.31732521	-10.14743831
^chu	-9.58643770	-9.04882602
^ci	-8.84803392	-10.00928797
^cin	-11.17752647	-11.49736503
^cir	-9.53237048	-13.44327518
^cit	-10.80283302	-10.95836853
^civ	-11.01047239	-13.44327518
^cl	-7.81651997	-9.83235726
^cla	-8.98030189	-10.44754290
^cle	-9.48107718	-12.05698081
^cli	-9.68360145	-12.05698081
^clo	-9.19339511	-12.75012800
^clu	-10.07891418	-11.24605060
^co	-6.03003199	-8.25031833
^coa	-9.66339874	-12.34466289
^cob	-10.93636441	-13.44327518
^coc	-9.99190280	-11.24605060
^cod	-10.31732521	-12.34466289
^coe	-10.57968947	-13.44327518
^cof	-11.27283665	-12.34466289
^cog	-10.43992753	-13.44327518
^coh	-11.01047239	-13.44327518
^coi	-10.48437929	-13.44327518
^col	-8.58498916	-9.75439572
^com	-7.81023064	-9.55145488
^con	-7.00594032	-10.26522135
^coo	-9.83775212	-10.18517864
^cop	-9.93783558	-12.34466289
^cor	-8.59868800	-11.65151571
^cos	-9.70422073	-13.44327518
^cot	-10.43992753	-11.49736503
^cou	-8.58498916	-10.80421785
^cov	-10.43992753	-12.75012800
^cow	-10.17422436	-13.44327518
^cr	-7.48411186	-10.11107067
^cra	-9.02154485	-12.05698081
^cre	-9.06456224	-11.36383363
^cri	-9.32692650	-11.04537990
^cro	-9.04282225	-12.34466289
^cru	-9.31274187	-12.34466289
^cry	-10.27958488	-12.05698081
^cu	-8.18179420	-10.67068645
^cub	-10.86737154	-13.44327518
^cul	-10.39736791	-11.83383726
^cum	-10.86737154	-11.65151571
^cup	-10.80283302	-12.75012800
^cur	-9.28496230	-12.75012800
^cus	-10.39736791	-12.75012800
^cut	-10.10968584	-13.44327518
^cy	-9.79123211	-11.65151571
^cyc	-10.86737154	-13.44327518
^da	-8.24754557	-7.91384609
^daa	-13.57542174	-9.63661269
^dab	-11.27283665	-11.65151571
^dac	-11.62951159	-11.83383726
^dae	-12.47680945	-11.04537990
^dai	-11.01047239	-9.85975624
^dak	-13.57542174	-10.80421785
^dal	-11.37819717	-11.14069008
^dam	-10.20812591	-11.49736503
^dan	-10.35654592	-10.49883620
^dar	-10.20812591	-10.30778096
^das	-11.09051509	-10.73522497
^dat	-10.86737154	-10.87832582
^dau	-10.86737154	-11.24605060
^dav	-12.47680945	-10.87832582
^daw	-11.37819717	-11.65151571
^day	-11.01047239	-10.22439935
^de	-6.51924646	-8.12026520
^dea	-9.64359611	-12.05698081
^deb	-9.66339874	-13.44327518
^dec	-8.43375819	-11.65151571
^ded	-10.68504999	-13.44327518
^dee	-10.74220840	-9.65908554
^def	-8.69261982	-13.44327518
^deg	-11.27283665	-12.75012800
^deh	-10.53089931	-12.05698081
^dei	-10.93636441	-12.75012800
^del	-9.27135665	-10.73522497
^dem	-8.64816806	-10.67068645
^den	-9.49788430	-11.04537990
^deo	-11.09051509	-13.44327518
^dep	-8.87494138	-12.75012800
^der	-9.86184968	-12.05698081
^des	-8.71560934	-9.77971353
^det	-9.44828736	-11.83383726
^dev	-9.66339874	-9.45429113
^dh	-12.18912738	-8.72477630
^dha	-13.57542174	-9.22376747
^dhe	-13.57542174	-10.44754290
^dhu	-13.57542174	-11.04537990
^di	-6.70848846	-8.63925413
^dia	-9.56808856	-11.36383363
^dic	-10.48437929	-12.75012800
^die	-11.01047239	-12.34466289
^dif	-10.35654592	-13.44327518
^dig	-10.14143454	-12.05698081
^dii	-13.57542174	-10.44754290
^dil	-10.43992753	-11.49736503
^dim	-10.57968947	-11.49736503
^din	-10.10968584	-10.73522497
^dip	-10.48437929	-11.65151571
^dir	-10.14143454	-13.44327518
^dis	-7.17350455	-10.04207779
^dit	-11.17752647	-13.44327518
^div	-9.56808856	-10.44754290
^do	-7.76727925	-9.07382732
^doc	-10.20812591	-11.49736503
^dod	-10.93636441	-13.44327518
^dog	-9.99190280	-13.44327518
^dol	-10.68504999	-11.49736503
^dom	-10.31732521	-11.04537990
^don	-10.57968947	-11.49736503
^doo	-9.99190280	-10.11107067
^dop	-11.17752647	-13.44327518
^dor	-11.01047239	-12.75012800
^dos	-10.86737154	-11.83383726
^dou	-10.14143454	-11.65151571
^dow	-9.64359611	-11.83383726
^doz	-11.17752647	-13.44327518
^dr	-8.22356361	-9.97753927
^dra	-9.43228702	-10.73522497
^dre	-10.10968584	-12.34466289
^dri	-9.74678035	-11.04537990
^dro	-9.93783558	-12.75012800
^dru	-10.24321723	-11.83383726
^du	-8.58498916	-9.51144954
^dub	-11.62951159	-11.36383363
^duc	-10.48437929	-12.05698081
^due	-11.09051509	-13.44327518
^dum	-10.53089931	-13.44327518
^dun	-10.63098276	-12.34466289
^dup	-11.01047239	-13.44327518
^dur	-11.96598383	-10.35223272
^dus	-10.68504999	-11.83383726
^dut	-11.49598020	-11.36383363
^dv	-13.57542174	-10.35223272
^dve	-13.57542174	-10.95836853
^dw	-11.09051509	-10.30778096
^dwa	-11.96598383	-10.80421785
^dwe	-11.78366227	-11.24605060
^dy	-10.27958488	-11.24605060
^dyn	-11.49598020	-11.49736503
^ea	-9.15658114	-9.30014045
^ear	-9.62417802	-10.55290342
^eas	-10.74220840	-11.83383726
^eat	-11.62951159	-10.55290342
^eb	-11.49598020	-11.24605060
^ec	-9.86184968	-11.24605060
^eco	-10.74220840	-11.83383726
^ed	-9.86184968	-8.73374497
^eda	-13.57542174	-9.65908554
^edd	-12.18912738	-11.14069008
^edi	-10.53089931	-10.73522497
^edu	-11.09051509	-9.97753927
^ee	-12.47680945	-9.47298326
^een	-13.57542174	-10.95836853
^ees	-13.57542174	-10.61006183
^ef	-9.88654229	-11.65151571
^eff	-9.88654229	-12.75012800
^eg	-10.27958488	-11.49736503
^ego	-11.17752647	-12.75012800
^ei	-10.86737154	-10.55290342
^eig	-11.17752647	-13.44327518
^ej	-11.27283665	-11.65151571
^ek	-12.47680945	-10.00928797
^ekk	-13.57542174	-10.87832582
^el	-8.67014696	-9.11254184
^ela	-10.57968947	-10.44754290
^ele	-9.40103447	-11.49736503
^eli	-10.68504999	-11.24605060
^ell	-11.78366227	-10.00928797
^elu	-11.49598020	-11.14069008
^em	-8.26221576	-10.49883620
^ema	-10.80283302	-12.05698081
^emb	-9.21871292	-13.44327518
^eme	-10.74220840	-11.83383726
^emi	-10.80283302	-12.05698081
^emo	-10.53089931	-13.44327518
^emp	-9.88654229	-12.75012800
^emu	-10.80283302	-13.44327518
^en	-7.59148546	-7.89809773
^ena	-10.74220840	-10.67068645
^enc	-9.35591404	-11.49736503
^end	-9.62417802	-11.65151571
^ene	-10.93636441	-13.44327518
^enf	-10.80283302	-12.75012800
^eng	-10.86737154	-9.72970311
^enj	-11.37819717	-10.73522497
^enl	-10.53089931	-13.44327518
^enn	-11.96598383	-8.60699327
^enr	-10.74220840	-13.44327518
^ens	-10.24321723	-10.95836853
^ent	-9.15658114	-10.04207779
^enu	-11.01047239	-13.44327518
^env	-10.27958488	-13.44327518
^ep	-9.66339874	-11.24605060
^epi	-9.83775212	-13.44327518
^eq	-9.86184968	-12.75012800
^equ	-9.86184968	-13.44327518
^er	-9.41653866	-8.86856420
^era	-11.17752647	-10.14743831
^ere	-11.17752647	-11.65151571
^eri	-13.57542174	-10.04207779
^erp	-13.57542174	-10.44754290
^err	-11.09051509	-13.44327518
^eru	-11.09051509	-10.67068645
^es	-9.23161632	-9.77971353
^esc	-10.07891418	-13.44327518
^esh	-13.57542174	-10.55290342
^esl	-13.57542174	-10.95836853
^esp	-10.93636441	-13.44327518
^ess	-11.27283665	-12.34466289
^est	-10.57968947	-12.34466289
^et	-9.81422163	-8.36187081
^eth	-10.35654592	-8.66415168
^ett	-13.57542174	-10.22439935
^eu	-9.88654229	-10.00928797
^eul	-11.01047239	-13.44327518
^eur	-11.96598383	-10.67068645
^ev	-9.02154485	-9.70560556
^eva	-10.02007368	-10.14743831
^eve	-10.10968584	-12.75012800
^evi	-10.48437929	-10.80421785
^ex	-7.41000389	-10.87832582
^exa	-10.02007368	-13.44327518
^exc	-9.09808493	-12.75012800
^exe	-9.91186010	-12.34466289
^exh	-10.39736791	-12.75012800
^exi	-10.68504999	-12.05698081
^exo	-10.48437929	-13.44327518
^exp	-8.58498916	-12.75012800
^ext	-9.05363317	-12.75012800
^exu	-10.93636441	-13.44327518
^ey	-10.57968947	-10.73522497
^eye	-10.57968947	-12.34466289
^ez	-13.57542174	-9.40022391
^ezh	-13.57542174	-9.40022391
^fa	-7.80710075	-8.80854619
^faa	-13.57542174	-10.39875274
^fac	-9.70422073	-11.36383363
^fai	-10.14143454	-10.87832582
^fal	-10.10968584	-10.80421785
^fam	-10.74220840	-11.24605060
^fan	-10.02007368	-12.34466289
^far	-10.17422436	-11.14069008
^fas	-10.27958488	-10.95836853
^fat	-10.04906122	-11.83383726
^fau	-10.93636441	-11.83383726
^fav	-10.80283302	-13.44327518
^fay	-11.96598383	-11.49736503
^fe	-8.24754557	-9.07382732
^fea	-10.24321723	-12.34466289
^fed	-10.63098276	-13.44327518
^fee	-10.68504999	-10.87832582
^fel	-10.31732521	-9.97753927
^fem	-10.93636441	-11.24605060
^fen	-11.27283665	-11.65151571
^fer	-10.04906122	-11.36383363
^fes	-10.80283302	-11.49736503
^fet	-10.53089931	-12.34466289
^fi	-7.85510997	-9.34893061
^fib	-10.43992753	-12.34466289
^fic	-10.80283302	-12.75012800
^fid	-11.27283665	-12.05698081
^fie	-10.80283302	-12.34466289
^fif	-11.27283665	-12.75012800
^fig	-10.86737154	-13.44327518
^fil	-9.70422073	-11.14069008
^fin	-9.62417802	-11.14069008
^fir	-9.55007005	-11.49736503
^fis	-10.14143454	-10.55290342
^fit	-11.17752647	-13.44327518
^fix	-10.93636441	-13.44327518
^fl	-7.70612483	-10.61006183
^fla	-8.70788729	-12.05698081
^fle	-9.99190280	-11.49736503
^fli	-9.93783558	-12.75012800
^flo	-9.21871292	-11.49736503
^flu	-9.56808856	-13.44327518
^fly	-10.48437929	-13.44327518
^fo	-7.55439839	-9.15281573
^fol	-10.35654592	-13.44327518
^fon	-10.80283302	-11.36383363
^foo	-9.58643770	-10.11107067
^for	-8.15932134	-10.80421785
^fos	-11.27283665	-11.14069008
^fou	-10.35654592	-11.65151571
^fox	-10.74220840	-12.75012800
^fr	-7.99947264	-9.68207506
^fra	-9.34131524	-10.11107067
^fre	-9.24468840	-11.24605060
^fri	-9.60512983	-11.65151571
^fro	-9.70422073	-12.75012800
^fru	-10.53089931	-12.75012800
^fu	-8.50024793	-10.49883620
^ful	-10.93636441	-12.75012800
^fum	-11.01047239	-13.44327518
^fun	-9.91186010	-11.14069008
^fur	-9.86184968	-13.44327518
^fus	-10.74220840	-12.34466289
^fut	-11.01047239	-13.44327518
^ga	-7.96594995	-8.13997027
^gaa	-13.57542174	-9.83235726
^gab	-10.93636441	-13.44327518
^gad	-11.37819717	-9.97753927
^gai	-11.01047239	-11.49736503
^gal	-9.96450383	-10.95836853
^gam	-10.02007368	-11.65151571
^gan	-10.48437929	-9.70560556
^gar	-9.83775212	-10.55290342
^gas	-10.20812591	-11.14069008
^gat	-10.74220840	-10.61006183
^gau	-10.53089931	-11.83383726
^gav	-11.96598383	-10.44754290
^gaz	-11.09051509	-12.75012800
^ge	-8.46947627	-9.97753927
^gee	-11.78366227	-11.49736503
^gel	-11.27283665	-12.75012800
^gen	-9.27135665	-12.05698081
^geo	-10.27958488	-12.05698081
^ger	-10.48437929	-11.24605060
^ges	-11.17752647	-11.49736503
^gh	-10.48437929	-9.53125217
^gha	-12.88227456	-9.72970311
^gho	-10.86737154	-11.65151571
^gi	-9.01107355	-11.14069008
^gib	-11.09051509	-13.44327518
^gig	-10.48437929	-13.44327518
^gil	-11.37819717	-12.05698081
^gim	-11.17752647	-13.44327518
^gin	-11.09051509	-13.44327518
^gir	-10.68504999	-12.34466289
^gl	-8.51282671	-10.67068645
^gla	-9.68360145	-12.34466289
^gle	-11.01047239	-12.05698081
^gli	-10.35654592	-12.75012800
^glo	-9.56808856	-11.14069008
^glu	-10.86737154	-13.44327518
^gn	-10.68504999	-12.75012800
^gna	-10.93636441	-13.44327518
^go	-8.35506592	-8.48043055
^goa	-10.53089931	-10.95836853
^gob	-11.01047239	-11.65151571
^god	-10.35654592	-10.73522497
^gol	-10.57968947	-10.95836853
^gon	-11.09051509	-13.44327518
^goo	-10.02007368	-9.53125217
^gop	-12.88227456	-10.39875274
^gor	-10.68504999	-11.83383726
^gou	-11.09051509	-13.44327518
^gov	-11.01047239	-10.67068645
^gr	-7.55926458	-8.34952498
^gra	-8.44552303	-8.75192729
^gre	-9.64359611	-10.07597935
^gri	-9.38576700	-10.61006183
^gro	-9.04282225	-11.24605060
^gru	-10.02007368	-12.75012800
^gu	-8.59181512	-8.60699327
^gua	-10.48437929	-11.83383726
^gue	-11.01047239	-11.65151571
^gui	-10.17422436	-12.05698081
^guj	-13.57542174	-10.35223272
^gul	-10.86737154	-11.36383363
^gum	-11.17752647	-13.44327518
^gun	-10.24321723	-10.87832582
^gur	-11.96598383	-9.77971353
^gus	-11.09051509	-11.36383363
^guz	-11.96598383	-11.49736503
^gy	-9.96450383	-11.49736503
^gym	-11.17752647	-12.75012800
^ha	-7.44202370	-8.12515518
^haa	-13.57542174	-9.97753927
^hab	-11.27283665	-12.75012800
^hac	-11.17752647	-12.75012800
^hae	-11.01047239	-11.24605060
^hag	-11.01047239	-13.44327518
^hai	-10.02007368	-10.11107067
^hal	-9.68360145	-11.14069008
^ham	-10.24321723	-10.44754290
^han	-9.10951362	-10.87832582
^hap	-11.17752647	-12.75012800
^har	-8.90259291	-9.65908554
^has	-10.57968947	-11.24605060
^hat	-10.48437929	-12.75012800
^hau	-10.63098276	-11.36383363
^hav	-11.62951159	-10.87832582
^haw	-11.27283665	-11.04537990
^hay	-11.17752647	-12.34466289
^haz	-11.01047239	-12.05698081
^he	-7.70049101	-9.34893061
^hea	-8.64816806	-11.49736503
^hec	-10.80283302	-12.75012800
^hed	-11.09051509	-11.83383726
^hee	-11.09051509	-10.39875274
^hei	-10.86737154	-12.34466289
^hel	-10.04906122	-11.24605060
^hem	-10.48437929	-12.75012800
^hen	-11.49598020	-11.49736503
^her	-9.46454788	-11.65151571
^hi	-8.60560844	-8.83810499
^hic	-11.27283665	-12.34466289
^hid	-11.17752647	-12.05698081
^hig	-10.35654592	-11.83383726
^hii	-13.57542174	-10.80421785
^hij	-11.78366227	-11.65151571
^hil	-11.09051509	-11.49736503
^him	-12.47680945	-11.04537990
^hin	-10.68504999	-9.88792711
^hip	-11.09051509	-13.44327518
^his	-10.74220840	-12.05698081
^hit	-11.49598020	-10.80421785
^ho	-7.49777950	-8.91067568
^hoa	-11.27283665	-12.34466289
^hob	-10.63098276	-11.36383363
^hol	-9.99190280	-12.05698081
^hom	-9.25793363	-10.55290342
^hon	-9.88654229	-11.24605060
^hoo	-9.88654229	-10.49883620
^hop	-11.17752647	-11.83383726
^hor	-9.44828736	-11.14069008
^hos	-10.17422436	-10.87832582
^hot	-10.57968947	-11.24605060
^hou	-9.70422073	-12.75012800
^hov	-11.17752647	-13.44327518
^how	-11.01047239	-13.44327518
^hr	-13.57542174	-10.30778096
^hu	-8.41636644	-10.44754290
^hug	-11.37819717	-12.05698081
^hum	-9.24468840	-11.49736503
^hun	-10.43992753	-12.75012800
^hur	-10.48437929	-12.75012800
^hus	-10.86737154	-12.34466289
^hy	-8.70022442	-9.85975624
^hyb	-11.49598020	-12.05698081
^hyd	-9.96450383	-10.67068645
^hym	-11.17752647	-13.44327518
^hyp	-9.35591404	-12.75012800
^hyu	-13.57542174	-10.87832582
^ib	-12.18912738	-11.36383363
^ic	-10.74220840	-11.24605060
^id	-9.43228702	-9.41792349
^ida	-13.57542174	-9.83235726
^idd	-13.57542174	-11.04537990
^ide	-10.04906122	-13.44327518
^idi	-10.86737154	-12.34466289
^ig	-10.68504999	-12.34466289
^ign	-10.86737154	-12.34466289
^ii	-13.57542174	-10.14743831
^ik	-13.57542174	-10.18517864
^ikk	-13.57542174	-10.55290342
^il	-9.76875925	-9.55145488
^ila	-13.57542174	-10.61006183
^ill	-9.93783558	-10.00928797
^im	-7.73187733	-10.49883620
^ima	-10.68504999	-11.36383363
^imb	-11.09051509	-13.44327518
^imm	-9.25793363	-12.05698081
^imp	-8.10736160	-11.65151571
^in	-6.40992827	-8.24477814
^ina	-9.62417802	-10.73522497
^inb	-11.17752647	-13.44327518
^inc	-8.46343395	-12.75012800
^ind	-8.62666185	-8.84815533
^ine	-9.64359611	-13.44327518
^inf	-8.78793000	-12.75012800
^ing	-10.53089931	-11.83383726
^inh	-10.10968584	-13.44327518
^ini	-10.35654592	-12.34466289
^inj	-10.86737154	-12.75012800
^ink	-11.09051509	-13.44327518
^inn	-10.17422436	-11.14069008
^ino	-10.93636441	-13.44327518
^inq	-10.68504999	-13.44327518
^ins	-8.38246489	-10.80421785
^int	-7.82602876	-9.83235726
^inv	-9.05363317	-13.44327518
^io	-10.57968947	-12.05698081
^ion	-11.09051509	-12.34466289
^ir	-9.18097259	-8.89998039
^ira	-11.96598383	-9.80568902
^iri	-11.96598383	-10.49883620
^iro	-11.09051509	-13.44327518
^irr	-9.56808856	-13.44327518
^iru	-13.57542174	-9.88792711
^is	-9.96450383	-9.22376747
^ish	-13.57542174	-10.49883620
^isl	-11.78366227	-10.22439935
^iso	-10.43992753	-13.44327518
^it	-10.17422436	-8.63925413
^ita	-11.37819717	-10.11107067
^ite	-11.01047239	-13.44327518
^ith	-13.57542174	-9.03655593
^iv	-12.18912738	-9.65908554
^iva	-13.57542174	-10.07597935
^ivi	-12.88227456	-10.95836853
^iy	-13.57542174	-10.73522497
^ja	-8.92146139	-7.66562285
^jaa	-13.57542174	-9.68207506
^jac	-10.57968947	-11.36383363
^jad	-11.78366227	-11.49736503
^jag	-11.78366227	-11.36383363
^jai	-11.62951159	-10.49883620
^jal	-12.47680945	-10.35223272
^jam	-11.37819717	-10.87832582
^jan	-11.37819717	-8.79888428
^jap	-11.78366227	-11.24605060
^jar	-11.78366227	-10.87832582
^jau	-11.27283665	-12.75012800
^jav	-12.47680945	-10.95836853
^jaw	-11.37819717	-11.36383363
^jay	-11.62951159	-9.85975624
^je	-9.46454788	-8.63925413
^jee	-12.18912738	-8.95463881
^jel	-11.62951159	-11.24605060
^jer	-10.93636441	-11.14069008
^jet	-11.17752647	-12.75012800
^jew	-11.17752647	-13.44327518
^ji	-9.58643770	-10.07597935
^jil	-12.18912738	-10.73522497
^jin	-10.86737154	-13.44327518
^jo	-8.98030189	-8.79888428
^jol	-11.37819717	-10.18517864
^joo	-13.57542174	-9.75439572
^jor	-13.57542174	-10.73522497
^jou	-10.57968947	-12.34466289
^joy	-10.93636441	-13.44327518
^ju	-9.01107355	-8.95463881
^jub	-12.88227456	-11.14069008
^jud	-10.74220840	-10.61006183
^jug	-11.17752647	-13.44327518
^jul	-12.18912738	-10.39875274
^jum	-11.09051509	-12.75012800
^jun	-10.48437929	-11.65151571
^jur	-11.27283665	-11.65151571
^jus	-11.37819717	-11.65151571
^juu	-13.57542174	-10.30778096
^jy	-13.57542174	-10.26522135
^jyo	-13.57542174	-10.67068645
^ka	-10.31732521	-6.17924503
^kaa	-13.57542174	-7.46946556
^kab	-12.88227456	-10.95836853
^kad	-12.88227456	-9.31614079
^kae	-13.57542174	-10.61006183
^kai	-12.88227456	-9.57207416
^kak	-13.57542174	-10.87832582
^kal	-12.88227456	-8.30747674
^kam	-12.88227456	-8.97736706
^kan	-12.47680945	-8.28421988
^kap	-13.57542174	-11.04537990
^kar	-11.37819717	-8.60699327
^kas	-13.57542174	-9.85975624
^kat	-12.88227456	-8.95463881
^kau	-13.57542174	-10.44754290
^kav	-13.57542174	-9.15281573
^kay	-11.96598383	-10.49883620
^kaz	-12.88227456	-9.11254184
^ke	-9.34131524	-8.00955317
^ked	-12.88227456	-10.39875274
^kee	-10.68504999	-9.61463378
^kel	-12.88227456	-10.39875274
^ken	-11.62951159	-9.45429113
^kep	-12.47680945	-11.04537990
^ker	-11.78366227	-10.67068645
^ket	-11.49598020	-9.85975624
^key	-10.31732521	-12.34466289
^kh	-12.18912738	-9.61463378
^kha	-12.18912738	-9.94676761
^ki	-8.60560844	-8.59908809
^kib	-10.93636441	-13.44327518
^kic	-11.01047239	-12.75012800
^kid	-10.86737154	-10.55290342
^kii	-13.57542174	-10.49883620
^kil	-10.10968584	-10.39875274
^kin	-9.88654229	-10.44754290
^kir	-12.47680945	-11.14069008
^kis	-11.49598020	-11.83383726
^kit	-11.09051509	-10.18517864
^kiz	-13.57542174	-11.04537990
^kl	-11.78366227	-9.65908554
^kla	-12.88227456	-9.91691465
^kn	-9.32692650	-12.34466289
^kna	-11.37819717	-12.34466289
^kne	-10.93636441	-13.44327518
^kni	-10.68504999	-13.44327518
^kno	-10.35654592	-13.44327518
^ko	-10.48437929	-7.12250688
^koc	-13.57542174	-10.55290342
^kod	-13.57542174	-9.53125217
^kol	-12.47680945	-8.88939828
^kom	-13.57542174	-10.30778096
^kon	-13.57542174	-9.40022391
^koo	-11.78366227	-8.18058499
^kop	-12.88227456	-11.14069008
^kor	-12.88227456	-10.67068645
^kot	-13.57542174	-9.57207416
^koz	-13.57542174	-10.49883620
^kr	-11.78366227	-8.21216656
^kra	-11.96598383	-10.07597935
^kri	-13.57542174	-8.92148660
^kro	-12.88227456	-10.55290342
^kru	-13.57542174	-9.59312757
^ks	-13.57542174	-9.83235726
^ksh	-13.57542174	-9.83235726
^ku	-12.88227456	-7.51102999
^kud	-12.88227456	-9.04882602
^kul	-13.57542174	-10.26522135
^kum	-13.57542174	-10.87832582
^kun	-13.57542174	-9.97753927
^kur	-13.57542174	-8.85830770
^kut	-13.57542174	-8.83810499
^kuz	-13.57542174	-10.73522497
^ky	-13.57542174	-10.30778096
^kya	-13.57542174	-10.44754290
^la	-7.63525049	-7.98368966
^laa	-13.57542174	-10.35223272
^lab	-10.31732521	-9.45429113
^lac	-10.20812591	-12.75012800
^lad	-10.68504999	-12.05698081
^lag	-11.17752647	-12.75012800
^lai	-11.96598383	-10.22439935
^lak	-12.18912738	-9.57207416
^lal	-13.57542174	-10.44754290
^lam	-9.79123211	-11.36383363
^lan	-9.29875562	-11.49736503
^lap	-10.68504999	-13.44327518
^lar	-10.24321723	-11.65151571
^las	-10.80283302	-11.65151571
^lat	-10.02007368	-11.83383726
^lau	-10.31732521	-11.36383363
^lav	-10.86737154	-11.49736503
^law	-10.74220840	-12.05698081
^lay	-10.74220840	-11.36383363
^le	-7.99569192	-8.82815466
^lea	-9.49788430	-10.95836853
^lec	-11.09051509	-13.44327518
^lee	-11.27283665	-10.14743831
^lef	-11.17752647	-12.75012800
^leg	-9.49788430	-12.75012800
^lei	-11.37819717	-12.05698081
^len	-10.68504999	-11.83383726
^les	-10.93636441	-10.95836853
^let	-10.80283302	-12.05698081
^lev	-10.31732521	-11.04537990
^lew	-12.18912738	-11.14069008
^li	-7.75533881	-8.85830770
^lib	-9.91186010	-12.05698081
^lic	-10.68504999	-13.44327518
^lif	-10.48437929	-12.75012800
^lig	-10.31732521	-12.75012800
^lii	-13.57542174	-10.49883620
^lik	-10.53089931	-11.83383726
^lil	-11.49598020	-11.14069008
^lim	-9.91186010	-12.05698081
^lin	-9.81422163	-10.73522497
^lio	-11.37819717	-11.65151571
^lip	-11.17752647	-13.44327518
^liq	-10.63098276	-13.44327518
^lis	-10.68504999	-11.14069008
^lit	-9.91186010	-10.80421785
^liv	-10.74220840	-11.49736503
^lo	-7.97699978	-8.68110124
^loa	-10.57968947	-12.05698081
^lob	-10.93636441	-13.44327518
^loc	-9.99190280	-12.75012800
^lod	-11.49598020	-12.05698081
^log	-10.39736791	-12.75012800
^lok	-13.57542174	-9.65908554
^lol	-11.01047239	-13.44327518
^lon	-10.48437929	-11.83383726
^loo	-10.14143454	-9.94676761
^lop	-11.49598020	-11.49736503
^lor	-11.37819717	-11.83383726
^lou	-10.31732521	-12.34466289
^lov	-10.57968947	-12.05698081
^low	-10.74220840	-12.34466289
^loy	-11.49598020	-11.83383726
^lu	-8.56478645	-9.40022391
^lub	-11.09051509	-13.44327518
^luc	-10.68504999	-11.04537990
^lug	-10.80283302	-13.44327518
^lum	-10.27958488	-13.44327518
^lun	-10.43992753	-12.75012800
^lur	-11.01047239	-13.44327518
^lus	-10.68504999	-11.83383726
^luu	-13.57542174	-10.55290342
^ly	-10.53089931	-12.05698081
^ma	-7.05627446	-6.08062991
^maa	-13.57542174	-7.68122379
^mac	-9.83775212	-11.49736503
^mad	-10.43992753	-8.93241567
^mae	-12.18912738	-11.14069008
^mag	-9.72527414	-10.18517864
^mah	-11.62951159	-8.52329425
^mai	-9.93783558	-9.77971353
^maj	-11.17752647	-10.61006183
^mak	-11.17752647	-9.80568902
^mal	-9.48107718	-8.34952498
^mam	-11.09051509	-10.11107067
^man	-8.73123466	-7.95021373
^mar	-8.66276686	-8.11539901
^mas	-9.31274187	-10.73522497
^mat	-9.49788430	-8.20152816
^mau	-12.88227456	-10.67068645
^max	-11.17752647	-12.75012800
^may	-10.93636441	-10.55290342
^maz	-12.18912738	-10.39875274
^me	-7.53994031	-7.93388684
^mea	-9.79123211	-12.05698081
^mec	-10.86737154	-10.67068645
^med	-9.96450383	-9.75439572
^mee	-11.09051509	-9.19477993
^meg	-10.04906122	-12.05698081
^mek	-13.57542174	-9.83235726
^mel	-10.02007368	-10.44754290
^mem	-10.39736791	-12.34466289
^men	-9.86184968	-12.05698081
^mer	-9.56808856	-10.87832582
^mes	-10.14143454	-11.14069008
^met	-9.12107445	-10.44754290
^mi	-7.20895130	-8.34340875
^mic	-9.62417802	-11.14069008
^mid	-9.99190280	-12.75012800
^mig	-11.17752647	-12.75012800
^mii	-13.57542174	-9.94676761
^mik	-12.47680945	-11.04537990
^mil	-9.10951362	-9.85975624
^mim	-10.86737154	-13.44327518
^min	-8.89329052	-10.30778096
^mir	-10.86737154	-12.05698081
^mis	-8.11583623	-9.88792711
^mit	-10.80283302	-10.67068645
^mo	-7.30254474	-7.98368966
^mob	-10.68504999	-12.05698081
^moc	-11.37819717	-10.67068645
^mod	-9.56808856	-10.44754290
^moi	-10.80283302	-12.34466289
^mol	-9.93783558	-12.75012800
^mom	-11.17752647	-12.75012800
^mon	-8.79629825	-10.11107067
^moo	-9.99190280	-8.79888428
^mop	-10.93636441	-13.44327518
^mor	-9.34131524	-11.24605060
^mos	-10.93636441	-10.26522135
^mot	-9.41653866	-10.95836853
^mou	-9.46454788	-11.24605060
^mr	-13.57542174	-10.30778096
^mu	-8.05396083	-7.57964400
^mud	-10.57968947	-10.80421785
^muf	-11.17752647	-11.83383726
^mug	-11.17752647	-12.34466289
^muk	-12.47680945	-9.47298326
^mul	-9.48107718	-10.73522497
^mum	-11.27283665	-9.77971353
^mun	-10.93636441	-8.83810499
^mur	-10.57968947	-10.39875274
^mus	-9.35591404	-10.61006183
^mut	-10.20812591	-9.49203146
^muu	-12.88227456	-10.49883620
^muz	-11.96598383	-11.04537990
^my	-9.91186010	-10.30778096
^mys	-11.09051509	-12.34466289
^myt	-11.01047239	-11.36383363
^na	-8.46947627	-6.70039454
^naa	-13.57542174	-8.14495781
^nab	-11.78366227	-11.24605060
^nad	-12.88227456	-8.16007145
^nae	-12.88227456	-11.14069008
^nag	-11.96598383	-9.68207506
^nai	-11.27283665	-10.44754290
^nak	-12.47680945	-10.67068645
^nal	-13.57542174	-8.97736706
^nam	-11.27283665	-9.80568902
^nan	-11.62951159	-9.97753927
^nap	-10.74220840	-11.24605060
^nar	-10.27958488	-10.14743831
^nas	-10.93636441	-9.51144954
^nat	-9.81422163	-9.63661269
^nau	-10.93636441	-12.05698081
^nav	-11.27283665	-10.11107067
^nay	-11.96598383	-10.14743831
^ne	-8.08648402	-7.77339425
^nea	-10.74220840	-13.44327518
^nec	-10.14143454	-12.75012800
^ned	-13.57542174	-9.88792711
^nee	-10.93636441	-9.02443457
^neg	-10.35654592	-12.05698081
^nei	-11.01047239	-13.44327518
^neo	-10.68504999	-11.83383726
^nep	-11.96598383	-11.14069008
^ner	-11.01047239	-9.72970311
^nes	-11.37819717	-12.34466289
^net	-11.09051509	-9.18059530
^neu	-9.88654229	-12.75012800
^new	-9.86184968	-10.44754290
^ni	-8.77963120	-6.89219484
^nic	-10.53089931	-11.04537990
^nig	-9.93783558	-11.36383363
^nii	-13.57542174	-10.55290342
^nik	-13.57542174	-10.11107067
^nil	-13.57542174	-8.71588736
^nim	-11.78366227	-11.65151571
^nin	-11.17752647	-9.88792711
^nip	-11.09051509	-13.44327518
^nir	-13.57542174	-7.64418252
^nis	-13.57542174	-10.22439935
^nit	-10.48437929	-11.24605060
^niv	-13.57542174	-10.87832582
^niy	-13.57542174	-8.84815533
^nj	-13.57542174	-10.49883620
^nja	-13.57542174	-10.49883620
^no	-7.64052755	-8.50163275
^nob	-10.86737154	-12.05698081
^noi	-11.01047239	-13.44327518
^nok	-13.57542174	-10.80421785
^nom	-11.17752647	-11.24605060
^non	-8.23308749	-13.44327518
^noo	-11.62951159	-9.23858256
^nor	-10.48437929	-10.95836853
^nos	-10.57968947	-13.44327518
^not	-9.86184968	-11.65151571
^nou	-11.62951159	-11.83383726
^nov	-10.53089931	-10.30778096
^nr	-13.57542174	-10.61006183
^nu	-8.87494138	-9.97753927
^nuc	-11.17752647	-12.34466289
^num	-10.07891418	-12.75012800
^nur	-11.17752647	-11.49736503
^nut	-10.39736791	-11.04537990
^ny	-12.18912738	-9.80568902
^nya	-13.57542174	-10.73522497
^nyo	-13.57542174	-10.61006183
^oa	-10.48437929	-9.94676761
^oaa	-13.57542174	-10.67068645
^oar	-11.27283665	-12.75012800
^ob	-8.70788729	-12.05698081
^obe	-11.01047239	-13.44327518
^obj	-10.68504999	-12.34466289
^obl	-10.53089931	-13.44327518
^obs	-9.68360145	-13.44327518
^oc	-9.74678035	-11.24605060
^occ	-10.43992753	-13.44327518
^oct	-11.27283665	-11.49736503
^od	-10.43992753	-9.83235726
^odi	-12.18912738	-10.44754290
^of	-9.62417802	-9.72970311
^off	-9.70422073	-9.75439572
^oh	-11.49598020	-11.04537990
^oi	-10.74220840	-12.34466289
^ol	-10.86737154	-10.04207779
^oli	-11.62951159	-10.67068645
^om	-10.57968947	-10.87832582
^on	-10.14143454	-9.12578706
^onn	-13.57542174	-9.45429113
^oo	-11.17752647	-8.91067568
^ood	-12.88227456	-10.80421785
^oor	-13.57542174	-10.14743831
^oot	-13.57542174	-11.04537990
^op	-8.97025156	-10.14743831
^opa	-11.17752647	-11.83383726
^ope	-10.39736791	-11.14069008
^opp	-10.48437929	-11.24605060
^opt	-10.17422436	-12.34466289
^or	-8.77140070	-8.51602149
^ora	-10.80283302	-9.83235726
^orc	-11.27283665	-12.75012800
^ord	-10.80283302	-13.44327518
^org	-10.43992753	-11.36383363
^ori	-10.35654592	-10.26522135
^oro	-12.47680945	-10.67068645
^ort	-11.09051509	-10.80421785
^oru	-13.57542174	-9.97753927
^os	-10.02007368	-12.05698081
^osc	-11.27283665	-12.75012800
^ost	-10.63098276	-13.44327518
^ot	-11.96598383	-9.72970311
^oth	-12.18912738	-11.04537990
^ott	-12.88227456	-10.49883620
^ou	-8.28715471	-10.95836853
^out	-8.34431313	-13.44327518
^ov	-7.70895369	-11.14069008
^ove	-7.74353927	-12.34466289
^ow	-11.09051509	-12.34466289
^ox	-10.27958488	-11.49736503
^oxi	-10.93636441	-12.75012800
^oz	-12.88227456	-10.22439935
^ozh	-13.57542174	-10.26522135
^pa	-7.04163291	-6.10243962
^paa	-13.57542174	-8.00085747
^pac	-10.04906122	-10.22439935
^pad	-11.09051509	-8.31337646
^pae	-11.62951159	-11.49736503
^pag	-11.01047239	-12.34466289
^pai	-10.14143454	-10.11107067
^pak	-13.57542174	-9.22376747
^pal	-9.19339511	-9.03655593
^pam	-11.49598020	-11.83383726
^pan	-9.48107718	-8.31931120
^pap	-10.24321723	-11.83383726
^par	-8.17725904	-7.42711802
^pas	-9.37072912	-9.91691465
^pat	-9.13277049	-7.92984643
^pau	-11.01047239	-11.04537990
^pav	-11.49598020	-11.14069008
^paw	-11.27283665	-12.75012800
^pay	-10.39736791	-10.80421785
^paz	-13.57542174	-10.04207779
^pe	-7.26006374	-8.09616765
^pea	-10.07891418	-12.75012800
^pec	-10.68504999	-13.44327518
^ped	-10.04906122	-10.61006183
^pee	-9.96450383	-10.07597935
^pel	-10.80283302	-13.44327518
^pen	-9.12107445	-10.18517864
^pep	-10.86737154	-12.34466289
^per	-8.10315107	-9.11254184
^pes	-10.43992753	-12.34466289
^pet	-9.93783558	-9.63661269
^ph	-8.39363819	-7.97944337
^pha	-10.10968584	-9.38283217
^phe	-11.01047239	-10.00928797
^phi	-9.91186010	-9.43594199
^phl	-11.96598383	-11.04537990
^pho	-9.37072912	-9.41792349
^phr	-11.62951159	-10.73522497
^phy	-10.53089931	-11.49736503
^pi	-7.94780063	-8.05878011
^pic	-9.93783558	-11.14069008
^pid	-11.62951159	-9.59312757
^pie	-10.86737154	-12.75012800
^pig	-10.27958488	-13.44327518
^pik	-11.96598383	-11.24605060
^pil	-10.02007368	-10.73522497
^pim	-11.09051509	-13.44327518
^pin	-9.62417802	-9.08656635
^pip	-11.01047239	-12.75012800
^pir	-11.17752647	-10.07597935
^pis	-10.86737154	-12.05698081
^pit	-10.10968584	-10.39875274
^pl	-7.90899506	-9.80568902
^pla	-8.61959469	-10.11107067
^ple	-9.81422163	-12.05698081
^plo	-9.99190280	-13.44327518
^plu	-9.46454788	-12.05698081
^po	-7.34691074	-7.45933890
^poc	-10.86737154	-13.44327518
^poi	-10.43992753	-11.83383726
^pok	-12.47680945	-10.87832582
^pol	-8.76323739	-9.15281573
^pom	-10.48437929	-13.44327518
^pon	-10.27958488	-10.61006183
^poo	-10.27958488	-8.49451529
^pop	-10.04906122	-12.34466289
^por	-9.44828736	-9.83235726
^pos	-9.16870250	-11.04537990
^pot	-9.81422163	-9.33240131
^pou	-10.35654592	-10.80421785
^pow	-11.09051509	-11.83383726
^poy	-13.57542174	-10.95836853
^pr	-6.70640729	-6.56186387
^pra	-9.60512983	-6.77759146
^pre	-7.69768596	-9.40022391
^pri	-8.80473712	-9.85975624
^pro	-7.52333257	-9.01245838
^pru	-11.09051509	-11.24605060
^ps	-9.44828736	-13.44327518
^psy	-9.72527414	-13.44327518
^pu	-7.98443476	-7.73284816
^pub	-10.86737154	-12.75012800
^pul	-10.20812591	-9.97753927
^pum	-11.09051509	-13.44327518
^pun	-9.74678035	-10.22439935
^pup	-11.01047239	-13.44327518
^pur	-9.21871292	-8.52329425
^pus	-10.43992753	-10.35223272
^put	-10.57968947	-9.57207416
^puu	-13.57542174	-10.04207779
^puz	-11.78366227	-11.49736503
^py	-10.57968947	-12.34466289
^qa	-13.57542174	-9.06124854
^qal	-13.57542174	-10.87832582
^qe	-13.57542174	-10.07597935
^qi	-13.57542174	-10.61006183
^qo	-13.57542174	-9.55145488
^qol	-13.57542174	-10.80421785
^qu	-8.09895819	-10.55290342
^qua	-8.85692287	-12.34466289
^que	-9.96450383	-12.34466289
^qui	-9.24468840	-12.34466289
^quo	-10.74220840	-12.75012800
^ra	-7.60161213	-7.02002821
^raa	-13.57542174	-8.25588937
^rab	-11.27283665	-12.75012800
^rac	-10.24321723	-10.04207779
^rad	-9.68360145	-10.39875274
^raf	-11.09051509	-11.83383726
^rag	-10.43992753	-11.14069008
^rah	-12.88227456	-10.80421785
^rai	-9.91186010	-10.35223272
^raj	-12.47680945	-9.04882602
^rak	-12.18912738	-9.68207506
^ram	-10.31732521	-9.45429113
^ran	-9.56808856	-9.25362043
^rap	-10.17422436	-12.34466289
^rar	-10.80283302	-12.75012800
^ras	-11.17752647	-9.34893061
^rat	-9.53237048	-11.49736503
^rav	-10.27958488	-10.73522497
^re	-5.99829981	-8.54543538
^rea	-8.46947627	-12.05698081
^reb	-9.93783558	-13.44327518
^rec	-7.98071036	-11.65151571
^red	-8.80473712	-11.04537990
^ree	-9.29875562	-10.35223272
^ref	-8.66276686	-13.44327518
^reg	-9.16870250	-12.05698081
^reh	-10.20812591	-12.75012800
^rei	-9.15658114	-12.34466289
^rej	-10.74220840	-12.75012800
^rek	-12.88227456	-10.07597935
^rel	-9.16870250	-10.80421785
^rem	-8.94069275	-10.95836853
^ren	-9.66339874	-12.75012800
^reo	-10.39736791	-13.44327518
^rep	-8.37141506	-11.04537990
^req	-10.74220840	-13.44327518
^res	-8.17725904	-10.87832582
^ret	-8.77140070	-13.44327518
^reu	-10.93636441	-13.44327518
^rev	-8.84803392	-11.83383726
^rew	-10.35654592	-13.44327518
^rh	-9.81422163	-12.75012800
^rha	-11.17752647	-13.44327518
^rhe	-11.01047239	-13.44327518
^ri	-8.38246489	-9.47298326
^ric	-10.74220840	-12.05698081
^rid	-10.53089931	-12.05698081
^rif	-10.93636441	-13.44327518
^rig	-10.31732521	-12.34466289
^rim	-11.37819717	-11.65151571
^rin	-10.80283302	-12.75012800
^rip	-10.53089931	-10.95836853
^ris	-10.80283302	-10.80421785
^riv	-10.31732521	-13.44327518
^ro	-7.94420996	-8.31337646
^roa	-10.24321723	-12.34466289
^rob	-10.27958488	-12.34466289
^roc	-11.09051509	-12.05698081
^rod	-11.96598383	-11.14069008
^rog	-11.27283665	-10.14743831
^rol	-10.86737154	-12.05698081
^rom	-10.80283302	-10.55290342
^roo	-10.02007368	-9.07382732
^ros	-10.57968947	-12.34466289
^rot	-10.17422436	-13.44327518
^rou	-9.58643770	-11.49736503
^row	-10.80283302	-11.65151571
^ru	-8.57147544	-9.02443457
^rub	-10.17422436	-12.75012800
^rud	-11.27283665	-12.05698081
^ruf	-11.09051509	-13.44327518
^rum	-10.17422436	-13.44327518
^run	-10.68504999	-12.05698081
^rus	-10.48437929	-10.67068645
^rut	-11.37819717	-11.83383726
^ruu	-13.57542174	-9.57207416
^sa	-7.60415990	-6.19976220
^saa	-13.57542174	-7.98795406
^sab	-11.27283665	-10.30778096
^sac	-10.14143454	-11.49736503
^sad	-10.80283302	-10.44754290
^sae	-13.57542174	-10.67068645
^saf	-10.93636441	-11.24605060
^sag	-11.17752647	-13.44327518
^sah	-12.47680945	-8.89998039
^sai	-10.68504999	-9.75439572
^sak	-12.88227456	-10.55290342
^sal	-9.21871292	-10.67068645
^sam	-11.01047239	-7.28629619
^san	-9.38576700	-7.92984643
^sap	-10.93636441	-11.14069008
^sar	-10.68504999	-8.89998039
^sas	-11.78366227	-10.11107067
^sat	-9.74678035	-10.11107067
^sau	-10.80283302	-10.04207779
^sav	-10.17422436	-11.49736503
^say	-11.96598383	-10.55290342
^sc	-7.42695345	-9.70560556
^sca	-8.81324781	-11.24605060
^sce	-10.86737154	-12.75012800
^sch	-9.25793363	-10.49883620
^sci	-10.68504999	-11.65151571
^sco	-9.55007005	-12.05698081
^scr	-8.63377932	-11.49736503
^scu	-9.68360145	-13.44327518
^sd	-13.57542174	-10.22439935
^sdh	-13.57542174	-10.22439935
^se	-7.33905215	-7.98795406
^sea	-9.35591404	-10.67068645
^seb	-12.88227456	-11.04537990
^sec	-9.74678035	-9.63661269
^sed	-10.48437929	-12.05698081
^see	-9.96450383	-9.91691465
^seg	-10.74220840	-13.44327518
^sei	-10.68504999	-12.34466289
^sek	-13.57542174	-10.22439935
^sel	-10.27958488	-12.05698081
^sem	-9.81422163	-10.67068645
^sen	-9.32692650	-9.85975624
^sep	-10.27958488	-11.24605060
^seq	-10.57968947	-12.34466289
^ser	-9.25793363	-10.49883620
^set	-10.80283302	-12.34466289
^sev	-10.93636441	-11.49736503
^sex	-10.68504999	-12.75012800
^sh	-7.42268905	-7.14065620
^sha	-8.83048961	-7.90594091
^she	-9.43228702	-9.43594199
^shh	-13.57542174	-10.55290342
^shi	-9.12107445	-9.40022391
^sho	-8.79629825	-9.94676761
^shr	-9.68360145	-9.02443457
^shu	-9.96450383	-9.80568902
^si	-7.90209848	-8.07263715
^sic	-10.63098276	-11.65151571
^sid	-9.93783558	-9.72970311
^sig	-9.66339874	-11.83383726
^sii	-13.57542174	-10.30778096
^sil	-10.07891418	-10.39875274
^sim	-9.91186010	-11.14069008
^sin	-9.76875925	-9.47298326
^sir	-11.49598020	-10.26522135
^sis	-11.17752647	-10.95836853
^sit	-10.57968947	-10.87832582
^sk	-8.61959469	-9.80568902
^ska	-11.49598020	-11.49736503
^ske	-10.24321723	-13.44327518
^ski	-9.35591404	-12.75012800
^sko	-12.47680945	-10.61006183
^sku	-10.86737154	-13.44327518
^sky	-10.35654592	-12.05698081
^sl	-7.96961968	-11.65151571
^sla	-9.32692650	-12.75012800
^sle	-9.49788430	-11.83383726
^sli	-9.58643770	-13.44327518
^slo	-9.81422163	-13.44327518
^slu	-9.74678035	-13.44327518
^sm	-8.85692287	-9.91691465
^sma	-10.14143454	-10.04207779
^sme	-10.80283302	-13.44327518
^smi	-10.57968947	-12.05698081
^smo	-10.04906122	-13.44327518
^smu	-10.86737154	-13.44327518
^sn	-8.34431313	-10.67068645
^sna	-9.91186010	-12.34466289
^sne	-10.86737154	-10.80421785
^sni	-9.81422163	-13.44327518
^sno	-9.24468840	-13.44327518
^snu	-10.68504999	-13.44327518
^so	-7.76129121	-8.18577980
^soa	-10.93636441	-12.75012800
^soc	-10.24321723	-11.24605060
^sof	-10.86737154	-10.80421785
^sol	-9.25793363	-10.73522497
^som	-10.24321723	-11.65151571
^son	-10.35654592	-10.87832582
^soo	-11.27283665	-9.00062392
^sop	-10.80283302	-11.36383363
^sor	-10.27958488	-12.34466289
^sou	-9.37072912	-10.11107067
^sp	-7.35483157	-9.43594199
^spa	-9.08678537	-10.49883620
^spe	-8.86589154	-10.55290342
^sph	-11.09051509	-12.75012800
^spi	-9.25793363	-11.83383726
^spl	-9.62417802	-13.44327518
^spo	-9.12107445	-10.73522497
^spr	-9.53237048	-13.44327518
^spu	-10.35654592	-13.44327518
^sq	-9.28496230	-10.87832582
^squ	-9.28496230	-12.05698081
^sr	-13.57542174	-8.77044634
^sra	-13.57542174	-9.80568902
^sre	-13.57542174	-10.04207779
^sri	-13.57542174	-10.30778096
^sru	-13.57542174	-10.73522497
^st	-6.84918834	-7.82650408
^sta	-8.12010063	-9.26888791
^ste	-8.77963120	-10.22439935
^sth	-13.57542174	-8.56807785
^sti	-9.04282225	-12.75012800
^sto	-8.89329052	-10.35223272
^str	-8.28211692	-11.65151571
^stt	-13.57542174	-10.61006183
^stu	-9.34131524	-10.87832582
^sty	-10.80283302	-12.75012800
^su	-7.09844938	-8.07263715
^sub	-8.23308749	-10.61006183
^suc	-9.91186010	-11.49736503
^sud	-11.78366227	-11.04537990
^suf	-10.31732521	-11.83383726
^sug	-10.68504999	-11.14069008
^suh	-13.57542174	-10.73522497
^sui	-11.01047239	-13.44327518
^suk	-12.88227456	-10.80421785
^sul	-10.24321723	-10.73522497
^sum	-10.24321723	-11.83383726
^sun	-9.79123211	-10.35223272
^sup	-8.62666185	-10.44754290
^sur	-9.28496230	-10.00928797
^sus	-10.63098276	-11.24605060
^suu	-13.57542174	-9.94676761
^sv	-12.88227456	-8.71588736
^sva	-13.57542174	-9.01245838
^sve	-12.88227456	-10.18517864
^sw	-8.38246489	-8.77983608
^swa	-9.34131524	-9.07382732
^swe	-9.58643770	-10.26522135
^swi	-9.76875925	-11.83383726
^swo	-10.86737154	-13.44327518
^sy	-8.88407386	-9.97753927
^syl	-10.74220840	-11.49736503
^sym	-10.27958488	-13.44327518
^syn	-9.79123211	-12.34466289
^syr	-11.96598383	-10.95836853
^sys	-10.80283302	-11.36383363
^ta	-7.74061101	-9.00062392
^taa	-13.57542174	-11.04537990
^tab	-10.02007368	-12.05698081
^tac	-10.48437929	-12.34466289
^tai	-10.31732521	-10.80421785
^tak	-11.37819717	-11.65151571
^tal	-10.17422436	-11.83383726
^tam	-10.53089931	-11.14069008
^tan	-9.74678035	-11.36383363
^tap	-10.63098276	-13.44327518
^tar	-9.86184968	-12.34466289
^tas	-10.43992753	-12.75012800
^tat	-10.35654592	-11.83383726
^tau	-10.57968947	-11.49736503
^tax	-10.68504999	-11.83383726
^te	-7.58646033	-8.77044634
^tea	-9.79123211	-10.87832582
^tec	-10.39736791	-13.44327518
^tee	-10.35654592	-10.22439935
^tek	-12.88227456	-10.80421785
^tel	-9.37072912	-10.18517864
^tem	-9.96450383	-12.05698081
^ten	-9.25793363	-10.80421785
^ter	-9.35591404	-12.05698081
^tes	-10.04906122	-11.65151571
^tet	-11.37819717	-11.83383726
^tex	-11.17752647	-12.75012800
^th	-7.91246126	-6.25864602
^tha	-10.48437929	-7.08024707
^the	-9.18097259	-8.10094092
^thi	-9.62417802	-8.00085747
^tho	-10.39736791	-8.70707673
^thr	-9.31274187	-9.77971353
^thu	-10.17422436	-8.54543538
^thy	-11.62951159	-10.80421785
^ti	-8.23308749	-9.16660906
^tib	-12.47680945	-11.14069008
^tic	-10.93636441	-11.83383726
^tid	-10.80283302	-13.44327518
^tig	-10.86737154	-13.44327518
^tii	-13.57542174	-10.61006183
^til	-10.93636441	-13.44327518
^tim	-10.02007368	-12.05698081
^tin	-9.79123211	-12.05698081
^tip	-10.39736791	-11.83383726
^tir	-11.49598020	-10.39875274
^tit	-10.20812591	-13.44327518
^to	-7.84857400	-9.40022391
^toa	-11.01047239	-13.44327518
^tol	-10.86737154	-13.44327518
^tom	-10.93636441	-11.04537990
^ton	-10.35654592	-11.24605060
^too	-10.57968947	-10.49883620
^top	-10.07891418	-12.05698081
^tor	-9.86184968	-12.75012800
^tos	-11.96598383	-11.36383363
^tot	-10.68504999	-13.44327518
^tou	-9.83775212	-11.83383726
^tow	-10.20812591	-12.34466289
^tr	-7.16524686	-9.33240131
^tra	-7.94780063	-10.22439935
^tre	-9.31274187	-10.80421785
^tri	-8.73123466	-11.36383363
^tro	-9.35591404	-10.87832582
^tru	-9.41653866	-12.34466289
^tu	-8.52556574	-10.11107067
^tub	-10.63098276	-12.34466289
^tum	-10.63098276	-12.75012800
^tun	-10.57968947	-11.24605060
^tur	-9.51497873	-11.14069008
^tut	-11.09051509	-13.44327518
^tw	-9.18097259	-11.83383726
^twa	-11.09051509	-12.75012800
^twe	-10.53089931	-13.44327518
^twi	-9.79123211	-12.05698081
^ty	-9.64359611	-12.05698081
^typ	-10.35654592	-13.44327518
^tyr	-10.68504999	-13.44327518
^uc	-13.57542174	-10.95836853
^uch	-13.57542174	-10.95836853
^ud	-12.88227456	-9.04882602
^uda	-13.57542174	-9.94676761
^udd	-12.88227456	-11.04537990
^udh	-13.57542174	-10.49883620
^udy	-13.57542174	-10.73522497
^uk	-11.96598383	-11.49736503
^ul	-10.31732521	-8.83810499
^ulk	-13.57542174	-10.67068645
^ull	-13.57542174	-9.80568902
^ulp	-13.57542174	-9.80568902
^ult	-10.80283302	-12.75012800
^um	-10.63098276	-10.67068645
^un	-6.56420776	-8.63109082
^una	-9.44828736	-11.36383363
^unb	-9.70422073	-13.44327518
^unc	-8.67014696	-13.44327518
^und	-8.34431313	-9.07382732
^une	-9.70422073	-12.34466289
^unf	-9.37072912	-13.44327518
^ung	-10.53089931	-13.44327518
^unh	-9.88654229	-13.44327518
^uni	-9.18097259	-10.55290342
^unk	-11.17752647	-13.44327518
^unl	-9.64359611	-13.44327518
^unm	-10.27958488	-13.44327518
^unn	-11.27283665	-10.67068645
^uno	-11.09051509	-12.34466289
^unp	-9.79123211	-13.44327518
^unr	-9.53237048	-13.44327518
^uns	-8.83048961	-13.44327518
^unt	-9.76875925	-13.44327518
^unw	-9.93783558	-13.44327518
^up	-8.97025156	-8.50880124
^upa	-13.57542174	-8.55292605
^uph	-10.86737154	-13.44327518
^upp	-11.01047239	-12.34466289
^upr	-11.01047239	-13.44327518
^ups	-10.80283302	-12.75012800
^upt	-11.17752647	-13.44327518
^ur	-10.17422436	-9.55145488
^ura	-12.88227456	-10.14743831
^uri	-11.37819717	-12.34466289
^uru	-13.57542174	-10.80421785
^us	-10.31732521	-10.44754290
^ush	-12.18912738	-11.14069008
^ut	-10.74220840	-9.23858256
^uth	-13.57542174	-9.63661269
^utt	-11.62951159	-11.36383363
^uy	-13.57542174	-9.88792711
^uya	-13.57542174	-9.88792711
^va	-8.34967507	-6.64088041
^vaa	-13.57542174	-8.19100175
^vac	-10.10968584	-10.18517864
^vad	-13.57542174	-9.83235726
^vag	-10.68504999	-13.44327518
^vah	-13.57542174	-10.73522497
^vai	-11.49598020	-8.95463881
^vak	-13.57542174	-10.22439935
^val	-9.81422163	-8.72477630
^vam	-12.18912738	-10.49883620
^van	-10.53089931	-9.18059530
^vap	-10.68504999	-13.44327518
^var	-10.24321723	-8.31931120
^vas	-11.27283665	-9.40022391
^vat	-11.96598383	-10.14743831
^vay	-13.57542174	-9.70560556
^vaz	-13.57542174	-10.04207779
^ve	-8.38803594	-7.60846444
^veb	-13.57542174	-10.95836853
^vec	-12.47680945	-11.24605060
^ved	-13.57542174	-9.68207506
^vee	-11.96598383	-8.85830770
^veg	-10.86737154	-10.95836853
^vel	-11.01047239	-9.53125217
^ven	-10.02007368	-9.55145488
^ver	-9.32692650	-10.55290342
^ves	-10.63098276	-10.80421785
^vet	-11.27283665	-10.55290342
^vi	-8.01859368	-6.70157448
^vib	-10.86737154	-9.36573773
^vic	-9.86184968	-10.07597935
^vid	-11.27283665	-8.42599534
^vie	-11.17752647	-11.65151571
^vig	-10.86737154	-11.24605060
^vii	-13.57542174	-9.97753927
^vij	-13.57542174	-9.88792711
^vik	-12.88227456	-9.33240131
^vil	-10.93636441	-8.89998039
^vim	-12.88227456	-10.14743831
^vin	-10.43992753	-10.00928797
^vio	-10.57968947	-11.83383726
^vip	-12.47680945	-10.49883620
^vir	-10.39736791	-10.44754290
^vis	-9.88654229	-8.26149163
^vit	-10.39736791	-9.57207416
^viv	-10.74220840	-9.72970311
^vo	-8.99045426	-9.94676761
^voc	-10.24321723	-12.75012800
^vol	-9.91186010	-11.49736503
^vot	-12.47680945	-10.39875274
^vr	-13.57542174	-9.43594199
^vri	-13.57542174	-10.35223272
^vru	-13.57542174	-10.07597935
^vu	-10.27958488	-12.34466289
^vul	-10.35654592	-13.44327518
^vy	-12.88227456	-8.37437097
^vya	-13.57542174	-8.43263988
^wa	-7.74061101	-8.97736706
^wad	-10.86737154	-11.83383726
^wag	-10.63098276	-13.44327518
^wai	-10.43992753	-10.95836853
^wal	-9.88654229	-10.35223272
^wan	-10.27958488	-12.34466289
^war	-9.46454788	-11.24605060
^was	-9.81422163	-10.80421785
^wat	-9.44828736	-10.95836853
^wav	-10.63098276	-13.44327518
^way	-11.09051509	-11.65151571
^we	-8.32839767	-9.41792349
^wea	-9.46454788	-12.75012800
^web	-10.80283302	-11.04537990
^wed	-11.27283665	-12.34466289
^wee	-10.20812591	-10.18517864
^wei	-10.43992753	-13.44327518
^wel	-10.27958488	-11.36383363
^wes	-10.80283302	-12.34466289
^wet	-11.49598020	-11.49736503
^wh	-8.25730175	-11.36383363
^wha	-10.53089931	-11.83383726
^whe	-9.86184968	-12.34466289
^whi	-8.93103084	-12.75012800
^who	-9.96450383	-13.44327518
^wi	-8.01859368	-9.09946975
^wic	-11.27283665	-11.49736503
^wid	-10.68504999	-11.65151571
^wig	-11.01047239	-12.75012800
^wik	-12.88227456	-11.14069008
^wil	-10.04906122	-10.73522497
^win	-8.99045426	-10.80421785
^wir	-11.37819717	-12.34466289
^wis	-10.43992753	-11.65151571
^wit	-9.96450383	-12.05698081
^wo	-8.29221801	-11.04537990
^wom	-10.68504999	-12.75012800
^woo	-9.55007005	-13.44327518
^wor	-9.15658114	-11.83383726
^wr	-9.15658114	-13.44327518
^wra	-10.74220840	-13.44327518
^wre	-10.39736791	-13.44327518
^wri	-10.24321723	-13.44327518
^wro	-10.93636441	-13.44327518
^ya	-9.96450383	-8.63109082
^yaa	-13.57542174	-9.53125217
^yah	-12.88227456	-10.39875274
^yan	-11.96598383	-10.49883620
^yar	-11.01047239	-12.75012800
^yat	-13.57542174	-10.80421785
^ye	-9.91186010	-8.05878011
^yea	-10.86737154	-11.24605060
^yed	-13.57542174	-11.04537990
^yek	-13.57542174	-10.80421785
^yel	-11.27283665	-10.26522135
^yen	-12.47680945	-9.11254184
^yes	-11.96598383	-10.80421785
^yet	-12.47680945	-9.51144954
^yi	-11.09051509	-11.36383363
^yo	-10.07891418	-9.25362043
^yog	-11.96598383	-10.87832582
^yoo	-13.57542174	-9.97753927
^you	-11.17752647	-11.24605060
^yu	-10.74220840	-8.97736706
^yud	-13.57542174	-9.94676761
^yuk	-12.47680945	-11.14069008
^yuv	-13.57542174	-10.55290342
^za	-11.78366227	-9.72970311
^ze	-10.17422436	-11.14069008
^zi	-10.48437929	-11.24605060
^zin	-11.17752647	-12.34466289
^zo	-10.74220840	-10.11107067
^zoo	-11.27283665	-10.80421785
^zu	-12.47680945	-10.18517864
^zul	-13.57542174	-10.95836853
aa$	-12.47680945	-7.80136810
aab	-13.57542174	-8.86856420
aab$	-13.57542174	-11.04537990
aaba	-13.57542174	-10.55290342
aabh	-13.57542174	-9.85975624
aabi	-13.57542174	-10.80421785
aac	-13.57542174	-9.40022391
aach	-13.57542174	-9.51144954
aad	-13.57542174	-6.90658358
aad$	-13.57542174	-9.65908554
aada	-13.57542174	-8.58346277
aade	-13.57542174	-11.04537990
aadh	-13.57542174	-7.83380338
aadi	-13.57542174	-8.97736706
aadu	-13.57542174	-8.82815466
aady	-13.57542174	-10.00928797
aaf	-13.57542174	-10.22439935
aag	-13.57542174	-8.24477814
aaga	-13.57542174	-8.64748463
aagh	-13.57542174	-11.04537990
aago	-13.57542174	-10.87832582
aagr	-13.57542174	-10.73522497
aah	-12.88227456	-8.48043055
aaha	-13.57542174	-9.36573773
aahi	-13.57542174	-9.30014045
aai	-12.88227456	-10.22439935
aai$	-13.57542174	-10.95836853
aaj	-13.57542174	-8.25031833
aaj$	-13.57542174	-10.61006183
aaja	-13.57542174	-8.88939828
aaji	-13.57542174	-10.61006183
aajy	-13.57542174	-9.61463378
aak	-13.57542174	-7.04968442
aaka	-13.57542174	-8.94346551
aake	-13.57542174	-11.04537990
aakh	-13.57542174	-9.97753927
aaki	-13.57542174	-10.35223272
aakk	-13.57542174	-7.89031559
aakr	-13.57542174	-9.28439209
aaks	-13.57542174	-10.07597935
aakt	-13.57542174	-10.95836853
aaku	-13.57542174	-9.31614079
aaky	-13.57542174	-10.95836853
aal	-12.47680945	-6.71584345
aal$	-12.88227456	-8.56047325
aala	-13.57542174	-7.49003184
aale	-13.57542174	-9.97753927
aali	-13.57542174	-8.52329425
aalk	-13.57542174	-10.26522135
aall	-13.57542174	-11.04537990
aalo	-13.57542174	-10.61006183
aalp	-13.57542174	-10.80421785
aalu	-13.57542174	-9.25362043
aam	-12.18912738	-7.05976854
aam$	-12.88227456	-8.47346188
aama	-13.57542174	-8.01392955
aamb	-13.57542174	-10.14743831
aami	-12.88227456	-9.36573773
aamk	-13.57542174	-10.95836853
aamo	-13.57542174	-10.95836853
aamp	-13.57542174	-10.18517864
aamr	-13.57542174	-10.73522497
aams	-12.88227456	-10.67068645
aamu	-13.57542174	-10.18517864
aan	-13.57542174	-5.65963458
aan$	-13.57542174	-7.15355960
aana	-13.57542174	-7.16100843
aanc	-13.57542174	-10.87832582
aand	-13.57542174	-9.00062392
aane	-13.57542174	-9.26888791
aang	-13.57542174	-10.04207779
aani	-13.57542174	-8.31337646
aanj	-13.57542174	-10.73522497
aank	-13.57542174	-10.04207779
aann	-13.57542174	-9.59312757
aano	-13.57542174	-10.95836853
aans	-13.57542174	-11.04537990
aant	-13.57542174	-8.87892698
aanu	-13.57542174	-6.77886616
aany	-13.57542174	-10.49883620
aap	-13.57542174	-7.92984643
aapa	-13.57542174	-8.88939828
aaph	-13.57542174	-10.44754290
aapi	-13.57542174	-9.19477993
aapp	-13.57542174	-10.00928797
aapr	-13.57542174	-10.95836853
aar	-12.47680945	-6.11352549
aar$	-12.88227456	-8.25588937
aara	-13.57542174	-7.14065620
aard	-12.88227456	-9.85975624
aare	-13.57542174	-9.45429113
aarg	-13.57542174	-10.73522497
aari	-13.57542174	-8.23378902
aark	-13.57542174	-9.36573773
aaro	-13.57542174	-9.97753927
aart	-13.57542174	-8.40632257
aaru	-13.57542174	-8.41283725
aarv	-13.57542174	-10.80421785
aary	-13.57542174	-9.12578706
aas	-13.57542174	-6.96016782
aas$	-13.57542174	-9.91691465
aasa	-13.57542174	-8.66415168
aasc	-13.57542174	-11.04537990
aash	-13.57542174	-7.87493067
aasi	-13.57542174	-9.40022391
aast	-13.57542174	-8.53062029
aat	-13.57542174	-6.84340468
aat$	-13.57542174	-10.73522497
aata	-13.57542174	-10.00928797
aath	-13.57542174	-7.38415198
aati	-13.57542174	-10.26522135
aatr	-13.57542174	-10.95836853
aatt	-13.57542174	-8.13006920
aatu	-13.57542174	-10.87832582
aav	-13.57542174	-7.26948907
aav$	-13.57542174	-10.49883620
aava	-13.57542174	-8.01832516
aavi	-13.57542174	-8.93241567
aavo	-13.57542174	-10.49883620
aavu	-13.57542174	-8.77044634
aay	-13.57542174	-5.90053163
aay$	-13.57542174	-10.55290342
aaya	-13.57542174	-6.76116658
aaye	-13.57542174	-10.73522497
aayi	-13.57542174	-6.56494871
aayo	-13.57542174	-10.67068645
aayu	-13.57542174	-9.15281573
aaz	-13.57542174	-8.74279481
aazh	-13.57542174	-9.06124854
ab$	-10.48437929	-10.04207779
aba	-9.88654229	-8.81830236
aba$	-12.88227456	-11.14069008
abaa	-13.57542174	-10.35223272
abad	-13.57542174	-10.26522135
abal	-11.78366227	-11.24605060
aban	-11.78366227	-10.49883620
abar	-11.96598383	-10.95836853
abas	-11.17752647	-12.75012800
abb	-9.14460494	-10.73522497
abba	-12.18912738	-11.36383363
abbe	-10.14143454	-13.44327518
abbi	-10.35654592	-12.34466289
abbl	-10.74220840	-13.44327518
abd	-10.86737154	-9.83235726
abda	-13.57542174	-10.73522497
abdh	-13.57542174	-10.61006183
abdu	-11.37819717	-11.49736503
abe	-9.62417802	-10.55290342
abel	-11.01047239	-11.83383726
abet	-10.43992753	-11.65151571
abh	-12.47680945	-7.59683640
abha	-13.57542174	-8.32528136
abhi	-13.57542174	-8.76114395
abho	-12.47680945	-10.73522497
abhu	-13.57542174	-11.04537990
abhy	-13.57542174	-9.88792711
abi	-8.53846914	-9.31614079
abi$	-12.47680945	-11.14069008
abic	-11.49598020	-12.05698081
abik	-13.57542174	-10.80421785
abil	-8.95044893	-10.95836853
abit	-10.53089931	-11.49736503
abl	-7.12811588	-10.30778096
able	-7.42909249	-11.36383363
abli	-10.80283302	-11.04537990
ably	-8.63377932	-13.44327518
abo	-8.79629825	-10.30778096
abol	-10.80283302	-13.44327518
aboo	-11.27283665	-11.49736503
abor	-9.72527414	-11.83383726
abou	-10.35654592	-12.34466289
abr	-9.81422163	-12.34466289
abra	-11.17752647	-12.34466289
abri	-10.53089931	-13.44327518
abs	-9.25793363	-13.44327518
abs$	-10.63098276	-13.44327518
abse	-11.17752647	-13.44327518
abso	-10.63098276	-13.44327518
abst	-10.68504999	-13.44327518
abu	-9.83775212	-9.88792711
abu$	-13.57542174	-10.95836853
abul	-10.86737154	-11.65151571
abus	-11.01047239	-12.05698081
aby	-10.43992753	-11.04537990
ac$	-10.68504999	-12.05698081
aca	-9.44828736	-10.95836853
acad	-10.74220840	-12.05698081
acat	-10.86737154	-13.44327518
acc	-8.56478645	-9.34893061
acce	-9.86184968	-12.75012800
acch	-11.96598383	-9.51144954
acci	-11.17752647	-12.34466289
accl	-11.01047239	-13.44327518
acco	-9.83775212	-13.44327518
accr	-11.37819717	-12.34466289
accu	-10.17422436	-12.75012800
ace	-8.19552439	-11.14069008
ace$	-9.81422163	-12.05698081
aced	-10.35654592	-13.44327518
acef	-11.17752647	-13.44327518
acem	-10.93636441	-13.44327518
acer	-10.57968947	-13.44327518
aces	-9.83775212	-13.44327518
acet	-10.93636441	-13.44327518
ach	-8.31273155	-7.39826986
ach$	-10.57968947	-11.04537990
acha	-10.86737154	-8.17541702
achc	-12.88227456	-10.49883620
ache	-9.25793363	-10.55290342
achh	-12.47680945	-10.11107067
achi	-9.68360145	-9.11254184
achm	-11.17752647	-12.05698081
acho	-11.96598383	-11.04537990
achu	-12.47680945	-9.31614079
aci	-8.45742793	-11.83383726
acia	-10.53089931	-13.44327518
acid	-11.17752647	-13.44327518
acie	-10.27958488	-13.44327518
acil	-10.86737154	-12.75012800
acin	-10.14143454	-13.44327518
acio	-10.20812591	-13.44327518
acit	-10.68504999	-13.44327518
ack	-7.54233552	-10.67068645
ack$	-9.27135665	-11.49736503
acka	-10.80283302	-12.05698081
ackb	-10.74220840	-12.75012800
acke	-9.10951362	-12.75012800
acki	-9.88654229	-12.34466289
ackl	-10.10968584	-13.44327518
ackp	-10.93636441	-13.44327518
acks	-9.15658114	-13.44327518
acl	-10.20812591	-13.44327518
acle	-10.35654592	-13.44327518
aco	-10.20812591	-12.34466289
acon	-10.86737154	-13.44327518
acq	-10.04906122	-11.36383363
acqu	-10.04906122	-13.44327518
acr	-9.53237048	-11.83383726
acre	-11.17752647	-11.83383726
acri	-10.48437929	-13.44327518
acro	-10.68504999	-13.44327518
acs	-10.57968947	-12.75012800
acs$	-10.74220840	-12.75012800
act	-7.76727925	-10.55290342
act$	-10.31732521	-12.34466289
acta	-10.93636441	-12.05698081
acte	-9.74678035	-12.75012800
acti	-8.61959469	-12.05698081
acto	-9.86184968	-11.49736503
acts	-10.20812591	-13.44327518
actu	-10.27958488	-13.44327518
acu	-9.93783558	-13.44327518
acul	-11.01047239	-13.44327518
acy	-9.81422163	-12.75012800
acy$	-9.88654229	-12.75012800
ad$	-8.83048961	-8.69834305
ada	-9.72527414	-6.81259179
ada$	-12.47680945	-10.44754290
adaa	-13.57542174	-9.15281573
adak	-13.57542174	-8.68110124
adal	-12.88227456	-10.07597935
adam	-11.27283665	-9.23858256
adan	-13.57542174	-8.11539901
adap	-11.37819717	-9.94676761
adar	-12.47680945	-9.70560556
adas	-12.18912738	-10.95836853
adat	-11.78366227	-8.83810499
adav	-12.88227456	-9.85975624
aday	-12.47680945	-10.39875274
adb	-10.63098276	-13.44327518
adc	-10.86737154	-13.44327518
add	-8.94069275	-9.02443457
adda	-12.88227456	-10.95836853
adde	-10.57968947	-10.30778096
addh	-13.57542174	-9.63661269
addi	-10.20812591	-12.34466289
addl	-9.99190280	-13.44327518
addr	-11.09051509	-13.44327518
ade	-8.15488674	-8.66415168
ade$	-9.66339874	-11.49736503
aded	-9.56808856	-13.44327518
adee	-12.18912738	-10.11107067
adem	-10.93636441	-11.49736503
aden	-10.74220840	-13.44327518
ader	-9.93783558	-12.75012800
ades	-9.86184968	-9.19477993
adh	-10.68504999	-6.82587220
adha	-13.57542174	-7.67495418
adhe	-11.27283665	-9.31614079
adhi	-13.57542174	-8.03162912
adhu	-11.78366227	-10.80421785
adhy	-13.57542174	-8.67259055
adi	-8.34967507	-7.40779374
adi$	-12.88227456	-9.57207416
adia	-10.74220840	-12.05698081
adic	-10.35654592	-9.31614079
adie	-10.35654592	-13.44327518
adik	-13.57542174	-8.91067568
adil	-11.37819717	-11.83383726
adim	-13.57542174	-10.87832582
adin	-9.46454788	-9.65908554
adio	-10.27958488	-11.83383726
adip	-13.57542174	-9.41792349
adis	-10.93636441	-10.87832582
adit	-11.78366227	-10.61006183
adiy	-13.57542174	-9.49203146
adj	-9.91186010	-11.83383726
adju	-10.14143454	-13.44327518
adl	-10.02007368	-13.44327518
adli	-11.09051509	-13.44327518
adlo	-11.17752647	-13.44327518
adm	-9.62417802	-10.95836853
admi	-9.91186010	-11.24605060
ado	-9.23161632	-10.22439935
adoo	-13.57542174	-10.87832582
adop	-11.17752647	-13.44327518
ador	-10.53089931	-12.75012800
adow	-10.74220840	-13.44327518
adr	-9.72527414	-9.77971353
adra	-11.17752647	-10.49883620
adre	-11.37819717	-11.83383726
adri	-11.01047239	-11.49736503
adru	-11.09051509	-11.65151571
ads	-8.91198265	-11.83383726
ads$	-9.15658114	-12.34466289
adt	-11.96598383	-11.14069008
adth	-11.96598383	-11.24605060
adu	-10.27958488	-8.22833942
adu$	-13.57542174	-9.28439209
aduk	-13.57542174	-9.61463378
adul	-11.09051509	-11.83383726
adum	-12.88227456	-10.55290342
adun	-13.57542174	-10.73522497
adut	-13.57542174	-10.22439935
adv	-9.43228702	-11.04537990
adva	-11.27283665	-11.83383726
adve	-9.86184968	-12.05698081
advi	-11.09051509	-13.44327518
adw	-11.17752647	-11.14069008
ady	-10.68504999	-9.25362043
ady$	-11.17752647	-11.36383363
adya	-13.57542174	-9.43594199
ae$	-10.24321723	-10.07597935
aed	-10.74220840	-11.65151571
aed$	-11.17752647	-12.75012800
aee	-13.57542174	-10.22439935
aek	-13.57542174	-10.95836853
ael	-11.96598383	-10.22439935
aeli	-13.57542174	-11.04537990
aem	-10.53089931	-10.55290342
aemi	-11.62951159	-11.04537990
aemo	-11.17752647	-12.75012800
aen	-13.57542174	-10.61006183
aer	-10.17422436	-10.22439935
aeri	-11.96598383	-11.49736503
aero	-10.68504999	-11.24605060
aes	-10.63098276	-11.04537990
aest	-10.86737154	-12.75012800
aet	-11.62951159	-10.49883620
afa	-11.78366227	-10.55290342
afar	-12.18912738	-11.04537990
afe	-10.04906122	-10.61006183
afee	-13.57542174	-10.87832582
aff	-8.70788729	-11.24605060
affe	-10.07891418	-12.75012800
affi	-9.86184968	-11.83383726
affl	-10.63098276	-13.44327518
affo	-10.63098276	-13.44327518
afg	-12.47680945	-11.14069008
afi	-11.17752647	-10.11107067
afi$	-13.57542174	-10.95836853
afr	-11.78366227	-10.87832582
afri	-13.57542174	-11.04537990
aft	-9.18097259	-12.34466289
aft$	-10.74220840	-13.44327518
afte	-10.27958488	-12.75012800
afti	-11.01047239	-13.44327518
afts	-10.48437929	-13.44327518
ag$	-9.93783558	-11.65151571
aga	-9.83775212	-7.70670288
agal	-13.57542174	-10.35223272
agam	-12.47680945	-9.55145488
agan	-10.80283302	-9.49203146
agar	-12.18912738	-9.53125217
agas	-12.88227456	-10.80421785
agat	-11.62951159	-9.15281573
agav	-12.88227456	-9.97753927
agd	-13.57542174	-10.87832582
age	-7.80398062	-9.88792711
age$	-8.79629825	-11.36383363
aged	-9.96450383	-13.44327518
agee	-12.47680945	-11.24605060
agen	-10.86737154	-11.65151571
ager	-9.93783558	-11.83383726
ages	-9.24468840	-12.75012800
agg	-8.66276686	-11.04537990
agge	-9.76875925	-13.44327518
aggi	-10.20812591	-13.44327518
aggl	-10.35654592	-13.44327518
aggr	-10.39736791	-11.14069008
agh	-12.47680945	-9.41792349
agha	-13.57542174	-9.53125217
agi	-8.87494138	-10.22439935
agia	-10.93636441	-13.44327518
agic	-11.17752647	-12.34466289
agin	-9.53237048	-11.83383726
agl	-11.17752647	-12.34466289
agm	-10.74220840	-12.75012800
agn	-9.31274187	-10.04207779
agna	-11.17752647	-11.83383726
agne	-10.04906122	-10.73522497
agni	-11.01047239	-11.24605060
agno	-11.01047239	-13.44327518
ago	-9.25793363	-10.07597935
ago$	-11.78366227	-11.14069008
agon	-9.93783558	-13.44327518
agr	-9.68360145	-9.77971353
agra	-10.35654592	-9.91691465
agre	-11.09051509	-13.44327518
ags	-10.10968584	-13.44327518
ags$	-10.20812591	-13.44327518
agu	-10.20812591	-10.61006183
ague	-10.93636441	-11.83383726
agy	-13.57542174	-10.95836853
ah$	-10.43992753	-11.83383726
aha	-11.17752647	-7.55439722
ahaa	-13.57542174	-8.68968498
ahab	-13.57542174	-10.61006183
ahak	-13.57542174	-10.87832582
aham	-12.88227456	-10.35223272
ahan	-13.57542174	-9.97753927
ahar	-12.18912738	-9.40022391
ahas	-12.88227456	-10.87832582
ahat	-12.88227456	-9.85975624
ahay	-13.57542174	-10.39875274
ahe	-11.49598020	-10.39875274
ahi	-12.18912738	-8.45284259
ahic	-13.57542174	-9.70560556
ahik	-13.57542174	-10.44754290
ahit	-13.57542174	-9.51144954
ahm	-13.57542174	-9.80568902
ahma	-13.57542174	-9.83235726
aho	-11.09051509	-9.85975624
ahod	-13.57542174	-10.35223272
ahoo	-12.18912738	-11.04537990
ahs	-10.80283302	-13.44327518
ahs$	-10.80283302	-13.44327518
ahu	-12.47680945	-9.65908554
ahum	-13.57542174	-10.73522497
ai$	-11.96598383	-9.38283217
aib	-13.57542174	-10.73522497
aic	-11.17752647	-11.65151571
aid	-9.70422073	-9.26888791
aid$	-10.48437929	-11.65151571
aide	-11.09051509	-12.34466289
aidh	-13.57542174	-10.49883620
aids	-10.93636441	-13.44327518
aidy	-13.57542174	-10.55290342
aig	-10.57968947	-11.65151571
aii	-13.57542174	-9.77971353
aii$	-13.57542174	-10.49883620
aik	-12.88227456	-8.97736706
aika	-12.88227456	-10.87832582
aikk	-13.57542174	-9.91691465
aiks	-13.57542174	-10.95836853
ail	-8.24754557	-9.22376747
ail$	-9.86184968	-10.95836853
aila	-11.37819717	-11.24605060
ailb	-10.80283302	-13.44327518
aile	-9.99190280	-10.80421785
aili	-10.27958488	-10.80421785
aill	-11.49598020	-11.83383726
ails	-9.83775212	-12.75012800
aim	-9.99190280	-10.18517864
aim$	-11.62951159	-11.65151571
aima	-12.18912738	-11.14069008
aime	-11.01047239	-12.34466289
ain	-7.61958437	-8.70707673
ain$	-9.53237048	-10.07597935
aina	-11.78366227	-10.73522497
ainc	-11.27283665	-12.05698081
aind	-11.17752647	-11.36383363
aine	-9.25793363	-11.36383363
aing	-11.01047239	-12.75012800
aini	-9.91186010	-10.44754290
ainl	-10.86737154	-13.44327518
ains	-9.24468840	-12.05698081
aint	-9.51497873	-11.83383726
ainy	-11.96598383	-10.80421785
aip	-12.88227456	-10.73522497
aiq	-12.47680945	-11.04537990
air	-8.46343395	-9.33240131
air$	-11.01047239	-11.24605060
airb	-11.01047239	-13.44327518
aird	-11.09051509	-13.44327518
aire	-10.57968947	-12.34466289
airi	-10.93636441	-11.83383726
airl	-11.09051509	-13.44327518
airm	-11.01047239	-11.49736503
airp	-11.49598020	-11.83383726
airs	-10.17422436	-12.34466289
airw	-11.17752647	-12.75012800
airy	-11.27283665	-12.05698081
ais	-9.43228702	-9.65908554
aise	-10.35654592	-12.05698081
aisi	-11.17752647	-11.83383726
aist	-11.27283665	-11.49736503
ait	-9.76875925	-9.03655593
ait$	-11.62951159	-11.65151571
aite	-11.09051509	-11.83383726
aith	-11.27283665	-10.11107067
aitr	-13.57542174	-10.95836853
aitt	-13.57542174	-10.44754290
aiv	-11.37819717	-9.36573773
aiva	-13.57542174	-9.77971353
aive	-11.49598020	-11.65151571
aivi	-12.88227456	-10.95836853
aiy	-13.57542174	-10.18517864
aj$	-13.57542174	-9.77971353
aja	-11.96598383	-8.07729916
ajaa	-13.57542174	-9.77971353
ajak	-13.57542174	-10.44754290
ajal	-13.57542174	-10.73522497
ajan	-13.57542174	-9.97753927
ajar	-12.88227456	-10.95836853
ajas	-13.57542174	-10.95836853
ajav	-13.57542174	-10.04207779
ajay	-13.57542174	-9.94676761
aje	-12.18912738	-9.94676761
ajee	-13.57542174	-10.11107067
aji	-11.96598383	-9.09946975
aji$	-12.88227456	-10.87832582
ajii	-13.57542174	-10.87832582
ajis	-13.57542174	-10.95836853
ajit	-12.47680945	-11.04537990
ajn	-13.57542174	-10.44754290
ajnj	-13.57542174	-10.55290342
ajo	-10.57968947	-12.05698081
ajy	-13.57542174	-9.22376747
ajya	-13.57542174	-9.23858256
ak$	-10.24321723	-10.22439935
aka	-11.01047239	-6.41241770
aka$	-12.88227456	-9.53125217
akaa	-13.57542174	-8.03610340
akab	-11.62951159	-11.65151571
akad	-13.57542174	-9.70560556
akak	-13.57542174	-10.87832582
akal	-13.57542174	-7.67183405
akam	-13.57542174	-8.96593836
akan	-12.88227456	-8.94346551
akar	-13.57542174	-8.26712544
akas	-13.57542174	-9.88792711
akat	-13.57542174	-9.07382732
akav	-13.57542174	-10.55290342
ake	-8.23308749	-9.88792711
ake$	-9.91186010	-11.14069008
aked	-10.43992753	-13.44327518
aken	-10.57968947	-13.44327518
aker	-9.37072912	-11.36383363
akes	-9.83775212	-11.83383726
akh	-12.88227456	-8.88939828
akha	-12.88227456	-9.59312757
akhy	-13.57542174	-9.80568902
aki	-9.23161632	-9.43594199
aki$	-12.47680945	-10.80421785
akie	-10.93636441	-13.44327518
akin	-9.55007005	-12.05698081
akis	-12.18912738	-10.44754290
akk	-12.47680945	-6.71345111
akk$	-13.57542174	-10.35223272
akka	-13.57542174	-7.43446199
akke	-12.88227456	-10.49883620
akki	-12.88227456	-8.45284259
akko	-13.57542174	-10.49883620
akku	-13.57542174	-7.97944337
ako	-12.88227456	-10.18517864
akoo	-13.57542174	-10.80421785
akr	-13.57542174	-8.09616765
akra	-13.57542174	-9.01245838
akri	-13.57542174	-9.22376747
akru	-13.57542174	-9.63661269
aks	-10.31732521	-7.72954237
aks$	-10.31732521	-10.61006183
aksh	-13.57542174	-7.86354535
akt	-12.88227456	-8.49451529
akta	-13.57542174	-10.95836853
akth	-12.88227456	-8.79888428
aku	-12.18912738	-8.57574073
akum	-13.57542174	-9.91691465
akun	-13.57542174	-9.51144954
aky	-11.62951159	-10.55290342
akya	-13.57542174	-10.55290342
al$	-6.91228905	-6.14145283
ala	-8.75514018	-6.18627247
ala$	-12.18912738	-8.70707673
alaa	-12.18912738	-7.98368966
alab	-11.62951159	-9.75439572
alac	-11.17752647	-9.65908554
alad	-11.27283665	-12.05698081
alag	-12.47680945	-10.49883620
alak	-13.57542174	-8.63109082
alam	-11.37819717	-8.34952498
alan	-10.24321723	-8.67259055
alap	-12.88227456	-10.11107067
alar	-11.17752647	-9.15281573
alas	-12.47680945	-9.11254184
alat	-10.24321723	-8.20683321
alav	-11.96598383	-9.53125217
alay	-12.88227456	-8.18577980
alb	-11.17752647	-10.80421785
alc	-9.68360145	-11.65151571
alco	-11.09051509	-13.44327518
alcu	-10.53089931	-12.34466289
ald	-10.31732521	-11.14069008
ale	-8.30242218	-7.71317539
ale$	-10.20812591	-8.39985006
aled	-10.17422436	-11.65151571
alee	-13.57542174	-9.38283217
alen	-10.35654592	-11.49736503
aler	-10.39736791	-12.75012800
ales	-9.76875925	-10.61006183
alet	-11.37819717	-12.05698081
aley	-13.57542174	-9.68207506
alf	-10.39736791	-12.05698081
alg	-10.86737154	-12.34466289
ali	-6.70329364	-6.59739530
ali$	-12.47680945	-9.36573773
alia	-10.86737154	-11.65151571
alib	-10.86737154	-13.44327518
alic	-10.80283302	-10.07597935
alid	-10.63098276	-11.24605060
alie	-10.35654592	-12.75012800
alif	-10.86737154	-10.73522497
alig	-10.48437929	-12.34466289
alii	-13.57542174	-10.22439935
alik	-11.78366227	-9.02443457
alil	-12.88227456	-7.17039817
alin	-9.62417802	-9.38283217
alip	-11.49598020	-10.35223272
alis	-7.57153468	-10.39875274
alit	-9.00071076	-10.14743831
aliy	-13.57542174	-9.57207416
aliz	-7.97330292	-12.05698081
alk	-9.16870250	-7.59973076
alk$	-11.09051509	-11.83383726
alka	-10.93636441	-10.11107067
alke	-10.53089931	-11.04537990
alki	-10.93636441	-9.88792711
alkk	-13.57542174	-7.96681162
alks	-10.86737154	-13.44327518
alku	-13.57542174	-10.18517864
all	-6.75978175	-8.00955317
all$	-9.49788430	-10.26522135
alla	-10.35654592	-8.84815533
alle	-9.05363317	-10.73522497
alli	-8.95044893	-9.47298326
allo	-9.19339511	-10.87832582
alls	-9.56808856	-13.44327518
allu	-10.35654592	-10.49883620
ally	-7.47062851	-11.04537990
alm	-9.53237048	-10.73522497
alma	-12.88227456	-11.04537990
alme	-10.93636441	-12.75012800
almi	-10.93636441	-12.34466289
aln	-11.17752647	-12.05698081
alo	-9.10951362	-9.08656635
aloc	-13.57542174	-10.67068645
alod	-12.88227456	-10.44754290
alog	-10.24321723	-12.75012800
aloo	-11.78366227	-10.80421785
alou	-11.17752647	-12.75012800
alp	-9.81422163	-9.47298326
alpa	-11.27283665	-10.26522135
alph	-10.57968947	-11.49736503
alpp	-13.57542174	-10.55290342
alr	-10.86737154	-12.34466289
als	-8.12010063	-10.11107067
als$	-8.21883547	-12.34466289
alsa	-11.96598383	-10.73522497
alsi	-11.17752647	-12.34466289
alt	-8.77963120	-11.04537990
alte	-10.04906122	-13.44327518
alth	-10.74220840	-11.83383726
alti	-10.63098276	-13.44327518
altr	-11.27283665	-12.34466289
alu	-9.35591404	-6.84886172
alu$	-13.57542174	-10.61006183
alua	-10.53089931	-13.44327518
alud	-13.57542174	-8.12026520
alue	-11.01047239	-13.44327518
aluk	-13.57542174	-9.65908554
alum	-10.57968947	-7.50310392
alun	-12.47680945	-10.49883620
alut	-11.62951159	-9.43594199
alv	-10.17422436	-11.24605060
alve	-10.74220840	-12.34466289
aly	-9.53237048	-9.75439572
aly$	-13.57542174	-10.95836853
alya	-12.47680945	-10.55290342
alys	-10.31732521	-12.75012800
alyz	-10.68504999	-13.44327518
am$	-9.46454788	-5.69827237
ama	-9.21871292	-5.86410721
ama$	-11.62951159	-9.97753927
amaa	-13.57542174	-6.47066892
amad	-13.57542174	-10.22439935
amak	-13.57542174	-9.53125217
amal	-11.78366227	-9.63661269
amam	-12.88227456	-9.33240131
aman	-11.27283665	-7.89809773
amap	-13.57542174	-9.91691465
amar	-11.17752647	-9.09946975
amas	-11.09051509	-9.30014045
amat	-10.48437929	-8.86856420
amav	-13.57542174	-10.35223272
amay	-13.57542174	-8.32528136
amb	-8.64094781	-7.70348226
amba	-11.01047239	-8.78931483
ambe	-10.93636441	-10.87832582
ambh	-13.57542174	-8.96593836
ambi	-10.43992753	-9.91691465
ambl	-10.24321723	-12.34466289
ambo	-10.80283302	-10.44754290
ambu	-9.99190280	-9.97753927
ame	-8.21412958	-8.15500815
ame$	-10.43992753	-11.65151571
amed	-10.43992753	-11.83383726
amee	-13.57542174	-9.49203146
amel	-10.10968584	-12.34466289
amen	-9.70422073	-9.31614079
amer	-10.20812591	-9.80568902
ames	-10.31732521	-10.80421785
amet	-10.48437929	-11.83383726
amg	-13.57542174	-8.30747674
amga	-13.57542174	-9.19477993
amge	-13.57542174	-10.00928797
amgh	-13.57542174	-9.47298326
ami	-8.53846914	-7.84115636
ami$	-11.62951159	-10.30778096
amic	-11.09051509	-10.11107067
amid	-11.37819717	-10.95836853
amie	-10.86737154	-13.44327518
amii	-13.57542174	-10.67068645
amik	-12.47680945	-9.36573773
amil	-10.86737154	-9.63661269
amin	-9.35591404	-10.30778096
amis	-10.74220840	-12.75012800
amit	-11.78366227	-9.88792711
amiy	-13.57542174	-10.95836853
amiz	-12.18912738	-10.49883620
amk	-13.57542174	-9.40022391
amkh	-13.57542174	-10.87832582
amko	-13.57542174	-10.22439935
amku	-13.57542174	-10.80421785
aml	-11.37819717	-11.65151571
amm	-8.96030123	-8.34340875
amma	-10.53089931	-9.08656635
amme	-9.66339874	-10.55290342
ammi	-10.48437929	-10.61006183
ammo	-11.62951159	-10.95836853
ammu	-13.57542174	-10.73522497
ammy	-11.96598383	-10.73522497
amn	-11.17752647	-11.04537990
amo	-9.01107355	-9.25362043
amo$	-12.88227456	-10.87832582
amoo	-12.88227456	-9.88792711
amor	-9.83775212	-12.05698081
amou	-10.07891418	-13.44327518
amp	-8.36048599	-8.45966855
amp$	-10.74220840	-11.36383363
ampa	-10.80283302	-9.38283217
ampe	-9.83775212	-11.83383726
amph	-10.86737154	-13.44327518
ampi	-10.48437929	-10.18517864
ampl	-10.20812591	-13.44327518
ampo	-11.17752647	-11.83383726
amps	-10.74220840	-13.44327518
ampu	-11.01047239	-9.94676761
amr	-11.27283665	-9.12578706
amra	-13.57542174	-9.70560556
amri	-13.57542174	-10.73522497
amru	-13.57542174	-10.61006183
ams	-9.29875562	-8.43932887
ams$	-9.53237048	-10.22439935
amsa	-13.57542174	-9.94676761
amsh	-11.78366227	-9.70560556
amsk	-13.57542174	-9.83235726
amst	-11.62951159	-11.24605060
amu	-10.63098276	-8.00085747
amud	-13.57542174	-10.67068645
amuk	-13.57542174	-9.94676761
amul	-12.47680945	-9.08656635
amun	-13.57542174	-9.47298326
amur	-12.88227456	-11.04537990
amus	-11.09051509	-13.44327518
amuu	-13.57542174	-10.61006183
amv	-13.57542174	-10.07597935
amvi	-13.57542174	-10.22439935
amy	-11.27283665	-9.97753927
amya	-13.57542174	-10.80421785
an$	-7.88844639	-6.12208662
ana	-8.53199663	-5.65672337
ana$	-11.17752647	-7.96681162
anaa	-13.57542174	-7.59683640
anac	-11.17752647	-12.34466289
anad	-13.57542174	-9.43594199
anae	-10.93636441	-12.34466289
anag	-10.57968947	-9.75439572
anak	-13.57542174	-8.53062029
anal	-9.72527414	-10.11107067
anam	-13.57542174	-7.21673851
anan	-12.18912738	-7.70348226
anap	-12.88227456	-8.87892698
anar	-11.27283665	-9.91691465
anas	-11.49598020	-9.16660906
anat	-10.02007368	-7.52977217
anav	-13.57542174	-8.92148660
anay	-13.57542174	-8.57574073
anb	-11.37819717	-10.61006183
anba	-12.18912738	-11.24605060
anc	-7.67005990	-8.26149163
ance	-8.16824997	-10.73522497
anch	-9.79123211	-8.56047325
anci	-9.70422073	-10.80421785
ancr	-11.96598383	-11.04537990
anct	-10.93636441	-13.44327518
ancy	-10.24321723	-11.49736503
and	-7.26550346	-6.92560390
and$	-9.29875562	-9.85975624
anda	-9.74678035	-8.42599534
andb	-10.43992753	-13.44327518
ande	-9.08678537	-9.36573773
andh	-11.49598020	-8.20152816
andi	-9.09808493	-9.03655593
andl	-10.04906122	-12.05698081
andm	-10.74220840	-13.44327518
ando	-10.35654592	-10.67068645
andp	-10.86737154	-13.44327518
andr	-10.86737154	-9.20916867
ands	-9.13277049	-12.75012800
andu	-12.18912738	-9.18059530
andy	-11.17752647	-11.36383363
ane	-8.45742793	-8.07729916
ane$	-10.20812591	-9.63661269
aned	-10.86737154	-11.83383726
anee	-11.96598383	-9.83235726
anel	-10.27958488	-12.75012800
anen	-11.17752647	-9.31614079
aneo	-11.01047239	-13.44327518
aner	-10.80283302	-12.34466289
anes	-10.24321723	-10.87832582
anet	-11.62951159	-10.67068645
aney	-13.57542174	-10.30778096
ang	-7.90209848	-6.10373748
ang$	-11.49598020	-10.73522497
anga	-12.18912738	-6.28320597
ange	-8.92146139	-9.30014045
angh	-13.57542174	-9.49203146
angi	-9.96450383	-9.19477993
angl	-9.38576700	-10.67068645
ango	-10.86737154	-12.75012800
angs	-10.80283302	-12.05698081
angu	-10.20812591	-9.83235726
anh	-11.27283665	-12.34466289
ani	-7.91593953	-6.98807661
ani$	-12.18912738	-9.19477993
ania	-10.80283302	-10.55290342
anic	-10.39736791	-9.68207506
anif	-11.17752647	-12.75012800
anii	-13.57542174	-10.95836853
anik	-12.88227456	-8.48043055
anil	-11.49598020	-8.86856420
anim	-10.20812591	-10.87832582
anin	-10.48437929	-10.55290342
anip	-11.96598383	-10.44754290
anir	-13.57542174	-9.49203146
anis	-9.13277049	-10.11107067
anit	-10.10968584	-9.40022391
aniy	-13.57542174	-9.25362043
aniz	-9.88654229	-12.75012800
anj	-11.78366227	-7.91384609
anj$	-13.57542174	-10.95836853
anja	-12.88227456	-8.85830770
anjc	-13.57542174	-10.44754290
anje	-13.57542174	-9.83235726
anji	-12.88227456	-10.39875274
anjj	-13.57542174	-9.94676761
anju	-13.57542174	-9.94676761
ank	-8.65544082	-8.48043055
ank$	-10.35654592	-11.14069008
anka	-12.18912738	-9.51144954
anke	-10.14143454	-10.30778096
anki	-10.31732521	-10.49883620
ankl	-11.01047239	-13.44327518
ankr	-11.17752647	-12.75012800
anks	-10.93636441	-13.44327518
anku	-13.57542174	-10.07597935
anl	-10.68504999	-11.65151571
anm	-13.57542174	-8.45284259
anma	-13.57542174	-8.56807785
ann	-8.55814191	-7.20886445
ann$	-13.57542174	-9.34893061
anna	-11.27283665	-8.59908809
anne	-9.74678035	-9.31614079
anni	-9.66339874	-8.84815533
annj	-13.57542174	-10.18517864
anno	-10.10968584	-10.80421785
annu	-10.80283302	-8.76114395
ano	-9.14460494	-9.36573773
ano$	-11.62951159	-11.49736503
anod	-11.49598020	-11.65151571
anoe	-10.93636441	-13.44327518
anon	-11.01047239	-13.44327518
anoo	-12.18912738	-10.26522135
anor	-11.27283665	-12.34466289
anq	-10.63098276	-11.65151571
anqu	-10.63098276	-13.44327518
anr	-12.88227456	-11.04537990
ans	-7.78546157	-8.98892788
ans$	-8.75514018	-10.00928797
ansa	-11.37819717	-11.14069008
ansc	-10.68504999	-13.44327518
anse	-10.80283302	-12.75012800
ansf	-10.63098276	-13.44327518
ansh	-10.57968947	-11.49736503
ansi	-9.99190280	-10.35223272
ansl	-10.86737154	-13.44327518
ansm	-10.80283302	-13.44327518
ansp	-10.35654592	-12.34466289
ansu	-13.57542174	-10.95836853
ant	-7.00174158	-7.01033508
ant$	-8.45742793	-9.85975624
anta	-9.28496230	-9.45429113
ante	-9.34131524	-8.70707673
anth	-9.91186010	-7.74954304
anti	-8.36593559	-9.63661269
antl	-9.81422163	-13.44327518
anto	-10.53089931	-11.14069008
antr	-11.01047239	-9.85975624
ants	-8.90259291	-13.44327518
antu	-12.18912738	-10.14743831
anu	-10.24321723	-6.25259914
anu$	-13.57542174	-6.71584345
anub	-13.57542174	-9.61463378
anuk	-13.57542174	-10.39875274
anul	-11.62951159	-9.16660906
anum	-11.37819717	-8.17027562
anun	-13.57542174	-10.44754290
anup	-12.88227456	-11.04537990
anus	-12.47680945	-8.93241567
anuv	-13.57542174	-9.94676761
anv	-11.17752647	-10.18517864
anva	-11.17752647	-11.83383726
anve	-13.57542174	-10.44754290
anw	-12.88227456	-10.55290342
anwe	-13.57542174	-10.61006183
any	-10.57968947	-9.03655593
any$	-11.49598020	-11.24605060
anya	-12.47680945	-9.22376747
anz	-11.17752647	-10.61006183
anza	-11.49598020	-11.49736503
aou	-13.57542174	-10.95836853
ap$	-9.74678035	-12.05698081
apa	-9.66339874	-7.66253166
apaa	-13.57542174	-9.55145488
apac	-11.37819717	-11.83383726
apad	-12.88227456	-10.67068645
apak	-13.57542174	-9.36573773
apam	-13.57542174	-10.73522497
apan	-12.18912738	-9.31614079
apar	-11.01047239	-9.25362043
apat	-11.37819717	-9.68207506
ape	-8.62666185	-9.20916867
ape$	-10.74220840	-12.34466289
aped	-10.93636441	-10.00928797
apel	-11.09051509	-13.44327518
aper	-9.58643770	-11.65151571
apes	-10.48437929	-13.44327518
apet	-12.88227456	-10.35223272
aph	-8.34967507	-8.91067568
aph$	-10.68504999	-11.65151571
apha	-11.96598383	-10.80421785
aphe	-9.64359611	-11.36383363
aphi	-9.64359611	-9.72970311
apho	-10.74220840	-12.34466289
aphr	-11.62951159	-11.36383363
aphs	-10.57968947	-12.34466289
aphy	-10.43992753	-11.36383363
api	-9.01107355	-8.80854619
apic	-12.47680945	-9.55145488
apid	-11.27283665	-12.34466289
apik	-13.57542174	-10.18517864
apin	-10.86737154	-12.75012800
apis	-10.86737154	-13.44327518
apit	-9.91186010	-10.55290342
apl	-10.43992753	-12.05698081
aple	-10.93636441	-13.44327518
apo	-9.14460494	-9.40022391
apol	-10.35654592	-10.87832582
apoo	-12.47680945	-9.80568902
apor	-10.86737154	-12.75012800
apos	-10.63098276	-13.44327518
app	-7.93351467	-6.89505607
appa	-10.63098276	-8.83810499
appe	-8.99045426	-7.34745061
appi	-9.86184968	-9.45429113
appl	-10.20812591	-12.05698081
appo	-10.39736791	-9.45429113
appr	-9.40103447	-13.44327518
appu	-12.88227456	-9.75439572
appy	-11.37819717	-11.83383726
apr	-11.09051509	-8.69834305
apra	-13.57542174	-8.86856420
apri	-12.18912738	-11.14069008
aps	-8.93103084	-12.75012800
aps$	-9.76875925	-13.44327518
apsu	-10.80283302	-13.44327518
apt	-9.48107718	-10.35223272
apta	-11.62951159	-11.49736503
apti	-10.17422436	-12.05698081
apu	-11.78366227	-9.47298326
apur	-13.57542174	-9.85975624
apy	-11.49598020	-10.87832582
apy$	-11.78366227	-11.14069008
aq$	-13.57542174	-10.73522497
aqu	-10.02007368	-13.44327518
aqua	-10.57968947	-13.44327518
aque	-11.09051509	-13.44327518
ar$	-8.45145776	-6.91678032
ara	-8.20944573	-5.84889393
ara$	-12.88227456	-8.42599534
araa	-13.57542174	-7.71317539
arab	-10.57968947	-10.11107067
arac	-10.31732521	-9.97753927
arad	-11.01047239	-10.73522497
arag	-11.01047239	-12.05698081
araj	-13.57542174	-10.55290342
arak	-12.47680945	-9.03655593
aral	-11.01047239	-10.67068645
aram	-10.48437929	-7.53519224
aran	-10.27958488	-7.07852442
arap	-10.93636441	-11.04537990
arar	-13.57542174	-10.73522497
aras	-10.74220840	-9.22376747
arat	-10.07891418	-8.30747674
arav	-11.96598383	-9.41792349
aray	-13.57542174	-8.85830770
araz	-12.88227456	-11.04537990
arb	-8.85692287	-9.83235726
arba	-10.93636441	-11.65151571
arbh	-13.57542174	-10.67068645
arbi	-10.57968947	-11.65151571
arbl	-10.86737154	-12.75012800
arbo	-9.83775212	-11.49736503
arc	-8.54498382	-9.36573773
arca	-10.93636441	-13.44327518
arcc	-13.57542174	-10.87832582
arce	-10.86737154	-13.44327518
arch	-9.02154485	-9.61463378
arco	-10.93636441	-13.44327518
ard	-7.45512432	-8.61496144
ard$	-8.79629825	-10.49883620
arda	-11.49598020	-10.55290342
arde	-9.48107718	-13.44327518
ardh	-11.37819717	-9.33240131
ardi	-9.31274187	-11.36383363
ardl	-11.09051509	-13.44327518
ardo	-11.01047239	-13.44327518
ardr	-11.09051509	-12.75012800
ards	-8.72339148	-12.75012800
ardu	-12.47680945	-10.67068645
are	-8.13734243	-7.80136810
are$	-9.81422163	-8.86856420
ared	-10.07891418	-13.44327518
aree	-11.62951159	-9.06124854
aref	-11.01047239	-13.44327518
arek	-13.57542174	-10.80421785
arel	-10.80283302	-11.65151571
aren	-10.35654592	-10.95836853
arer	-10.24321723	-12.05698081
ares	-9.99190280	-10.73522497
aret	-11.62951159	-10.73522497
arey	-13.57542174	-9.94676761
arf	-10.31732521	-13.44327518
arg	-8.96030123	-9.26888791
arga	-10.80283302	-10.30778096
arge	-9.93783558	-10.95836853
argg	-13.57542174	-10.39875274
argi	-10.48437929	-11.24605060
argo	-11.01047239	-13.44327518
argu	-10.93636441	-13.44327518
arh	-11.49598020	-10.95836853
ari	-7.29315500	-6.28631881
ari$	-12.88227456	-8.56047325
aria	-9.28496230	-10.67068645
aric	-10.53089931	-7.92582228
arid	-12.88227456	-10.39875274
arie	-9.07561207	-11.49736503
arig	-12.88227456	-11.04537990
arii	-13.57542174	-9.88792711
arik	-13.57542174	-7.95021373
aril	-10.53089931	-9.26888791
arim	-11.96598383	-10.35223272
arin	-9.02154485	-9.34893061
ario	-10.48437929	-11.49736503
arip	-13.57542174	-9.53125217
aris	-9.05363317	-8.86856420
arit	-9.68360145	-9.30014045
ariu	-11.17752647	-12.75012800
ariv	-13.57542174	-10.49883620
ariy	-13.57542174	-8.23926849
ariz	-9.60512983	-11.83383726
arj	-11.78366227	-10.04207779
arja	-11.96598383	-11.36383363
ark	-8.67758194	-8.09616765
ark$	-10.48437929	-10.95836853
arka	-11.17752647	-10.55290342
arke	-9.79123211	-13.44327518
arki	-10.53089931	-12.05698081
arkk	-12.88227456	-8.38702937
arks	-10.31732521	-11.14069008
arl	-9.21871292	-10.14743831
arla	-11.49598020	-10.49883620
arle	-11.09051509	-12.75012800
arli	-10.57968947	-11.36383363
arlo	-11.01047239	-13.44327518
arly	-10.63098276	-13.44327518
arm	-8.52556574	-8.84815533
arm$	-11.01047239	-12.05698081
arma	-10.39736791	-9.63661269
arme	-10.35654592	-11.14069008
armi	-10.48437929	-11.36383363
armm	-13.57542174	-9.85975624
armo	-9.96450383	-13.44327518
arms	-11.09051509	-13.44327518
arn	-9.07561207	-8.73374497
arna	-10.63098276	-10.49883620
arne	-10.14143454	-12.34466289
arni	-10.39736791	-12.05698081
arnn	-13.57542174	-8.98892788
aro	-9.20597389	-8.71588736
arod	-11.78366227	-10.87832582
arog	-13.57542174	-10.73522497
arol	-10.68504999	-10.55290342
arom	-11.27283665	-11.83383726
aroo	-11.37819717	-9.94676761
arop	-13.57542174	-10.87832582
arou	-10.86737154	-13.44327518
arp	-9.29875562	-9.51144954
arpe	-10.17422436	-12.75012800
arpi	-10.93636441	-13.44327518
arpo	-11.37819717	-11.83383726
arpp	-13.57542174	-9.83235726
arq	-11.01047239	-11.24605060
arqu	-11.01047239	-13.44327518
arr	-8.21883547	-9.38283217
arr$	-13.57542174	-10.95836853
arra	-9.62417802	-11.36383363
arre	-9.88654229	-10.95836853
arri	-9.62417802	-11.14069008
arro	-9.86184968	-11.83383726
arry	-10.63098276	-11.83383726
ars	-8.48782541	-8.18058499
ars$	-9.06456224	-11.24605060
arsa	-11.78366227	-11.49736503
arse	-10.43992753	-13.44327518
arsh	-10.80283302	-8.32528136
arsi	-11.09051509	-11.14069008
art	-7.69209935	-7.26119027
art$	-10.35654592	-11.65151571
arta	-11.09051509	-13.44327518
arte	-9.07561207	-11.65151571
arth	-9.93783558	-7.75969541
arti	-9.05363317	-10.26522135
artl	-11.09051509	-13.44327518
artm	-10.43992753	-13.44327518
arto	-11.09051509	-11.04537990
arts	-10.53089931	-12.34466289
artt	-12.88227456	-8.59908809
artu	-11.78366227	-11.36383363
arty	-11.27283665	-11.36383363
aru	-12.47680945	-7.14432593
arub	-13.57542174	-10.87832582
arud	-13.57542174	-8.64748463
aruk	-13.57542174	-9.80568902
arum	-12.47680945	-8.73374497
arun	-13.57542174	-8.46654143
arup	-13.57542174	-10.49883620
arut	-13.57542174	-9.13921008
arv	-10.14143454	-8.96593836
arva	-12.47680945	-9.61463378
arve	-10.35654592	-10.87832582
arvv	-13.57542174	-10.14743831
arw	-11.62951159	-11.36383363
ary	-8.73913984	-8.00085747
ary$	-8.84803392	-9.55145488
arya	-12.88227456	-8.34340875
as$	-8.05396083	-8.38068014
asa	-9.93783558	-7.25501105
asa$	-12.88227456	-10.73522497
asaa	-13.57542174	-8.88939828
asab	-11.78366227	-10.44754290
asah	-12.47680945	-11.14069008
asak	-13.57542174	-10.80421785
asal	-11.01047239	-11.83383726
asam	-13.57542174	-8.57574073
asan	-11.17752647	-8.98892788
asap	-13.57542174	-10.67068645
asar	-12.47680945	-10.22439935
asat	-13.57542174	-9.53125217
asav	-13.57542174	-10.87832582
asc	-9.29875562	-10.49883620
asca	-10.80283302	-13.44327518
asce	-10.35654592	-13.44327518
asci	-10.80283302	-13.44327518
asco	-11.78366227	-11.49736503
ascr	-11.96598383	-11.14069008
asd	-13.57542174	-10.67068645
asdh	-13.57542174	-10.73522497
ase	-8.55154122	-9.85975624
ase$	-9.99190280	-12.05698081
ased	-10.53089931	-12.34466289
asel	-11.09051509	-12.34466289
aser	-10.86737154	-11.49736503
ases	-9.79123211	-11.83383726
ash	-8.27211684	-6.81259179
ash$	-10.17422436	-10.44754290
asha	-11.49598020	-7.59683640
ashc	-11.78366227	-10.26522135
ashe	-9.27135665	-9.80568902
ashh	-13.57542174	-10.39875274
ashi	-9.76875925	-9.18059530
ashm	-12.88227456	-10.73522497
ashn	-12.88227456	-10.49883620
asho	-11.62951159	-11.04537990
ashr	-11.96598383	-10.49883620
asht	-11.96598383	-9.07382732
ashu	-11.96598383	-10.07597935
ashy	-11.96598383	-9.34893061
asi	-8.67014696	-7.69070254
asi$	-13.57542174	-10.67068645
asic	-11.78366227	-9.65908554
asid	-12.18912738	-9.11254184
asie	-11.17752647	-12.34466289
asik	-13.57542174	-9.00062392
asil	-11.78366227	-10.73522497
asin	-9.79123211	-10.80421785
asio	-11.27283665	-12.05698081
asip	-13.57542174	-10.67068645
asis	-10.39736791	-11.49736503
asiv	-10.80283302	-11.65151571
asiy	-13.57542174	-10.87832582
ask	-10.07891418	-9.83235726
aska	-13.57542174	-10.39875274
aske	-10.74220840	-13.44327518
asm	-10.27958488	-10.95836853
aso	-9.83775212	-9.85975624
ason	-10.07891418	-11.83383726
asoo	-13.57542174	-10.95836853
asp	-9.51497873	-10.87832582
aspa	-13.57542174	-10.95836853
aspe	-11.17752647	-12.75012800
asph	-10.80283302	-13.44327518
aspi	-10.57968947	-13.44327518
asr	-13.57542174	-10.39875274
asra	-13.57542174	-10.73522497
ass	-7.76428075	-8.45284259
ass$	-10.24321723	-10.55290342
assa	-9.91186010	-10.73522497
asse	-8.95044893	-10.39875274
assh	-11.78366227	-11.24605060
assi	-9.00071076	-9.75439572
asso	-10.43992753	-10.80421785
assu	-10.63098276	-9.94676761
ast	-7.37694303	-7.31859179
ast$	-9.83775212	-10.39875274
asta	-10.10968584	-10.61006183
aste	-8.44552303	-11.04537990
asth	-11.62951159	-7.66872363
asti	-9.01107355	-10.67068645
astl	-10.93636441	-13.44327518
asto	-10.68504999	-12.34466289
astr	-9.81422163	-9.63661269
asts	-9.93783558	-13.44327518
astt	-13.57542174	-10.55290342
astu	-10.93636441	-11.65151571
asu	-10.10968584	-9.61463378
asu$	-13.57542174	-10.39875274
asur	-10.43992753	-11.36383363
asw	-13.57542174	-10.95836853
aswa	-13.57542174	-10.95836853
asy	-10.74220840	-9.26888791
asya	-13.57542174	-9.33240131
at$	-8.89329052	-9.43594199
ata	-8.90259291	-8.19100175
ata$	-11.17752647	-10.49883620
ataa	-13.57542174	-10.95836853
atab	-10.86737154	-12.34466289
atak	-12.88227456	-10.18517864
atal	-9.99190280	-12.34466289
atam	-12.47680945	-11.14069008
atan	-11.09051509	-9.43594199
atar	-11.62951159	-10.30778096
atat	-11.96598383	-10.22439935
atav	-12.47680945	-10.87832582
atb	-10.93636441	-13.44327518
atc	-8.73123466	-12.75012800
atch	-8.79629825	-12.75012800
ate	-6.18031420	-9.11254184
ate$	-7.41421442	-10.22439935
atec	-10.80283302	-13.44327518
ated	-7.55926458	-13.44327518
atee	-11.78366227	-10.39875274
atef	-11.09051509	-13.44327518
ateg	-10.86737154	-13.44327518
atel	-9.56808856	-11.65151571
aten	-10.02007368	-12.05698081
ater	-8.55154122	-11.04537990
ates	-7.50237721	-11.36383363
atf	-11.17752647	-12.34466289
ath	-8.00326771	-4.98265234
ath$	-10.74220840	-7.47969583
atha	-11.17752647	-6.67593205
athe	-8.73123466	-7.61139270
athh	-12.88227456	-8.93241567
athi	-10.14143454	-5.97590411
athk	-13.57542174	-10.26522135
athl	-10.74220840	-11.65151571
athm	-12.47680945	-9.15281573
atho	-10.74220840	-8.45966855
athp	-13.57542174	-10.55290342
athr	-12.18912738	-8.12026520
aths	-10.63098276	-10.22439935
atht	-11.96598383	-8.73374497
athu	-13.57542174	-6.82587220
athv	-13.57542174	-10.73522497
athw	-11.96598383	-10.80421785
athy	-11.09051509	-8.60699327
ati	-5.93145979	-8.02274018
ati$	-11.96598383	-9.94676761
atia	-10.80283302	-13.44327518
atic	-8.90259291	-10.07597935
atie	-10.57968947	-13.44327518
atif	-10.74220840	-13.44327518
atii	-13.57542174	-10.80421785
atik	-12.88227456	-10.14743831
atil	-11.27283665	-11.65151571
atin	-7.52333257	-10.07597935
atio	-6.47952852	-9.70560556
atis	-9.29875562	-10.87832582
atit	-11.09051509	-12.34466289
ativ	-8.45145776	-12.34466289
atiy	-13.57542174	-10.73522497
atiz	-9.96450383	-13.44327518
atl	-11.01047239	-10.87832582
atla	-12.18912738	-10.87832582
atm	-11.09051509	-11.83383726
ato	-7.65652789	-10.35223272
atol	-10.86737154	-13.44327518
atom	-10.43992753	-11.83383726
aton	-11.01047239	-12.75012800
ator	-7.88168960	-10.95836853
atr	-8.89329052	-9.57207416
atra	-12.47680945	-10.44754290
atre	-11.37819717	-11.83383726
atri	-9.49788430	-10.67068645
atro	-9.96450383	-12.34466289
ats	-8.82183155	-10.39875274
ats$	-9.01107355	-12.34466289
att	-7.90554082	-6.35236535
att$	-11.96598383	-9.70560556
atta	-10.04906122	-7.77684849
atte	-8.65544082	-10.07597935
atth	-13.57542174	-7.09238946
atti	-9.81422163	-8.30747674
attl	-9.99190280	-11.83383726
atto	-11.37819717	-10.80421785
attr	-10.63098276	-13.44327518
attu	-12.88227456	-8.85830770
atty	-11.37819717	-12.05698081
atu	-8.80473712	-9.59312757
atuk	-13.57542174	-10.49883620
atur	-9.08678537	-12.05698081
atut	-12.18912738	-11.04537990
aty	-11.17752647	-11.14069008
au$	-11.78366227	-10.80421785
aub	-11.17752647	-10.80421785
auc	-10.02007368	-12.34466289
auch	-10.93636441	-12.34466289
aud	-9.46454788	-10.67068645
aude	-11.17752647	-12.75012800
audi	-10.07891418	-12.05698081
aug	-9.35591404	-11.04537990
augh	-9.72527414	-13.44327518
augu	-10.86737154	-11.49736503
auh	-13.57542174	-10.87832582
auk	-12.88227456	-10.87832582
aul	-9.68360145	-10.39875274
auli	-11.37819717	-11.49736503
ault	-10.57968947	-13.44327518
aum	-11.78366227	-9.94676761
aun	-9.19339511	-9.61463378
aunc	-10.57968947	-13.44327518
aund	-11.09051509	-10.95836853
aunt	-9.79123211	-11.24605060
aup	-11.27283665	-10.67068645
aur	-10.24321723	-10.73522497
aura	-11.78366227	-11.24605060
aus	-9.46454788	-9.75439572
ause	-10.57968947	-13.44327518
aush	-13.57542174	-10.73522497
aust	-10.74220840	-10.49883620
aut	-8.71560934	-9.97753927
aute	-10.86737154	-13.44327518
auth	-10.04906122	-10.87832582
auti	-10.53089931	-12.34466289
auto	-9.72527414	-11.36383363
av$	-13.57542174	-9.77971353
ava	-9.46454788	-6.43567456
ava$	-12.47680945	-9.94676761
avaa	-13.57542174	-8.50880124
avad	-12.88227456	-10.18517864
avag	-10.93636441	-11.36383363
avai	-11.27283665	-11.36383363
avak	-13.57542174	-9.19477993
aval	-11.01047239	-9.77971353
avam	-13.57542174	-9.26888791
avan	-11.96598383	-8.76114395
avap	-13.57542174	-10.80421785
avar	-12.47680945	-7.85977887
avas	-11.96598383	-8.20152816
avat	-11.01047239	-9.02443457
avay	-13.57542174	-9.61463378
avaz	-13.57542174	-10.87832582
ave	-8.12438329	-8.66415168
ave$	-10.20812591	-11.65151571
aved	-10.74220840	-10.61006183
avee	-13.57542174	-10.07597935
avel	-9.93783558	-11.65151571
aven	-9.93783558	-12.34466289
aver	-9.43228702	-11.65151571
aves	-9.86184968	-9.91691465
avet	-13.57542174	-10.80421785
avi	-8.90259291	-7.54064184
avi$	-13.57542174	-10.49883620
avic	-12.18912738	-10.44754290
avid	-12.47680945	-9.70560556
avig	-11.27283665	-12.34466289
avik	-13.57542174	-9.80568902
avil	-11.27283665	-9.68207506
avin	-10.17422436	-9.33240131
avio	-10.86737154	-12.75012800
avir	-12.88227456	-10.80421785
avis	-10.86737154	-10.07597935
avit	-11.09051509	-9.41792349
aviy	-13.57542174	-10.07597935
avo	-9.13277049	-9.83235726
avo$	-12.18912738	-10.95836853
avoo	-13.57542174	-10.87832582
avor	-10.07891418	-13.44327518
avou	-10.27958488	-13.44327518
avr	-13.57542174	-10.39875274
avu	-12.18912738	-7.13154037
avu$	-13.57542174	-9.09946975
avuk	-13.57542174	-10.11107067
avum	-13.57542174	-7.51102999
avun	-12.88227456	-9.45429113
avy	-11.49598020	-9.80568902
avya	-13.57542174	-9.94676761
aw$	-10.04906122	-12.34466289
awa	-9.66339874	-10.22439935
awar	-11.37819717	-11.65151571
away	-10.48437929	-12.34466289
awb	-11.01047239	-13.44327518
awd	-10.86737154	-12.75012800
awe	-10.27958488	-10.95836853
awed	-10.63098276	-13.44327518
awi	-10.63098276	-11.24605060
awin	-10.63098276	-13.44327518
awk	-10.31732521	-13.44327518
awl	-10.02007368	-12.75012800
awle	-11.09051509	-13.44327518
awn	-9.93783558	-12.75012800
awni	-11.09051509	-13.44327518
aws	-10.02007368	-13.44327518
aws$	-10.10968584	-13.44327518
ax$	-10.93636441	-11.04537990
axe	-10.24321723	-12.75012800
axes	-10.93636441	-13.44327518
axi	-10.02007368	-11.65151571
axim	-11.09051509	-13.44327518
ay$	-8.77140070	-9.28439209
aya	-10.80283302	-5.96228301
aya$	-12.88227456	-6.88934177
ayaa	-13.57542174	-7.84856380
ayab	-11.78366227	-11.36383363
ayac	-12.47680945	-10.67068645
ayak	-12.47680945	-9.51144954
ayal	-12.47680945	-9.47298326
ayam	-13.57542174	-8.62299361
ayan	-13.57542174	-8.31931120
ayap	-13.57542174	-9.12578706
ayar	-13.57542174	-9.19477993
ayas	-12.88227456	-9.85975624
ayat	-12.88227456	-8.18058499
ayav	-13.57542174	-9.91691465
ayay	-13.57542174	-10.30778096
ayb	-10.86737154	-12.75012800
aye	-9.35591404	-8.63925413
aye$	-13.57542174	-9.23858256
ayed	-10.24321723	-13.44327518
ayer	-10.02007368	-11.65151571
ayf	-10.93636441	-13.44327518
ayi	-9.81422163	-5.95554141
ayi$	-13.57542174	-6.70275582
ayic	-13.57542174	-9.36573773
ayid	-13.57542174	-10.95836853
ayik	-13.57542174	-9.23858256
ayil	-13.57542174	-7.32297776
ayin	-9.88654229	-11.49736503
ayir	-13.57542174	-7.73616491
ayit	-13.57542174	-9.77971353
ayk	-13.57542174	-8.68968498
aykk	-13.57542174	-8.75192729
ayl	-11.27283665	-11.83383726
aym	-10.68504999	-10.49883620
ayma	-11.37819717	-11.04537990
ayn	-12.47680945	-10.80421785
ayo	-10.48437929	-8.19100175
ayo$	-12.88227456	-10.61006183
ayod	-13.57542174	-10.44754290
ayog	-13.57542174	-8.92148660
ayoj	-13.57542174	-10.95836853
ayok	-13.57542174	-10.67068645
ayoo	-13.57542174	-10.00928797
ayr	-11.49598020	-11.36383363
ays	-8.97025156	-10.55290342
ays$	-9.05363317	-12.34466289
ayu	-11.96598383	-6.86402396
ayud	-13.57542174	-8.28998358
ayul	-13.57542174	-10.11107067
ayum	-13.57542174	-7.44931375
ayun	-12.88227456	-9.47298326
ayut	-13.57542174	-9.72970311
ayw	-11.17752647	-12.75012800
ayy	-13.57542174	-9.12578706
ayya	-13.57542174	-9.33240131
az$	-12.88227456	-10.04207779
aza	-11.17752647	-10.44754290
aze	-9.66339874	-11.14069008
azh	-13.57542174	-7.68437340
azha	-13.57542174	-9.23858256
azhc	-13.57542174	-9.65908554
azhe	-13.57542174	-10.44754290
azhi	-13.57542174	-8.68110124
azht	-13.57542174	-10.80421785
azhu	-13.57542174	-9.59312757
azi	-10.24321723	-10.11107067
azil	-11.78366227	-11.49736503
azin	-10.80283302	-12.05698081
azo	-11.37819717	-12.05698081
azz	-10.35654592	-13.44327518
ba$	-11.78366227	-10.30778096
baa	-12.18912738	-8.18577980
baad	-13.57542174	-9.88792711
baal	-13.57542174	-9.65908554
baan	-13.57542174	-10.04207779
baar	-13.57542174	-10.49883620
bab	-10.35654592	-10.55290342
baby	-11.27283665	-11.83383726
bac	-8.43375819	-12.75012800
back	-8.59868800	-13.44327518
bad	-10.43992753	-9.45429113
bad$	-13.57542174	-10.67068645
badh	-13.57542174	-10.73522497
badi	-12.88227456	-11.04537990
bag	-9.66339874	-12.34466289
bag$	-10.63098276	-13.44327518
bagg	-10.80283302	-13.44327518
bah	-12.47680945	-9.88792711
bahu	-13.57542174	-10.39875274
bai	-10.53089931	-9.80568902
bail	-11.09051509	-11.49736503
bait	-11.96598383	-11.36383363
bak	-11.09051509	-10.95836853
bake	-11.17752647	-12.34466289
bal	-8.43962331	-9.12578706
bal$	-11.27283665	-11.24605060
bala	-10.74220840	-9.91691465
bald	-11.09051509	-13.44327518
bali	-10.35654592	-11.49736503
ball	-9.20597389	-11.14069008
bam	-12.18912738	-10.14743831
ban	-8.71560934	-8.22291935
ban$	-11.96598383	-11.24605060
band	-9.70422073	-8.70707673
bang	-11.49598020	-10.30778096
bani	-10.74220840	-10.87832582
bank	-10.39736791	-10.87832582
bap	-11.01047239	-12.05698081
bapt	-11.17752647	-12.05698081
bar	-8.33367473	-9.16660906
bar$	-11.09051509	-10.39875274
barb	-10.20812591	-13.44327518
bard	-11.01047239	-12.75012800
bare	-10.80283302	-13.44327518
bari	-10.57968947	-10.80421785
bark	-10.48437929	-11.49736503
barn	-11.09051509	-12.75012800
baro	-11.17752647	-11.65151571
barr	-9.76875925	-12.34466289
bas	-8.99045426	-9.70560556
bas$	-11.49598020	-11.65151571
base	-10.57968947	-11.49736503
bash	-11.27283665	-12.05698081
basi	-11.09051509	-11.24605060
bass	-10.68504999	-11.65151571
bast	-10.53089931	-11.36383363
bat	-8.88407386	-9.19477993
bate	-10.63098276	-13.44327518
bath	-10.43992753	-9.88792711
bati	-10.24321723	-11.83383726
batt	-10.31732521	-10.22439935
bau	-11.09051509	-11.14069008
bay	-11.49598020	-10.22439935
bayi	-12.88227456	-11.04537990
bba	-11.78366227	-11.14069008
bbe	-8.99045426	-11.65151571
bbed	-10.20812591	-13.44327518
bber	-9.44828736	-12.75012800
bbi	-9.24468840	-11.24605060
bbie	-10.35654592	-12.75012800
bbin	-9.91186010	-11.83383726
bbl	-9.34131524	-13.44327518
bble	-9.62417802	-13.44327518
bbli	-10.86737154	-13.44327518
bbu	-11.49598020	-11.36383363
bby	-10.43992753	-11.65151571
bby$	-10.86737154	-12.34466289
bda	-12.47680945	-10.73522497
bdh	-13.57542174	-10.49883620
bdha	-13.57542174	-10.73522497
bdu	-10.80283302	-11.49736503
be$	-10.04906122	-11.04537990
bea	-8.96030123	-11.83383726
bear	-10.31732521	-13.44327518
beat	-10.20812591	-13.44327518
beau	-11.17752647	-12.34466289
bec	-10.35654592	-12.75012800
bed	-8.72339148	-11.65151571
bed$	-9.37072912	-13.44327518
bedi	-11.09051509	-13.44327518
beds	-10.80283302	-13.44327518
bee	-10.02007368	-10.00928797
bef	-10.53089931	-13.44327518
beg	-10.27958488	-12.75012800
beh	-10.14143454	-13.44327518
beha	-10.80283302	-13.44327518
bei	-11.37819717	-11.83383726
bel	-8.81324781	-10.49883620
bel$	-11.96598383	-11.24605060
bela	-11.01047239	-13.44327518
beli	-10.43992753	-12.34466289
bell	-9.68360145	-12.34466289
ben	-9.55007005	-10.35223272
benc	-10.93636441	-12.34466289
bene	-10.93636441	-12.34466289
bent	-10.93636441	-13.44327518
ber	-7.94780063	-10.14743831
ber$	-9.68360145	-10.80421785
bera	-9.96450383	-13.44327518
bere	-10.17422436	-13.44327518
beri	-10.24321723	-11.36383363
bern	-10.93636441	-13.44327518
berr	-10.35654592	-12.75012800
bers	-9.70422073	-13.44327518
bert	-11.09051509	-12.34466289
bes	-9.15658114	-10.73522497
bes$	-10.07891418	-11.49736503
best	-10.48437929	-12.05698081
bet	-9.38576700	-10.39875274
beti	-10.68504999	-12.75012800
betr	-11.09051509	-13.44327518
bett	-11.27283665	-11.83383726
bew	-10.93636441	-13.44327518
bey	-11.09051509	-11.49736503
bha	-12.88227456	-6.82320197
bha$	-13.57542174	-10.39875274
bhaa	-13.57542174	-7.98795406
bhad	-13.57542174	-10.73522497
bhag	-13.57542174	-9.00062392
bhaj	-12.88227456	-10.95836853
bhak	-13.57542174	-9.85975624
bham	-13.57542174	-10.61006183
bhan	-13.57542174	-9.85975624
bhar	-13.57542174	-8.67259055
bhas	-13.57542174	-9.65908554
bhat	-13.57542174	-10.87832582
bhav	-13.57542174	-8.97736706
bhay	-13.57542174	-10.00928797
bhe	-12.47680945	-9.94676761
bhee	-13.57542174	-10.30778096
bhi	-13.57542174	-8.49451529
bhic	-13.57542174	-10.30778096
bhik	-13.57542174	-9.97753927
bhim	-13.57542174	-10.55290342
bhin	-13.57542174	-10.35223272
bhip	-13.57542174	-10.07597935
bho	-11.78366227	-8.95463881
bhoo	-13.57542174	-9.13921008
bhr	-13.57542174	-10.87832582
bhra	-13.57542174	-10.87832582
bhu	-12.88227456	-9.75439572
bhum	-12.88227456	-11.04537990
bhy	-13.57542174	-9.85975624
bhya	-13.57542174	-9.85975624
bi$	-11.62951159	-10.07597935
bia	-10.04906122	-10.22439935
bia$	-11.49598020	-10.87832582
bian	-11.62951159	-11.36383363
bib	-10.74220840	-12.34466289
bic	-9.79123211	-11.49736503
bic$	-10.93636441	-13.44327518
bica	-10.93636441	-12.34466289
bid	-10.07891418	-12.34466289
bidd	-10.93636441	-13.44327518
bie	-9.68360145	-12.75012800
bier	-11.01047239	-13.44327518
bies	-10.27958488	-13.44327518
bif	-10.93636441	-13.44327518
big	-10.57968947	-12.05698081
bii	-12.88227456	-10.61006183
bik	-11.17752647	-10.18517864
bikk	-13.57542174	-10.87832582
bil	-8.12438329	-9.49203146
bil$	-12.88227456	-10.39875274
bile	-11.01047239	-11.36383363
bili	-8.39363819	-10.87832582
bill	-10.20812591	-12.05698081
bim	-11.62951159	-11.65151571
bin	-8.77140070	-9.77971353
bina	-11.78366227	-10.80421785
bind	-10.68504999	-11.49736503
bine	-10.93636441	-12.05698081
bing	-9.43228702	-13.44327518
bio	-9.51497873	-11.36383363
biol	-11.62951159	-11.65151571
bir	-9.58643770	-10.80421785
bird	-9.93783558	-13.44327518
birt	-11.01047239	-13.44327518
bis	-9.91186010	-10.61006183
bish	-10.74220840	-11.24605060
bit	-8.70022442	-10.87832582
bit$	-10.86737154	-12.75012800
bite	-10.43992753	-13.44327518
biti	-10.27958488	-12.34466289
bitr	-10.93636441	-13.44327518
bitt	-11.09051509	-12.05698081
biy	-13.57542174	-10.11107067
biya	-13.57542174	-10.80421785
bje	-10.63098276	-12.05698081
bjec	-10.63098276	-12.05698081
bju	-10.63098276	-13.44327518
bjur	-11.01047239	-13.44327518
bla	-8.63377932	-10.35223272
blac	-9.93783558	-11.49736503
blan	-10.48437929	-13.44327518
blas	-10.53089931	-13.44327518
blat	-10.93636441	-12.75012800
blaz	-11.09051509	-13.44327518
ble	-6.90465542	-10.87832582
ble$	-7.30822119	-11.49736503
blea	-10.68504999	-13.44327518
bled	-9.83775212	-12.34466289
blee	-11.17752647	-12.05698081
blem	-11.01047239	-13.44327518
blen	-10.27958488	-13.44327518
bler	-10.17422436	-13.44327518
bles	-8.95044893	-13.44327518
bli	-8.49401738	-10.30778096
blic	-11.09051509	-11.36383363
blig	-10.74220840	-13.44327518
blik	-12.88227456	-11.04537990
blin	-9.34131524	-13.44327518
blis	-10.48437929	-12.75012800
blo	-8.77963120	-10.26522135
bloc	-10.31732521	-11.83383726
bloo	-10.10968584	-11.14069008
blot	-11.09051509	-13.44327518
blow	-10.24321723	-13.44327518
blu	-9.32692650	-11.83383726
blue	-10.17422436	-12.75012800
blun	-11.01047239	-13.44327518
bly	-8.28715471	-12.75012800
bly$	-8.30242218	-12.75012800
bme	-11.09051509	-13.44327518
bmi	-10.93636441	-12.75012800
bo$	-11.27283665	-12.34466289
boa	-8.62666185	-11.83383726
boar	-9.00071076	-12.34466289
boat	-10.10968584	-12.34466289
bob	-10.24321723	-11.36383363
bobb	-11.27283665	-11.83383726
bod	-9.68360145	-10.26522135
bodh	-13.57542174	-10.61006183
bodi	-10.74220840	-11.49736503
body	-10.63098276	-13.44327518
bog	-10.86737154	-12.75012800
boi	-10.39736791	-13.44327518
boil	-10.74220840	-13.44327518
bol	-9.28496230	-9.47298326
bol$	-12.88227456	-9.53125217
boli	-10.24321723	-13.44327518
bom	-10.39736791	-11.24605060
bomb	-10.63098276	-11.24605060
bon	-9.09808493	-10.18517864
bon$	-11.96598383	-11.36383363
bond	-11.09051509	-12.05698081
bone	-10.27958488	-12.34466289
boni	-11.09051509	-12.05698081
boo	-8.70788729	-9.07382732
book	-9.56808856	-10.55290342
boom	-11.17752647	-12.75012800
boon	-11.17752647	-10.87832582
boot	-10.35654592	-10.95836853
bor	-8.83048961	-10.95836853
bora	-10.35654592	-11.83383726
bord	-11.17752647	-11.65151571
bore	-10.74220840	-13.44327518
bori	-11.09051509	-13.44327518
born	-10.74220840	-12.34466289
bos	-10.04906122	-11.36383363
boss	-10.93636441	-12.34466289
bot	-9.93783558	-10.87832582
bott	-11.62951159	-11.36383363
bou	-9.10951362	-10.87832582
boun	-10.27958488	-13.44327518
bour	-10.43992753	-11.83383726
bout	-10.80283302	-12.75012800
bow	-9.79123211	-11.24605060
bowe	-10.93636441	-13.44327518
box	-9.58643770	-12.75012800
box$	-10.68504999	-12.75012800
boxe	-10.31732521	-13.44327518
boy	-10.02007368	-13.44327518
boy$	-10.93636441	-13.44327518
boys	-10.86737154	-13.44327518
bra	-8.25241176	-9.02443457
braa	-13.57542174	-10.35223272
brac	-10.63098276	-13.44327518
brad	-11.62951159	-11.49736503
brah	-12.88227456	-10.18517864
brai	-9.79123211	-13.44327518
bran	-10.48437929	-11.49736503
bras	-10.57968947	-11.83383726
brat	-10.07891418	-12.34466289
brav	-11.09051509	-13.44327518
braz	-11.17752647	-11.83383726
bre	-8.61959469	-9.85975624
brea	-9.10951362	-11.83383726
bree	-10.68504999	-10.44754290
brev	-11.09051509	-13.44327518
bri	-8.50651754	-9.19477993
bric	-10.10968584	-13.44327518
brid	-10.14143454	-11.04537990
brie	-11.01047239	-13.44327518
brig	-10.86737154	-13.44327518
bril	-10.80283302	-12.75012800
brin	-11.09051509	-13.44327518
bris	-10.86737154	-12.75012800
brit	-11.62951159	-9.68207506
bro	-8.63377932	-10.95836853
broa	-10.48437929	-11.36383363
broi	-10.86737154	-13.44327518
brok	-11.01047239	-13.44327518
bron	-10.93636441	-13.44327518
broo	-10.80283302	-12.05698081
brow	-10.39736791	-13.44327518
bru	-9.74678035	-10.95836853
brus	-10.80283302	-12.75012800
brut	-11.01047239	-13.44327518
bs$	-9.06456224	-11.83383726
bsc	-10.04906122	-13.44327518
bscr	-10.86737154	-13.44327518
bse	-9.93783558	-13.44327518
bser	-10.74220840	-13.44327518
bsi	-10.31732521	-12.05698081
bsid	-10.68504999	-13.44327518
bso	-10.39736791	-13.44327518
bsol	-10.86737154	-13.44327518
bst	-9.43228702	-13.44327518
bsta	-10.53089931	-13.44327518
bstr	-10.48437929	-13.44327518
bte	-10.80283302	-13.44327518
btr	-11.01047239	-13.44327518
bu$	-13.57542174	-9.59312757
bub	-11.09051509	-12.75012800
buc	-10.10968584	-13.44327518
buck	-10.20812591	-13.44327518
bud	-10.74220840	-9.83235726
budd	-12.18912738	-10.80421785
budg	-11.17752647	-12.34466289
budh	-13.57542174	-10.55290342
buf	-10.80283302	-12.75012800
buff	-10.80283302	-12.75012800
bug	-10.04906122	-13.44327518
bugg	-10.93636441	-13.44327518
bui	-10.57968947	-13.44327518
buil	-10.63098276	-13.44327518
buk	-11.49598020	-10.22439935
bul	-8.82183155	-10.87832582
bula	-9.83775212	-12.05698081
bull	-9.86184968	-12.05698081
bum	-10.48437929	-11.04537990
bun	-9.70422073	-11.24605060
bund	-11.09051509	-11.65151571
bung	-11.09051509	-12.75012800
bur	-8.76323739	-10.80421785
bure	-11.09051509	-13.44327518
burg	-10.07891418	-13.44327518
burl	-11.17752647	-12.75012800
burn	-10.68504999	-12.34466289
burs	-10.57968947	-13.44327518
bus	-8.94069275	-11.14069008
bus$	-11.09051509	-11.65151571
buse	-11.09051509	-12.75012800
bush	-10.53089931	-13.44327518
busi	-10.80283302	-12.34466289
bust	-10.43992753	-13.44327518
but	-9.16870250	-12.05698081
bute	-11.01047239	-13.44327518
buti	-10.93636441	-13.44327518
butt	-9.91186010	-12.34466289
buu	-13.57542174	-10.87832582
buz	-11.62951159	-11.65151571
by$	-10.27958488	-12.05698081
bya	-13.57542174	-10.49883620
bys	-11.01047239	-12.34466289
ca$	-10.86737154	-11.24605060
caa	-13.57542174	-10.67068645
cab	-9.34131524	-11.65151571
cabi	-11.09051509	-12.75012800
cabl	-10.20812591	-13.44327518
cac	-10.39736791	-13.44327518
cad	-9.48107718	-11.49736503
cada	-11.17752647	-12.34466289
cade	-10.04906122	-11.83383726
cae	-11.96598383	-10.73522497
caf	-11.09051509	-12.05698081
cag	-11.01047239	-11.49736503
cai	-11.49598020	-11.49736503
cak	-10.39736791	-12.34466289
cake	-10.43992753	-12.75012800
cal	-7.07413207	-9.49203146
cal$	-8.33897978	-9.91691465
cala	-10.63098276	-12.75012800
calc	-10.24321723	-12.34466289
cale	-10.80283302	-12.34466289
cali	-9.41653866	-11.24605060
call	-7.90899506	-12.34466289
cals	-10.53089931	-13.44327518
cam	-9.24468840	-10.26522135
camb	-11.78366227	-11.36383363
came	-11.01047239	-11.65151571
camp	-9.99190280	-11.24605060
can	-8.24270295	-9.68207506
can$	-11.09051509	-10.39875274
cana	-11.17752647	-11.24605060
canc	-10.57968947	-11.83383726
cand	-10.17422436	-12.05698081
cann	-10.27958488	-12.05698081
cano	-10.53089931	-13.44327518
cant	-9.53237048	-12.34466289
cap	-8.59181512	-11.04537990
capa	-10.80283302	-13.44327518
cape	-10.39736791	-12.34466289
capi	-9.83775212	-13.44327518
caps	-10.20812591	-13.44327518
capt	-10.68504999	-11.65151571
car	-7.81023064	-9.68207506
car$	-11.49598020	-11.24605060
cara	-10.35654592	-12.75012800
carb	-10.27958488	-11.65151571
card	-9.91186010	-12.34466289
care	-10.07891418	-13.44327518
cari	-10.48437929	-12.34466289
carn	-10.39736791	-13.44327518
caro	-10.24321723	-11.04537990
carp	-10.14143454	-13.44327518
carr	-10.53089931	-12.05698081
cart	-10.31732521	-11.04537990
cas	-8.61257711	-10.00928797
case	-10.35654592	-11.83383726
casi	-11.17752647	-12.75012800
cass	-10.86737154	-11.65151571
cast	-9.43228702	-11.83383726
cat	-7.35284548	-10.73522497
cata	-9.93783558	-13.44327518
catc	-10.74220840	-13.44327518
cate	-8.51282671	-12.34466289
cath	-10.86737154	-11.49736503
cati	-8.21883547	-11.65151571
cato	-10.20812591	-13.44327518
catt	-10.53089931	-12.75012800
cau	-9.79123211	-10.95836853
caus	-10.63098276	-13.44327518
caut	-10.86737154	-12.75012800
cav	-9.86184968	-13.44327518
cava	-11.01047239	-13.44327518
cave	-10.86737154	-13.44327518
cavi	-11.09051509	-13.44327518
cay	-11.49598020	-10.61006183
cc$	-13.57542174	-10.95836853
cca	-10.20812591	-10.80421785
cce	-9.62417802	-12.75012800
cces	-10.39736791	-12.75012800
cch	-11.62951159	-7.75629982
cch$	-13.57542174	-10.95836853
ccha	-11.96598383	-8.68968498
cche	-13.57542174	-10.80421785
cchi	-12.47680945	-9.28439209
cchu	-13.57542174	-8.94346551
cci	-10.57968947	-12.05698081
ccin	-11.27283665	-12.34466289
ccl	-10.48437929	-13.44327518
cco	-9.48107718	-12.34466289
ccom	-10.57968947	-13.44327518
ccou	-10.68504999	-13.44327518
ccu	-9.41653866	-12.05698081
ccum	-11.01047239	-12.75012800
ccup	-10.86737154	-13.44327518
ccur	-10.80283302	-13.44327518
ccus	-11.01047239	-12.75012800
ce$	-7.62217841	-9.72970311
cea	-9.96450383	-12.05698081
ceas	-10.80283302	-12.34466289
ced	-8.71560934	-12.05698081
ced$	-8.98030189	-12.05698081
cede	-10.48437929	-13.44327518
cee	-10.93636441	-11.24605060
cef	-10.86737154	-13.44327518
cei	-10.14143454	-11.04537990
ceiv	-10.35654592	-13.44327518
cel	-9.06456224	-10.87832582
cele	-9.96450383	-13.44327518
cell	-9.93783558	-11.36383363
cem	-9.68360145	-12.34466289
ceme	-9.96450383	-13.44327518
cen	-8.04599266	-10.39875274
cenc	-9.96450383	-12.75012800
cend	-10.20812591	-13.44327518
cens	-10.20812591	-13.44327518
cent	-8.61257711	-10.87832582
cep	-9.06456224	-13.44327518
cept	-9.28496230	-13.44327518
cer	-8.30756358	-10.49883620
cer$	-10.02007368	-11.49736503
cera	-10.68504999	-11.83383726
cere	-10.43992753	-13.44327518
ceri	-10.86737154	-13.44327518
cero	-11.09051509	-13.44327518
cers	-10.24321723	-13.44327518
cert	-9.76875925	-12.34466289
ces	-7.75831058	-11.65151571
ces$	-8.10736160	-12.34466289
cess	-9.27135665	-12.34466289
cest	-10.80283302	-13.44327518
cet	-10.63098276	-12.34466289
cew	-10.74220840	-13.44327518
cewo	-11.09051509	-13.44327518
ch$	-8.59868800	-8.61496144
cha	-7.64849572	-6.30044777
cha$	-11.96598383	-8.02717477
chaa	-13.57542174	-8.14997035
chab	-10.86737154	-13.44327518
chad	-12.88227456	-9.91691465
chai	-10.02007368	-10.55290342
chak	-13.57542174	-9.30014045
chal	-10.39736791	-9.16660906
cham	-10.48437929	-10.14743831
chan	-9.02154485	-8.43932887
chap	-10.35654592	-10.44754290
char	-9.18097259	-8.33128739
chas	-10.07891418	-10.80421785
chat	-10.48437929	-8.19625110
chau	-11.49598020	-11.65151571
chav	-13.57542174	-10.26522135
chay	-13.57542174	-9.02443457
chb	-10.57968947	-13.44327518
chc	-12.47680945	-8.88939828
chch	-13.57542174	-8.89998039
che	-7.25465345	-7.21082716
che$	-10.68504999	-12.05698081
chea	-10.80283302	-12.75012800
chec	-10.17422436	-12.05698081
ched	-8.79629825	-9.83235726
chee	-9.93783558	-10.49883620
chei	-13.57542174	-9.91691465
chel	-11.62951159	-10.04207779
chem	-10.20812591	-10.14743831
chen	-11.17752647	-9.91691465
cher	-9.13277049	-8.43932887
ches	-8.52556574	-11.83383726
chet	-10.43992753	-10.26522135
chew	-11.09051509	-13.44327518
chey	-13.57542174	-8.53062029
chh	-11.96598383	-8.73374497
chha	-13.57542174	-9.70560556
chhi	-12.47680945	-10.18517864
chhu	-13.57542174	-9.83235726
chi	-7.58146032	-6.90080322
chi$	-11.78366227	-10.87832582
chic	-10.31732521	-10.26522135
chie	-9.43228702	-12.75012800
chik	-13.57542174	-9.59312757
chil	-9.72527414	-9.20916867
chim	-11.01047239	-11.65151571
chin	-8.67758194	-9.57207416
chip	-10.93636441	-10.26522135
chir	-10.93636441	-8.10094092
chis	-9.86184968	-11.36383363
chit	-10.80283302	-8.01832516
chiy	-13.57542174	-10.95836853
chl	-9.96450383	-12.75012800
chlo	-10.57968947	-12.75012800
chm	-9.88654229	-12.05698081
chma	-10.80283302	-13.44327518
chme	-10.68504999	-12.05698081
chn	-9.93783558	-12.05698081
chni	-10.86737154	-13.44327518
chno	-10.68504999	-13.44327518
cho	-8.40493775	-8.67259055
cho$	-11.62951159	-11.49736503
choa	-11.09051509	-13.44327518
chod	-12.88227456	-10.22439935
chok	-11.27283665	-12.34466289
chol	-10.63098276	-11.65151571
choo	-10.07891418	-9.38283217
chop	-10.74220840	-12.75012800
chor	-10.07891418	-10.95836853
chot	-11.27283665	-12.34466289
chr	-9.58643770	-10.14743831
chri	-10.93636441	-10.26522135
chro	-10.10968584	-12.05698081
chs	-10.74220840	-13.44327518
chu	-9.40103447	-6.94800962
chu$	-12.88227456	-7.27785732
chuc	-11.01047239	-12.05698081
chuk	-12.88227456	-9.59312757
chum	-11.49598020	-10.14743831
chun	-11.27283665	-10.95836853
chur	-10.53089931	-10.80421785
chut	-11.78366227	-10.39875274
chuu	-13.57542174	-10.39875274
chuv	-13.57542174	-10.04207779
chw	-10.86737154	-12.34466289
chy	-9.96450383	-11.24605060
chy$	-10.17422436	-13.44327518
ci$	-11.78366227	-11.36383363
cia	-8.36048599	-10.61006183
cial	-9.18097259	-11.14069008
cian	-9.88654229	-13.44327518
ciat	-9.74678035	-11.65151571
cib	-10.80283302	-13.44327518
cibl	-11.01047239	-13.44327518
cid	-9.18097259	-13.44327518
cida	-10.86737154	-13.44327518
cide	-9.81422163	-13.44327518
cie	-8.94069275	-11.49736503
cien	-9.93783558	-11.65151571
cies	-9.53237048	-12.75012800
cif	-9.96450383	-13.44327518
cifi	-10.48437929	-13.44327518
cil	-9.23161632	-10.44754290
cile	-10.86737154	-11.65151571
cili	-10.48437929	-12.05698081
cill	-10.43992753	-12.75012800
cim	-10.86737154	-12.75012800
cin	-8.44552303	-10.67068645
cina	-10.86737154	-13.44327518
cine	-10.63098276	-11.83383726
cing	-8.92146139	-13.44327518
cio	-9.19339511	-13.44327518
ciou	-9.34131524	-13.44327518
cip	-9.31274187	-12.05698081
cipa	-10.35654592	-12.75012800
cipi	-11.01047239	-13.44327518
cipl	-10.80283302	-13.44327518
cir	-9.37072912	-13.44327518
circ	-9.43228702	-13.44327518
cis	-8.73123466	-11.14069008
cise	-9.79123211	-13.44327518
cisi	-10.63098276	-13.44327518
cism	-10.63098276	-13.44327518
ciss	-11.01047239	-13.44327518
cist	-10.14143454	-12.05698081
cit	-8.83048961	-10.67068645
cita	-10.63098276	-13.44327518
cite	-10.68504999	-13.44327518
citi	-10.74220840	-11.24605060
city	-10.02007368	-11.65151571
civ	-10.68504999	-13.44327518
civi	-10.80283302	-13.44327518
ciz	-10.24321723	-13.44327518
cize	-10.53089931	-13.44327518
ck$	-8.21412958	-10.11107067
cka	-9.81422163	-11.36383363
ckag	-11.01047239	-13.44327518
ckb	-10.02007368	-12.75012800
ckc	-11.01047239	-12.75012800
cke	-7.86831148	-10.49883620
cked	-9.03212696	-13.44327518
cken	-10.17422436	-12.34466289
cker	-8.90259291	-12.75012800
cket	-9.56808856	-11.04537990
ckey	-11.09051509	-12.34466289
ckh	-10.80283302	-13.44327518
cki	-8.55814191	-11.36383363
ckie	-10.17422436	-13.44327518
ckin	-8.86589154	-12.34466289
ckl	-8.92146139	-13.44327518
ckle	-9.46454788	-13.44327518
ckli	-10.27958488	-13.44327518
ckn	-10.68504999	-12.05698081
cko	-10.31732521	-13.44327518
ckp	-10.31732521	-13.44327518
ckr	-10.93636441	-13.44327518
cks	-8.27710438	-11.65151571
cks$	-8.58498916	-11.83383726
ckst	-10.43992753	-13.44327518
cku	-11.17752647	-12.75012800
ckw	-10.86737154	-13.44327518
cky	-10.39736791	-11.49736503
cky$	-10.80283302	-11.49736503
cla	-8.39927201	-10.39875274
clai	-10.10968584	-12.75012800
clam	-10.20812591	-13.44327518
clan	-11.01047239	-13.44327518
clar	-10.48437929	-12.05698081
clas	-9.79123211	-10.87832582
cle	-8.31792637	-11.04537990
cle$	-10.04906122	-13.44327518
clea	-9.43228702	-11.83383726
cled	-11.01047239	-13.44327518
cler	-10.63098276	-12.75012800
cles	-10.02007368	-13.44327518
cli	-9.07561207	-11.49736503
clim	-10.35654592	-13.44327518
clin	-10.20812591	-12.75012800
clo	-8.58498916	-12.34466289
clon	-11.09051509	-13.44327518
clop	-11.01047239	-12.75012800
clos	-10.35654592	-13.44327518
clot	-9.93783558	-13.44327518
clou	-10.74220840	-12.75012800
clu	-9.21871292	-11.24605060
club	-11.27283665	-11.49736503
clud	-10.68504999	-13.44327518
clus	-10.39736791	-13.44327518
co$	-10.80283302	-10.87832582
coa	-9.25793363	-11.83383726
coal	-10.93636441	-12.75012800
coas	-11.09051509	-13.44327518
coat	-10.39736791	-12.75012800
cob	-10.80283302	-11.65151571
coc	-9.41653866	-11.24605060
cock	-9.91186010	-13.44327518
cod	-9.91186010	-11.83383726
code	-11.09051509	-13.44327518
codi	-10.93636441	-13.44327518
coe	-10.35654592	-13.44327518
cof	-10.93636441	-12.34466289
coff	-10.93636441	-12.34466289
cog	-9.81422163	-13.44327518
cogn	-10.24321723	-13.44327518
coh	-10.57968947	-13.44327518
cohe	-11.09051509	-13.44327518
coi	-10.24321723	-12.75012800
coin	-10.86737154	-13.44327518
col	-8.10736160	-9.68207506
cola	-11.49598020	-11.36383363
coll	-9.29875562	-10.39875274
colo	-8.69261982	-10.95836853
com	-7.35682162	-9.51144954
comb	-10.04906122	-12.75012800
come	-10.27958488	-12.75012800
comf	-10.53089931	-13.44327518
comi	-10.74220840	-12.34466289
comm	-8.42792727	-10.26522135
comp	-8.15488674	-10.80421785
con	-6.68889010	-9.72970311
con$	-11.37819717	-11.24605060
conc	-8.67014696	-11.65151571
cond	-9.19339511	-12.34466289
conf	-8.94069275	-12.05698081
cong	-9.79123211	-12.05698081
coni	-11.09051509	-12.75012800
conj	-10.31732521	-13.44327518
conn	-9.88654229	-11.36383363
cono	-10.74220840	-12.05698081
conq	-11.09051509	-13.44327518
cons	-8.21412958	-12.75012800
cont	-8.27211684	-11.83383726
conv	-9.21871292	-12.75012800
coo	-9.48107718	-9.83235726
cook	-10.86737154	-12.75012800
cool	-11.37819717	-11.36383363
coop	-10.53089931	-12.75012800
cop	-9.07561207	-12.34466289
cope	-10.43992753	-13.44327518
copi	-10.43992753	-13.44327518
copy	-10.68504999	-13.44327518
cor	-8.03024430	-11.36383363
cora	-11.01047239	-13.44327518
cord	-9.68360145	-12.34466289
core	-10.31732521	-12.75012800
cori	-11.01047239	-13.44327518
corn	-10.14143454	-12.34466289
coro	-10.80283302	-13.44327518
corp	-10.53089931	-12.34466289
corr	-9.51497873	-13.44327518
cos	-9.35591404	-13.44327518
cosi	-10.86737154	-13.44327518
cosm	-10.80283302	-13.44327518
cost	-10.68504999	-13.44327518
cot	-9.48107718	-11.24605060
cott	-10.74220840	-11.49736503
cou	-8.12438329	-10.73522497
coun	-8.70022442	-11.36383363
coup	-10.53089931	-12.75012800
cour	-9.66339874	-11.83383726
cout	-10.93636441	-13.44327518
cov	-9.79123211	-11.83383726
cove	-9.83775212	-12.75012800
cow	-9.99190280	-12.34466289
cq$	-13.57542174	-10.67068645
cqu	-10.02007368	-13.44327518
cqui	-10.39736791	-13.44327518
cra	-8.12438329	-10.00928797
crab	-10.68504999	-13.44327518
crac	-10.17422436	-12.75012800
craf	-10.57968947	-13.44327518
cram	-10.74220840	-12.34466289
cran	-10.93636441	-13.44327518
crap	-10.48437929	-13.44327518
cras	-10.74220840	-13.44327518
crat	-9.44828736	-10.18517864
craw	-10.63098276	-13.44327518
cre	-8.13300403	-9.41792349
crea	-9.56808856	-11.24605060
cred	-10.02007368	-11.49736503
cree	-9.91186010	-10.49883620
crem	-10.68504999	-13.44327518
cres	-10.86737154	-13.44327518
cret	-10.20812591	-10.39875274
crew	-10.35654592	-13.44327518
cri	-8.20014334	-10.30778096
crib	-9.88654229	-13.44327518
crim	-9.60512983	-11.83383726
crin	-11.01047239	-12.75012800
crip	-9.88654229	-11.49736503
cris	-10.86737154	-12.05698081
crit	-10.02007368	-12.34466289
cro	-8.26221576	-10.44754290
crob	-11.17752647	-12.75012800
croc	-10.63098276	-13.44327518
crom	-11.37819717	-10.87832582
croo	-11.01047239	-11.83383726
crop	-10.63098276	-12.75012800
cros	-9.48107718	-12.75012800
crou	-11.09051509	-13.44327518
crow	-10.63098276	-13.44327518
cru	-8.70022442	-12.34466289
cruc	-11.09051509	-13.44327518
crui	-11.09051509	-13.44327518
crum	-10.31732521	-13.44327518
crun	-11.01047239	-13.44327518
crus	-10.53089931	-12.75012800
cry	-9.74678035	-12.05698081
cryp	-10.86737154	-13.44327518
crys	-10.74220840	-12.05698081
cs$	-8.28715471	-10.14743831
ct$	-9.00071076	-10.67068645
cta	-9.34131524	-12.05698081
ctab	-10.74220840	-13.44327518
ctat	-10.53089931	-13.44327518
cte	-8.68507261	-12.34466289
cted	-9.04282225	-13.44327518
cter	-10.20812591	-12.34466289
cti	-7.34101102	-10.30778096
ctib	-11.09051509	-13.44327518
ctic	-9.86184968	-13.44327518
ctif	-10.80283302	-13.44327518
ctil	-11.01047239	-13.44327518
ctim	-10.80283302	-13.44327518
ctin	-9.24468840	-12.34466289
ctio	-8.24754557	-11.36383363
ctiv	-8.72339148	-11.04537990
ctl	-11.09051509	-13.44327518
cto	-8.62666185	-9.91691465
ctor	-8.82183155	-10.26522135
ctr	-9.44828736	-11.65151571
ctri	-10.39736791	-13.44327518
ctro	-10.10968584	-12.75012800
cts	-9.07561207	-13.44327518
cts$	-9.07561207	-13.44327518
ctu	-9.02154485	-11.65151571
ctua	-9.66339874	-13.44327518
ctur	-9.88654229	-12.05698081
cub	-10.07891418	-13.44327518
cud	-10.74220840	-13.44327518
cue	-11.09051509	-13.44327518
cuf	-11.09051509	-13.44327518
cuff	-11.09051509	-13.44327518
cui	-10.74220840	-13.44327518
cuit	-11.09051509	-13.44327518
cul	-8.10736160	-11.49736503
cula	-8.71560934	-12.34466289
cule	-11.01047239	-13.44327518
culp	-10.43992753	-13.44327518
cult	-9.91186010	-12.34466289
cum	-9.07561207	-11.04537990
cumb	-10.35654592	-13.44327518
cums	-11.01047239	-13.44327518
cumu	-10.86737154	-12.75012800
cun	-10.57968947	-13.44327518
cuo	-10.93636441	-13.44327518
cuou	-11.09051509	-13.44327518
cup	-9.68360145	-12.75012800
cur	-8.48782541	-11.04537990
cura	-10.63098276	-13.44327518
cure	-10.48437929	-13.44327518
curi	-10.48437929	-11.24605060
curl	-10.93636441	-13.44327518
curr	-9.91186010	-12.75012800
curs	-10.86737154	-13.44327518
cus	-9.23161632	-12.34466289
cus$	-11.01047239	-13.44327518
cuse	-11.01047239	-13.44327518
cuss	-10.93636441	-13.44327518
cust	-10.48437929	-12.75012800
cut	-9.10951362	-11.04537990
cute	-10.68504999	-12.05698081
cuti	-10.57968947	-12.34466289
cutt	-10.86737154	-12.05698081
cy$	-8.77963120	-11.14069008
cyc	-9.83775212	-12.75012800
cycl	-9.83775212	-12.75012800
cyt	-10.63098276	-13.44327518
da$	-11.01047239	-8.81830236
daa	-13.57542174	-7.51368603
daak	-13.57542174	-9.43594199
daam	-13.57542174	-10.39875274
daan	-13.57542174	-9.30014045
daar	-13.57542174	-9.47298326
daat	-13.57542174	-10.26522135
daav	-13.57542174	-10.14743831
daay	-13.57542174	-8.95463881
dab	-9.86184968	-10.87832582
dabl	-10.27958488	-13.44327518
dac	-10.48437929	-11.04537990
dach	-11.96598383	-11.24605060
dad	-10.74220840	-11.83383726
dae	-12.18912738	-10.73522497
daf	-11.62951159	-11.49736503
dag	-10.43992753	-10.73522497
dah	-11.62951159	-11.49736503
dai	-10.17422436	-9.63661269
dain	-10.80283302	-11.83383726
dair	-11.62951159	-10.80421785
daiv	-13.57542174	-10.26522135
dak	-13.57542174	-8.17027562
daka	-13.57542174	-9.18059530
dakk	-13.57542174	-8.85830770
daks	-13.57542174	-10.87832582
dal	-9.35591404	-9.06124854
dal$	-10.35654592	-10.44754290
dala	-12.88227456	-10.87832582
dali	-10.57968947	-10.22439935
dall	-10.86737154	-11.65151571
dam	-9.66339874	-8.41939466
dam$	-11.96598383	-9.25362043
dama	-11.62951159	-9.47298326
dami	-11.62951159	-11.14069008
damp	-11.17752647	-11.49736503
dan	-9.23161632	-7.31422497
dan$	-12.88227456	-9.65908554
dana	-13.57542174	-8.44606290
danc	-10.53089931	-13.44327518
dand	-11.49598020	-11.24605060
dang	-11.01047239	-8.50163275
dani	-12.88227456	-10.55290342
dann	-12.88227456	-9.47298326
dant	-10.27958488	-10.26522135
danu	-12.88227456	-10.87832582
dap	-11.27283665	-9.31614079
dapa	-13.57542174	-10.55290342
dapp	-12.88227456	-10.07597935
dar	-9.48107718	-8.07263715
dar$	-12.47680945	-10.07597935
dara	-13.57542174	-9.77971353
dard	-11.17752647	-12.75012800
dari	-11.17752647	-10.04207779
darn	-11.96598383	-10.14743831
dars	-12.47680945	-9.70560556
daru	-13.57542174	-10.26522135
dary	-11.96598383	-10.87832582
das	-10.39736791	-9.75439572
das$	-11.09051509	-11.65151571
dasa	-13.57542174	-10.87832582
dash	-11.17752647	-11.24605060
dat	-8.96030123	-7.99653780
date	-9.68360145	-12.75012800
dath	-13.57542174	-8.26712544
dati	-9.91186010	-12.34466289
datt	-13.57542174	-9.55145488
dau	-10.31732521	-11.04537990
daun	-11.09051509	-12.05698081
dav	-11.96598383	-9.01245838
dava	-13.57542174	-10.00928797
davi	-12.88227456	-10.55290342
davu	-13.57542174	-10.14743831
daw	-11.09051509	-11.49736503
day	-10.10968584	-8.59124491
day$	-11.27283665	-12.34466289
daya	-13.57542174	-9.41792349
dayi	-13.57542174	-9.53125217
dba	-10.20812591	-12.34466289
dbl	-11.09051509	-13.44327518
dbo	-10.80283302	-12.75012800
dca	-10.20812591	-13.44327518
dcas	-11.09051509	-13.44327518
dd$	-13.57542174	-10.95836853
dda	-11.37819717	-10.30778096
dde	-9.24468840	-9.36573773
dded	-10.86737154	-12.75012800
ddeh	-13.57542174	-10.35223272
dden	-10.35654592	-13.44327518
dder	-10.10968584	-13.44327518
ddes	-11.62951159	-9.91691465
ddh	-13.57542174	-8.41283725
ddha	-13.57542174	-9.04882602
ddhe	-13.57542174	-10.22439935
ddhi	-13.57542174	-10.22439935
ddhy	-13.57542174	-10.26522135
ddi	-9.23161632	-11.14069008
ddie	-10.43992753	-12.34466289
ddin	-10.10968584	-12.34466289
ddis	-11.17752647	-12.75012800
ddl	-8.93103084	-13.44327518
ddle	-9.27135665	-13.44327518
ddli	-10.35654592	-13.44327518
ddr	-11.09051509	-13.44327518
ddre	-11.09051509	-13.44327518
ddy	-10.86737154	-11.83383726
ddy$	-11.09051509	-12.75012800
de$	-8.27211684	-6.75866345
dea	-9.09808493	-11.65151571
dead	-10.93636441	-13.44327518
deal	-10.39736791	-12.75012800
dear	-11.01047239	-13.44327518
deat	-11.17752647	-12.75012800
deb	-9.55007005	-13.44327518
deba	-10.48437929	-13.44327518
dec	-8.25241176	-11.65151571
deca	-10.35654592	-12.75012800
dece	-9.88654229	-12.34466289
deci	-10.17422436	-13.44327518
decl	-10.27958488	-12.75012800
deco	-9.56808856	-13.44327518
decr	-10.48437929	-13.44327518
ded	-7.93351467	-11.36383363
ded$	-8.09895819	-12.05698081
dedu	-10.93636441	-11.83383726
dee	-9.91186010	-8.79888428
dee$	-11.96598383	-11.36383363
deek	-13.57542174	-10.87832582
deem	-11.37819717	-12.05698081
deen	-13.57542174	-10.61006183
deep	-11.78366227	-10.61006183
deer	-11.27283665	-11.04537990
dees	-11.37819717	-10.61006183
def	-8.57147544	-13.44327518
defa	-10.53089931	-13.44327518
defe	-9.66339874	-13.44327518
defi	-10.20812591	-13.44327518
defl	-10.86737154	-13.44327518
defo	-10.74220840	-13.44327518
deg	-10.74220840	-12.75012800
deh	-10.48437929	-10.14743831
deha	-13.57542174	-10.14743831
dehy	-11.09051509	-13.44327518
dei	-10.86737154	-11.49736503
del	-8.71560934	-10.00928797
del$	-11.78366227	-11.24605060
dela	-11.09051509	-11.83383726
dele	-10.68504999	-11.65151571
deli	-9.40103447	-13.44327518
dell	-11.09051509	-12.34466289
dem	-8.33897978	-10.35223272
dema	-10.35654592	-13.44327518
deme	-10.93636441	-13.44327518
demi	-9.91186010	-11.49736503
demo	-9.14460494	-10.80421785
den	-7.94063214	-9.36573773
den$	-10.24321723	-11.65151571
denc	-10.04906122	-12.75012800
dene	-10.68504999	-13.44327518
deni	-10.35654592	-11.49736503
denn	-12.47680945	-10.39875274
deno	-10.74220840	-13.44327518
dens	-10.35654592	-13.44327518
dent	-8.98030189	-11.04537990
denu	-10.93636441	-12.75012800
deo	-10.04906122	-11.14069008
deod	-11.09051509	-13.44327518
dep	-8.73913984	-11.83383726
depa	-10.86737154	-13.44327518
depe	-10.53089931	-12.34466289
depl	-10.80283302	-13.44327518
depo	-10.04906122	-13.44327518
depr	-10.17422436	-13.44327518
der	-6.99895217	-10.11107067
der$	-8.31273155	-11.04537990
dera	-9.40103447	-11.65151571
derc	-10.86737154	-13.44327518
dere	-9.49788430	-13.44327518
derg	-10.93636441	-13.44327518
deri	-9.60512983	-12.34466289
derl	-10.39736791	-13.44327518
derm	-10.80283302	-12.34466289
dern	-10.39736791	-12.75012800
derp	-10.86737154	-13.44327518
ders	-8.41063577	-12.34466289
derw	-10.68504999	-13.44327518
des	-7.63262237	-8.30161162
des$	-8.61257711	-12.75012800
desa	-11.37819717	-10.39875274
desc	-10.07891418	-13.44327518
dese	-10.35654592	-12.75012800
desh	-11.96598383	-8.55292605
desi	-10.04906122	-10.73522497
desp	-10.53089931	-13.44327518
dest	-9.10951362	-12.34466289
det	-9.08678537	-10.22439935
deta	-11.01047239	-13.44327518
dete	-9.68360145	-13.44327518
deth	-11.96598383	-10.39875274
dev	-9.38576700	-9.25362043
deva	-11.49598020	-9.72970311
deve	-11.17752647	-11.65151571
devi	-10.04906122	-10.49883620
devo	-10.80283302	-13.44327518
dew	-10.80283302	-12.34466289
dey	-13.57542174	-8.91067568
deya	-13.57542174	-10.49883620
deyu	-13.57542174	-9.45429113
dfa	-11.01047239	-12.34466289
dfi	-10.93636441	-13.44327518
dge	-8.69261982	-11.36383363
dge$	-10.17422436	-12.05698081
dged	-10.48437929	-13.44327518
dger	-10.57968947	-13.44327518
dges	-10.48437929	-13.44327518
dget	-11.27283665	-12.34466289
dgi	-9.99190280	-12.34466289
dgin	-10.35654592	-13.44327518
dh$	-13.57542174	-10.95836853
dha	-11.78366227	-6.64199214
dha$	-13.57542174	-9.47298326
dhaa	-13.57542174	-8.17027562
dhak	-13.57542174	-9.83235726
dhal	-12.47680945	-10.87832582
dham	-13.57542174	-8.56047325
dhan	-12.88227456	-8.35567884
dhap	-13.57542174	-9.97753927
dhar	-13.57542174	-8.93241567
dhat	-12.47680945	-8.84815533
dhav	-13.57542174	-10.55290342
dhay	-13.57542174	-9.57207416
dhe	-10.53089931	-8.31337646
dhea	-11.09051509	-13.44327518
dhee	-13.57542174	-8.87892698
dheh	-13.57542174	-10.49883620
dhes	-12.18912738	-10.30778096
dhey	-13.57542174	-10.44754290
dhh	-13.57542174	-10.87832582
dhi	-13.57542174	-7.32297776
dhi$	-13.57542174	-9.75439572
dhic	-13.57542174	-9.01245838
dhik	-13.57542174	-8.21216656
dhip	-13.57542174	-9.91691465
dhit	-13.57542174	-10.95836853
dhiy	-13.57542174	-9.43594199
dho	-10.35654592	-11.36383363
dhr	-13.57542174	-9.77971353
dhra	-13.57542174	-10.00928797
dhu	-11.78366227	-9.31614079
dhu$	-12.88227456	-10.67068645
dhuk	-13.57542174	-10.73522497
dhur	-13.57542174	-10.87832582
dhy	-13.57542174	-8.05878011
dhya	-13.57542174	-8.13006920
di$	-12.47680945	-8.49451529
dia	-8.52556574	-9.19477993
dia$	-11.37819717	-10.80421785
diag	-10.86737154	-13.44327518
diak	-13.57542174	-10.87832582
dial	-10.14143454	-12.05698081
dian	-11.09051509	-10.80421785
diat	-9.76875925	-13.44327518
diay	-13.57542174	-10.35223272
dib	-10.53089931	-12.34466289
dibl	-10.86737154	-13.44327518
dic	-8.26221576	-8.63925413
dic$	-10.86737154	-12.34466289
dica	-9.06456224	-12.75012800
dicc	-13.57542174	-10.22439935
dice	-11.01047239	-13.44327518
dich	-12.88227456	-8.95463881
dici	-10.74220840	-11.65151571
dict	-9.74678035	-12.75012800
dicu	-11.01047239	-13.44327518
did	-10.35654592	-12.75012800
die	-8.39363819	-11.65151571
die$	-11.27283665	-12.05698081
died	-10.48437929	-13.44327518
dien	-10.68504999	-13.44327518
dier	-9.86184968	-13.44327518
dies	-9.19339511	-13.44327518
dif	-9.40103447	-13.44327518
diff	-10.31732521	-13.44327518
difi	-10.27958488	-13.44327518
dify	-10.93636441	-13.44327518
dig	-9.51497873	-11.65151571
dige	-10.93636441	-13.44327518
digi	-10.74220840	-13.44327518
dii	-12.88227456	-9.45429113
dii$	-12.88227456	-11.04537990
dik	-11.96598383	-8.18058499
dika	-13.57542174	-9.41792349
dikk	-13.57542174	-8.70707673
dil	-9.56808856	-9.80568902
dil$	-12.88227456	-10.73522497
dile	-11.96598383	-10.87832582
dill	-10.93636441	-11.83383726
dily	-10.57968947	-13.44327518
dim	-10.02007368	-10.35223272
dima	-13.57542174	-10.73522497
dime	-10.80283302	-13.44327518
dimi	-11.27283665	-12.34466289
din	-7.54473648	-8.85830770
dina	-10.35654592	-10.18517864
dine	-9.83775212	-11.36383363
ding	-7.78546157	-13.44327518
dinj	-13.57542174	-10.44754290
dint	-12.88227456	-10.39875274
dinu	-13.57542174	-10.95836853
dio	-9.02154485	-10.49883620
dio$	-11.96598383	-11.14069008
dios	-10.93636441	-13.44327518
diou	-10.74220840	-13.44327518
dip	-10.39736791	-9.04882602
dipp	-11.96598383	-9.28439209
dir	-9.76875925	-10.80421785
dire	-10.14143454	-13.44327518
dis	-6.97012382	-9.51144954
disa	-9.38576700	-12.34466289
disb	-10.80283302	-13.44327518
disc	-8.64816806	-12.34466289
dise	-9.28496230	-12.75012800
disf	-11.09051509	-13.44327518
disg	-10.63098276	-13.44327518
dish	-9.53237048	-10.87832582
disi	-9.99190280	-11.83383726
dism	-10.31732521	-13.44327518
diso	-10.39736791	-13.44327518
disp	-9.32692650	-12.05698081
disq	-11.17752647	-12.34466289
disr	-10.68504999	-13.44327518
diss	-9.51497873	-12.75012800
dist	-8.96030123	-10.73522497
dit	-8.65544082	-9.33240131
dita	-11.17752647	-11.49736503
dite	-10.86737154	-11.24605060
dith	-11.78366227	-10.30778096
diti	-9.72527414	-12.75012800
dito	-11.17752647	-11.65151571
ditt	-12.88227456	-10.55290342
dity	-10.31732521	-13.44327518
diu	-10.68504999	-11.83383726
dium	-10.86737154	-11.83383726
div	-9.04282225	-9.41792349
diva	-11.96598383	-9.75439572
dive	-10.24321723	-11.49736503
divi	-9.58643770	-11.36383363
diy	-13.57542174	-8.20683321
diya	-13.57542174	-9.08656635
diye	-13.57542174	-10.22439935
diyi	-13.57542174	-9.80568902
diyo	-13.57542174	-10.39875274
diyu	-13.57542174	-10.11107067
diz	-9.68360145	-13.44327518
dize	-10.07891418	-13.44327518
dju	-10.14143454	-12.34466289
djud	-11.09051509	-13.44327518
djus	-11.01047239	-13.44327518
dla	-11.09051509	-12.75012800
dle	-8.32314832	-13.44327518
dle$	-9.93783558	-13.44327518
dled	-9.99190280	-13.44327518
dler	-10.24321723	-13.44327518
dles	-9.25793363	-13.44327518
dli	-9.16870250	-11.83383726
dlie	-10.68504999	-13.44327518
dlin	-9.55007005	-11.83383726
dlo	-10.39736791	-13.44327518
dloc	-11.09051509	-13.44327518
dly	-8.77963120	-13.44327518
dly$	-8.78793000	-13.44327518
dma	-10.57968947	-12.75012800
dme	-10.93636441	-12.34466289
dmen	-10.93636441	-13.44327518
dmi	-9.72527414	-11.04537990
dmin	-10.68504999	-12.34466289
dmis	-11.49598020	-11.49736503
dmo	-10.74220840	-13.44327518
dne	-9.10951362	-10.73522497
dnes	-9.15658114	-13.44327518
do$	-10.20812591	-10.35223272
dob	-11.37819717	-11.83383726
doc	-9.74678035	-11.49736503
dock	-10.68504999	-13.44327518
doct	-11.09051509	-11.83383726
dod	-10.86737154	-12.75012800
doe	-11.09051509	-13.44327518
dog	-9.68360145	-13.44327518
dogg	-11.01047239	-13.44327518
dok	-13.57542174	-10.80421785
dol	-9.79123211	-11.24605060
dole	-11.09051509	-12.75012800
dom	-9.18097259	-10.14743831
dom$	-10.74220840	-10.87832582
dome	-10.86737154	-12.34466289
domi	-9.91186010	-11.49736503
don	-9.58643770	-10.14743831
don$	-11.17752647	-12.05698081
dona	-11.49598020	-11.49736503
done	-11.78366227	-10.61006183
doo	-9.70422073	-9.11254184
doo$	-12.47680945	-10.61006183
door	-10.31732521	-10.26522135
dop	-10.39736791	-10.80421785
dopp	-13.57542174	-10.80421785
dor	-9.27135665	-11.49736503
dori	-10.86737154	-12.34466289
dors	-10.86737154	-13.44327518
dos	-9.93783558	-10.95836853
dos$	-10.80283302	-12.34466289
dot	-10.74220840	-13.44327518
dou	-9.48107718	-11.65151571
doub	-10.57968947	-13.44327518
dour	-10.93636441	-13.44327518
dov	-11.27283665	-12.34466289
dow	-8.86589154	-11.49736503
down	-9.29875562	-11.83383726
dows	-11.17752647	-12.34466289
dox	-11.37819717	-11.65151571
doz	-10.93636441	-13.44327518
dpa	-11.01047239	-13.44327518
dpi	-11.09051509	-13.44327518
dra	-8.70788729	-8.33732970
dra$	-12.47680945	-9.83235726
draa	-13.57542174	-10.44754290
draf	-10.57968947	-13.44327518
drai	-11.27283665	-12.34466289
dram	-10.93636441	-10.44754290
dran	-11.62951159	-9.94676761
dras	-11.62951159	-10.87832582
drat	-11.01047239	-10.73522497
drau	-10.74220840	-11.83383726
draw	-10.48437929	-13.44327518
dre	-9.14460494	-10.61006183
drea	-10.48437929	-12.75012800
dren	-11.01047239	-12.05698081
dres	-9.93783558	-13.44327518
dri	-9.18097259	-10.00928797
drik	-13.57542174	-10.80421785
dril	-10.68504999	-13.44327518
driv	-10.74220840	-12.34466289
dro	-8.76323739	-10.00928797
drog	-11.09051509	-12.75012800
drol	-11.01047239	-13.44327518
drom	-11.01047239	-12.05698081
droo	-10.74220840	-11.24605060
drop	-10.10968584	-13.44327518
drow	-11.17752647	-12.75012800
dru	-9.79123211	-10.73522497
drum	-11.09051509	-13.44327518
dry	-10.74220840	-11.24605060
ds$	-7.17682681	-10.73522497
dsh	-10.57968947	-13.44327518
dsi	-11.09051509	-13.44327518
dsm	-10.68504999	-13.44327518
dso	-11.01047239	-12.34466289
dst	-10.04906122	-13.44327518
dth	-11.17752647	-10.80421785
du$	-13.57542174	-7.27785732
dua	-10.24321723	-13.44327518
dual	-10.68504999	-13.44327518
dub	-11.27283665	-11.36383363
duc	-8.53199663	-11.83383726
duca	-10.80283302	-13.44327518
duce	-9.93783558	-12.75012800
duci	-11.01047239	-13.44327518
duck	-10.93636441	-12.75012800
duct	-9.27135665	-13.44327518
due	-10.63098276	-13.44327518
duk	-12.18912738	-8.03610340
duka	-13.57542174	-8.78931483
dukk	-13.57542174	-8.81830236
dul	-9.32692650	-10.35223272
dula	-10.57968947	-11.65151571
dule	-11.09051509	-12.75012800
dull	-11.49598020	-11.14069008
dum	-10.24321723	-8.71588736
dum$	-11.62951159	-9.85975624
dumb	-11.01047239	-9.61463378
dump	-11.49598020	-11.83383726
dumu	-13.57542174	-10.80421785
dun	-10.39736791	-8.28998358
dung	-11.37819717	-11.36383363
dunn	-12.47680945	-8.38702937
dup	-10.31732521	-9.77971353
dupl	-11.01047239	-13.44327518
dupo	-12.88227456	-10.67068645
dupp	-13.57542174	-10.61006183
dur	-10.53089931	-9.80568902
dura	-11.01047239	-10.73522497
dus	-9.93783558	-10.95836853
dust	-10.14143454	-11.49736503
dut	-11.49598020	-7.83014707
duth	-13.57542174	-8.02717477
dutt	-13.57542174	-9.61463378
duv	-12.47680945	-9.88792711
duva	-13.57542174	-10.49883620
duvi	-13.57542174	-10.80421785
dva	-11.17752647	-10.39875274
dve	-9.86184968	-10.67068645
dvee	-13.57542174	-10.80421785
dven	-10.74220840	-13.44327518
dver	-10.35654592	-12.75012800
dvi	-10.93636441	-11.83383726
dwa	-10.86737154	-10.18517864
dwar	-11.62951159	-11.24605060
dwe	-10.93636441	-10.95836853
dwee	-11.96598383	-11.04537990
dwi	-10.86737154	-12.05698081
dwo	-10.63098276	-13.44327518
dwor	-11.01047239	-13.44327518
dy$	-9.25793363	-10.61006183
dya	-13.57542174	-8.16516052
dyaa	-13.57542174	-9.30014045
dyak	-13.57542174	-10.95836853
dyam	-13.57542174	-9.72970311
dyan	-13.57542174	-10.87832582
dyay	-13.57542174	-10.22439935
dye	-11.17752647	-12.75012800
dyi	-10.57968947	-13.44327518
dyin	-10.68504999	-13.44327518
dyn	-11.01047239	-11.49736503
dyna	-11.09051509	-11.49736503
dyo	-13.57542174	-10.39875274
dyog	-13.57542174	-10.67068645
dys	-11.17752647	-12.05698081
ea$	-10.63098276	-10.67068645
eab	-9.53237048	-12.75012800
eabl	-9.83775212	-12.75012800
eac	-9.01107355	-10.73522497
each	-9.68360145	-10.87832582
eact	-10.48437929	-12.75012800
ead	-7.86831148	-12.05698081
ead$	-9.43228702	-12.75012800
eadb	-10.93636441	-13.44327518
eade	-9.70422073	-12.75012800
eadi	-10.02007368	-13.44327518
eadl	-10.48437929	-13.44327518
eado	-11.01047239	-13.44327518
eads	-9.60512983	-13.44327518
eaf	-10.10968584	-12.34466289
eag	-10.63098276	-11.65151571
eak	-8.79629825	-10.80421785
eak$	-10.57968947	-12.05698081
eaka	-11.49598020	-11.65151571
eake	-10.35654592	-12.34466289
eaki	-10.24321723	-13.44327518
eaks	-10.57968947	-12.34466289
eal	-8.46343395	-10.73522497
eal$	-9.91186010	-11.65151571
eale	-10.74220840	-13.44327518
eali	-9.55007005	-11.83383726
ealo	-11.09051509	-13.44327518
eals	-10.93636441	-13.44327518
ealt	-10.63098276	-12.34466289
eam	-9.07561207	-11.14069008
eam$	-10.86737154	-11.83383726
eame	-10.68504999	-12.75012800
eami	-10.53089931	-12.34466289
eams	-10.86737154	-13.44327518
ean	-8.84803392	-9.68207506
ean$	-10.57968947	-10.00928797
eane	-10.80283302	-13.44327518
eani	-10.68504999	-13.44327518
eans	-10.48437929	-12.75012800
eap	-9.56808856	-11.83383726
eapp	-10.57968947	-13.44327518
ear	-7.70612483	-9.45429113
ear$	-9.99190280	-11.04537990
eara	-11.17752647	-11.04537990
earc	-11.01047239	-11.83383726
eare	-10.35654592	-11.65151571
eari	-9.76875925	-11.49736503
earl	-10.57968947	-13.44327518
earm	-10.74220840	-13.44327518
earn	-10.39736791	-12.75012800
earp	-11.96598383	-11.36383363
ears	-9.86184968	-13.44327518
eart	-9.19339511	-12.75012800
eary	-11.78366227	-11.36383363
eas	-8.15932134	-10.22439935
eas$	-10.86737154	-11.83383726
easa	-11.09051509	-12.05698081
ease	-9.58643770	-12.75012800
easi	-10.02007368	-13.44327518
easo	-10.31732521	-11.83383726
eass	-10.68504999	-13.44327518
east	-10.02007368	-11.65151571
easu	-10.53089931	-11.83383726
eat	-7.88168960	-9.43594199
eat$	-10.20812591	-12.34466289
eate	-9.64359611	-11.65151571
eath	-9.19339511	-11.04537990
eati	-9.55007005	-11.36383363
eatr	-11.17752647	-12.05698081
eats	-10.14143454	-12.34466289
eatt	-11.27283665	-10.73522497
eau	-10.14143454	-11.49736503
eaut	-10.86737154	-12.34466289
eav	-9.51497873	-12.05698081
eave	-9.99190280	-13.44327518
eaw	-10.93636441	-12.75012800
eaz	-11.62951159	-11.65151571
eb$	-11.96598383	-11.04537990
eba	-9.51497873	-10.73522497
ebac	-11.09051509	-13.44327518
ebas	-11.37819717	-11.49736503
ebb	-11.27283665	-11.83383726
ebe	-10.10968584	-12.34466289
ebi	-10.24321723	-11.65151571
ebl	-10.93636441	-12.05698081
ebo	-9.40103447	-12.05698081
eboa	-10.53089931	-13.44327518
ebr	-9.60512983	-11.24605060
ebra	-10.24321723	-11.65151571
ebs	-11.96598383	-11.36383363
ebu	-9.79123211	-12.75012800
ec$	-12.88227456	-11.04537990
eca	-8.91198265	-11.14069008
ecal	-10.80283302	-12.05698081
ecan	-10.86737154	-11.83383726
ecap	-10.57968947	-13.44327518
ecas	-10.86737154	-12.34466289
ecat	-10.86737154	-13.44327518
ecc	-10.86737154	-10.39875274
ecca	-11.62951159	-11.36383363
ecch	-13.57542174	-10.95836853
ece	-8.83922329	-11.49736503
ece$	-11.27283665	-11.83383726
eced	-10.93636441	-13.44327518
ecei	-10.86737154	-13.44327518
ecen	-10.86737154	-13.44327518
ecep	-10.86737154	-13.44327518
eces	-10.07891418	-13.44327518
ech	-8.96030123	-9.28439209
echa	-10.35654592	-9.94676761
eche	-10.93636441	-12.75012800
echi	-10.63098276	-11.14069008
echn	-10.24321723	-13.44327518
echu	-13.57542174	-10.80421785
eci	-8.81324781	-12.05698081
ecia	-9.93783558	-12.75012800
ecid	-11.09051509	-13.44327518
ecip	-10.63098276	-13.44327518
ecis	-10.93636441	-13.44327518
eck	-8.89329052	-11.24605060
eck$	-10.48437929	-11.83383726
ecke	-10.39736791	-12.05698081
eckl	-10.63098276	-13.44327518
ecks	-10.93636441	-12.75012800
ecl	-9.46454788	-12.05698081
ecla	-10.24321723	-12.75012800
eco	-7.99569192	-10.67068645
ecog	-10.93636441	-13.44327518
ecol	-10.02007368	-13.44327518
ecom	-9.74678035	-12.34466289
econ	-8.96030123	-11.36383363
ecor	-10.39736791	-12.34466289
ecou	-10.80283302	-13.44327518
ecr	-8.99045426	-9.94676761
ecra	-10.17422436	-10.87832582
ecre	-10.27958488	-10.80421785
ecri	-11.01047239	-13.44327518
ecro	-11.01047239	-11.36383363
ecs	-11.49598020	-11.65151571
ect	-7.36884582	-9.80568902
ect$	-9.86184968	-10.95836853
ecta	-9.99190280	-13.44327518
ecte	-9.58643770	-12.75012800
ecti	-8.38246489	-10.67068645
ecto	-9.38576700	-11.83383726
ectr	-9.64359611	-12.05698081
ects	-10.02007368	-13.44327518
ectu	-10.43992753	-12.34466289
ecu	-9.04282225	-10.80421785
ecul	-10.24321723	-12.75012800
ecur	-10.68504999	-11.49736503
ecut	-10.35654592	-12.05698081
ed$	-5.10889047	-9.30014045
eda	-9.64359611	-8.56047325
edaa	-13.57542174	-10.35223272
edak	-13.57542174	-10.87832582
edal	-10.93636441	-11.24605060
edam	-13.57542174	-10.95836853
edan	-11.96598383	-9.88792711
edat	-10.80283302	-10.67068645
edd	-9.96450383	-10.67068645
edde	-10.86737154	-11.49736503
eddi	-11.17752647	-12.34466289
ede	-8.50024793	-10.14743831
ede$	-11.62951159	-11.65151571
edec	-10.93636441	-13.44327518
eded	-10.80283302	-12.75012800
edel	-11.27283665	-12.34466289
eden	-10.93636441	-11.65151571
eder	-9.93783558	-13.44327518
edes	-10.20812591	-12.34466289
edev	-11.09051509	-12.34466289
edg	-9.74678035	-12.05698081
edge	-10.02007368	-13.44327518
edh	-12.18912738	-9.80568902
edha	-13.57542174	-10.80421785
edi	-7.96961968	-8.38702937
edia	-9.70422073	-11.04537990
edic	-9.68360145	-11.36383363
edie	-10.10968584	-12.75012800
edik	-13.57542174	-10.26522135
edin	-10.35654592	-10.95836853
edis	-10.68504999	-12.75012800
edit	-9.70422073	-10.30778096
ediv	-11.37819717	-11.36383363
ediy	-13.57542174	-9.57207416
edl	-9.08678537	-13.44327518
edle	-10.86737154	-13.44327518
edly	-9.37072912	-13.44327518
edn	-9.93783558	-11.65151571
edne	-9.96450383	-11.65151571
edo	-9.62417802	-11.83383726
edom	-10.93636441	-13.44327518
edr	-10.48437929	-12.34466289
eds	-9.55007005	-11.83383726
eds$	-9.70422073	-12.05698081
edu	-9.23161632	-7.23267510
edu$	-13.57542174	-10.55290342
educ	-9.72527414	-13.44327518
eduk	-13.57542174	-8.79888428
edul	-10.74220840	-12.75012800
edum	-13.57542174	-10.44754290
edun	-12.18912738	-8.58346277
edup	-11.78366227	-10.87832582
edut	-13.57542174	-8.07729916
edy	-11.01047239	-10.80421785
ee$	-9.24468840	-7.92582228
eea	-11.96598383	-10.22439935
eeb	-10.93636441	-11.04537990
eec	-10.10968584	-9.43594199
eech	-10.39736791	-10.80421785
eed	-8.60560844	-8.59124491
eed$	-10.04906122	-10.04207779
eeda	-13.57542174	-10.18517864
eede	-10.68504999	-11.04537990
eedi	-9.99190280	-10.18517864
eedl	-10.63098276	-13.44327518
eeds	-10.68504999	-12.05698081
eedu	-11.96598383	-10.26522135
eef	-10.86737154	-11.36383363
eeg	-12.47680945	-10.95836853
eeh	-11.37819717	-10.80421785
eei	-10.35654592	-11.04537990
eein	-10.39736791	-12.75012800
eej	-12.18912738	-10.80421785
eek	-9.72527414	-7.48226984
eek$	-11.78366227	-11.36383363
eeka	-13.57542174	-7.94201697
eeke	-11.01047239	-12.05698081
eeki	-11.49598020	-11.49736503
eekk	-13.57542174	-9.65908554
eekr	-13.57542174	-10.80421785
eeks	-11.49598020	-9.59312757
eel	-9.24468840	-8.62299361
eel$	-10.93636441	-10.39875274
eela	-11.96598383	-9.47298326
eele	-11.09051509	-11.49736503
eeli	-10.86737154	-10.55290342
eell	-12.88227456	-10.73522497
eels	-11.09051509	-12.34466289
eem	-9.60512983	-9.51144954
eem$	-12.18912738	-10.44754290
eema	-11.78366227	-10.73522497
eeme	-11.09051509	-13.44327518
eemi	-11.62951159	-11.36383363
eemp	-10.93636441	-13.44327518
een	-8.82183155	-7.87112114
een$	-10.43992753	-9.68207506
eena	-11.37819717	-9.11254184
eend	-13.57542174	-9.63661269
eene	-11.49598020	-10.87832582
eeng	-11.62951159	-10.67068645
eeni	-11.17752647	-9.63661269
eens	-10.31732521	-12.05698081
eent	-10.80283302	-10.67068645
eeo	-13.57542174	-10.87832582
eep	-8.75514018	-8.87892698
eep$	-10.93636441	-10.95836853
eepa	-12.88227456	-10.44754290
eepe	-9.70422073	-12.75012800
eepi	-10.39736791	-10.35223272
eeps	-10.93636441	-13.44327518
eepu	-13.57542174	-10.26522135
eeq	-12.47680945	-10.61006183
eer	-8.85692287	-7.99223672
eer$	-10.07891418	-10.44754290
eera	-12.47680945	-9.20916867
eere	-10.74220840	-11.24605060
eeri	-10.43992753	-9.70560556
eern	-12.47680945	-10.49883620
eers	-10.17422436	-12.34466289
eert	-13.57542174	-10.61006183
eeru	-13.57542174	-10.00928797
ees	-8.92146139	-8.00085747
ees$	-9.21871292	-9.57207416
eesa	-11.96598383	-10.14743831
eese	-11.49598020	-11.83383726
eesh	-13.57542174	-8.89998039
eesi	-12.88227456	-10.04207779
eest	-11.62951159	-11.04537990
eet	-9.09808493	-7.96263625
eet$	-10.68504999	-10.39875274
eeta	-12.47680945	-10.44754290
eete	-10.63098276	-11.49736503
eeth	-11.17752647	-8.76114395
eeti	-11.27283665	-10.39875274
eett	-13.57542174	-9.57207416
eetu	-12.88227456	-10.87832582
eev	-10.86737154	-8.47346188
eeva	-12.18912738	-9.88792711
eevi	-11.96598383	-8.98892788
eew	-11.09051509	-11.24605060
eex	-11.09051509	-12.05698081
eey	-13.57542174	-8.62299361
eeya	-13.57542174	-8.85830770
eez	-10.35654592	-10.11107067
eeze	-10.93636441	-13.44327518
eezh	-13.57542174	-10.22439935
ef$	-11.27283665	-11.83383726
efa	-9.58643770	-11.04537990
efac	-10.27958488	-13.44327518
efe	-9.13277049	-11.83383726
efec	-10.68504999	-13.44327518
efen	-10.63098276	-13.44327518
efer	-9.93783558	-13.44327518
eff	-9.56808856	-12.75012800
effe	-10.53089931	-12.75012800
effi	-11.09051509	-13.44327518
efi	-9.03212696	-12.75012800
efic	-11.09051509	-13.44327518
efil	-11.09051509	-13.44327518
efin	-10.02007368	-13.44327518
efl	-9.99190280	-13.44327518
efle	-10.68504999	-13.44327518
efo	-9.34131524	-13.44327518
efor	-9.76875925	-13.44327518
efr	-9.72527414	-12.75012800
efra	-10.86737154	-13.44327518
efro	-10.80283302	-13.44327518
efs	-11.09051509	-13.44327518
eft	-10.31732521	-12.34466289
efu	-8.99045426	-13.44327518
eful	-9.41653866	-13.44327518
eg$	-11.01047239	-11.24605060
ega	-8.70022442	-10.30778096
egal	-10.17422436	-13.44327518
egat	-9.58643770	-10.67068645
ege	-9.68360145	-11.49736503
egen	-10.68504999	-13.44327518
eget	-11.09051509	-12.75012800
egg	-10.14143454	-13.44327518
eggi	-11.01047239	-13.44327518
egi	-9.18097259	-10.55290342
egia	-11.17752647	-12.34466289
egis	-10.57968947	-12.34466289
egit	-10.86737154	-13.44327518
egl	-11.01047239	-13.44327518
egm	-11.01047239	-13.44327518
ego	-9.56808856	-11.24605060
egor	-11.01047239	-12.75012800
egot	-10.68504999	-13.44327518
egr	-9.08678537	-12.05698081
egra	-9.91186010	-12.34466289
egre	-10.31732521	-12.75012800
egro	-11.01047239	-13.44327518
egu	-9.76875925	-12.05698081
egul	-10.53089931	-13.44327518
eha	-9.81422163	-9.34893061
eham	-12.18912738	-10.87832582
ehat	-13.57542174	-9.94676761
ehav	-10.93636441	-12.34466289
ehe	-9.51497873	-13.44327518
ehea	-10.20812591	-13.44327518
ehen	-10.35654592	-13.44327518
ehi	-11.09051509	-12.34466289
eho	-9.53237048	-13.44327518
ehol	-10.24321723	-13.44327518
ehou	-10.63098276	-13.44327518
ehu	-11.09051509	-12.75012800
ehy	-11.09051509	-11.65151571
ehyd	-11.09051509	-13.44327518
ei$	-12.47680945	-10.00928797
eig	-9.02154485	-12.75012800
eigh	-9.34131524	-13.44327518
eign	-10.48437929	-12.75012800
eil	-10.86737154	-10.26522135
eil$	-12.47680945	-10.87832582
ein	-8.73913984	-10.18517864
ein$	-11.37819717	-11.14069008
einf	-11.01047239	-13.44327518
eing	-9.76875925	-13.44327518
eins	-11.01047239	-12.34466289
eint	-10.86737154	-11.24605060
einv	-11.09051509	-13.44327518
eir	-11.17752647	-12.05698081
eis	-9.66339874	-11.83383726
eism	-10.86737154	-13.44327518
eist	-10.48437929	-12.34466289
eit	-9.96450383	-11.04537990
eite	-11.09051509	-13.44327518
eiv	-10.35654592	-13.44327518
eive	-10.80283302	-13.44327518
eiy	-13.57542174	-9.91691465
eiyu	-13.57542174	-10.18517864
ej$	-13.57542174	-10.73522497
eja	-11.37819717	-10.22439935
eje	-10.68504999	-12.75012800
ejec	-10.86737154	-13.44327518
eji	-12.47680945	-10.22439935
ejil	-13.57542174	-10.87832582
eju	-10.80283302	-11.04537990
ejud	-11.09051509	-13.44327518
ek$	-11.62951159	-10.55290342
eka	-12.88227456	-7.72624747
eka$	-12.88227456	-10.44754290
ekaa	-13.57542174	-10.49883620
ekam	-13.57542174	-10.61006183
ekar	-13.57542174	-8.08668890
eke	-10.14143454	-12.05698081
ekee	-11.01047239	-12.05698081
ekh	-13.57542174	-8.93241567
ekha	-13.57542174	-8.97736706
eki	-10.68504999	-11.04537990
ekk	-12.47680945	-7.74283160
ekk$	-13.57542174	-9.47298326
ekka	-13.57542174	-9.47298326
ekko	-13.57542174	-10.87832582
ekku	-13.57542174	-8.28421988
ekn	-11.37819717	-11.24605060
eko	-12.88227456	-10.67068645
ekr	-13.57542174	-10.11107067
ekra	-13.57542174	-10.80421785
eks	-11.37819717	-8.86856420
eks$	-11.37819717	-11.36383363
eksh	-13.57542174	-9.36573773
eksi	-13.57542174	-10.80421785
eku	-13.57542174	-10.80421785
el$	-8.77963120	-8.85830770
ela	-8.80473712	-8.64748463
ela$	-12.88227456	-10.18517864
elaa	-13.57542174	-10.80421785
elab	-10.53089931	-13.44327518
elak	-13.57542174	-10.67068645
elam	-12.88227456	-11.04537990
elan	-10.53089931	-10.26522135
elat	-10.07891418	-11.83383726
elav	-13.57542174	-10.95836853
elay	-11.09051509	-11.14069008
elc	-10.93636441	-13.44327518
eld	-9.40103447	-11.83383726
eld$	-10.48437929	-12.05698081
elde	-10.80283302	-13.44327518
elds	-10.74220840	-13.44327518
ele	-7.64583260	-9.57207416
elec	-9.20597389	-11.36383363
eled	-9.70422073	-13.44327518
eleg	-10.48437929	-12.34466289
elen	-11.17752647	-11.83383726
elep	-10.57968947	-11.49736503
eler	-9.83775212	-13.44327518
eles	-9.20597389	-12.05698081
elet	-10.35654592	-13.44327518
elev	-10.57968947	-12.05698081
elf	-10.53089931	-11.36383363
elh	-11.78366227	-11.14069008
eli	-7.68101891	-8.49451529
eli$	-12.88227456	-10.55290342
elia	-11.27283665	-11.49736503
elic	-9.91186010	-11.14069008
elie	-9.60512983	-13.44327518
elig	-10.31732521	-12.05698081
elik	-11.96598383	-11.14069008
elim	-11.01047239	-12.75012800
elin	-8.98030189	-10.73522497
elio	-10.80283302	-13.44327518
elip	-11.78366227	-11.24605060
elis	-10.07891418	-10.95836853
elit	-11.09051509	-12.75012800
eliv	-10.68504999	-10.87832582
eliy	-13.57542174	-10.14743831
eliz	-10.74220840	-12.75012800
elk	-12.18912738	-10.80421785
ell	-7.54473648	-8.21216656
ell$	-10.20812591	-10.67068645
ella	-9.79123211	-8.88939828
elle	-8.87494138	-11.65151571
elli	-8.80473712	-10.44754290
ello	-9.99190280	-10.14743831
ells	-10.17422436	-13.44327518
ellu	-10.93636441	-10.49883620
elly	-10.74220840	-11.65151571
elm	-10.74220840	-11.49736503
elo	-9.13277049	-10.67068645
elod	-11.01047239	-13.44327518
elon	-10.63098276	-13.44327518
elop	-10.57968947	-13.44327518
elp	-10.68504999	-10.95836853
els	-8.74710801	-11.65151571
els$	-8.86589154	-13.44327518
elt	-9.86184968	-11.49736503
elte	-10.86737154	-13.44327518
elu	-10.63098276	-9.55145488
elup	-13.57542174	-10.39875274
elut	-13.57542174	-10.67068645
elv	-10.57968947	-11.04537990
elve	-10.86737154	-13.44327518
elvi	-11.96598383	-11.14069008
elw	-11.96598383	-11.24605060
ely	-7.89524913	-11.49736503
ely$	-7.95140424	-11.83383726
elyt	-11.01047239	-13.44327518
em$	-10.53089931	-10.00928797
ema	-8.40493775	-10.07597935
emak	-10.86737154	-12.75012800
eman	-10.20812591	-11.36383363
emar	-10.53089931	-13.44327518
emas	-10.93636441	-12.75012800
emat	-9.46454788	-12.05698081
emb	-8.57820947	-9.97753927
emba	-10.14143454	-10.87832582
embe	-10.35654592	-11.24605060
embl	-9.96450383	-12.75012800
embo	-10.20812591	-13.44327518
embr	-10.35654592	-12.34466289
eme	-8.00326771	-10.26522135
emea	-10.93636441	-13.44327518
emed	-10.39736791	-13.44327518
emen	-8.42213015	-11.49736503
emer	-10.48437929	-13.44327518
emes	-11.27283665	-12.34466289
emi	-8.20014334	-9.22376747
emia	-10.74220840	-12.75012800
emic	-9.86184968	-11.24605060
emig	-10.80283302	-13.44327518
emin	-9.81422163	-10.26522135
emis	-9.91186010	-12.34466289
emit	-10.74220840	-11.24605060
emm	-11.09051509	-11.24605060
emn	-10.17422436	-13.44327518
emni	-10.86737154	-13.44327518
emo	-8.16824997	-10.30778096
emoc	-11.01047239	-11.49736503
emol	-10.53089931	-13.44327518
emon	-9.55007005	-13.44327518
emor	-9.64359611	-12.34466289
emot	-10.07891418	-12.75012800
emp	-8.61257711	-10.61006183
empa	-11.37819717	-11.36383363
empe	-10.68504999	-13.44327518
emph	-10.43992753	-13.44327518
empi	-11.49598020	-11.83383726
empl	-10.27958488	-13.44327518
empo	-10.39736791	-13.44327518
empt	-10.04906122	-13.44327518
ems	-10.43992753	-12.75012800
ems$	-10.68504999	-12.75012800
emu	-9.79123211	-11.65151571
emul	-10.68504999	-13.44327518
emur	-10.93636441	-13.44327518
en$	-7.70612483	-8.98892788
ena	-8.48167154	-8.39985006
ena$	-11.96598383	-9.83235726
enaa	-13.57542174	-10.87832582
enab	-11.09051509	-13.44327518
enac	-10.93636441	-12.34466289
enad	-11.09051509	-11.65151571
enak	-13.57542174	-10.87832582
enal	-10.74220840	-11.24605060
enam	-10.68504999	-10.49883620
enan	-10.35654592	-11.04537990
enar	-11.09051509	-11.24605060
enat	-9.96450383	-10.67068645
enay	-13.57542174	-10.73522497
enc	-7.56660856	-9.94676761
enca	-11.09051509	-12.75012800
ence	-8.21412958	-11.14069008
ench	-9.53237048	-10.67068645
enci	-9.81422163	-12.34466289
enco	-11.09051509	-13.44327518
ency	-9.66339874	-11.65151571
end	-7.64849572	-8.18577980
end$	-9.86184968	-11.14069008
enda	-9.88654229	-9.80568902
ende	-8.70022442	-11.65151571
endh	-13.57542174	-10.39875274
endi	-9.49788430	-10.14743831
endo	-9.96450383	-11.14069008
endr	-11.78366227	-9.19477993
ends	-9.81422163	-12.75012800
endu	-11.17752647	-10.87832582
ene	-7.45073835	-9.94676761
ene$	-10.53089931	-12.05698081
ened	-9.35591404	-12.75012800
enee	-12.18912738	-10.44754290
ener	-9.00071076	-12.75012800
enes	-8.27710438	-12.34466289
enet	-10.53089931	-11.83383726
enf	-10.10968584	-12.75012800
enfo	-11.01047239	-13.44327518
enfr	-11.17752647	-12.75012800
eng	-9.35591404	-8.63109082
enga	-11.17752647	-9.91691465
enge	-10.63098276	-12.75012800
engi	-11.78366227	-9.53125217
engl	-13.57542174	-10.67068645
engr	-11.01047239	-13.44327518
engt	-10.74220840	-13.44327518
engu	-12.18912738	-11.24605060
enh	-10.86737154	-13.44327518
eni	-8.18635001	-8.82815466
enia	-10.86737154	-11.65151571
enic	-10.14143454	-10.87832582
enie	-10.74220840	-13.44327518
enik	-13.57542174	-10.95836853
enil	-11.62951159	-11.65151571
enin	-9.14460494	-11.04537990
enis	-10.53089931	-11.14069008
enit	-10.31732521	-13.44327518
eniy	-13.57542174	-10.30778096
enj	-11.37819717	-9.94676761
enji	-13.57542174	-10.55290342
enk	-12.47680945	-8.82815466
enki	-13.57542174	-9.12578706
enku	-13.57542174	-10.87832582
enl	-9.86184968	-13.44327518
enli	-10.27958488	-13.44327518
enm	-11.27283665	-11.65151571
enn	-9.37072912	-7.45431376
enn$	-13.57542174	-9.88792711
enna	-11.49598020	-8.63925413
enne	-10.24321723	-10.30778096
enni	-10.35654592	-8.97736706
ennu	-13.57542174	-8.57574073
eno	-8.98030189	-11.65151571
enom	-10.53089931	-13.44327518
enou	-10.63098276	-13.44327518
enp	-11.09051509	-12.75012800
enr	-10.57968947	-11.14069008
ens	-7.67826788	-10.18517864
ens$	-8.74710801	-12.34466289
ensa	-10.17422436	-12.05698081
ense	-9.79123211	-12.05698081
ensh	-11.01047239	-11.83383726
ensi	-8.99045426	-12.34466289
enso	-10.80283302	-13.44327518
enst	-11.62951159	-11.49736503
ensu	-10.35654592	-11.65151571
ent	-6.30371804	-8.27279118
ent$	-7.52568829	-9.51144954
enta	-8.42792727	-10.73522497
ente	-8.85692287	-11.49736503
enth	-9.83775212	-9.45429113
enti	-8.15047173	-10.35223272
entl	-8.94069275	-13.44327518
ento	-10.39736791	-12.34466289
entr	-9.12107445	-11.14069008
ents	-8.08648402	-13.44327518
entu	-9.93783558	-10.49883620
enu	-9.31274187	-10.73522497
enum	-10.86737154	-12.75012800
env	-10.20812591	-13.44327518
enve	-11.09051509	-13.44327518
envi	-10.80283302	-13.44327518
eny	-11.49598020	-11.49736503
enz	-11.17752647	-12.34466289
eo$	-11.96598383	-10.95836853
eoc	-10.35654592	-13.44327518
eod	-10.68504999	-13.44327518
eodo	-11.01047239	-13.44327518
eog	-10.74220840	-13.44327518
eogr	-10.74220840	-13.44327518
eol	-10.07891418	-12.05698081
eolo	-10.35654592	-12.05698081
eon	-9.68360145	-11.36383363
eon$	-10.68504999	-11.36383363
eons	-11.01047239	-13.44327518
eoo	-13.57542174	-10.95836853
eop	-9.99190280	-11.04537990
eopa	-11.01047239	-11.65151571
eopl	-11.17752647	-12.34466289
eor	-9.81422163	-11.65151571
eorg	-11.27283665	-12.34466289
eori	-11.17752647	-12.75012800
eos	-10.63098276	-13.44327518
eot	-10.86737154	-13.44327518
eou	-9.70422073	-13.44327518
eous	-9.86184968	-13.44327518
ep$	-10.43992753	-10.67068645
epa	-9.04282225	-10.00928797
epar	-9.93783558	-12.34466289
epat	-11.17752647	-11.83383726
epe	-8.93103084	-11.83383726
epen	-10.35654592	-12.34466289
eper	-9.56808856	-12.75012800
eph	-9.93783558	-10.39875274
epha	-11.37819717	-11.49736503
ephe	-11.09051509	-12.75012800
epho	-10.80283302	-11.83383726
epi	-9.13277049	-10.07597935
epic	-11.17752647	-11.36383363
epik	-13.57542174	-10.95836853
epin	-10.63098276	-13.44327518
epit	-10.80283302	-13.44327518
epl	-9.62417802	-12.75012800
epla	-10.74220840	-12.75012800
eple	-10.57968947	-13.44327518
epo	-9.15658114	-11.24605060
epol	-11.01047239	-12.05698081
epor	-10.74220840	-11.83383726
epos	-10.07891418	-13.44327518
epp	-10.35654592	-9.77971353
eppa	-12.88227456	-10.35223272
eppe	-11.01047239	-12.75012800
eppi	-11.17752647	-11.49736503
epr	-8.89329052	-11.65151571
epre	-9.72527414	-12.75012800
epri	-10.63098276	-12.34466289
epro	-9.83775212	-13.44327518
eps	-9.99190280	-13.44327518
eps$	-10.48437929	-13.44327518
ept	-8.82183155	-10.67068645
ept$	-11.17752647	-11.83383726
epta	-10.86737154	-12.34466289
epti	-9.46454788	-12.75012800
epto	-11.09051509	-13.44327518
eptu	-10.93636441	-13.44327518
epu	-9.79123211	-10.00928797
epub	-11.78366227	-11.49736503
epul	-11.01047239	-13.44327518
eput	-10.93636441	-12.75012800
equ	-8.68507261	-12.34466289
equa	-10.07891418	-13.44327518
eque	-9.72527414	-12.75012800
equi	-9.60512983	-13.44327518
er$	-5.76466363	-8.27848920
era	-7.28200246	-8.04059779
era$	-11.37819717	-10.49883620
eraa	-13.57542174	-9.77971353
erab	-9.91186010	-11.49736503
erac	-10.04906122	-12.34466289
erad	-11.17752647	-12.05698081
erag	-10.57968947	-12.75012800
eral	-9.23161632	-10.35223272
eram	-11.01047239	-10.26522135
eran	-9.83775212	-9.80568902
erap	-10.48437929	-10.95836853
erar	-10.86737154	-12.75012800
eras	-11.01047239	-12.34466289
erat	-8.09062481	-9.97753927
erb	-8.64816806	-13.44327518
erba	-10.07891418	-13.44327518
erbe	-10.63098276	-13.44327518
erbi	-10.43992753	-13.44327518
erbo	-10.04906122	-13.44327518
erbu	-10.74220840	-13.44327518
erc	-8.27211684	-10.80421785
erca	-10.74220840	-13.44327518
erce	-9.60512983	-12.75012800
erch	-10.35654592	-11.49736503
erci	-10.35654592	-13.44327518
ercl	-10.57968947	-13.44327518
erco	-9.83775212	-12.75012800
ercu	-10.80283302	-12.75012800
erd	-9.38576700	-11.36383363
erde	-10.80283302	-13.44327518
erdi	-10.86737154	-13.44327518
ere	-7.16854176	-9.33240131
ere$	-10.24321723	-10.73522497
erea	-10.68504999	-13.44327518
ereb	-11.09051509	-13.44327518
erec	-10.93636441	-13.44327518
ered	-8.12438329	-11.83383726
eree	-11.37819717	-10.67068645
ereg	-10.93636441	-13.44327518
erel	-10.93636441	-13.44327518
erem	-10.57968947	-13.44327518
eren	-9.48107718	-11.36383363
erer	-9.13277049	-12.75012800
eres	-9.58643770	-11.65151571
eret	-10.86737154	-11.83383726
erex	-10.86737154	-13.44327518
erf	-9.03212696	-13.44327518
erfe	-10.35654592	-13.44327518
erfi	-11.09051509	-13.44327518
erfl	-10.86737154	-13.44327518
erfo	-10.68504999	-13.44327518
erfu	-10.68504999	-13.44327518
erg	-8.96030123	-11.14069008
erge	-10.04906122	-13.44327518
ergi	-10.57968947	-13.44327518
ergr	-10.93636441	-13.44327518
erh	-9.83775212	-13.44327518
erha	-11.09051509	-13.44327518
erhe	-10.86737154	-13.44327518
erho	-10.93636441	-13.44327518
eri	-6.98100828	-7.74618169
eri$	-12.47680945	-9.15281573
eria	-9.76875925	-11.49736503
eric	-9.86184968	-10.95836853
erie	-9.06456224	-11.65151571
erii	-13.57542174	-10.80421785
erik	-13.57542174	-10.11107067
eril	-10.57968947	-10.00928797
erim	-11.01047239	-13.44327518
erin	-7.90554082	-10.73522497
erio	-10.07891418	-12.75012800
erip	-11.78366227	-11.04537990
eris	-9.15658114	-11.04537990
erit	-10.02007368	-10.61006183
eriy	-13.57542174	-9.15281573
eriz	-9.56808856	-12.34466289
erk	-10.24321723	-10.22439935
erkk	-13.57542174	-10.55290342
erl	-8.67758194	-11.36383363
erla	-10.17422436	-12.75012800
erle	-10.53089931	-13.44327518
erli	-10.10968584	-11.83383726
erlo	-10.53089931	-13.44327518
erly	-10.14143454	-12.75012800
erm	-8.16377569	-9.91691465
erma	-9.74678035	-10.18517864
erme	-9.96450383	-13.44327518
ermi	-9.05363317	-11.65151571
ermo	-10.17422436	-13.44327518
ern	-8.23308749	-9.41792349
ern$	-10.48437929	-11.49736503
erna	-9.46454788	-10.39875274
erne	-9.91186010	-11.36383363
erni	-9.74678035	-13.44327518
ernn	-12.88227456	-10.39875274
erno	-11.01047239	-13.44327518
erns	-10.68504999	-13.44327518
ero	-8.38803594	-10.07597935
erog	-10.74220840	-13.44327518
eroi	-11.01047239	-13.44327518
erol	-11.09051509	-11.83383726
eron	-10.43992753	-12.75012800
eroo	-11.49598020	-10.95836853
eros	-10.68504999	-13.44327518
erou	-9.81422163	-12.75012800
erp	-8.65544082	-10.22439935
erpa	-10.80283302	-13.44327518
erpe	-10.14143454	-13.44327518
erpl	-11.09051509	-13.44327518
erpo	-10.31732521	-13.44327518
erpp	-13.57542174	-10.26522135
erpr	-9.83775212	-13.44327518
err	-8.38803594	-9.88792711
err$	-13.57542174	-10.80421785
erra	-10.02007368	-12.34466289
erre	-9.99190280	-12.34466289
erri	-9.68360145	-11.49736503
erro	-10.39736791	-12.34466289
erru	-11.09051509	-11.83383726
erry	-10.27958488	-11.65151571
ers	-5.95667937	-10.11107067
ers$	-6.15544182	-10.73522497
ersa	-10.07891418	-12.75012800
erse	-9.35591404	-12.75012800
ersh	-10.31732521	-12.34466289
ersi	-9.31274187	-11.49736503
erso	-9.66339874	-12.05698081
ersp	-10.04906122	-13.44327518
erst	-9.49788430	-13.44327518
ersu	-10.80283302	-13.44327518
ert	-8.03808748	-9.40022391
ert$	-10.63098276	-13.44327518
erta	-9.99190280	-13.44327518
erte	-10.20812591	-13.44327518
erth	-11.01047239	-9.88792711
erti	-9.02154485	-12.34466289
erto	-10.86737154	-13.44327518
erts	-10.48437929	-13.44327518
ertt	-13.57542174	-10.44754290
eru	-9.93783558	-8.38068014
eruk	-12.88227456	-10.00928797
erum	-12.47680945	-9.51144954
erun	-12.18912738	-10.18517864
erup	-12.18912738	-10.67068645
erus	-11.01047239	-12.75012800
erut	-12.88227456	-11.04537990
erv	-8.50024793	-10.39875274
erva	-9.58643770	-11.49736503
erve	-9.76875925	-12.34466289
ervi	-9.68360145	-11.24605060
ervo	-11.09051509	-12.75012800
erw	-9.49788430	-13.44327518
erwe	-11.09051509	-13.44327518
erwo	-10.86737154	-13.44327518
ery	-8.83048961	-10.26522135
ery$	-8.95044893	-10.30778096
es$	-5.15100195	-8.53800040
esa	-9.83775212	-9.26888791
esal	-10.93636441	-12.34466289
esam	-11.96598383	-11.04537990
esan	-11.78366227	-11.49736503
esar	-12.88227456	-10.49883620
esc	-8.50651754	-12.34466289
esca	-9.93783558	-13.44327518
esce	-9.46454788	-13.44327518
esco	-11.17752647	-12.34466289
escr	-10.27958488	-13.44327518
ese	-8.55154122	-10.49883620
ese$	-11.78366227	-11.36383363
esea	-11.09051509	-12.34466289
esee	-10.86737154	-12.05698081
esen	-9.91186010	-13.44327518
eser	-10.24321723	-12.05698081
eset	-10.53089931	-13.44327518
esh	-9.13277049	-7.13882637
esh$	-12.18912738	-9.72970311
esha	-11.01047239	-7.75629982
eshe	-10.74220840	-10.55290342
eshh	-13.57542174	-10.87832582
eshi	-10.48437929	-8.82815466
esho	-10.63098276	-12.05698081
esht	-13.57542174	-10.61006183
eshu	-11.96598383	-10.61006183
eshy	-12.88227456	-9.91691465
esi	-8.46947627	-8.86856420
esia	-11.49598020	-10.67068645
esic	-10.93636441	-11.65151571
esid	-10.35654592	-10.61006183
esig	-10.48437929	-12.34466289
esil	-12.47680945	-10.61006183
esir	-11.01047239	-13.44327518
esis	-9.88654229	-12.75012800
esit	-11.09051509	-13.44327518
esiy	-13.57542174	-10.73522497
esiz	-10.86737154	-13.44327518
esk	-10.93636441	-12.05698081
esl	-11.96598383	-10.67068645
esla	-12.18912738	-10.95836853
esm	-10.24321723	-12.75012800
esme	-10.86737154	-13.44327518
eso	-9.41653866	-11.65151571
esol	-10.93636441	-13.44327518
esom	-10.31732521	-13.44327518
esp	-8.99045426	-12.34466289
espa	-10.63098276	-13.44327518
espe	-10.35654592	-12.34466289
espi	-10.93636441	-13.44327518
espo	-10.02007368	-13.44327518
esq	-11.01047239	-12.75012800
esqu	-11.01047239	-13.44327518
ess	-6.18215865	-9.70560556
ess$	-6.51408738	-11.04537990
essa	-10.43992753	-12.34466289
esse	-8.55814191	-11.24605060
essi	-8.56478645	-10.73522497
essl	-9.49788430	-13.44327518
essm	-11.01047239	-13.44327518
essn	-9.55007005	-13.44327518
esso	-9.96450383	-11.65151571
essu	-10.63098276	-12.34466289
est	-6.43973440	-9.34893061
est$	-7.02006485	-10.39875274
esta	-9.31274187	-11.24605060
este	-8.93103084	-12.05698081
esth	-10.39736791	-12.75012800
esti	-8.61257711	-11.04537990
estl	-10.43992753	-13.44327518
esto	-10.20812591	-11.83383726
estr	-9.06456224	-12.34466289
ests	-9.91186010	-13.44327518
estt	-13.57542174	-10.95836853
esty	-11.09051509	-13.44327518
esu	-9.86184968	-10.35223272
esur	-11.01047239	-13.44327518
esw	-11.09051509	-12.05698081
et$	-8.33897978	-8.94346551
eta	-8.51917594	-9.33240131
eta$	-11.49598020	-10.80421785
etab	-10.68504999	-13.44327518
etai	-10.68504999	-13.44327518
etal	-10.20812591	-12.75012800
etar	-10.43992753	-10.35223272
etas	-11.01047239	-13.44327518
etat	-11.01047239	-12.75012800
etb	-11.01047239	-13.44327518
etc	-9.44828736	-13.44327518
etch	-9.49788430	-13.44327518
ete	-7.85510997	-9.57207416
ete$	-10.74220840	-11.65151571
eted	-9.74678035	-13.44327518
etee	-10.86737154	-10.67068645
etel	-11.17752647	-12.75012800
eten	-10.10968584	-12.75012800
eter	-8.67014696	-10.73522497
etes	-10.17422436	-12.34466289
etf	-11.09051509	-13.44327518
eth	-9.04282225	-7.20495055
eth$	-11.62951159	-10.73522497
etha	-11.27283665	-8.57574073
ethe	-10.68504999	-10.49883620
ethi	-10.80283302	-8.18058499
ethn	-11.09051509	-13.44327518
etho	-10.86737154	-11.14069008
ethr	-11.27283665	-9.22376747
ethu	-13.57542174	-9.25362043
ethy	-11.96598383	-11.04537990
eti	-7.99569192	-9.15281573
eti$	-13.57542174	-10.73522497
etic	-9.13277049	-10.95836853
etie	-11.09051509	-12.05698081
etin	-9.56808856	-10.87832582
etio	-10.86737154	-13.44327518
etis	-9.81422163	-12.05698081
etit	-10.57968947	-13.44327518
etiz	-10.53089931	-13.44327518
etl	-10.86737154	-11.36383363
eto	-9.28496230	-10.87832582
eton	-11.09051509	-13.44327518
etor	-10.80283302	-11.65151571
etr	-8.29221801	-9.65908554
etra	-9.51497873	-10.49883620
etre	-10.07891418	-13.44327518
etri	-9.48107718	-10.87832582
etro	-9.99190280	-11.14069008
etry	-11.01047239	-12.34466289
ets	-8.40493775	-12.05698081
ets$	-8.44552303	-12.75012800
ett	-8.33367473	-7.22866708
ett$	-13.57542174	-9.83235726
etta	-11.17752647	-8.26712544
ette	-8.97025156	-10.26522135
etth	-13.57542174	-10.87832582
etti	-9.88654229	-8.68110124
ettl	-10.74220840	-13.44327518
etto	-10.57968947	-12.05698081
ettu	-12.88227456	-8.58346277
etu	-10.10968584	-8.66415168
etuk	-13.57542174	-10.11107067
etun	-12.88227456	-10.07597935
etut	-13.57542174	-9.57207416
etw	-11.09051509	-11.49736503
ety	-9.88654229	-11.36383363
ety$	-10.48437929	-11.65151571
etyp	-11.09051509	-13.44327518
eud	-10.93636441	-13.44327518
euk	-11.49598020	-10.87832582
eul	-11.01047239	-13.44327518
eulo	-11.01047239	-13.44327518
eum	-10.86737154	-11.36383363
eum$	-11.62951159	-11.49736503
eun	-11.01047239	-12.75012800
eup	-10.80283302	-13.44327518
eur	-9.29875562	-10.67068645
eur$	-11.09051509	-13.44327518
euri	-10.48437929	-13.44327518
euro	-10.53089931	-10.67068645
eurs	-11.09051509	-13.44327518
eus	-11.09051509	-11.14069008
eus$	-12.18912738	-11.14069008
eut	-9.96450383	-13.44327518
eutr	-10.57968947	-13.44327518
euu	-13.57542174	-10.87832582
euv	-10.63098276	-13.44327518
ev$	-12.88227456	-10.80421785
eva	-9.12107445	-8.54543538
evad	-12.18912738	-11.24605060
eval	-10.27958488	-11.36383363
evan	-10.80283302	-9.88792711
evar	-11.49598020	-9.91691465
evas	-11.27283665	-11.49736503
evay	-13.57542174	-10.95836853
eve	-8.09478282	-10.30778096
eve$	-11.09051509	-12.75012800
eved	-11.01047239	-13.44327518
evel	-9.79123211	-12.75012800
even	-9.88654229	-11.65151571
ever	-8.83048961	-12.34466289
eves	-11.27283665	-11.83383726
evi	-8.63377932	-8.41283725
evi$	-12.88227456	-10.80421785
evia	-10.63098276	-13.44327518
evic	-11.49598020	-11.14069008
evid	-11.78366227	-10.00928797
evie	-11.09051509	-13.44327518
evik	-13.57542174	-9.97753927
evil	-10.14143454	-13.44327518
evin	-10.86737154	-11.65151571
evis	-10.31732521	-11.65151571
evit	-10.74220840	-9.63661269
evo	-9.51497873	-12.75012800
evol	-10.07891418	-13.44327518
ew$	-9.96450383	-11.83383726
ewa	-9.38576700	-11.14069008
ewal	-10.80283302	-13.44327518
ewar	-10.48437929	-11.83383726
eway	-10.86737154	-13.44327518
ewd	-11.09051509	-11.83383726
ewe	-9.49788430	-12.05698081
ewed	-10.80283302	-13.44327518
ewel	-10.86737154	-12.75012800
ewer	-10.57968947	-12.75012800
ewi	-9.62417802	-10.73522497
ewin	-10.39736791	-11.36383363
ewit	-11.09051509	-13.44327518
ewo	-9.60512983	-12.05698081
ewom	-10.80283302	-13.44327518
ewor	-10.10968584	-12.05698081
ews	-9.62417802	-13.44327518
ews$	-10.39736791	-13.44327518
ewy	-12.18912738	-11.14069008
ex$	-10.39736791	-11.65151571
exa	-9.66339874	-12.05698081
exac	-10.93636441	-13.44327518
exag	-11.09051509	-13.44327518
exam	-11.01047239	-13.44327518
exc	-9.01107355	-12.75012800
exce	-10.48437929	-12.75012800
exci	-10.68504999	-13.44327518
excl	-10.80283302	-13.44327518
excu	-10.86737154	-13.44327518
exe	-9.51497873	-12.05698081
exec	-10.53089931	-12.75012800
exh	-10.39736791	-12.75012800
exi	-9.43228702	-11.04537990
exis	-10.80283302	-12.34466289
exo	-10.39736791	-13.44327518
exp	-8.41063577	-12.75012800
expa	-10.57968947	-13.44327518
expe	-9.62417802	-12.75012800
expl	-9.91186010	-13.44327518
expo	-10.02007368	-13.44327518
expr	-10.63098276	-13.44327518
ext	-8.74710801	-12.34466289
exte	-9.93783558	-13.44327518
exti	-10.93636441	-12.75012800
extr	-9.74678035	-12.75012800
exu	-10.31732521	-12.75012800
ey$	-9.66339874	-9.49203146
eya	-11.37819717	-7.93794364
eya$	-13.57542174	-9.88792711
eyaa	-13.57542174	-9.33240131
eyam	-13.57542174	-9.83235726
eyan	-12.18912738	-10.22439935
eyar	-11.78366227	-9.75439572
eyat	-13.57542174	-10.11107067
eyb	-10.93636441	-12.34466289
eye	-9.88654229	-10.04207779
eyed	-10.93636441	-12.75012800
eyet	-12.47680945	-10.95836853
eyi	-10.93636441	-9.59312757
eyil	-13.57542174	-10.11107067
eyin	-11.01047239	-11.24605060
eyk	-13.57542174	-10.07597935
eykk	-13.57542174	-10.61006183
eym	-11.27283665	-12.05698081
eyn	-11.49598020	-11.49736503
eyo	-11.62951159	-10.44754290
eys	-9.60512983	-11.49736503
eys$	-9.70422073	-12.34466289
eyt	-13.57542174	-9.59312757
eyth	-13.57542174	-9.75439572
eyu	-13.57542174	-8.11539901
eyul	-13.57542174	-9.94676761
eyum	-13.57542174	-8.39985006
eyun	-13.57542174	-10.95836853
eyy	-13.57542174	-8.79888428
eyya	-13.57542174	-9.43594199
eyyu	-13.57542174	-9.80568902
eze	-10.57968947	-13.44327518
ezh	-13.57542174	-8.66415168
ezha	-13.57542174	-10.61006183
ezhs	-13.57542174	-10.61006183
ezhu	-13.57542174	-9.16660906
ezi	-11.01047239	-12.75012800
ezz	-11.01047239	-13.44327518
faa	-13.57542174	-10.22439935
fab	-10.48437929	-13.44327518
fac	-8.93103084	-11.36383363
face	-9.88654229	-12.05698081
faci	-10.63098276	-13.44327518
fact	-9.83775212	-11.83383726
fad	-11.17752647	-12.34466289
fai	-9.91186010	-10.73522497
fain	-11.17752647	-12.34466289
fair	-10.80283302	-12.34466289
fal	-9.41653866	-10.30778096
fala	-13.57542174	-10.44754290
fall	-10.07891418	-13.44327518
fals	-10.93636441	-13.44327518
fam	-10.20812591	-11.04537990
fami	-10.74220840	-11.65151571
fan	-9.55007005	-11.83383726
fant	-10.35654592	-13.44327518
far	-9.68360145	-10.11107067
fare	-11.27283665	-12.05698081
fari	-10.93636441	-12.34466289
farm	-11.17752647	-11.49736503
fas	-9.86184968	-10.49883620
fasc	-11.01047239	-13.44327518
fash	-11.17752647	-11.65151571
fast	-10.68504999	-11.65151571
fat	-9.74678035	-11.49736503
fath	-10.80283302	-12.05698081
fau	-10.80283302	-11.83383726
fav	-10.43992753	-11.65151571
favo	-10.48437929	-13.44327518
fay	-11.96598383	-11.24605060
fe$	-10.74220840	-10.95836853
fea	-9.99190280	-12.34466289
feat	-10.48437929	-12.75012800
fec	-9.13277049	-12.05698081
fect	-9.29875562	-12.34466289
fed	-9.23161632	-12.75012800
fed$	-9.58643770	-12.75012800
fede	-10.57968947	-13.44327518
fee	-9.76875925	-9.57207416
fee$	-12.88227456	-10.95836853
feed	-10.80283302	-12.75012800
fees	-12.18912738	-10.18517864
fei	-10.31732521	-13.44327518
feit	-11.01047239	-13.44327518
fel	-9.86184968	-9.94676761
feli	-10.93636441	-11.65151571
fell	-10.74220840	-10.61006183
felo	-12.18912738	-11.24605060
fem	-10.74220840	-11.24605060
femi	-10.93636441	-11.36383363
fen	-9.68360145	-11.65151571
fens	-10.74220840	-13.44327518
fer	-8.27211684	-10.87832582
fer$	-9.91186010	-12.75012800
fera	-10.86737154	-12.34466289
fere	-9.72527414	-12.34466289
fero	-11.49598020	-11.83383726
ferr	-10.17422436	-13.44327518
fers	-10.35654592	-13.44327518
fert	-10.93636441	-13.44327518
fes	-9.23161632	-10.67068645
fess	-10.20812591	-11.36383363
fest	-10.02007368	-12.05698081
fet	-10.07891418	-11.65151571
feti	-11.09051509	-12.34466289
ff$	-9.68360145	-12.05698081
ffa	-10.68504999	-13.44327518
ffe	-8.61257711	-10.35223272
ffec	-10.24321723	-12.05698081
ffed	-10.24321723	-13.44327518
ffee	-11.09051509	-10.73522497
ffen	-10.86737154	-13.44327518
ffer	-9.68360145	-12.75012800
ffi	-8.67758194	-9.85975624
ffic	-9.91186010	-10.55290342
ffie	-10.80283302	-13.44327518
ffin	-9.81422163	-12.75012800
ffis	-12.18912738	-11.14069008
ffl	-9.44828736	-13.44327518
ffle	-9.99190280	-13.44327518
ffli	-11.09051509	-13.44327518
ffo	-10.20812591	-13.44327518
ffor	-10.63098276	-13.44327518
ffr	-11.01047239	-12.75012800
ffs	-9.49788430	-13.44327518
ffs$	-9.66339874	-13.44327518
ffu	-10.57968947	-13.44327518
ffus	-10.86737154	-13.44327518
ffy	-11.17752647	-12.75012800
fi$	-13.57542174	-10.14743831
fia	-10.53089931	-12.05698081
fib	-10.27958488	-12.34466289
fibr	-10.93636441	-12.75012800
fic	-8.45145776	-10.26522135
fic$	-11.17752647	-12.34466289
fica	-9.27135665	-11.83383726
fice	-10.39736791	-11.14069008
fici	-9.88654229	-11.49736503
fid	-10.27958488	-12.05698081
fide	-11.01047239	-12.75012800
fie	-8.24754557	-12.34466289
fied	-9.46454788	-13.44327518
fiel	-10.20812591	-13.44327518
fier	-9.70422073	-13.44327518
fies	-9.38576700	-13.44327518
fig	-9.72527414	-13.44327518
figh	-10.48437929	-13.44327518
figu	-10.53089931	-13.44327518
fii	-13.57542174	-10.67068645
fil	-8.95044893	-11.04537990
file	-10.74220840	-12.34466289
fili	-10.57968947	-12.05698081
fill	-10.24321723	-12.05698081
film	-11.17752647	-12.75012800
filt	-10.68504999	-13.44327518
fin	-8.44552303	-10.80421785
fina	-10.35654592	-11.65151571
find	-11.09051509	-13.44327518
fine	-10.10968584	-12.75012800
fing	-9.56808856	-13.44327518
fini	-10.10968584	-13.44327518
fir	-9.02154485	-11.36383363
fire	-9.48107718	-12.75012800
firm	-10.24321723	-13.44327518
fis	-9.19339511	-10.00928797
fish	-9.49788430	-11.36383363
fisi	-13.57542174	-10.87832582
fit	-9.66339874	-13.44327518
fitt	-10.86737154	-13.44327518
fix	-10.14143454	-13.44327518
fixe	-11.09051509	-13.44327518
fla	-8.33897978	-11.83383726
flag	-10.48437929	-13.44327518
flam	-10.35654592	-13.44327518
flas	-10.74220840	-13.44327518
flat	-9.43228702	-12.75012800
flav	-11.01047239	-12.75012800
fle	-8.80473712	-11.49736503
fle$	-11.09051509	-13.44327518
flec	-10.39736791	-13.44327518
fled	-10.86737154	-13.44327518
flee	-10.86737154	-13.44327518
fles	-10.35654592	-13.44327518
flex	-10.86737154	-13.44327518
fli	-9.24468840	-12.75012800
flic	-11.01047239	-13.44327518
flig	-11.01047239	-12.75012800
flin	-10.48437929	-13.44327518
flo	-8.92146139	-11.36383363
floo	-10.86737154	-12.34466289
flou	-10.48437929	-13.44327518
flow	-10.07891418	-12.75012800
flu	-9.29875562	-13.44327518
flue	-10.80283302	-13.44327518
fluo	-10.86737154	-13.44327518
fly	-9.88654229	-13.44327518
fly$	-10.74220840	-13.44327518
foc	-11.09051509	-13.44327518
fog	-10.68504999	-13.44327518
fogg	-11.09051509	-13.44327518
foi	-10.93636441	-13.44327518
fol	-9.37072912	-13.44327518
fold	-10.17422436	-13.44327518
foli	-11.01047239	-13.44327518
folk	-10.63098276	-13.44327518
fon	-10.63098276	-11.36383363
fond	-11.01047239	-12.34466289
foo	-9.24468840	-9.91691465
fool	-10.80283302	-12.75012800
foor	-13.57542174	-10.95836853
foot	-9.56808856	-11.24605060
for	-7.60671418	-9.94676761
fora	-11.49598020	-11.65151571
forc	-10.48437929	-13.44327518
ford	-11.09051509	-12.05698081
fore	-8.82183155	-12.75012800
forg	-9.96450383	-13.44327518
form	-8.84803392	-11.83383726
forn	-11.78366227	-11.24605060
fort	-9.76875925	-13.44327518
fos	-11.27283665	-11.14069008
fou	-9.91186010	-11.65151571
foun	-10.53089931	-11.65151571
fox	-10.53089931	-12.75012800
fra	-8.84803392	-9.97753927
fraa	-13.57542174	-10.95836853
frac	-10.43992753	-12.34466289
frag	-11.01047239	-13.44327518
fran	-10.17422436	-10.67068645
frat	-10.80283302	-13.44327518
fre	-9.02154485	-11.14069008
free	-9.91186010	-11.65151571
fres	-10.68504999	-13.44327518
fri	-9.27135665	-10.44754290
frie	-10.48437929	-12.75012800
frig	-10.80283302	-13.44327518
fro	-9.12107445	-12.75012800
fron	-9.86184968	-13.44327518
fros	-10.93636441	-13.44327518
fru	-10.31732521	-12.75012800
frui	-10.93636441	-12.75012800
fs$	-9.02154485	-13.44327518
ft$	-10.02007368	-13.44327518
fte	-9.53237048	-12.34466289
fted	-11.09051509	-13.44327518
fter	-9.99190280	-12.75012800
fti	-9.81422163	-12.34466289
ftin	-10.48437929	-13.44327518
fts	-10.02007368	-13.44327518
fts$	-10.31732521	-13.44327518
ftw	-11.78366227	-11.36383363
fud	-11.27283665	-11.83383726
fue	-11.01047239	-13.44327518
fug	-10.93636441	-13.44327518
ful	-7.96594995	-12.05698081
ful$	-8.93103084	-12.05698081
full	-9.18097259	-13.44327518
fuln	-9.53237048	-13.44327518
fuls	-10.43992753	-13.44327518
fum	-10.74220840	-13.44327518
fun	-9.56808856	-11.14069008
func	-11.01047239	-12.34466289
fund	-10.63098276	-12.05698081
fur	-9.43228702	-13.44327518
fus	-9.55007005	-11.83383726
fuse	-10.48437929	-13.44327518
fusi	-10.48437929	-12.34466289
fut	-10.39736791	-13.44327518
fy$	-9.24468840	-10.87832582
fyi	-9.53237048	-13.44327518
fyin	-9.53237048	-13.44327518
ga$	-11.27283665	-9.59312757
gaa	-13.57542174	-8.76114395
gaal	-13.57542174	-10.95836853
gaan	-13.57542174	-9.43594199
gaar	-13.57542174	-10.95836853
gab	-10.14143454	-13.44327518
gad	-10.74220840	-9.80568902
gada	-12.88227456	-10.61006183
gadi	-12.47680945	-11.14069008
gag	-10.20812591	-12.34466289
gage	-10.86737154	-12.75012800
gai	-10.31732521	-11.24605060
gain	-10.48437929	-13.44327518
gal	-9.19339511	-6.30679197
gal$	-11.37819717	-7.44186030
gala	-11.96598383	-8.79888428
gale	-11.49598020	-9.04882602
gali	-10.63098276	-7.82287431
galk	-13.57542174	-8.91067568
gall	-10.39736791	-11.49736503
galo	-11.27283665	-10.35223272
galu	-12.18912738	-7.83380338
gam	-9.38576700	-8.58346277
gam$	-12.88227456	-9.15281573
gama	-11.78366227	-9.65908554
game	-10.35654592	-12.75012800
gami	-11.01047239	-12.05698081
gan	-8.91198265	-7.99653780
gan$	-11.27283665	-11.65151571
gana	-12.88227456	-10.07597935
gand	-11.09051509	-10.73522497
gane	-11.78366227	-9.83235726
gang	-10.74220840	-8.93241567
gani	-9.99190280	-9.63661269
gant	-11.01047239	-12.05698081
gap	-11.01047239	-10.11107067
gapp	-13.57542174	-10.35223272
gar	-8.83922329	-9.00062392
gar$	-11.49598020	-11.36383363
gara	-12.18912738	-9.45429113
garb	-12.47680945	-10.95836853
gard	-10.53089931	-13.44327518
gari	-10.24321723	-11.36383363
garr	-11.17752647	-12.34466289
gas	-9.81422163	-9.59312757
gast	-10.93636441	-9.83235726
gat	-8.25241176	-8.33128739
gate	-9.08678537	-13.44327518
gath	-11.01047239	-8.56047325
gati	-9.31274187	-12.34466289
gato	-10.24321723	-12.05698081
gatt	-12.47680945	-10.26522135
gau	-10.53089931	-11.36383363
gav	-11.78366227	-9.30014045
gava	-13.57542174	-10.14743831
gave	-12.18912738	-10.80421785
gavu	-13.57542174	-10.44754290
gaw	-11.09051509	-13.44327518
gay	-11.62951159	-11.14069008
gaz	-10.68504999	-11.49736503
gaze	-11.09051509	-13.44327518
gbo	-11.09051509	-13.44327518
gdo	-11.62951159	-11.36383363
ge$	-8.23788366	-10.44754290
gea	-10.02007368	-13.44327518
geab	-10.63098276	-13.44327518
ged	-8.33367473	-11.24605060
ged$	-8.44552303	-13.44327518
gee	-10.74220840	-8.91067568
geek	-11.96598383	-10.04207779
geet	-13.57542174	-9.72970311
gei	-11.37819717	-11.65151571
gel	-9.81422163	-12.05698081
geli	-10.74220840	-13.44327518
gem	-10.07891418	-11.83383726
geme	-10.48437929	-11.83383726
gen	-8.12438329	-10.73522497
gen$	-11.17752647	-12.34466289
gena	-10.80283302	-13.44327518
genc	-10.39736791	-11.83383726
gend	-11.09051509	-12.34466289
gene	-9.60512983	-12.34466289
geni	-9.81422163	-13.44327518
gent	-9.56808856	-12.34466289
geo	-9.60512983	-12.05698081
geon	-10.63098276	-13.44327518
ger	-7.86499473	-10.39875274
ger$	-8.91198265	-12.05698081
gera	-10.80283302	-12.34466289
gere	-10.39736791	-13.44327518
geri	-10.17422436	-11.83383726
germ	-11.09051509	-11.49736503
gers	-9.14460494	-13.44327518
gery	-10.93636441	-13.44327518
ges	-8.22356361	-11.24605060
ges$	-8.52556574	-12.34466289
gest	-9.64359611	-11.65151571
get	-9.79123211	-10.87832582
gey	-11.37819717	-11.24605060
gga	-10.74220840	-10.30778096
gge	-8.67014696	-12.05698081
gged	-9.53237048	-13.44327518
gger	-9.34131524	-13.44327518
ggi	-9.00071076	-13.44327518
ggie	-10.35654592	-13.44327518
ggin	-9.55007005	-13.44327518
ggis	-11.09051509	-13.44327518
ggl	-9.28496230	-13.44327518
ggle	-9.74678035	-13.44327518
ggli	-10.86737154	-13.44327518
ggr	-10.39736791	-11.14069008
ggre	-11.09051509	-11.65151571
ggy	-10.93636441	-13.44327518
ggy$	-11.09051509	-13.44327518
gh$	-10.27958488	-11.83383726
gha	-11.37819717	-8.04059779
ghaa	-13.57542174	-10.73522497
ghad	-13.57542174	-9.13921008
gham	-12.88227456	-10.73522497
ghan	-12.18912738	-10.80421785
ghat	-13.57542174	-9.11254184
ghb	-10.68504999	-12.75012800
ghbo	-10.86737154	-13.44327518
ghe	-9.91186010	-12.75012800
ghi	-10.80283302	-11.65151571
ghin	-11.17752647	-12.05698081
ghl	-11.17752647	-12.75012800
gho	-9.96450383	-11.14069008
ghos	-11.17752647	-11.65151571
ghou	-10.93636441	-13.44327518
ghs	-10.80283302	-12.34466289
ghs$	-10.93636441	-13.44327518
ght	-7.70049101	-12.34466289
ght$	-9.08678537	-12.34466289
ghte	-9.21871292	-13.44327518
ghtf	-11.09051509	-13.44327518
ghti	-9.86184968	-13.44327518
ghtl	-10.39736791	-13.44327518
ghts	-9.25793363	-13.44327518
gi$	-11.96598383	-10.35223272
gia	-10.02007368	-12.34466289
giar	-10.93636441	-13.44327518
gib	-9.81422163	-13.44327518
gibl	-10.35654592	-13.44327518
gic	-8.91198265	-9.59312757
gic$	-10.35654592	-12.75012800
gica	-9.32692650	-11.83383726
gich	-13.57542174	-9.75439572
gie	-9.07561207	-13.44327518
gier	-10.39736791	-13.44327518
gies	-9.56808856	-13.44327518
gig	-10.39736791	-13.44327518
giga	-11.09051509	-13.44327518
gik	-13.57542174	-9.13921008
gika	-13.57542174	-10.30778096
gikk	-13.57542174	-9.51144954
gil	-10.04906122	-9.25362043
gil$	-12.88227456	-10.07597935
gila	-11.09051509	-12.05698081
gilu	-13.57542174	-10.11107067
gim	-10.74220840	-13.44327518
gin	-7.98071036	-9.77971353
gina	-9.93783558	-12.34466289
gine	-10.43992753	-11.24605060
ging	-8.34431313	-12.05698081
gini	-11.96598383	-10.80421785
gio	-10.04906122	-12.75012800
gion	-11.01047239	-12.75012800
giou	-10.86737154	-13.44327518
gir	-10.20812591	-12.05698081
girl	-10.63098276	-13.44327518
gis	-8.45742793	-11.65151571
gise	-10.74220840	-13.44327518
gist	-8.71560934	-11.65151571
git	-9.70422073	-11.65151571
gita	-10.74220840	-13.44327518
giti	-10.35654592	-13.44327518
giv	-10.43992753	-12.75012800
give	-10.86737154	-12.75012800
giy	-13.57542174	-9.34893061
giya	-13.57542174	-9.72970311
giz	-10.63098276	-13.44327518
gize	-10.86737154	-13.44327518
gla	-9.28496230	-10.39875274
glad	-10.86737154	-11.83383726
glam	-10.93636441	-13.44327518
glan	-11.49598020	-11.36383363
glar	-11.01047239	-13.44327518
glas	-10.68504999	-11.83383726
gle	-8.52556574	-11.04537990
gle$	-10.04906122	-12.34466289
gled	-10.10968584	-13.44327518
gler	-10.35654592	-13.44327518
gles	-9.96450383	-13.44327518
gli	-9.21871292	-11.65151571
glin	-10.07891418	-12.75012800
glo	-9.18097259	-10.35223272
glob	-10.57968947	-11.65151571
gloo	-11.96598383	-11.24605060
glor	-11.01047239	-12.34466289
glos	-11.01047239	-13.44327518
glu	-10.57968947	-13.44327518
glut	-10.93636441	-13.44327518
gly	-8.31792637	-13.44327518
gly$	-8.39363819	-13.44327518
gma	-9.91186010	-13.44327518
gmat	-10.43992753	-13.44327518
gme	-10.04906122	-13.44327518
gmen	-10.04906122	-13.44327518
gn$	-10.74220840	-12.34466289
gna	-9.20597389	-11.36383363
gnal	-10.86737154	-12.34466289
gnan	-10.86737154	-12.75012800
gnat	-10.39736791	-12.75012800
gne	-9.23161632	-10.67068645
gned	-10.74220840	-13.44327518
gnes	-11.17752647	-10.73522497
gnet	-9.93783558	-13.44327518
gni	-9.34131524	-11.14069008
gnif	-10.74220840	-13.44327518
gnin	-11.01047239	-12.75012800
gnit	-10.53089931	-13.44327518
gnm	-11.09051509	-13.44327518
gnme	-11.09051509	-13.44327518
gno	-9.64359611	-12.75012800
gnor	-10.80283302	-13.44327518
gnos	-10.63098276	-13.44327518
go$	-10.43992753	-10.26522135
goa	-10.43992753	-10.95836853
goal	-11.09051509	-11.83383726
gob	-10.93636441	-11.65151571
god	-10.10968584	-10.67068645
goe	-10.35654592	-13.44327518
goer	-11.01047239	-13.44327518
goi	-10.57968947	-13.44327518
gol	-10.35654592	-10.61006183
gold	-11.09051509	-11.49736503
gom	-12.47680945	-11.04537990
gon	-9.28496230	-13.44327518
goni	-10.48437929	-13.44327518
goo	-9.83775212	-9.15281573
goo$	-13.57542174	-10.61006183
good	-10.93636441	-11.14069008
gop	-12.47680945	-10.26522135
gopa	-13.57542174	-10.73522497
gor	-9.60512983	-10.95836853
gori	-10.53089931	-11.24605060
gos	-10.35654592	-13.44327518
got	-9.88654229	-11.14069008
goti	-10.63098276	-13.44327518
gou	-10.35654592	-13.44327518
gov	-10.63098276	-10.44754290
gove	-10.63098276	-12.75012800
gow	-11.49598020	-11.49736503
gra	-7.38715762	-8.01392955
graa	-13.57542174	-9.31614079
grac	-10.74220840	-12.75012800
grad	-9.83775212	-11.83383726
graf	-11.96598383	-11.24605060
grah	-12.88227456	-9.83235726
grai	-11.09051509	-12.34466289
gram	-9.41653866	-9.28439209
gran	-9.40103447	-10.55290342
grap	-8.57820947	-10.61006183
gras	-10.74220840	-11.36383363
grat	-9.35591404	-11.83383726
grav	-10.10968584	-13.44327518
gray	-11.09051509	-12.75012800
gre	-8.62666185	-9.77971353
grea	-10.93636441	-13.44327518
gree	-9.86184968	-10.55290342
greg	-10.53089931	-11.65151571
gren	-11.49598020	-11.83383726
gres	-9.91186010	-11.83383726
gri	-9.00071076	-10.49883620
grie	-11.01047239	-13.44327518
grim	-10.86737154	-13.44327518
grin	-10.63098276	-12.75012800
gro	-8.66276686	-10.87832582
groo	-11.01047239	-11.83383726
gros	-11.09051509	-13.44327518
grou	-9.62417802	-11.49736503
grow	-10.57968947	-13.44327518
gru	-9.66339874	-12.34466289
gs$	-7.51629855	-13.44327518
gsh	-11.49598020	-11.65151571
gst	-10.63098276	-12.05698081
gth	-10.74220840	-13.44327518
gto	-12.18912738	-10.95836853
gton	-12.18912738	-10.95836853
gu$	-13.57542174	-10.26522135
gua	-9.56808856	-11.36383363
guar	-10.02007368	-11.65151571
gue	-9.18097259	-11.04537990
gue$	-10.27958488	-12.75012800
guer	-11.17752647	-11.65151571
gues	-10.14143454	-12.75012800
gui	-9.24468840	-11.83383726
guid	-10.74220840	-12.75012800
guil	-10.48437929	-13.44327518
guin	-11.09051509	-12.75012800
guis	-10.39736791	-13.44327518
guj	-13.57542174	-10.35223272
guja	-13.57542174	-10.80421785
guk	-13.57542174	-10.61006183
guka	-13.57542174	-10.61006183
gul	-9.48107718	-11.24605060
gula	-9.81422163	-11.83383726
gum	-10.57968947	-11.36383363
gun	-9.81422163	-9.75439572
guna	-13.57542174	-10.73522497
gunn	-11.27283665	-10.44754290
gur	-9.86184968	-9.68207506
gure	-10.86737154	-13.44327518
guru	-12.88227456	-9.77971353
gus	-10.39736791	-10.73522497
gust	-10.93636441	-10.80421785
gwa	-11.37819717	-12.05698081
gy$	-8.85692287	-11.65151571
gya	-13.57542174	-10.11107067
gym	-11.09051509	-12.75012800
gyn	-11.01047239	-13.44327518
gyp	-11.49598020	-11.65151571
ha$	-10.93636441	-6.78270003
haa	-13.57542174	-5.97077443
haa$	-13.57542174	-9.77971353
haab	-13.57542174	-10.44754290
haad	-13.57542174	-9.83235726
haag	-13.57542174	-8.81830236
haak	-13.57542174	-9.01245838
haal	-13.57542174	-8.88939828
haam	-13.57542174	-8.96593836
haan	-13.57542174	-7.33848194
haap	-13.57542174	-8.81830236
haar	-13.57542174	-7.99223672
haas	-13.57542174	-8.45966855
haat	-13.57542174	-9.20916867
haav	-13.57542174	-8.43263988
haay	-13.57542174	-8.43932887
haaz	-13.57542174	-9.97753927
hab	-9.37072912	-9.30014045
haba	-13.57542174	-10.95836853
habd	-13.57542174	-10.39875274
habe	-10.74220840	-13.44327518
habh	-13.57542174	-10.61006183
habi	-10.43992753	-11.36383363
habl	-10.35654592	-13.44327518
hac	-10.20812591	-9.80568902
hach	-12.18912738	-10.07597935
hack	-10.39736791	-12.05698081
had	-10.14143454	-7.82287431
hada	-13.57542174	-8.53800040
hadd	-12.88227456	-10.67068645
hade	-11.78366227	-11.04537990
hadh	-13.57542174	-10.07597935
hadi	-11.78366227	-9.57207416
hado	-10.93636441	-11.83383726
hadr	-13.57542174	-10.55290342
hadu	-13.57542174	-10.95836853
hae	-10.68504999	-10.18517864
haem	-10.93636441	-12.34466289
haf	-10.80283302	-12.75012800
hag	-10.07891418	-8.72477630
haga	-13.57542174	-8.96593836
hage	-11.78366227	-11.49736503
hagg	-10.93636441	-13.44327518
hai	-9.29875562	-8.95463881
haik	-13.57542174	-10.80421785
hail	-11.96598383	-10.80421785
hain	-11.01047239	-11.83383726
hair	-9.62417802	-10.55290342
haj	-11.96598383	-9.75439572
haja	-13.57542174	-10.14743831
hak	-10.39736791	-7.37484959
haka	-12.88227456	-7.89419909
hake	-10.68504999	-12.34466289
haki	-11.78366227	-10.87832582
hakk	-13.57542174	-9.25362043
hakr	-13.57542174	-10.11107067
haks	-13.57542174	-10.04207779
hakt	-13.57542174	-9.80568902
hal	-8.60560844	-7.41258992
hal$	-11.62951159	-9.59312757
hala	-10.93636441	-7.83747311
hale	-10.80283302	-10.30778096
half	-11.01047239	-13.44327518
hali	-10.93636441	-10.11107067
halk	-11.37819717	-10.80421785
hall	-9.93783558	-10.55290342
halo	-11.17752647	-11.65151571
halt	-11.09051509	-13.44327518
ham	-9.14460494	-6.73641284
ham$	-12.47680945	-7.62914464
hama	-11.62951159	-7.63513269
hamb	-11.09051509	-10.26522135
hame	-11.37819717	-11.83383726
hami	-12.88227456	-9.85975624
hamm	-10.48437929	-10.95836853
hamp	-10.48437929	-10.73522497
hams	-11.27283665	-11.36383363
hamu	-13.57542174	-9.97753927
han	-7.93706707	-6.26472969
han$	-11.62951159	-8.35567884
hana	-11.62951159	-7.27785732
hanc	-10.53089931	-12.34466289
hand	-8.93103084	-8.88939828
hane	-11.62951159	-10.73522497
hang	-9.70422073	-8.10573710
hani	-10.63098276	-9.45429113
hank	-10.80283302	-10.30778096
hanm	-13.57542174	-9.68207506
hann	-11.09051509	-9.34893061
hans	-11.78366227	-10.73522497
hant	-9.96450383	-9.03655593
hanu	-11.96598383	-9.11254184
hap	-9.41653866	-8.12026520
hapa	-11.62951159	-9.59312757
hape	-10.63098276	-11.49736503
happ	-10.80283302	-8.74279481
hapr	-13.57542174	-10.95836853
haps	-11.01047239	-13.44327518
hapu	-13.57542174	-10.30778096
har	-8.03024430	-6.70157448
har$	-13.57542174	-9.59312757
hara	-10.39736791	-7.57115739
harc	-12.88227456	-10.49883620
hard	-9.88654229	-11.04537990
hare	-10.53089931	-9.65908554
harg	-10.27958488	-12.34466289
hari	-10.74220840	-8.07729916
hark	-11.96598383	-10.49883620
harm	-9.91186010	-10.39875274
haro	-13.57542174	-10.95836853
harp	-10.27958488	-11.83383726
harr	-11.17752647	-11.36383363
hars	-11.78366227	-10.07597935
hart	-10.80283302	-10.44754290
haru	-13.57542174	-10.26522135
hary	-12.18912738	-10.26522135
has	-9.14460494	-8.23378902
has$	-11.49598020	-11.65151571
hasa	-12.88227456	-10.14743831
hase	-10.93636441	-12.34466289
hash	-11.37819717	-9.19477993
hasi	-10.48437929	-11.24605060
hass	-11.78366227	-10.80421785
hast	-10.35654592	-9.61463378
hat	-9.21871292	-6.63203080
hata	-13.57542174	-9.94676761
hatc	-10.57968947	-13.44327518
hate	-10.93636441	-11.49736503
hath	-12.88227456	-6.94650019
hati	-11.78366227	-11.14069008
hatt	-10.68504999	-8.19625110
hau	-10.02007368	-10.26522135
haul	-11.17752647	-12.05698081
hav	-10.27958488	-7.84856380
hava	-13.57542174	-8.54543538
have	-11.01047239	-11.14069008
havi	-10.93636441	-9.55145488
havu	-13.57542174	-9.26888791
haw	-10.27958488	-10.67068645
hay	-10.80283302	-7.23066908
haya	-13.57542174	-8.23926849
haye	-12.88227456	-10.07597935
hayi	-12.88227456	-8.63925413
hayk	-13.57542174	-10.61006183
hayo	-13.57542174	-10.95836853
hayu	-13.57542174	-8.86856420
hayy	-13.57542174	-9.68207506
haz	-10.93636441	-10.73522497
hba	-11.09051509	-12.75012800
hbo	-10.27958488	-13.44327518
hch	-12.18912738	-8.31337646
hcha	-12.47680945	-8.77983608
hchi	-13.57542174	-9.94676761
hchu	-13.57542174	-10.44754290
hda	-12.47680945	-11.04537990
hdh	-13.57542174	-10.44754290
hdhi	-13.57542174	-10.80421785
he$	-9.96450383	-7.85977887
hea	-7.77330337	-10.49883620
head	-8.60560844	-12.75012800
heal	-10.80283302	-13.44327518
heap	-10.86737154	-13.44327518
hear	-9.15658114	-11.83383726
heat	-9.68360145	-11.36383363
heav	-10.63098276	-12.34466289
hec	-9.70422073	-11.49736503
heck	-9.99190280	-12.75012800
hed	-8.03024430	-9.22376747
hed$	-8.17725904	-12.75012800
hedi	-13.57542174	-10.55290342
hedu	-11.49598020	-10.11107067
hee	-8.87494138	-7.50573897
hee$	-12.18912738	-10.67068645
heed	-11.09051509	-11.36383363
heek	-11.37819717	-8.95463881
heel	-10.31732521	-10.18517864
heem	-13.57542174	-10.67068645
heen	-12.18912738	-9.41792349
heep	-11.17752647	-10.80421785
heer	-10.53089931	-9.28439209
hees	-11.01047239	-10.39875274
heet	-11.27283665	-10.49883620
heev	-13.57542174	-10.87832582
heey	-13.57542174	-9.94676761
heh	-13.57542174	-10.44754290
heha	-13.57542174	-10.44754290
hei	-10.14143454	-9.75439572
heis	-11.01047239	-13.44327518
heiy	-13.57542174	-9.97753927
hek	-12.88227456	-8.88939828
hekh	-13.57542174	-10.39875274
hekk	-13.57542174	-9.31614079
hel	-9.06456224	-8.93241567
hela	-13.57542174	-10.80421785
heli	-10.68504999	-9.85975624
hell	-10.48437929	-10.87832582
helm	-11.09051509	-12.75012800
help	-10.93636441	-12.05698081
helu	-13.57542174	-10.80421785
hem	-9.12107445	-9.77971353
hema	-10.27958488	-12.05698081
hemb	-13.57542174	-10.73522497
heme	-11.01047239	-11.65151571
hemi	-10.57968947	-11.65151571
hemo	-11.09051509	-12.75012800
hen	-8.94069275	-8.70707673
hen$	-11.17752647	-11.49736503
hend	-11.27283665	-10.95836853
hene	-10.68504999	-12.34466289
heng	-13.57542174	-10.39875274
heni	-10.74220840	-12.75012800
henk	-13.57542174	-10.44754290
henn	-12.47680945	-9.83235726
hens	-10.43992753	-13.44327518
hent	-11.96598383	-11.36383363
heo	-9.96450383	-11.83383726
heor	-11.09051509	-12.05698081
hep	-10.86737154	-10.35223272
hepa	-11.96598383	-11.24605060
her	-7.27097294	-7.87875477
her$	-8.79629825	-10.35223272
hera	-10.39736791	-9.65908554
herb	-10.86737154	-13.44327518
herd	-10.57968947	-12.75012800
here	-9.00071076	-11.24605060
heri	-9.41653866	-9.41792349
herk	-12.88227456	-11.04537990
herl	-10.93636441	-12.34466289
herm	-10.35654592	-12.05698081
hern	-11.01047239	-10.95836853
hero	-10.39736791	-11.49736503
herr	-11.62951159	-11.14069008
hers	-8.96030123	-12.75012800
hert	-11.78366227	-10.00928797
heru	-12.18912738	-9.43594199
hery	-11.49598020	-11.83383726
hes	-7.69768596	-8.93241567
hes$	-8.01474011	-12.75012800
hesh	-12.47680945	-9.04882602
hesi	-9.70422073	-13.44327518
hest	-10.24321723	-12.05698081
het	-9.13277049	-8.63925413
hete	-10.48437929	-12.34466289
heth	-13.57542174	-9.33240131
heti	-10.20812591	-11.83383726
hetr	-13.57542174	-10.55290342
hett	-11.17752647	-10.07597935
hev	-11.27283665	-10.80421785
hew	-10.43992753	-13.44327518
hey	-12.47680945	-8.00085747
heya	-13.57542174	-9.72970311
heyk	-13.57542174	-10.30778096
heyt	-13.57542174	-9.77971353
heyu	-13.57542174	-10.07597935
heyy	-13.57542174	-8.91067568
hfu	-10.53089931	-13.44327518
hful	-10.53089931	-13.44327518
hh$	-13.57542174	-9.72970311
hha	-12.47680945	-9.01245838
hha$	-13.57542174	-10.67068645
hhan	-12.47680945	-10.44754290
hhat	-13.57542174	-10.87832582
hhe	-12.18912738	-9.97753927
hhe$	-13.57542174	-10.95836853
hhi	-12.47680945	-8.83810499
hhi$	-13.57542174	-10.95836853
hhil	-13.57542174	-10.00928797
hhin	-13.57542174	-10.67068645
hhit	-13.57542174	-10.87832582
hho	-11.62951159	-11.49736503
hhu	-13.57542174	-9.25362043
hhu$	-13.57542174	-9.61463378
hi$	-11.37819717	-7.38181826
hia	-10.74220840	-10.30778096
hia$	-12.47680945	-10.80421785
hib	-10.14143454	-9.75439572
hibh	-13.57542174	-10.55290342
hibi	-10.39736791	-11.49736503
hic	-8.83922329	-7.62616402
hic$	-10.02007368	-12.75012800
hica	-10.02007368	-11.49736503
hicc	-11.96598383	-9.59312757
hich	-12.47680945	-7.81565406
hick	-10.17422436	-13.44327518
hid	-10.53089931	-9.45429113
hid$	-12.18912738	-11.04537990
hida	-13.57542174	-10.61006183
hide	-10.93636441	-11.36383363
hidh	-13.57542174	-10.95836853
hie	-8.74710801	-11.83383726
hief	-11.09051509	-13.44327518
hier	-9.99190280	-13.44327518
hies	-9.64359611	-13.44327518
hiev	-10.53089931	-12.75012800
hif	-10.86737154	-11.49736503
hig	-10.07891418	-11.49736503
high	-10.14143454	-11.83383726
hih	-12.47680945	-10.61006183
hii	-12.88227456	-8.84815533
hii$	-13.57542174	-10.73522497
hiin	-13.57542174	-10.80421785
hiir	-13.57542174	-10.22439935
hij	-11.78366227	-10.61006183
hik	-11.27283665	-6.84340468
hika	-13.57542174	-7.65331501
hike	-11.62951159	-11.65151571
hiki	-12.18912738	-10.11107067
hikk	-13.57542174	-7.63513269
hiko	-13.57542174	-10.67068645
hiks	-13.57542174	-10.61006183
hil	-8.60560844	-6.44567919
hil$	-12.88227456	-7.18560759
hila	-10.57968947	-8.45284259
hild	-10.35654592	-12.34466289
hile	-10.93636441	-8.27848920
hili	-10.80283302	-10.18517864
hill	-9.96450383	-10.61006183
hilo	-10.86737154	-10.04207779
hilp	-13.57542174	-10.80421785
hilu	-13.57542174	-8.38702937
hily	-10.93636441	-13.44327518
him	-10.02007368	-9.07382732
hima	-13.57542174	-9.59312757
himu	-13.57542174	-10.39875274
hin	-7.62738675	-6.48292745
hin$	-11.96598383	-9.36573773
hina	-11.37819717	-8.83810499
hind	-11.27283665	-9.70560556
hine	-9.81422163	-9.20916867
hing	-8.08648402	-11.04537990
hini	-11.01047239	-9.59312757
hinj	-13.57542174	-10.14743831
hink	-10.57968947	-13.44327518
hinn	-11.09051509	-10.49883620
hino	-11.49598020	-10.22439935
hint	-11.37819717	-7.67495418
hinu	-12.47680945	-7.60554473
hio	-10.53089931	-10.11107067
hion	-10.63098276	-10.61006183
hip	-8.56478645	-7.91384609
hip$	-9.40103447	-10.95836853
hipa	-13.57542174	-9.59312757
hipp	-10.24321723	-8.54543538
hipr	-13.57542174	-9.61463378
hips	-10.10968584	-13.44327518
hir	-9.38576700	-7.08024707
hira	-12.88227456	-8.50880124
hire	-11.49598020	-9.97753927
hiri	-12.88227456	-8.37437097
hiro	-11.96598383	-10.49883620
hirp	-11.62951159	-10.87832582
hirr	-11.17752647	-12.75012800
hirt	-10.68504999	-10.55290342
hiru	-13.57542174	-8.19625110
his	-8.89329052	-8.89998039
hise	-10.10968584	-12.75012800
hish	-12.18912738	-9.34893061
hisi	-11.78366227	-11.49736503
hist	-9.74678035	-11.04537990
hit	-9.20597389	-7.41982758
hite	-9.99190280	-11.83383726
hith	-11.27283665	-8.22291935
hitr	-12.88227456	-9.70560556
hitt	-11.37819717	-8.42599534
hity	-13.57542174	-10.55290342
hiv	-10.39736791	-8.94346551
hiva	-11.49598020	-9.36573773
hive	-11.17752647	-12.34466289
hivi	-11.96598383	-11.36383363
hiy	-12.88227456	-7.03145691
hiya	-12.88227456	-7.92181426
hiye	-13.57542174	-10.07597935
hiyi	-13.57542174	-8.29578070
hiyo	-13.57542174	-10.55290342
hiyu	-13.57542174	-8.49451529
hiz	-10.48437929	-12.34466289
hka	-13.57542174	-9.75439572
hkar	-13.57542174	-10.30778096
hla	-11.37819717	-11.65151571
hle	-10.04906122	-11.36383363
hles	-10.63098276	-12.75012800
hli	-10.43992753	-13.44327518
hlo	-10.20812591	-11.49736503
hlor	-10.80283302	-12.75012800
hly	-9.64359611	-13.44327518
hly$	-9.64359611	-13.44327518
hma	-10.35654592	-8.63109082
hmaa	-13.57542174	-10.26522135
hmak	-11.96598383	-10.14743831
hmam	-13.57542174	-10.80421785
hman	-11.62951159	-10.00928797
hme	-9.83775212	-10.55290342
hmee	-13.57542174	-10.80421785
hmen	-9.99190280	-12.05698081
hmi	-11.62951159	-10.39875274
hna	-12.18912738	-8.87892698
hna$	-13.57542174	-10.49883620
hnaa	-13.57542174	-10.95836853
hnam	-13.57542174	-10.67068645
hnan	-13.57542174	-9.88792711
hne	-9.86184968	-13.44327518
hnes	-9.93783558	-13.44327518
hni	-10.74220840	-12.05698081
hnn	-11.96598383	-10.95836853
hno	-10.27958488	-12.05698081
hnu	-12.18912738	-10.80421785
ho$	-11.09051509	-10.67068645
hoa	-10.35654592	-12.05698081
hoan	-11.09051509	-12.75012800
hob	-10.04906122	-10.30778096
hobb	-11.27283665	-11.49736503
hobh	-13.57542174	-10.95836853
hobi	-11.09051509	-11.83383726
hoc	-10.48437929	-11.65151571
hock	-10.74220840	-12.34466289
hod	-10.48437929	-8.55292605
hoda	-13.57542174	-10.18517864
hode	-12.88227456	-9.70560556
hodh	-13.57542174	-10.39875274
hodi	-12.18912738	-11.04537990
hodo	-11.27283665	-11.49736503
hodu	-12.88227456	-10.67068645
hoe	-10.02007368	-11.83383726
hog	-10.20812591	-12.75012800
hoi	-10.48437929	-13.44327518
hok	-10.93636441	-10.61006183
hol	-8.27211684	-9.23858256
hola	-11.62951159	-9.88792711
hold	-9.53237048	-13.44327518
hole	-9.44828736	-13.44327518
holi	-10.63098276	-10.49883620
holo	-9.93783558	-13.44327518
hols	-10.93636441	-12.75012800
hom	-9.07561207	-9.85975624
homa	-11.96598383	-10.87832582
home	-9.76875925	-11.24605060
homi	-10.93636441	-11.83383726
homo	-10.63098276	-12.75012800
hon	-8.67014696	-9.43594199
hone	-9.40103447	-10.80421785
honi	-10.68504999	-12.75012800
honn	-13.57542174	-10.30778096
hono	-10.24321723	-12.75012800
hoo	-8.55814191	-7.90201163
hood	-9.86184968	-10.18517864
hook	-10.86737154	-10.22439935
hool	-10.20812591	-9.88792711
hoom	-13.57542174	-10.07597935
hoon	-12.47680945	-10.11107067
hoop	-11.37819717	-10.73522497
hoor	-13.57542174	-9.97753927
hoos	-11.01047239	-10.87832582
hoot	-10.24321723	-9.85975624
hoov	-11.49598020	-11.65151571
hop	-9.37072912	-10.55290342
hopp	-10.39736791	-11.04537990
hops	-10.80283302	-13.44327518
hor	-8.15488674	-9.23858256
hora	-11.37819717	-10.95836853
hore	-10.35654592	-12.05698081
hori	-9.96450383	-10.55290342
horn	-10.31732521	-12.05698081
horo	-11.09051509	-11.65151571
horr	-10.93636441	-12.34466289
hors	-9.86184968	-13.44327518
hort	-9.76875925	-13.44327518
horu	-12.18912738	-10.55290342
hos	-9.37072912	-9.80568902
hosh	-13.57542174	-10.61006183
hosp	-10.53089931	-11.24605060
host	-10.43992753	-10.95836853
hot	-9.16870250	-9.04882602
hot$	-11.37819717	-11.49736503
hote	-12.47680945	-10.67068645
hoth	-11.49598020	-10.67068645
hoto	-9.91186010	-10.87832582
hott	-11.96598383	-10.07597935
hou	-8.45742793	-11.24605060
houn	-11.01047239	-13.44327518
hous	-8.80473712	-12.75012800
hout	-11.09051509	-11.65151571
hov	-10.43992753	-11.24605060
hove	-10.53089931	-13.44327518
how	-9.58643770	-12.05698081
hows	-11.01047239	-13.44327518
hoz	-13.57542174	-9.94676761
hozh	-13.57542174	-9.94676761
hpa	-11.27283665	-10.07597935
hpar	-13.57542174	-10.73522497
hph	-12.47680945	-10.95836853
hra	-9.86184968	-7.16100843
hra$	-12.88227456	-9.63661269
hraa	-13.57542174	-10.22439935
hrad	-13.57542174	-10.00928797
hrak	-13.57542174	-10.39875274
hral	-10.93636441	-12.05698081
hram	-12.88227456	-8.30747674
hran	-12.47680945	-8.93241567
hrap	-12.88227456	-10.39875274
hras	-10.86737154	-10.80421785
hrat	-12.88227456	-9.38283217
hrav	-13.57542174	-10.67068645
hray	-13.57542174	-10.07597935
hre	-9.81422163	-9.03655593
hree	-11.62951159	-9.25362043
hri	-9.43228702	-8.12515518
hri$	-13.57542174	-10.73522497
hrid	-13.57542174	-10.73522497
hrik	-12.88227456	-9.72970311
hril	-11.09051509	-12.34466289
hrim	-11.96598383	-10.87832582
hrin	-11.09051509	-11.36383363
hris	-11.27283665	-9.72970311
hrit	-11.78366227	-10.67068645
hriy	-13.57542174	-9.88792711
hro	-8.86589154	-11.14069008
hrom	-10.80283302	-12.05698081
hron	-10.20812591	-13.44327518
hrop	-10.57968947	-13.44327518
hru	-10.57968947	-9.06124854
hrud	-13.57542174	-10.73522497
hruk	-13.57542174	-10.49883620
hrus	-11.96598383	-11.36383363
hrut	-13.57542174	-10.11107067
hry	-12.18912738	-10.44754290
hrya	-13.57542174	-10.49883620
hs$	-8.53199663	-11.14069008
hsa	-11.62951159	-9.83235726
hsar	-13.57542174	-10.95836853
hsh	-11.96598383	-10.26522135
hshi	-13.57542174	-10.73522497
ht$	-9.06456224	-12.05698081
hta	-11.27283665	-9.08656635
htam	-13.57542174	-10.49883620
htan	-13.57542174	-10.87832582
htap	-13.57542174	-10.44754290
hte	-9.20597389	-12.75012800
hted	-10.80283302	-13.44327518
hten	-10.43992753	-13.44327518
hter	-10.10968584	-13.44327518
htf	-11.09051509	-13.44327518
hth	-10.93636441	-8.19100175
htha	-11.78366227	-9.97753927
hthe	-12.47680945	-11.04537990
hthi	-13.57542174	-8.68968498
hthu	-13.57542174	-10.14743831
hti	-9.79123211	-9.41792349
htic	-12.47680945	-10.44754290
htie	-10.93636441	-13.44327518
htik	-13.57542174	-10.14743831
htin	-10.43992753	-13.44327518
htl	-10.39736791	-13.44327518
htr	-11.96598383	-9.55145488
htra	-12.47680945	-10.22439935
htre	-12.88227456	-10.67068645
hts	-9.20597389	-13.44327518
hts$	-9.46454788	-13.44327518
htt	-12.88227456	-10.26522135
htta	-13.57542174	-10.95836853
hu$	-12.47680945	-6.26320530
hua	-12.18912738	-11.14069008
hub	-11.37819717	-11.04537990
huc	-10.39736791	-11.04537990
huck	-10.39736791	-12.75012800
hud	-11.78366227	-8.59124491
huda	-13.57542174	-8.96593836
hudh	-13.57542174	-10.07597935
huf	-10.86737154	-13.44327518
huff	-10.86737154	-13.44327518
hug	-10.93636441	-11.24605060
huk	-12.88227456	-7.92582228
huka	-13.57542174	-8.67259055
hukk	-12.88227456	-9.53125217
huko	-13.57542174	-9.49203146
huku	-13.57542174	-10.73522497
hul	-11.37819717	-9.49203146
hull	-11.78366227	-10.26522135
hum	-8.85692287	-7.93794364
hum$	-12.47680945	-8.48744812
huma	-10.02007368	-9.26888791
humb	-10.86737154	-11.14069008
humi	-10.48437929	-11.04537990
humm	-11.17752647	-12.75012800
humo	-11.01047239	-12.05698081
hump	-11.27283665	-11.49736503
humu	-13.57542174	-10.95836853
hun	-9.41653866	-8.14495781
huna	-13.57542174	-10.44754290
hund	-10.35654592	-10.49883620
huni	-13.57542174	-10.39875274
hunn	-12.88227456	-8.60699327
hunt	-10.68504999	-13.44327518
hup	-11.49598020	-9.41792349
hupa	-13.57542174	-9.88792711
hupo	-13.57542174	-10.87832582
hur	-9.66339874	-8.91067568
hura	-13.57542174	-9.57207416
huru	-13.57542174	-10.39875274
hus	-10.14143454	-10.14743831
husa	-13.57542174	-10.95836853
hust	-11.78366227	-11.49736503
hut	-10.35654592	-8.49451529
huta	-13.57542174	-10.87832582
huth	-13.57542174	-8.79888428
hutt	-11.09051509	-10.26522135
huu	-13.57542174	-9.55145488
huud	-13.57542174	-10.95836853
huv	-13.57542174	-8.73374497
huva	-13.57542174	-9.25362043
huvi	-13.57542174	-9.75439572
hva	-13.57542174	-8.91067568
hvaa	-13.57542174	-10.73522497
hvam	-13.57542174	-10.39875274
hvas	-13.57542174	-10.44754290
hvat	-13.57542174	-10.87832582
hwa	-10.14143454	-8.94346551
hwaa	-13.57542174	-10.61006183
hwam	-13.57542174	-10.80421785
hwar	-11.27283665	-10.87832582
hwas	-12.47680945	-10.44754290
hwat	-11.96598383	-10.87832582
hway	-11.27283665	-12.34466289
hwo	-11.09051509	-13.44327518
hy$	-9.10951362	-9.94676761
hya	-12.18912738	-6.81523380
hya$	-13.57542174	-9.36573773
hyaa	-13.57542174	-8.61496144
hyak	-13.57542174	-9.36573773
hyam	-13.57542174	-8.37437097
hyan	-13.57542174	-9.28439209
hyap	-13.57542174	-9.57207416
hyar	-12.47680945	-10.04207779
hyas	-13.57542174	-9.53125217
hyat	-13.57542174	-9.22376747
hyav	-13.57542174	-10.14743831
hyay	-13.57542174	-9.63661269
hyd	-9.66339874	-10.55290342
hydr	-9.68360145	-11.14069008
hye	-12.47680945	-10.55290342
hyek	-13.57542174	-10.95836853
hyl	-11.01047239	-11.83383726
hym	-10.63098276	-12.75012800
hyo	-12.47680945	-10.87832582
hyp	-9.34131524	-11.83383726
hype	-10.20812591	-12.75012800
hypn	-11.01047239	-13.44327518
hypo	-10.43992753	-12.34466289
hyr	-11.09051509	-11.49736503
hyro	-11.27283665	-12.05698081
hys	-9.76875925	-11.49736503
hysi	-10.14143454	-11.49736503
hyt	-11.01047239	-13.44327518
hyu	-13.57542174	-10.04207779
ia$	-9.02154485	-8.68110124
iaa	-13.57542174	-10.61006183
iaa$	-13.57542174	-10.73522497
iab	-9.49788430	-12.34466289
iabl	-9.79123211	-12.34466289
iac	-10.17422436	-12.75012800
iacs	-11.01047239	-13.44327518
iag	-10.24321723	-13.44327518
iage	-10.93636441	-13.44327518
iak	-12.47680945	-10.80421785
iakk	-13.57542174	-10.87832582
ial	-7.65652789	-10.04207779
ial$	-8.56478645	-10.39875274
iali	-8.84803392	-11.36383363
iall	-9.41653866	-12.75012800
ials	-9.99190280	-13.44327518
iam	-10.93636441	-9.75439572
iam$	-13.57542174	-10.26522135
ian	-8.30756358	-8.60699327
ian$	-9.34131524	-8.80854619
ianc	-10.43992753	-13.44327518
iani	-10.74220840	-13.44327518
iann	-12.47680945	-11.04537990
ians	-9.62417802	-12.34466289
iant	-10.48437929	-12.34466289
iar	-9.31274187	-11.04537990
iarc	-11.09051509	-13.44327518
iari	-10.07891418	-11.83383726
iary	-10.93636441	-13.44327518
ias	-9.66339874	-12.34466289
ias$	-10.20812591	-13.44327518
iast	-11.09051509	-12.75012800
iat	-7.90899506	-10.87832582
iate	-8.80473712	-13.44327518
iati	-8.88407386	-11.36383363
iato	-10.31732521	-13.44327518
iatr	-10.86737154	-13.44327518
iatu	-11.01047239	-13.44327518
iay	-13.57542174	-9.68207506
iayi	-13.57542174	-10.22439935
ib$	-11.62951159	-11.49736503
iba	-10.57968947	-10.22439935
ibal	-11.01047239	-13.44327518
ibb	-9.79123211	-12.75012800
ibbe	-10.74220840	-13.44327518
ibbl	-10.57968947	-13.44327518
ibe	-9.06456224	-11.36383363
ibe$	-11.01047239	-13.44327518
iber	-9.72527414	-12.05698081
ibes	-10.93636441	-13.44327518
ibh	-13.57542174	-8.79888428
ibha	-13.57542174	-8.82815466
ibi	-9.08678537	-10.80421785
ibil	-9.81422163	-12.05698081
ibin	-11.49598020	-11.65151571
ibit	-10.39736791	-12.34466289
ibl	-8.54498382	-12.05698081
ible	-8.97025156	-12.75012800
ibli	-11.09051509	-13.44327518
ibly	-9.81422163	-13.44327518
ibr	-9.79123211	-10.73522497
ibra	-10.43992753	-11.65151571
ibre	-11.27283665	-11.83383726
ibri	-11.27283665	-11.65151571
ibu	-9.74678035	-11.83383726
ibut	-10.10968584	-13.44327518
ic$	-7.21239364	-8.89998039
ica	-6.94473836	-8.98892788
ica$	-11.49598020	-11.49736503
icab	-10.31732521	-13.44327518
ical	-7.50931365	-10.14743831
ican	-10.48437929	-10.67068645
icar	-11.01047239	-12.75012800
icas	-12.47680945	-11.04537990
icat	-8.11158994	-11.49736503
icay	-12.88227456	-10.95836853
icc	-11.09051509	-8.03162912
icch	-13.57542174	-8.12026520
ice	-8.41063577	-9.88792711
ice$	-9.83775212	-10.87832582
iced	-10.68504999	-13.44327518
icen	-10.24321723	-12.75012800
icer	-10.93636441	-11.24605060
ices	-9.79123211	-13.44327518
ich	-10.02007368	-6.32688103
ich$	-11.96598383	-9.11254184
icha	-12.88227456	-7.61432956
ichc	-13.57542174	-9.30014045
iche	-11.01047239	-9.06124854
ichh	-13.57542174	-9.30014045
ichi	-11.96598383	-7.98795406
icho	-11.37819717	-11.14069008
ichu	-12.47680945	-7.50838098
ici	-7.82602876	-10.49883620
icia	-9.48107718	-12.05698081
icid	-10.20812591	-13.44327518
icie	-10.74220840	-13.44327518
icil	-11.37819717	-12.05698081
icin	-10.57968947	-11.49736503
icio	-10.17422436	-13.44327518
icip	-10.68504999	-13.44327518
icis	-9.48107718	-13.44327518
icit	-9.64359611	-12.75012800
iciz	-10.39736791	-13.44327518
ick	-7.91593953	-10.07597935
ick$	-9.76875925	-11.49736503
icka	-11.49598020	-11.83383726
icke	-8.98030189	-11.24605060
icki	-9.88654229	-12.34466289
ickl	-10.48437929	-13.44327518
icks	-9.96450383	-12.05698081
icky	-11.27283665	-12.34466289
icl	-10.17422436	-13.44327518
icle	-10.35654592	-13.44327518
ico	-9.48107718	-10.55290342
icol	-10.74220840	-12.75012800
icon	-10.86737154	-11.24605060
icq	-13.57542174	-10.87832582
icr	-9.60512983	-10.87832582
icro	-9.64359611	-11.04537990
ics	-8.45145776	-10.39875274
ics$	-8.45742793	-10.61006183
ict	-8.71560934	-10.61006183
ict$	-10.86737154	-12.34466289
icta	-11.09051509	-13.44327518
icte	-11.01047239	-13.44327518
icti	-9.48107718	-13.44327518
icto	-10.93636441	-10.80421785
icu	-9.09808493	-11.83383726
icul	-9.48107718	-13.44327518
icur	-11.27283665	-12.34466289
icy	-10.93636441	-12.75012800
id$	-8.90259291	-8.87892698
ida	-9.34131524	-7.87493067
ida$	-13.57542174	-10.67068645
idaa	-13.57542174	-10.18517864
idak	-13.57542174	-10.61006183
idal	-10.74220840	-11.83383726
idam	-13.57542174	-10.67068645
idan	-12.18912738	-8.95463881
idat	-10.04906122	-9.77971353
iday	-12.18912738	-10.07597935
idd	-9.43228702	-9.18059530
idde	-11.17752647	-11.36383363
iddh	-13.57542174	-9.38283217
iddi	-10.74220840	-12.34466289
iddl	-10.10968584	-13.44327518
ide	-7.60671418	-8.86856420
ide$	-9.15658114	-10.35223272
idea	-10.68504999	-13.44327518
ided	-10.07891418	-12.75012800
idel	-11.01047239	-12.05698081
iden	-9.35591404	-10.80421785
ideo	-10.57968947	-11.49736503
ider	-9.62417802	-12.34466289
ides	-9.14460494	-10.87832582
idey	-13.57542174	-10.04207779
idg	-10.04906122	-11.83383726
idge	-10.24321723	-12.05698081
idh	-12.88227456	-8.14997035
idha	-13.57542174	-9.31614079
idhe	-13.57542174	-9.77971353
idhi	-13.57542174	-9.85975624
idhy	-13.57542174	-9.45429113
idi	-8.53846914	-8.82815466
idic	-11.49598020	-10.11107067
idif	-10.86737154	-13.44327518
idik	-13.57542174	-10.26522135
idin	-10.04906122	-12.75012800
idio	-10.48437929	-11.49736503
idis	-10.48437929	-13.44327518
idit	-10.57968947	-13.44327518
idiy	-13.57542174	-10.61006183
idiz	-10.68504999	-13.44327518
idl	-10.10968584	-13.44327518
idly	-10.43992753	-13.44327518
idn	-10.31732521	-11.04537990
idne	-10.63098276	-11.36383363
ido	-10.20812591	-12.75012800
idr	-13.57542174	-10.55290342
ids	-9.38576700	-11.65151571
ids$	-9.53237048	-11.65151571
idu	-10.20812591	-9.75439572
idua	-10.74220840	-13.44327518
idun	-13.57542174	-10.87832582
idy	-11.17752647	-8.85830770
idya	-13.57542174	-8.92148660
ie$	-9.05363317	-10.39875274
iec	-10.48437929	-12.75012800
iece	-10.57968947	-13.44327518
ied	-8.53199663	-13.44327518
ied$	-8.57147544	-13.44327518
ief	-10.24321723	-13.44327518
iel	-9.62417802	-11.65151571
ield	-9.83775212	-13.44327518
ien	-8.45145776	-10.44754290
ienc	-9.81422163	-12.34466289
iend	-10.53089931	-12.75012800
ienn	-11.01047239	-11.36383363
ient	-9.21871292	-11.65151571
ier	-7.21239364	-12.34466289
ier$	-7.37897762	-13.44327518
iers	-9.53237048	-13.44327518
ies	-6.47374577	-10.14743831
ies$	-6.90086035	-10.30778096
iest	-7.55197415	-13.44327518
iet	-9.58643770	-10.67068645
iet$	-12.18912738	-10.95836853
iety	-11.09051509	-13.44327518
iev	-9.44828736	-12.34466289
ieve	-9.91186010	-13.44327518
iew	-10.35654592	-12.75012800
if$	-11.49598020	-11.65151571
ifa	-11.37819717	-10.39875274
ife	-9.27135665	-11.49736503
ife$	-11.01047239	-11.83383726
ifer	-10.31732521	-13.44327518
ifes	-10.68504999	-12.75012800
iff	-9.02154485	-11.83383726
iff$	-10.93636441	-12.75012800
iffe	-10.27958488	-12.34466289
iffi	-10.74220840	-12.75012800
iffs	-11.09051509	-13.44327518
ifi	-8.03415820	-11.04537990
ific	-8.98030189	-12.05698081
ifie	-8.65544082	-13.44327518
ifl	-10.74220840	-12.34466289
ifle	-11.09051509	-13.44327518
ifo	-10.68504999	-10.87832582
ifor	-11.27283665	-11.24605060
ift	-9.55007005	-12.34466289
ifte	-10.86737154	-13.44327518
ifti	-10.80283302	-13.44327518
ifu	-10.68504999	-12.34466289
iful	-11.27283665	-12.34466289
ify	-8.88407386	-13.44327518
ify$	-9.53237048	-13.44327518
ifyi	-9.60512983	-13.44327518
ig$	-11.17752647	-11.36383363
iga	-8.88407386	-10.22439935
igan	-10.68504999	-10.73522497
igat	-9.56808856	-11.65151571
ige	-9.53237048	-11.65151571
igen	-10.57968947	-12.34466289
iger	-11.01047239	-13.44327518
iges	-10.86737154	-12.75012800
igg	-9.44828736	-13.44327518
igge	-10.43992753	-13.44327518
iggi	-11.09051509	-13.44327518
iggl	-10.43992753	-13.44327518
igh	-7.72321926	-11.24605060
ighb	-10.68504999	-13.44327518
ighe	-11.09051509	-13.44327518
ight	-7.89524913	-12.34466289
igi	-9.21871292	-11.83383726
igib	-10.80283302	-13.44327518
igil	-10.93636441	-12.34466289
igin	-10.80283302	-12.34466289
igio	-11.09051509	-13.44327518
igit	-11.09051509	-13.44327518
igm	-10.31732521	-13.44327518
igma	-10.74220840	-13.44327518
ign	-8.43375819	-11.14069008
ign$	-10.80283302	-12.34466289
igna	-9.96450383	-12.05698081
igne	-10.04906122	-12.75012800
igni	-9.96450383	-12.75012800
ignm	-11.09051509	-13.44327518
igno	-10.43992753	-13.44327518
igo	-10.31732521	-11.14069008
igr	-9.68360145	-11.14069008
igra	-9.96450383	-11.24605060
igs	-10.74220840	-13.44327518
igs$	-11.09051509	-13.44327518
igu	-10.02007368	-11.83383726
igur	-10.53089931	-13.44327518
iha	-12.18912738	-10.22439935
ihaa	-13.57542174	-10.87832582
ii$	-12.88227456	-7.95847824
iia	-13.57542174	-10.07597935
iian	-13.57542174	-10.73522497
iic	-13.57542174	-10.18517864
iid	-13.57542174	-9.55145488
iid$	-13.57542174	-10.44754290
iidi	-13.57542174	-10.80421785
iik	-13.57542174	-9.51144954
iika	-13.57542174	-10.73522497
iiks	-13.57542174	-10.73522497
iil	-13.57542174	-9.31614079
iila	-13.57542174	-10.80421785
iili	-13.57542174	-10.73522497
iill	-13.57542174	-10.95836853
iim	-13.57542174	-10.39875274
iin	-12.18912738	-8.78931483
iin$	-13.57542174	-10.30778096
iina	-13.57542174	-10.39875274
iind	-13.57542174	-10.67068645
iing	-12.18912738	-10.67068645
iini	-13.57542174	-10.67068645
iio	-13.57542174	-10.67068645
iip	-13.57542174	-10.26522135
iip$	-13.57542174	-10.95836853
iir	-13.57542174	-9.47298326
iira	-13.57542174	-10.61006183
iiru	-13.57542174	-10.39875274
iis	-13.57542174	-8.96593836
iis$	-13.57542174	-10.07597935
iish	-13.57542174	-10.35223272
iisi	-13.57542174	-10.95836853
iit	-12.88227456	-9.22376747
iit$	-13.57542174	-10.95836853
iita	-12.88227456	-10.87832582
iiti	-13.57542174	-10.87832582
iiv	-13.57542174	-10.80421785
iiy	-13.57542174	-10.18517864
iiya	-13.57542174	-10.95836853
ija	-11.78366227	-9.70560556
ijay	-13.57542174	-10.07597935
ik$	-12.18912738	-8.81830236
ika	-11.17752647	-6.61132161
ika$	-11.96598383	-8.59124491
ikaa	-13.57542174	-9.16660906
ikal	-13.57542174	-7.32297776
ikam	-13.57542174	-8.96593836
ikan	-13.57542174	-10.44754290
ikar	-13.57542174	-9.28439209
ikas	-12.88227456	-10.04207779
ikav	-13.57542174	-9.94676761
ikay	-13.57542174	-10.04207779
ike	-9.03212696	-10.44754290
ike$	-9.74678035	-12.05698081
iker	-11.17752647	-12.34466289
ikes	-10.86737154	-13.44327518
ikh	-12.47680945	-10.61006183
iki	-10.39736791	-9.43594199
ikin	-10.80283302	-13.44327518
ikit	-12.47680945	-10.35223272
ikk	-13.57542174	-6.05680433
ikk$	-13.57542174	-9.97753927
ikka	-13.57542174	-7.11177333
ikke	-13.57542174	-10.14743831
ikki	-13.57542174	-10.44754290
ikko	-13.57542174	-9.43594199
ikku	-13.57542174	-6.60916644
iko	-13.57542174	-9.72970311
ikoo	-13.57542174	-10.73522497
ikr	-13.57542174	-10.67068645
iks	-12.47680945	-8.89998039
iks$	-12.47680945	-10.35223272
iksh	-13.57542174	-9.40022391
ikt	-12.88227456	-10.73522497
iku	-13.57542174	-9.97753927
iky	-12.88227456	-10.44754290
ikya	-13.57542174	-10.67068645
il$	-9.13277049	-5.94329863
ila	-8.94069275	-7.14065620
ila$	-12.47680945	-9.80568902
ilaa	-13.57542174	-8.20683321
ilab	-10.93636441	-12.34466289
ilad	-11.78366227	-10.49883620
ilak	-13.57542174	-9.61463378
ilam	-12.47680945	-10.87832582
ilan	-10.68504999	-9.12578706
ilap	-12.88227456	-10.55290342
ilar	-11.49598020	-10.55290342
ilat	-9.74678035	-10.30778096
ilav	-13.57542174	-9.63661269
ilay	-12.88227456	-9.40022391
ilb	-10.53089931	-13.44327518
ilc	-11.01047239	-13.44327518
ild	-9.21871292	-11.04537990
ild$	-11.27283665	-11.49736503
ilde	-10.57968947	-13.44327518
ile	-8.11583623	-6.91385634
ile$	-9.53237048	-7.28629619
iled	-9.48107718	-13.44327518
ilee	-12.88227456	-9.94676761
ilek	-13.57542174	-8.66415168
ilen	-11.17752647	-11.04537990
iler	-10.07891418	-12.05698081
iles	-9.88654229	-12.05698081
ilet	-11.49598020	-10.35223272
iley	-12.88227456	-10.55290342
ilf	-10.86737154	-13.44327518
ili	-7.47959718	-8.35567884
ili$	-12.88227456	-10.07597935
ilia	-9.91186010	-11.14069008
ilic	-11.01047239	-10.87832582
ilie	-10.80283302	-12.75012800
ilii	-13.57542174	-10.67068645
ilik	-13.57542174	-10.61006183
ilil	-13.57542174	-10.61006183
ilin	-9.40103447	-10.73522497
ilip	-12.47680945	-10.67068645
ilis	-9.64359611	-12.34466289
ilit	-8.31792637	-11.49736503
iliy	-13.57542174	-10.80421785
iliz	-9.74678035	-12.75012800
ilk	-10.20812591	-9.80568902
ilkk	-13.57542174	-9.91691465
ill	-7.47510279	-7.71642743
ill$	-9.83775212	-11.36383363
illa	-9.25793363	-8.05420345
ille	-9.08678537	-10.07597935
illi	-8.81324781	-9.97753927
illo	-10.17422436	-11.83383726
ills	-9.93783558	-12.75012800
illu	-10.63098276	-11.49736503
illy	-10.80283302	-11.65151571
ilm	-10.86737154	-12.05698081
iln	-12.47680945	-10.61006183
ilni	-13.57542174	-10.61006183
ilo	-9.37072912	-8.80854619
ilo$	-12.88227456	-11.04537990
ilom	-11.78366227	-11.49736503
ilon	-12.18912738	-11.04537990
iloo	-13.57542174	-9.25362043
ilos	-11.01047239	-13.44327518
ilp	-11.62951159	-10.14743831
ilpp	-13.57542174	-10.67068645
ils	-9.15658114	-10.22439935
ils$	-9.28496230	-11.49736503
ilt	-9.44828736	-10.95836853
ilt$	-10.93636441	-13.44327518
ilte	-11.09051509	-13.44327518
ilti	-11.09051509	-13.44327518
iltr	-11.09051509	-13.44327518
ilu	-11.49598020	-7.31422497
ilul	-13.57542174	-9.04882602
ilum	-13.57542174	-7.68122379
ilun	-13.57542174	-10.11107067
iluu	-13.57542174	-10.73522497
ilv	-12.18912738	-10.95836853
ilw	-11.96598383	-11.14069008
ily	-8.61257711	-10.39875274
ily$	-8.61257711	-11.04537990
im$	-10.43992753	-9.55145488
ima	-8.66276686	-8.11055638
ima$	-13.57542174	-10.39875274
imaa	-13.57542174	-9.36573773
imag	-10.53089931	-11.83383726
imak	-13.57542174	-10.55290342
imal	-10.80283302	-10.80421785
iman	-12.18912738	-11.24605060
imar	-11.78366227	-9.88792711
imat	-9.32692650	-11.04537990
imay	-13.57542174	-9.94676761
imb	-9.58643770	-11.24605060
imbe	-10.68504999	-13.44327518
ime	-8.38803594	-10.73522497
ime$	-10.31732521	-11.83383726
imed	-10.86737154	-12.75012800
imel	-11.17752647	-12.34466289
imen	-9.51497873	-12.34466289
imer	-10.80283302	-13.44327518
imes	-10.31732521	-12.34466289
imet	-10.48437929	-13.44327518
img	-13.57542174	-10.44754290
imi	-8.37141506	-9.91691465
imil	-10.74220840	-11.83383726
imin	-9.37072912	-11.36383363
imis	-10.14143454	-12.34466289
imit	-10.27958488	-10.95836853
imiz	-10.53089931	-13.44327518
imm	-8.80473712	-11.83383726
imma	-11.01047239	-12.75012800
imme	-10.07891418	-13.44327518
immi	-10.68504999	-12.75012800
immo	-10.14143454	-13.44327518
immu	-10.43992753	-13.44327518
imo	-9.81422163	-10.67068645
imon	-10.39736791	-13.44327518
imp	-7.78546157	-10.95836853
impa	-10.10968584	-12.75012800
impe	-9.07561207	-11.83383726
impi	-10.48437929	-11.83383726
impl	-9.53237048	-13.44327518
impo	-9.81422163	-13.44327518
impr	-9.68360145	-13.44327518
impu	-10.48437929	-12.75012800
ims	-9.96450383	-11.36383363
ims$	-10.63098276	-11.83383726
imu	-10.14143454	-10.07597935
imuk	-13.57542174	-10.73522497
imul	-10.31732521	-13.44327518
imut	-12.18912738	-11.14069008
in$	-8.31273155	-7.96263625
ina	-7.57153468	-7.76310257
ina$	-10.80283302	-9.57207416
inaa	-13.57542174	-8.95463881
inab	-10.86737154	-11.83383726
inac	-10.63098276	-12.75012800
inad	-11.17752647	-11.24605060
inak	-13.57542174	-10.95836853
inal	-9.31274187	-10.49883620
inam	-12.47680945	-10.30778096
inan	-10.53089931	-10.26522135
inar	-10.20812591	-10.80421785
inat	-8.32314832	-10.67068645
inay	-13.57542174	-10.07597935
inb	-11.01047239	-12.75012800
inc	-7.91593953	-10.95836853
inca	-10.43992753	-13.44327518
ince	-9.86184968	-12.05698081
inch	-10.24321723	-11.65151571
inci	-9.62417802	-12.05698081
incl	-10.80283302	-13.44327518
inco	-9.34131524	-13.44327518
incr	-10.68504999	-13.44327518
inct	-10.48437929	-13.44327518
incu	-10.39736791	-13.44327518
ind	-7.71748859	-8.12026520
ind$	-10.53089931	-11.14069008
inda	-12.88227456	-10.73522497
inde	-9.03212696	-10.67068645
indh	-12.18912738	-10.18517864
indi	-9.01107355	-9.41792349
indl	-10.43992753	-13.44327518
indo	-11.37819717	-10.11107067
indr	-11.78366227	-10.73522497
inds	-10.20812591	-13.44327518
indu	-9.86184968	-10.26522135
indy	-12.88227456	-10.39875274
ine	-6.78307732	-8.21216656
ine$	-8.41063577	-9.09946975
inea	-10.93636441	-12.75012800
ined	-9.10951362	-13.44327518
inee	-11.01047239	-10.00928797
inef	-11.01047239	-13.44327518
inel	-10.86737154	-13.44327518
inen	-10.35654592	-10.95836853
iner	-9.25793363	-12.75012800
ines	-7.56415457	-10.67068645
inet	-10.48437929	-9.83235726
inex	-10.86737154	-13.44327518
inf	-8.48167154	-12.75012800
infa	-10.57968947	-13.44327518
infe	-10.07891418	-13.44327518
infi	-10.35654592	-13.44327518
infl	-9.81422163	-13.44327518
info	-10.53089931	-13.44327518
infu	-10.74220840	-13.44327518
ing	-4.98367782	-8.23926849
ing$	-5.12565123	-8.85830770
inga	-11.49598020	-9.85975624
inge	-8.98030189	-12.75012800
ingh	-11.37819717	-11.65151571
ingi	-10.02007368	-10.95836853
ingl	-8.26715405	-13.44327518
ingo	-11.01047239	-13.44327518
ingr	-11.01047239	-13.44327518
ings	-7.83884945	-12.05698081
ingt	-11.78366227	-10.87832582
ingu	-10.17422436	-11.36383363
inh	-9.83775212	-11.83383726
inha	-10.93636441	-12.05698081
inhe	-10.80283302	-13.44327518
ini	-7.89524913	-8.13997027
ini$	-11.96598383	-10.30778096
inia	-11.17752647	-11.14069008
inic	-11.17752647	-11.36383363
inid	-12.18912738	-10.55290342
inie	-10.86737154	-13.44327518
inii	-13.57542174	-10.95836853
inik	-13.57542174	-10.61006183
inil	-13.57542174	-10.30778096
inim	-10.80283302	-10.00928797
inin	-9.04282225	-11.36383363
inis	-9.38576700	-10.61006183
init	-9.66339874	-11.24605060
iniy	-13.57542174	-10.44754290
iniz	-10.80283302	-13.44327518
inj	-10.74220840	-8.87892698
inj$	-13.57542174	-10.80421785
inja	-12.47680945	-9.80568902
inju	-11.01047239	-10.26522135
ink	-8.60560844	-10.73522497
ink$	-10.86737154	-12.34466289
inke	-10.24321723	-13.44327518
inki	-10.17422436	-12.05698081
inkl	-10.17422436	-13.44327518
inks	-10.53089931	-13.44327518
inl	-10.48437929	-13.44327518
inm	-10.86737154	-11.49736503
inma	-11.49598020	-11.83383726
inn	-8.96030123	-8.29578070
inn$	-12.88227456	-10.04207779
inna	-11.17752647	-9.97753927
inne	-10.02007368	-10.30778096
inni	-10.31732521	-10.11107067
inno	-10.57968947	-11.65151571
innu	-11.96598383	-9.55145488
ino	-8.98030189	-9.70560556
ino$	-11.09051509	-13.44327518
inoc	-11.01047239	-13.44327518
inod	-12.88227456	-10.44754290
inos	-11.17752647	-11.83383726
inou	-10.27958488	-13.44327518
inq	-10.35654592	-12.34466289
inqu	-10.35654592	-13.44327518
inr	-11.96598383	-11.24605060
ins	-7.54955577	-9.70560556
ins$	-8.58498916	-12.75012800
insa	-10.80283302	-12.75012800
inse	-10.02007368	-12.34466289
insi	-10.20812591	-12.75012800
inso	-10.57968947	-12.75012800
insp	-10.39736791	-13.44327518
inst	-9.02154485	-10.39875274
insu	-9.99190280	-12.34466289
int	-7.18350463	-6.92708210
int$	-9.88654229	-11.36383363
inta	-10.74220840	-11.83383726
inte	-7.72898297	-7.09939474
inth	-11.49598020	-9.16660906
inti	-9.51497873	-11.65151571
into	-10.53089931	-11.24605060
intr	-9.83775212	-12.34466289
ints	-10.04906122	-13.44327518
intu	-11.27283665	-12.05698081
inu	-9.60512983	-7.28206785
inu$	-13.57542174	-7.56834445
inua	-11.01047239	-13.44327518
inul	-13.57542174	-10.35223272
inum	-11.96598383	-9.25362043
inus	-12.18912738	-11.04537990
inut	-11.17752647	-12.75012800
inv	-8.90259291	-12.05698081
inva	-10.68504999	-12.05698081
inve	-9.64359611	-13.44327518
invi	-10.39736791	-13.44327518
invo	-10.80283302	-13.44327518
inw	-10.80283302	-13.44327518
iny	-10.68504999	-9.91691465
iny$	-10.80283302	-13.44327518
inya	-13.57542174	-9.94676761
io$	-10.86737154	-10.39875274
ioc	-10.39736791	-13.44327518
iod	-10.63098276	-13.44327518
iog	-10.20812591	-13.44327518
iogr	-10.27958488	-13.44327518
iol	-9.37072912	-10.87832582
iola	-11.01047239	-12.05698081
iole	-11.09051509	-11.83383726
iolo	-10.07891418	-11.83383726
iom	-10.86737154	-13.44327518
ion	-5.90219862	-8.57574073
ion$	-6.55701994	-9.25362043
iona	-8.06199300	-10.11107067
ione	-9.35591404	-12.05698081
ioni	-8.78793000	-11.24605060
ions	-7.19022734	-11.04537990
ioo	-13.57542174	-10.26522135
ioo$	-13.57542174	-10.80421785
iop	-10.68504999	-11.14069008
ior	-9.62417802	-10.95836853
ior$	-11.09051509	-11.14069008
iora	-10.80283302	-13.44327518
iori	-11.09051509	-13.44327518
ios	-9.96450383	-11.83383726
ios$	-10.80283302	-11.83383726
iot	-9.86184968	-11.04537990
ioth	-11.96598383	-11.04537990
ioti	-10.93636441	-13.44327518
iou	-7.98443476	-12.75012800
ious	-7.99947264	-13.44327518
ip$	-9.03212696	-9.97753927
ipa	-9.83775212	-8.92148660
ipaa	-13.57542174	-10.11107067
ipar	-11.78366227	-10.73522497
ipat	-10.27958488	-10.35223272
ipe	-9.21871292	-11.36383363
ipe$	-10.80283302	-13.44327518
iper	-10.48437929	-13.44327518
ipes	-10.68504999	-13.44327518
iph	-10.31732521	-10.00928797
ipha	-11.96598383	-10.67068645
iphe	-10.93636441	-12.34466289
ipi	-10.27958488	-10.67068645
ipl	-9.74678035	-11.14069008
ipla	-12.47680945	-11.14069008
iple	-10.74220840	-13.44327518
ipli	-10.57968947	-13.44327518
ipo	-10.63098276	-11.24605060
ipp	-8.76323739	-7.50310392
ipp$	-13.57542174	-10.39875274
ippa	-11.96598383	-9.70560556
ippe	-9.46454788	-10.67068645
ippi	-9.99190280	-7.91782224
ippl	-10.86737154	-13.44327518
ippo	-11.96598383	-10.49883620
ippu	-13.57542174	-9.85975624
ipr	-10.74220840	-9.53125217
ipra	-13.57542174	-9.53125217
ipro	-11.09051509	-13.44327518
ips	-9.10951362	-13.44327518
ips$	-9.48107718	-13.44327518
ipt	-9.58643770	-10.07597935
ipt$	-11.27283665	-10.73522497
ipti	-10.53089931	-12.75012800
ipu	-11.27283665	-10.73522497
ipur	-12.88227456	-11.04537990
iq$	-13.57542174	-9.91691465
iqa	-13.57542174	-10.44754290
iqu	-9.37072912	-12.75012800
iqua	-11.09051509	-13.44327518
ique	-10.20812591	-12.75012800
iqui	-10.31732521	-13.44327518
ir$	-10.27958488	-10.04207779
ira	-9.56808856	-7.50838098
ira$	-12.88227456	-10.61006183
iraa	-13.57542174	-9.53125217
irac	-11.49598020	-11.24605060
irak	-13.57542174	-9.20916867
iral	-11.62951159	-11.04537990
iram	-13.57542174	-10.26522135
iran	-12.18912738	-8.94346551
iras	-12.47680945	-10.80421785
irat	-10.48437929	-9.61463378
irav	-13.57542174	-10.61006183
iray	-13.57542174	-10.73522497
irb	-10.86737154	-10.44754290
irba	-11.78366227	-11.04537990
irc	-9.20597389	-12.75012800
ircu	-9.53237048	-12.75012800
ird	-9.48107718	-9.83235726
ird$	-10.93636441	-13.44327518
irdd	-13.57542174	-10.61006183
irdh	-12.47680945	-10.73522497
irds	-10.93636441	-13.44327518
ire	-8.21412958	-9.33240131
ire$	-9.72527414	-10.04207779
irec	-10.20812591	-13.44327518
ired	-10.31732521	-13.44327518
iree	-12.47680945	-10.30778096
irel	-11.37819717	-12.05698081
irer	-11.01047239	-13.44327518
ires	-9.64359611	-13.44327518
irg	-11.17752647	-11.14069008
iri	-9.21871292	-7.65331501
iri$	-12.88227456	-10.67068645
iric	-11.49598020	-9.55145488
irid	-12.18912738	-11.24605060
irii	-13.57542174	-10.95836853
irik	-13.57542174	-8.25031833
irin	-10.07891418	-10.44754290
iris	-11.96598383	-11.14069008
irit	-10.93636441	-11.49736503
iriy	-13.57542174	-10.80421785
irk	-10.86737154	-10.61006183
irl	-9.70422073	-12.75012800
irli	-11.09051509	-13.44327518
irm	-9.68360145	-8.72477630
irma	-10.63098276	-11.04537990
irme	-11.09051509	-13.44327518
irmi	-11.17752647	-10.00928797
irmm	-13.57542174	-9.16660906
irn	-11.78366227	-10.26522135
irnn	-13.57542174	-10.67068645
iro	-10.10968584	-9.72970311
irod	-13.57542174	-10.22439935
iron	-10.68504999	-12.75012800
irp	-10.74220840	-10.55290342
irpp	-13.57542174	-10.80421785
irr	-9.18097259	-11.36383363
irre	-9.91186010	-13.44327518
irri	-10.80283302	-12.05698081
irru	-11.09051509	-13.44327518
irs	-9.56808856	-12.05698081
irs$	-10.35654592	-12.34466289
irst	-10.74220840	-12.75012800
irt	-9.40103447	-9.22376747
irth	-10.57968947	-9.63661269
irtt	-12.88227456	-10.26522135
iru	-11.37819717	-6.94048513
irud	-13.57542174	-10.44754290
irum	-13.57542174	-10.00928797
irun	-13.57542174	-7.17987691
irup	-13.57542174	-10.67068645
irus	-11.78366227	-11.24605060
irut	-13.57542174	-10.80421785
iruv	-13.57542174	-9.68207506
irv	-12.88227456	-9.97753927
irva	-13.57542174	-10.39875274
irvv	-13.57542174	-10.95836853
irw	-11.17752647	-12.75012800
iry	-10.86737154	-11.24605060
is$	-8.50024793	-8.56807785
isa	-8.06199300	-9.03655593
isab	-10.86737154	-11.04537990
isam	-12.47680945	-10.67068645
isan	-10.57968947	-11.14069008
isap	-10.63098276	-13.44327518
isar	-10.93636441	-10.49883620
isat	-8.68507261	-11.83383726
isb	-10.48437929	-13.44327518
isc	-8.19552439	-10.87832582
isca	-10.24321723	-13.44327518
isce	-10.80283302	-13.44327518
isch	-11.01047239	-11.36383363
isci	-10.80283302	-13.44327518
isco	-8.94069275	-11.83383726
iscr	-10.39736791	-13.44327518
iscu	-10.93636441	-13.44327518
isd	-10.53089931	-13.44327518
ise	-6.78083516	-10.14743831
ise$	-8.10736160	-12.05698081
isec	-10.53089931	-13.44327518
ised	-8.12010063	-13.44327518
isee	-11.96598383	-10.95836853
isel	-10.74220840	-13.44327518
isem	-10.35654592	-13.44327518
isen	-10.48437929	-13.44327518
iser	-8.98030189	-11.24605060
ises	-8.12438329	-11.83383726
isf	-10.17422436	-13.44327518
isfi	-10.93636441	-13.44327518
isg	-10.24321723	-13.44327518
isgu	-10.86737154	-13.44327518
ish	-7.48864702	-7.12250688
ish$	-8.64816806	-9.49203146
isha	-10.63098276	-8.85830770
ishe	-8.80473712	-9.38283217
ishh	-12.88227456	-9.77971353
ishi	-9.76875925	-9.57207416
ishk	-13.57542174	-10.67068645
ishl	-9.93783558	-12.75012800
ishm	-10.68504999	-13.44327518
ishn	-10.07891418	-9.61463378
isho	-10.68504999	-10.49883620
ishr	-12.88227456	-10.67068645
isht	-11.96598383	-9.41792349
ishu	-13.57542174	-10.26522135
ishv	-13.57542174	-10.00928797
ishw	-12.47680945	-10.04207779
ishy	-12.18912738	-10.11107067
isi	-7.74647613	-9.13921008
isil	-11.96598383	-11.24605060
isin	-8.06603341	-11.14069008
isio	-10.17422436	-10.44754290
isit	-10.04906122	-11.83383726
isk	-9.96450383	-10.73522497
isl	-10.02007368	-10.18517864
isla	-10.74220840	-10.22439935
ism	-7.94420996	-10.35223272
ism$	-8.22356361	-10.95836853
isma	-10.68504999	-11.65151571
ismi	-11.27283665	-12.34466289
isms	-10.20812591	-13.44327518
isn	-11.78366227	-10.80421785
iso	-8.93103084	-10.61006183
isol	-11.01047239	-13.44327518
ison	-10.17422436	-11.49736503
isor	-10.39736791	-12.34466289
isp	-8.89329052	-11.24605060
ispa	-11.09051509	-13.44327518
ispe	-10.27958488	-12.34466289
ispl	-10.93636441	-11.65151571
ispo	-10.74220840	-13.44327518
ispr	-10.68504999	-13.44327518
isq	-10.80283302	-11.83383726
isqu	-10.80283302	-13.44327518
isr	-10.14143454	-10.61006183
isra	-13.57542174	-10.73522497
isre	-10.63098276	-13.44327518
iss	-8.28715471	-9.31614079
iss$	-11.62951159	-10.95836853
issa	-10.57968947	-10.95836853
isse	-9.93783558	-12.05698081
issi	-9.32692650	-10.95836853
isso	-10.24321723	-11.24605060
issu	-10.68504999	-10.87832582
ist	-6.62556529	-7.76995191
ist$	-7.92997485	-9.61463378
ista	-9.91186010	-9.55145488
iste	-8.90259291	-11.36383363
isth	-11.62951159	-8.89998039
isti	-8.65544082	-10.80421785
istl	-10.74220840	-12.75012800
isto	-9.99190280	-11.49736503
istr	-9.16870250	-10.39875274
ists	-7.83884945	-13.44327518
istt	-13.57542174	-9.83235726
istu	-10.74220840	-10.44754290
isu	-10.35654592	-10.95836853
isua	-11.01047239	-13.44327518
it$	-8.76323739	-9.68207506
ita	-7.85510997	-8.63925413
ita$	-11.62951159	-10.80421785
itaa	-13.57542174	-10.87832582
itab	-10.07891418	-12.75012800
itai	-12.88227456	-11.04537990
ital	-9.28496230	-10.73522497
itam	-12.47680945	-11.14069008
itan	-10.24321723	-11.36383363
itar	-9.74678035	-10.55290342
itat	-8.93103084	-11.65151571
itay	-13.57542174	-10.49883620
itc	-9.16870250	-12.75012800
itch	-9.27135665	-12.75012800
ite	-7.71179057	-9.51144954
ite$	-9.24468840	-11.04537990
ited	-9.58643770	-12.34466289
itel	-11.09051509	-13.44327518
iten	-10.53089931	-12.05698081
iter	-9.03212696	-10.67068645
ites	-9.37072912	-13.44327518
ith	-8.89329052	-6.78270003
ith$	-11.09051509	-9.85975624
itha	-13.57542174	-7.67495418
ithe	-9.72527414	-10.14743831
ithi	-11.49598020	-8.44606290
ithm	-11.17752647	-12.34466289
itho	-11.37819717	-11.49736503
ithr	-13.57542174	-8.83810499
iths	-10.93636441	-11.14069008
ithu	-13.57542174	-9.41792349
ithv	-13.57542174	-10.35223272
ithy	-13.57542174	-9.38283217
iti	-7.22453603	-9.02443457
iti$	-12.88227456	-10.49883620
itia	-9.96450383	-13.44327518
itic	-9.46454788	-11.49736503
itie	-8.86589154	-11.65151571
itii	-13.57542174	-10.87832582
itil	-11.62951159	-11.65151571
itim	-10.80283302	-12.34466289
itin	-9.43228702	-11.36383363
itio	-8.64094781	-12.34466289
itis	-9.56808856	-10.87832582
itiv	-9.62417802	-13.44327518
itiz	-10.43992753	-13.44327518
itl	-10.39736791	-11.49736503
itle	-10.93636441	-12.05698081
itm	-11.17752647	-12.34466289
ito	-8.92146139	-10.80421785
itor	-9.55007005	-11.14069008
itou	-10.74220840	-13.44327518
itr	-9.46454788	-8.80854619
itra	-10.43992753	-9.16660906
itre	-11.01047239	-10.67068645
itri	-11.01047239	-11.04537990
itro	-11.27283665	-11.83383726
its	-8.88407386	-10.67068645
its$	-8.90259291	-12.05698081
itsa	-13.57542174	-10.95836853
itt	-8.38803594	-7.22467506
itt$	-12.88227456	-10.30778096
itta	-11.01047239	-8.98892788
itte	-9.01107355	-10.44754290
itth	-13.57542174	-10.49883620
itti	-9.81422163	-9.03655593
ittl	-10.57968947	-12.34466289
ittu	-13.57542174	-7.86732607
itty	-11.96598383	-11.24605060
itu	-8.67758194	-10.22439935
itua	-10.53089931	-13.44327518
itud	-9.79123211	-13.44327518
itur	-10.74220840	-13.44327518
itut	-9.99190280	-11.36383363
ity	-7.56415457	-9.18059530
ity$	-7.56660856	-9.91691465
itya	-13.57542174	-10.44754290
itz	-10.53089931	-12.05698081
ium	-8.89329052	-10.11107067
ium$	-9.20597389	-10.11107067
iums	-10.43992753	-13.44327518
ius	-12.18912738	-10.87832582
ius$	-12.47680945	-11.04537990
iv$	-12.18912738	-10.95836853
iva	-8.70788729	-7.66253166
ivaa	-13.57542174	-9.51144954
ivac	-11.78366227	-11.04537990
ivak	-13.57542174	-10.73522497
ival	-9.99190280	-11.49736503
ivan	-11.27283665	-10.07597935
ivar	-11.78366227	-8.91067568
ivas	-11.96598383	-10.04207779
ivat	-9.51497873	-10.73522497
ivay	-13.57542174	-9.41792349
ive	-7.00734383	-9.13921008
ive$	-7.90554082	-10.87832582
ivec	-13.57542174	-10.87832582
ived	-10.68504999	-11.14069008
ivel	-8.66276686	-11.83383726
iven	-9.25793363	-13.44327518
iver	-9.10951362	-11.04537990
ives	-8.98030189	-11.36383363
ivi	-8.36048599	-9.07382732
ivia	-10.93636441	-13.44327518
ivid	-10.04906122	-9.65908554
ivil	-10.74220840	-13.44327518
ivin	-9.91186010	-11.24605060
ivis	-10.14143454	-11.24605060
ivit	-10.10968584	-11.36383363
ivo	-10.02007368	-11.83383726
ivor	-10.63098276	-12.05698081
ivr	-13.57542174	-10.87832582
ivu	-11.96598383	-10.00928797
ivu$	-13.57542174	-10.67068645
iwa	-11.96598383	-10.95836853
iwi	-11.78366227	-11.49736503
ix$	-10.68504999	-11.36383363
ixe	-10.17422436	-13.44327518
ixes	-11.09051509	-13.44327518
ixi	-10.86737154	-11.83383726
iya	-12.47680945	-6.49918797
iya$	-12.88227456	-8.00085747
iyaa	-13.57542174	-7.73949270
iyak	-12.88227456	-11.04537990
iyal	-13.57542174	-10.67068645
iyam	-13.57542174	-8.94346551
iyan	-13.57542174	-8.54543538
iyap	-13.57542174	-9.77971353
iyar	-13.57542174	-10.18517864
iyat	-13.57542174	-8.91067568
iyav	-13.57542174	-10.18517864
iyay	-13.57542174	-9.31614079
iye	-12.88227456	-8.48043055
iye$	-13.57542174	-9.49203146
iyed	-13.57542174	-10.22439935
iyen	-13.57542174	-10.73522497
iyet	-13.57542174	-10.55290342
iyi	-13.57542174	-7.36563293
iyil	-13.57542174	-7.79430094
iyir	-13.57542174	-9.03655593
iyit	-13.57542174	-9.55145488
iyk	-13.57542174	-10.73522497
iykk	-13.57542174	-10.73522497
iyo	-13.57542174	-8.85830770
iyo$	-13.57542174	-10.26522135
iyoo	-13.57542174	-10.22439935
iyu	-13.57542174	-7.43446199
iyud	-13.57542174	-8.41939466
iyuk	-13.57542174	-10.73522497
iyul	-13.57542174	-10.44754290
iyum	-13.57542174	-8.58346277
iyun	-13.57542174	-9.59312757
iyut	-13.57542174	-9.85975624
iyy	-13.57542174	-10.55290342
iza	-8.57147544	-11.14069008
izab	-11.37819717	-11.49736503
izat	-8.66276686	-12.75012800
ize	-7.06814403	-12.34466289
ize$	-8.27211684	-12.34466289
ized	-8.28211692	-13.44327518
izer	-9.55007005	-13.44327518
izes	-8.27211684	-13.44327518
izh	-13.57542174	-9.77971353
izha	-13.57542174	-10.39875274
izhn	-13.57542174	-10.95836853
izi	-8.29730708	-13.44327518
izin	-8.30242218	-13.44327518
izo	-11.49598020	-11.49736503
izz	-9.72527414	-13.44327518
izze	-11.09051509	-13.44327518
izzl	-10.68504999	-13.44327518
ja$	-12.88227456	-9.43594199
jaa	-13.57542174	-8.49451529
jaak	-13.57542174	-10.87832582
jaan	-13.57542174	-10.39875274
jaar	-13.57542174	-10.30778096
jaat	-13.57542174	-10.35223272
jaav	-13.57542174	-10.14743831
jab	-11.09051509	-11.24605060
jac	-9.76875925	-11.04537990
jack	-9.91186010	-11.83383726
jad	-11.78366227	-10.80421785
jag	-11.78366227	-11.04537990
jai	-11.62951159	-10.30778096
jail	-11.62951159	-11.65151571
jak	-13.57542174	-9.83235726
jaku	-13.57542174	-10.87832582
jal	-12.47680945	-9.31614079
jala	-13.57542174	-9.80568902
jam	-10.68504999	-10.04207779
jama	-12.18912738	-11.14069008
jan	-11.37819717	-8.11055638
jan$	-13.57542174	-10.39875274
jana	-13.57542174	-8.85830770
jang	-11.62951159	-11.49736503
jani	-12.47680945	-10.44754290
janm	-13.57542174	-10.35223272
jant	-13.57542174	-10.87832582
janu	-13.57542174	-10.87832582
jap	-11.78366227	-10.55290342
jar	-11.62951159	-9.12578706
jar$	-12.47680945	-10.95836853
jara	-13.57542174	-10.07597935
jari	-13.57542174	-10.95836853
jas	-12.47680945	-10.26522135
jast	-13.57542174	-10.73522497
jat	-12.88227456	-10.39875274
jath	-13.57542174	-10.61006183
jav	-12.47680945	-9.68207506
java	-12.88227456	-10.00928797
jaw	-11.27283665	-11.36383363
jay	-11.09051509	-8.73374497
jaya	-13.57542174	-9.22376747
jayi	-13.57542174	-10.18517864
jch	-13.57542174	-10.44754290
jcha	-13.57542174	-10.80421785
jec	-9.64359611	-11.04537990
ject	-9.64359611	-11.14069008
jed	-13.57542174	-9.83235726
jedu	-13.57542174	-9.88792711
jee	-12.18912738	-8.53800040
jeev	-13.57542174	-8.79888428
jel	-11.62951159	-11.24605060
jer	-10.93636441	-10.61006183
jes	-11.37819717	-12.05698081
jet	-10.93636441	-10.95836853
jew	-11.01047239	-13.44327518
jewe	-11.01047239	-13.44327518
ji$	-11.96598383	-10.14743831
jic	-13.57542174	-10.95836853
jich	-13.57542174	-10.95836853
jig	-11.09051509	-13.44327518
jii	-13.57542174	-10.49883620
jik	-13.57542174	-10.95836853
jikk	-13.57542174	-10.95836853
jil	-12.18912738	-9.75439572
jill	-13.57542174	-10.67068645
jin	-10.86737154	-10.18517864
jir	-13.57542174	-10.87832582
jis	-12.88227456	-10.95836853
jist	-13.57542174	-10.95836853
jit	-11.17752647	-10.22439935
jitt	-11.62951159	-10.95836853
jiv	-12.18912738	-10.95836853
jiy	-13.57542174	-10.87832582
jja	-13.57542174	-9.94676761
jje	-12.88227456	-10.87832582
jju	-13.57542174	-10.87832582
jnj	-13.57542174	-10.14743831
jnja	-13.57542174	-10.14743831
joh	-11.49598020	-11.83383726
john	-11.49598020	-11.83383726
joi	-10.07891418	-12.34466289
join	-10.20812591	-13.44327518
jol	-11.01047239	-10.14743831
joli	-12.88227456	-10.26522135
jon	-12.88227456	-10.95836853
joo	-13.57542174	-9.59312757
jool	-13.57542174	-10.80421785
jor	-11.01047239	-10.73522497
jord	-12.47680945	-10.95836853
jou	-10.04906122	-12.34466289
jour	-10.74220840	-12.34466289
joy	-10.53089931	-13.44327518
ju$	-13.57542174	-9.12578706
jub	-12.18912738	-11.14069008
jud	-9.70422073	-10.61006183
judg	-10.39736791	-12.75012800
judi	-10.48437929	-11.83383726
jug	-10.53089931	-13.44327518
jul	-12.18912738	-10.26522135
jum	-11.01047239	-12.05698081
jun	-9.99190280	-10.26522135
junc	-10.63098276	-12.34466289
junk	-11.09051509	-13.44327518
jur	-9.88654229	-11.65151571
jure	-10.80283302	-13.44327518
jus	-10.27958488	-11.65151571
just	-10.27958488	-11.65151571
jut	-11.62951159	-11.65151571
juu	-13.57542174	-10.26522135
juul	-13.57542174	-10.80421785
jya	-13.57542174	-9.04882602
jyam	-13.57542174	-10.87832582
jyan	-13.57542174	-10.07597935
jyat	-13.57542174	-10.30778096
jyo	-13.57542174	-10.67068645
jyot	-13.57542174	-10.80421785
ka$	-11.27283665	-7.57964400
kaa	-12.88227456	-6.19833363
kaa$	-12.88227456	-10.44754290
kaad	-13.57542174	-9.88792711
kaak	-13.57542174	-10.87832582
kaal	-13.57542174	-7.91384609
kaam	-13.57542174	-9.61463378
kaan	-13.57542174	-7.60554473
kaar	-13.57542174	-7.35650045
kaas	-13.57542174	-9.04882602
kaat	-13.57542174	-9.22376747
kaav	-13.57542174	-9.77971353
kaay	-13.57542174	-9.61463378
kab	-10.17422436	-10.39875274
kabl	-10.35654592	-13.44327518
kad	-11.01047239	-8.34340875
kada	-12.47680945	-8.97736706
kade	-11.27283665	-11.36383363
kadh	-13.57542174	-9.94676761
kadi	-13.57542174	-10.39875274
kadu	-13.57542174	-10.80421785
kae	-12.88227456	-10.49883620
kag	-10.74220840	-11.65151571
kage	-10.93636441	-13.44327518
kai	-12.47680945	-9.43594199
kaiy	-13.57542174	-10.87832582
kak	-13.57542174	-9.65908554
kaka	-13.57542174	-10.55290342
kaks	-13.57542174	-10.87832582
kal	-10.86737154	-6.01553634
kal$	-12.88227456	-7.04468024
kala	-13.57542174	-8.03610340
kale	-12.88227456	-8.84815533
kali	-11.27283665	-7.87112114
kalk	-13.57542174	-8.60699327
kall	-13.57542174	-10.55290342
kalo	-12.47680945	-10.80421785
kalp	-13.57542174	-10.39875274
kalu	-13.57542174	-7.63213418
kam	-12.47680945	-7.57115739
kam$	-13.57542174	-8.68110124
kama	-12.88227456	-8.59124491
kamb	-13.57542174	-10.11107067
kamm	-13.57542174	-10.04207779
kamp	-13.57542174	-10.35223272
kan	-12.18912738	-7.22866708
kan$	-13.57542174	-8.69834305
kana	-12.47680945	-8.52329425
kand	-13.57542174	-9.40022391
kang	-13.57542174	-9.85975624
kani	-13.57542174	-10.30778096
kanm	-13.57542174	-10.39875274
kann	-13.57542174	-9.61463378
kanu	-13.57542174	-9.70560556
kap	-12.88227456	-8.51602149
kape	-13.57542174	-10.80421785
kapp	-13.57542174	-8.67259055
kar	-10.68504999	-6.80601714
kar$	-13.57542174	-9.28439209
kara	-11.78366227	-8.08198301
kare	-13.57542174	-10.44754290
kari	-13.57542174	-7.90594091
kark	-13.57542174	-10.39875274
karm	-12.47680945	-11.04537990
kars	-13.57542174	-9.88792711
kart	-12.88227456	-9.91691465
karu	-13.57542174	-9.31614079
kary	-12.18912738	-10.22439935
kas	-11.37819717	-8.77044634
kasa	-13.57542174	-10.11107067
kash	-13.57542174	-9.57207416
kasi	-13.57542174	-10.80421785
kat	-10.63098276	-7.78379296
kata	-12.88227456	-11.04537990
kath	-13.57542174	-8.18577980
katt	-13.57542174	-9.13921008
kau	-13.57542174	-10.26522135
kaun	-13.57542174	-10.80421785
kav	-13.57542174	-8.51602149
kava	-13.57542174	-10.61006183
kavi	-13.57542174	-9.30014045
kavu	-13.57542174	-9.57207416
kay	-11.62951159	-7.37484959
kaya	-12.47680945	-9.01245838
kayi	-12.88227456	-9.65908554
kayo	-12.47680945	-11.04537990
kayu	-13.57542174	-7.80492051
kaz	-12.47680945	-9.03655593
kazh	-13.57542174	-9.03655593
kba	-11.17752647	-12.34466289
kbo	-10.93636441	-13.44327518
kch	-11.62951159	-11.49736503
kda	-11.62951159	-11.49736503
ke$	-8.86589154	-9.61463378
kea	-11.78366227	-11.24605060
ked	-8.10736160	-10.04207779
ked$	-8.16377569	-12.75012800
kedu	-13.57542174	-10.73522497
kee	-9.70422073	-8.98892788
kee$	-13.57542174	-10.80421785
keel	-11.49598020	-11.65151571
keen	-11.78366227	-11.49736503
keep	-10.07891418	-11.83383726
keer	-13.57542174	-10.49883620
keez	-13.57542174	-10.61006183
kel	-10.17422436	-10.07597935
ken	-9.05363317	-9.15281573
ken$	-10.07891418	-12.75012800
kend	-11.62951159	-9.41792349
kene	-10.74220840	-13.44327518
keni	-11.09051509	-11.65151571
kens	-10.80283302	-13.44327518
kep	-11.96598383	-11.04537990
ker	-7.82602876	-9.80568902
ker$	-8.63377932	-10.95836853
kera	-12.47680945	-10.44754290
kere	-10.63098276	-13.44327518
keri	-10.74220840	-12.75012800
kers	-8.76323739	-12.75012800
kes	-8.94069275	-10.35223272
kes$	-9.24468840	-13.44327518
kesh	-12.47680945	-10.95836853
kest	-10.63098276	-13.44327518
ket	-8.82183155	-9.00062392
ket$	-10.27958488	-11.04537990
ketc	-10.80283302	-13.44327518
kete	-10.57968947	-13.44327518
keth	-13.57542174	-10.44754290
kets	-10.39736791	-13.44327518
kett	-12.18912738	-9.51144954
kew	-11.01047239	-12.34466289
key	-9.62417802	-10.67068645
key$	-11.09051509	-11.65151571
kha	-11.17752647	-7.87875477
khaa	-13.57542174	-10.61006183
khad	-13.57542174	-10.80421785
khak	-12.88227456	-10.44754290
khal	-13.57542174	-9.72970311
kham	-12.88227456	-10.26522135
khan	-11.37819717	-9.63661269
khap	-13.57542174	-10.61006183
khar	-13.57542174	-9.94676761
khat	-13.57542174	-9.94676761
khay	-13.57542174	-10.95836853
khe	-11.27283665	-11.49736503
kho	-11.17752647	-11.83383726
khu	-13.57542174	-10.80421785
khy	-13.57542174	-9.12578706
khya	-13.57542174	-9.12578706
ki$	-11.78366227	-8.57574073
kib	-10.80283302	-13.44327518
kic	-10.68504999	-11.04537990
kick	-10.68504999	-13.44327518
kid	-10.57968947	-9.68207506
kida	-13.57542174	-9.85975624
kie	-8.79629825	-12.34466289
kie$	-11.01047239	-13.44327518
kier	-9.79123211	-12.34466289
kies	-9.44828736	-13.44327518
kii	-13.57542174	-9.91691465
kii$	-13.57542174	-10.87832582
kik	-12.88227456	-10.95836853
kil	-9.44828736	-8.40632257
kil$	-13.57542174	-9.77971353
kile	-13.57542174	-10.80421785
kill	-10.43992753	-10.80421785
kilo	-10.57968947	-11.04537990
kilu	-13.57542174	-9.31614079
kily	-10.86737154	-12.75012800
kim	-10.93636441	-11.36383363
kin	-7.52568829	-9.26888791
kin$	-10.53089931	-11.36383363
kind	-10.35654592	-11.83383726
kine	-9.93783558	-13.44327518
king	-7.86499473	-10.67068645
kins	-10.57968947	-12.34466289
kint	-12.18912738	-10.95836853
kinu	-13.57542174	-10.73522497
kip	-11.09051509	-11.83383726
kir	-10.93636441	-10.87832582
kis	-10.24321723	-10.07597935
kish	-10.80283302	-12.34466289
kist	-12.47680945	-10.39875274
kit	-10.43992753	-9.41792349
kits	-11.78366227	-11.04537990
kitt	-11.27283665	-10.11107067
kiy	-12.88227456	-8.74279481
kiya	-12.88227456	-9.51144954
kiyi	-13.57542174	-9.61463378
kiz	-13.57542174	-10.73522497
kizh	-13.57542174	-10.73522497
kk$	-13.57542174	-8.00085747
kka	-12.47680945	-6.23986965
kka$	-13.57542174	-10.26522135
kkaa	-12.88227456	-7.19137129
kkad	-13.57542174	-9.91691465
kkal	-13.57542174	-8.09141704
kkam	-13.57542174	-9.53125217
kkan	-13.57542174	-8.20152816
kkap	-13.57542174	-8.70707673
kkar	-13.57542174	-8.83810499
kkat	-13.57542174	-9.13921008
kkay	-13.57542174	-10.11107067
kke	-11.78366227	-8.97736706
kke$	-13.57542174	-10.07597935
kken	-13.57542174	-10.95836853
kket	-13.57542174	-10.49883620
kki	-12.88227456	-7.92582228
kki$	-13.57542174	-8.98892788
kkid	-13.57542174	-10.73522497
kkil	-13.57542174	-9.85975624
kkin	-12.88227456	-10.30778096
kkiy	-13.57542174	-9.18059530
kko	-13.57542174	-8.68968498
kkod	-13.57542174	-10.87832582
kkol	-13.57542174	-10.49883620
kkon	-13.57542174	-10.30778096
kkoo	-13.57542174	-9.83235726
kku	-13.57542174	-5.96397554
kku$	-13.57542174	-7.33180784
kkuk	-13.57542174	-7.79078600
kkul	-13.57542174	-10.22439935
kkum	-13.57542174	-8.28998358
kkun	-13.57542174	-6.84749466
kkur	-13.57542174	-9.65908554
kkuv	-13.57542174	-9.91691465
kla	-11.17752647	-9.83235726
klas	-12.47680945	-11.04537990
kle	-9.09808493	-11.24605060
kle$	-10.39736791	-12.75012800
kled	-10.63098276	-13.44327518
kles	-10.20812591	-13.44327518
kli	-9.76875925	-10.49883620
klin	-10.17422436	-12.34466289
klo	-11.49598020	-11.83383726
kly	-10.57968947	-13.44327518
kly$	-10.57968947	-13.44327518
kma	-10.57968947	-13.44327518
kna	-11.09051509	-11.83383726
kne	-10.04906122	-13.44327518
knes	-10.63098276	-13.44327518
kni	-10.20812591	-12.34466289
kno	-9.74678035	-10.87832582
know	-10.48437929	-12.05698081
ko$	-11.96598383	-10.30778096
koc	-12.47680945	-10.55290342
koch	-13.57542174	-10.80421785
kod	-13.57542174	-9.00062392
koda	-13.57542174	-10.55290342
kode	-13.57542174	-10.95836853
kodi	-13.57542174	-10.87832582
kodu	-13.57542174	-9.72970311
kol	-11.49598020	-8.62299361
kola	-12.47680945	-9.85975624
kole	-13.57542174	-10.73522497
koll	-13.57542174	-9.55145488
kom	-13.57542174	-10.22439935
kon	-11.78366227	-8.42599534
kond	-13.57542174	-8.83810499
konn	-13.57542174	-10.55290342
koo	-11.78366227	-7.70670288
koo$	-13.57542174	-10.44754290
kood	-13.57542174	-8.96593836
kool	-13.57542174	-9.97753927
koom	-13.57542174	-10.87832582
koor	-13.57542174	-9.85975624
koot	-13.57542174	-8.79888428
kop	-12.88227456	-10.49883620
kor	-12.18912738	-10.49883620
kos	-11.62951159	-11.24605060
kot	-13.57542174	-9.28439209
kott	-13.57542174	-9.47298326
kou	-10.80283302	-11.36383363
kout	-10.80283302	-13.44327518
kov	-12.88227456	-10.61006183
kovi	-13.57542174	-10.61006183
koz	-13.57542174	-10.49883620
kozh	-13.57542174	-10.49883620
kra	-11.17752647	-8.48744812
kram	-13.57542174	-9.08656635
krat	-12.88227456	-10.49883620
krav	-13.57542174	-10.35223272
kre	-13.57542174	-10.95836853
kri	-12.88227456	-8.17541702
kris	-13.57542174	-8.94346551
krit	-13.57542174	-9.12578706
kriy	-13.57542174	-10.61006183
kro	-10.86737154	-10.26522135
kroo	-11.37819717	-11.24605060
kru	-11.62951159	-8.77044634
krus	-13.57542174	-10.00928797
krut	-13.57542174	-9.28439209
ks$	-7.74647613	-9.12578706
ksa	-11.78366227	-10.00928797
ksaa	-13.57542174	-10.87832582
ksh	-10.93636441	-7.28841708
ksha	-12.18912738	-8.14495781
kshe	-12.18912738	-9.30014045
kshi	-12.88227456	-8.48744812
kshm	-13.57542174	-10.44754290
ksho	-11.62951159	-11.24605060
kshy	-13.57542174	-10.22439935
ksi	-11.96598383	-9.85975624
ksis	-13.57542174	-10.87832582
kst	-10.17422436	-11.83383726
kta	-11.78366227	-10.49883620
ktar	-13.57542174	-10.49883620
kth	-12.47680945	-8.53800040
ktha	-13.57542174	-9.01245838
kthi	-13.57542174	-9.63661269
kto	-11.37819717	-10.44754290
ku$	-13.57542174	-7.26533106
kud	-12.88227456	-8.85830770
kuda	-13.57542174	-10.49883620
kudi	-13.57542174	-9.88792711
kudu	-13.57542174	-9.63661269
kuk	-13.57542174	-7.69707199
kuka	-13.57542174	-7.71969007
kul	-10.80283302	-9.12578706
kula	-13.57542174	-9.55145488
kull	-11.62951159	-10.49883620
kum	-12.88227456	-7.96681162
kum$	-12.88227456	-8.56047325
kuma	-13.57542174	-9.75439572
kumb	-13.57542174	-10.07597935
kump	-13.57542174	-10.49883620
kun	-11.96598383	-6.67708346
kuna	-13.57542174	-10.87832582
kunj	-13.57542174	-10.49883620
kunn	-13.57542174	-6.73397084
kup	-10.80283302	-10.73522497
kur	-13.57542174	-8.43932887
kura	-13.57542174	-9.36573773
kure	-13.57542174	-10.80421785
kuri	-13.57542174	-9.65908554
kuru	-13.57542174	-10.49883620
kut	-13.57542174	-8.45966855
kuth	-13.57542174	-10.14743831
kutt	-13.57542174	-8.68110124
kuu	-13.57542174	-10.26522135
kuv	-13.57542174	-9.72970311
kuva	-13.57542174	-9.72970311
kuz	-13.57542174	-10.73522497
kuzh	-13.57542174	-10.73522497
kwa	-10.93636441	-11.83383726
ky$	-9.41653866	-10.87832582
kya	-11.49598020	-9.40022391
kyaa	-13.57542174	-10.49883620
kyam	-13.57542174	-10.80421785
kyan	-13.57542174	-10.80421785
kyu	-13.57542174	-10.73522497
la$	-9.74678035	-6.82053885
laa	-12.18912738	-6.97713045
laa$	-13.57542174	-9.97753927
laak	-13.57542174	-9.45429113
laal	-13.57542174	-9.88792711
laam	-12.18912738	-9.41792349
laan	-13.57542174	-8.21752850
laar	-13.57542174	-10.67068645
laas	-13.57542174	-9.77971353
laat	-13.57542174	-9.47298326
laav	-13.57542174	-9.77971353
laay	-13.57542174	-8.75192729
lab	-8.69261982	-8.75192729
laba	-12.18912738	-10.49883620
labb	-11.37819717	-11.24605060
labe	-11.09051509	-12.05698081
labh	-13.57542174	-9.23858256
labi	-10.39736791	-12.75012800
labl	-10.17422436	-13.44327518
labo	-9.91186010	-11.83383726
lac	-8.45145776	-9.19477993
lace	-9.64359611	-12.75012800
lach	-12.18912738	-9.47298326
laci	-10.43992753	-13.44327518
lack	-9.46454788	-11.83383726
lact	-10.86737154	-12.75012800
lad	-9.31274187	-9.94676761
ladd	-10.93636441	-13.44327518
lade	-10.68504999	-11.65151571
ladh	-13.57542174	-10.73522497
ladi	-10.93636441	-11.65151571
lady	-11.62951159	-11.65151571
lae	-11.27283665	-10.35223272
lag	-9.20597389	-10.11107067
lage	-10.27958488	-12.34466289
lagh	-12.47680945	-10.49883620
lagi	-10.74220840	-12.05698081
lah	-11.78366227	-10.55290342
laha	-13.57542174	-10.95836853
lai	-9.19339511	-9.18059530
laim	-10.14143454	-12.05698081
lain	-10.07891418	-10.55290342
laj	-13.57542174	-10.61006183
laji	-13.57542174	-10.95836853
lak	-10.86737154	-7.89809773
laka	-13.57542174	-9.03655593
lakh	-13.57542174	-10.67068645
lakk	-13.57542174	-9.18059530
laks	-13.57542174	-9.38283217
lal	-11.78366227	-10.07597935
lali	-13.57542174	-10.55290342
lam	-8.61257711	-7.53519224
lam$	-12.47680945	-8.02717477
lama	-11.27283665	-9.22376747
lamb	-10.48437929	-10.55290342
lame	-10.07891418	-10.80421785
lami	-10.68504999	-10.95836853
lamm	-10.86737154	-12.75012800
lamo	-10.57968947	-12.05698081
lamp	-10.57968947	-11.83383726
lamu	-12.47680945	-10.49883620
lan	-7.80087020	-7.75291572
lan$	-12.18912738	-10.35223272
lana	-11.78366227	-9.63661269
lanc	-9.74678035	-11.83383726
land	-8.91198265	-10.00928797
lane	-10.31732521	-13.44327518
lang	-10.39736791	-9.63661269
lani	-11.96598383	-9.45429113
lanj	-13.57542174	-10.87832582
lank	-10.17422436	-11.04537990
lann	-11.62951159	-11.24605060
lans	-11.62951159	-11.36383363
lant	-9.40103447	-10.22439935
lanu	-13.57542174	-9.85975624
lap	-9.46454788	-8.88939828
lapa	-12.47680945	-10.18517864
lapp	-10.68504999	-9.55145488
laps	-10.63098276	-13.44327518
laq	-12.47680945	-11.04537990
lar	-8.03415820	-8.45284259
lar$	-9.53237048	-10.14743831
lara	-11.49598020	-10.67068645
lard	-10.63098276	-13.44327518
lare	-11.09051509	-10.80421785
larg	-10.93636441	-13.44327518
lari	-9.01107355	-10.80421785
lark	-11.37819717	-11.49736503
larn	-12.18912738	-10.80421785
lars	-10.74220840	-12.75012800
lart	-13.57542174	-9.97753927
lary	-11.37819717	-11.14069008
las	-8.29730708	-8.64748463
las$	-10.14143454	-10.67068645
lasa	-12.18912738	-10.44754290
lash	-9.99190280	-10.73522497
lasp	-10.80283302	-13.44327518
lass	-9.56808856	-10.04207779
last	-9.76875925	-10.18517864
lat	-7.13927137	-7.59395040
lata	-10.43992753	-12.05698081
latc	-11.09051509	-13.44327518
late	-8.02634566	-12.75012800
lath	-11.01047239	-7.82650408
lati	-8.24754557	-12.05698081
lato	-9.66339874	-13.44327518
latt	-10.17422436	-9.30014045
lau	-9.51497873	-10.44754290
laud	-11.27283665	-12.34466289
laug	-11.01047239	-12.75012800
laun	-10.63098276	-12.34466289
lav	-9.68360145	-8.34952498
lava	-11.78366227	-9.04882602
lave	-10.63098276	-10.35223272
lavi	-10.93636441	-10.11107067
lavo	-11.09051509	-12.75012800
lavu	-13.57542174	-10.04207779
law	-9.96450383	-12.05698081
lax	-10.80283302	-12.34466289
lay	-8.83922329	-7.71642743
lay$	-10.63098276	-11.83383726
laya	-11.62951159	-8.59908809
laye	-10.35654592	-11.36383363
layi	-10.74220840	-8.89998039
layk	-13.57542174	-10.67068645
layo	-11.62951159	-11.36383363
lays	-10.80283302	-11.04537990
layu	-12.88227456	-9.70560556
laz	-10.39736791	-11.83383726
lba	-10.86737154	-11.36383363
lbo	-10.35654592	-13.44327518
lca	-10.39736791	-13.44327518
lch	-9.96450383	-12.34466289
lche	-10.63098276	-13.44327518
lci	-11.09051509	-13.44327518
lco	-10.68504999	-13.44327518
lcu	-10.53089931	-11.65151571
lcul	-10.57968947	-13.44327518
ld$	-9.40103447	-10.14743831
lda	-12.47680945	-11.04537990
lde	-8.90259291	-11.49736503
lded	-11.09051509	-13.44327518
lden	-11.37819717	-12.05698081
lder	-9.24468840	-13.44327518
ldf	-11.09051509	-13.44327518
ldi	-9.66339874	-13.44327518
ldie	-11.09051509	-13.44327518
ldin	-10.02007368	-13.44327518
ldl	-11.09051509	-13.44327518
ldo	-10.74220840	-13.44327518
ldr	-11.01047239	-12.34466289
lds	-9.55007005	-13.44327518
lds$	-9.62417802	-13.44327518
le$	-6.77080722	-6.91385634
lea	-8.14607611	-10.22439935
lead	-10.93636441	-13.44327518
leaf	-11.01047239	-13.44327518
leag	-11.62951159	-11.65151571
leak	-11.17752647	-12.75012800
lean	-9.96450383	-11.36383363
lear	-9.86184968	-12.34466289
leas	-9.88654229	-12.05698081
leat	-10.63098276	-13.44327518
leav	-10.80283302	-13.44327518
leb	-10.02007368	-11.83383726
lebr	-10.93636441	-13.44327518
lec	-8.45145776	-11.04537990
leco	-11.37819717	-12.05698081
lect	-8.66276686	-11.83383726
led	-7.29128758	-11.14069008
led$	-7.38305925	-12.75012800
ledg	-10.43992753	-13.44327518
ledo	-11.09051509	-13.44327518
lee	-9.25793363	-8.30161162
lee$	-12.88227456	-9.83235726
leec	-11.09051509	-13.44327518
leed	-11.78366227	-11.49736503
leek	-11.96598383	-9.77971353
leen	-12.88227456	-10.49883620
leep	-10.31732521	-10.95836853
lees	-12.18912738	-10.44754290
leet	-11.17752647	-11.83383726
lef	-10.17422436	-12.75012800
left	-11.01047239	-13.44327518
leg	-8.67758194	-10.55290342
lega	-10.14143454	-13.44327518
lege	-11.01047239	-11.83383726
legg	-10.93636441	-13.44327518
legi	-9.74678035	-11.14069008
legr	-11.01047239	-12.34466289
leh	-11.09051509	-13.44327518
lei	-10.24321723	-10.95836853
lej	-12.88227456	-10.39875274
leji	-13.57542174	-10.87832582
lek	-12.88227456	-8.52329425
lekk	-13.57542174	-8.67259055
lel	-10.43992753	-11.14069008
lem	-8.99045426	-10.80421785
lema	-11.01047239	-12.75012800
leme	-9.64359611	-12.34466289
lemi	-11.49598020	-11.24605060
lemn	-10.80283302	-13.44327518
len	-8.37692471	-9.57207416
lenc	-10.02007368	-12.05698081
lend	-10.17422436	-11.24605060
lene	-10.10968584	-12.34466289
leng	-11.09051509	-12.05698081
leni	-11.09051509	-11.65151571
lenn	-12.47680945	-10.67068645
lent	-9.76875925	-12.34466289
leo	-10.27958488	-12.34466289
lep	-9.91186010	-11.36383363
leph	-11.09051509	-11.65151571
ler	-7.62477919	-10.49883620
ler$	-8.47555532	-11.14069008
lera	-10.48437929	-12.75012800
leri	-10.48437929	-12.75012800
lers	-8.64094781	-13.44327518
lery	-11.17752647	-12.34466289
les	-6.88457947	-9.77971353
les$	-7.52098240	-11.04537990
lesc	-10.57968947	-13.44327518
lesh	-10.68504999	-11.04537990
less	-7.98817308	-13.44327518
lest	-9.79123211	-11.49736503
let	-8.29221801	-9.94676761
let$	-9.83775212	-12.05698081
lete	-10.10968584	-13.44327518
leth	-11.78366227	-10.44754290
leti	-10.57968947	-12.34466289
lets	-9.76875925	-13.44327518
lett	-10.39736791	-11.49736503
leu	-10.80283302	-10.95836853
lev	-9.46454788	-10.67068645
leva	-11.17752647	-12.75012800
leve	-10.24321723	-12.75012800
levi	-10.63098276	-11.14069008
lew	-10.43992753	-11.04537990
lewi	-11.96598383	-11.36383363
lex	-9.74678035	-11.36383363
lexi	-10.20812591	-12.34466289
ley	-10.48437929	-9.06124854
ley$	-11.49598020	-10.67068645
leya	-13.57542174	-10.73522497
leyu	-13.57542174	-9.72970311
lf$	-10.86737154	-12.34466289
lfi	-10.20812591	-12.75012800
lfis	-11.09051509	-13.44327518
lfu	-10.57968947	-13.44327518
lful	-10.86737154	-13.44327518
lga	-10.10968584	-12.75012800
lgar	-10.93636441	-13.44327518
lgat	-11.09051509	-13.44327518
lge	-10.63098276	-13.44327518
lgi	-11.01047239	-13.44327518
lhi	-13.57542174	-10.67068645
lho	-11.09051509	-13.44327518
li$	-10.80283302	-8.32528136
lia	-8.78793000	-9.65908554
lia$	-10.93636441	-12.05698081
liam	-12.47680945	-10.55290342
lian	-10.14143454	-10.44754290
liar	-11.01047239	-13.44327518
liat	-9.86184968	-13.44327518
lib	-9.27135665	-11.65151571
libe	-9.93783558	-12.34466289
libr	-10.80283302	-13.44327518
lic	-8.06603341	-8.76114395
lic$	-10.17422436	-11.65151571
lica	-9.25793363	-11.83383726
lice	-10.31732521	-10.95836853
lich	-12.47680945	-9.23858256
lici	-9.51497873	-11.83383726
lick	-10.43992753	-11.65151571
lico	-11.49598020	-11.83383726
lics	-11.09051509	-12.05698081
lid	-9.28496230	-10.14743831
lid$	-11.27283665	-11.24605060
lida	-10.80283302	-10.87832582
lide	-10.27958488	-12.34466289
lie	-7.95865065	-10.87832582
lie$	-11.49598020	-11.36383363
lied	-10.86737154	-13.44327518
lien	-10.48437929	-11.65151571
lier	-9.08678537	-13.44327518
lies	-8.85692287	-13.44327518
liev	-10.53089931	-13.44327518
lif	-9.15658114	-10.55290342
life	-10.35654592	-12.75012800
lifi	-10.39736791	-13.44327518
lifo	-12.88227456	-10.87832582
lift	-11.09051509	-13.44327518
lify	-10.86737154	-13.44327518
lig	-8.36593559	-11.24605060
liga	-10.24321723	-12.75012800
lige	-10.80283302	-12.34466289
ligh	-9.02154485	-12.34466289
ligi	-10.53089931	-12.75012800
lign	-10.63098276	-13.44327518
lii	-13.57542174	-8.96593836
lii$	-13.57542174	-9.94676761
lik	-9.44828736	-8.26712544
lika	-11.96598383	-9.19477993
like	-9.55007005	-12.05698081
likk	-13.57542174	-9.00062392
lil	-10.53089931	-7.05303451
lil$	-13.57542174	-7.55995279
lila	-12.88227456	-9.91691465
lile	-13.57542174	-8.92148660
lilo	-11.49598020	-10.49883620
lilu	-13.57542174	-9.09946975
lim	-8.73123466	-9.83235726
lima	-10.39736791	-11.24605060
limb	-10.68504999	-12.05698081
lime	-10.14143454	-13.44327518
limi	-10.31732521	-11.83383726
limp	-10.93636441	-12.34466289
lin	-6.77636588	-8.39985006
lin$	-10.93636441	-10.14743831
lina	-11.09051509	-10.67068645
lind	-10.43992753	-12.05698081
line	-8.49401738	-11.14069008
ling	-7.17516430	-11.04537990
lini	-10.20812591	-11.36383363
linj	-13.57542174	-10.67068645
link	-10.57968947	-12.34466289
linn	-12.47680945	-10.87832582
lint	-10.48437929	-10.00928797
linu	-13.57542174	-10.55290342
lio	-9.06456224	-11.24605060
lion	-9.62417802	-11.83383726
lip	-9.28496230	-9.53125217
lip$	-11.27283665	-11.65151571
lipp	-10.63098276	-9.97753927
lips	-10.48437929	-13.44327518
liq	-10.27958488	-11.36383363
liqu	-10.27958488	-13.44327518
lir	-11.49598020	-11.65151571
lis	-7.07263170	-9.08656635
lis$	-11.09051509	-10.67068645
lisa	-9.40103447	-11.49736503
lise	-8.18179420	-12.75012800
lish	-9.64359611	-10.26522135
lisi	-9.41653866	-11.36383363
lism	-9.32692650	-12.75012800
list	-8.41063577	-10.26522135
lit	-7.45952962	-9.41792349
lit$	-11.37819717	-12.05698081
lita	-9.72527414	-11.83383726
lite	-9.60512983	-11.49736503
lith	-10.43992753	-10.39875274
liti	-9.20597389	-12.05698081
litt	-10.53089931	-10.55290342
lity	-8.30242218	-13.44327518
liu	-11.49598020	-10.73522497
lium	-11.49598020	-11.49736503
liv	-9.51497873	-10.30778096
live	-9.88654229	-11.65151571
livi	-11.17752647	-11.36383363
liy	-13.57542174	-8.51602149
liya	-13.57542174	-9.20916867
liyi	-13.57542174	-10.11107067
liyu	-13.57542174	-9.94676761
liz	-7.69488876	-11.65151571
liza	-9.27135665	-11.65151571
lize	-8.19092668	-13.44327518
lizi	-9.38576700	-13.44327518
lk$	-10.24321723	-11.65151571
lka	-10.68504999	-9.91691465
lkaa	-13.57542174	-10.44754290
lkal	-11.27283665	-11.49736503
lke	-10.10968584	-10.87832582
lker	-10.68504999	-12.75012800
lki	-10.10968584	-9.88792711
lkie	-11.09051509	-12.34466289
lkin	-10.68504999	-13.44327518
lkiy	-13.57542174	-10.14743831
lkk	-13.57542174	-7.72624747
lkk$	-13.57542174	-9.41792349
lkka	-13.57542174	-9.33240131
lkko	-13.57542174	-10.73522497
lkku	-13.57542174	-8.37437097
lks	-10.10968584	-13.44327518
lks$	-10.31732521	-13.44327518
lku	-13.57542174	-10.14743831
lkun	-13.57542174	-10.49883620
ll$	-8.57820947	-9.53125217
lla	-8.27211684	-6.61781514
lla$	-10.74220840	-7.13154037
llaa	-13.57542174	-8.74279481
llab	-9.88654229	-12.75012800
llac	-11.37819717	-12.05698081
llag	-11.17752647	-12.34466289
llam	-13.57542174	-10.11107067
llan	-10.93636441	-10.95836853
llap	-11.96598383	-9.91691465
llar	-10.39736791	-11.24605060
llas	-11.01047239	-13.44327518
llat	-9.58643770	-8.73374497
llav	-13.57542174	-10.22439935
llay	-12.47680945	-10.22439935
llb	-10.43992753	-13.44327518
lle	-7.61441640	-9.18059530
lle$	-10.93636441	-11.83383726
llec	-10.27958488	-12.34466289
lled	-8.82183155	-13.44327518
llee	-12.88227456	-10.95836853
lleg	-10.27958488	-10.73522497
llen	-10.63098276	-10.49883620
ller	-8.92146139	-11.24605060
lles	-10.48437929	-13.44327518
llet	-10.27958488	-13.44327518
lley	-10.86737154	-11.65151571
llf	-10.74220840	-13.44327518
llh	-10.86737154	-13.44327518
lli	-7.55439839	-8.59124491
lli$	-11.96598383	-9.80568902
llia	-10.43992753	-11.04537990
llic	-11.09051509	-11.14069008
llie	-9.79123211	-13.44327518
llig	-10.53089931	-12.75012800
llik	-13.57542174	-10.55290342
llil	-11.96598383	-10.80421785
llin	-8.44552303	-12.34466289
llio	-9.91186010	-12.75012800
llis	-9.93783558	-11.04537990
llit	-10.74220840	-12.34466289
llm	-11.01047239	-12.75012800
llo	-8.41063577	-9.19477993
lloc	-10.48437929	-12.34466289
lloo	-11.62951159	-9.83235726
llop	-10.86737154	-13.44327518
llot	-10.93636441	-13.44327518
llow	-9.38576700	-10.80421785
llp	-11.01047239	-12.75012800
lls	-8.56478645	-12.75012800
lls$	-8.69261982	-12.75012800
llu	-9.31274187	-8.98892788
llu$	-13.57542174	-10.67068645
lluk	-13.57542174	-10.87832582
llul	-11.78366227	-11.04537990
llum	-11.37819717	-11.14069008
llun	-12.47680945	-10.44754290
llur	-11.37819717	-11.83383726
llus	-10.43992753	-13.44327518
llw	-11.37819717	-11.83383726
lly	-7.25465345	-10.11107067
lly$	-7.30443331	-10.49883620
lm$	-11.09051509	-11.14069008
lma	-10.68504999	-10.80421785
lman	-12.18912738	-11.24605060
lme	-10.14143454	-11.65151571
lmen	-10.53089931	-13.44327518
lmi	-10.24321723	-12.34466289
lmin	-10.74220840	-13.44327518
lms	-10.74220840	-13.44327518
lne	-9.18097259	-13.44327518
lnes	-9.24468840	-13.44327518
lni	-13.57542174	-10.61006183
lnin	-13.57542174	-10.61006183
lo$	-10.93636441	-9.75439572
loa	-9.28496230	-11.83383726
load	-10.07891418	-12.75012800
loat	-10.63098276	-13.44327518
lob	-9.81422163	-11.65151571
loba	-11.17752647	-12.75012800
loc	-8.55814191	-10.22439935
loca	-9.91186010	-12.75012800
loch	-12.88227456	-10.67068645
lock	-9.06456224	-11.83383726
lod	-9.86184968	-10.18517864
lode	-11.09051509	-11.83383726
lodg	-11.27283665	-12.34466289
log	-7.64849572	-10.39875274
logg	-10.80283302	-13.44327518
logi	-8.16824997	-11.24605060
logr	-11.09051509	-11.36383363
logu	-10.74220840	-13.44327518
logy	-9.28496230	-12.05698081
loi	-10.07891418	-11.49736503
loid	-11.37819717	-11.49736503
loit	-11.09051509	-13.44327518
lok	-12.18912738	-9.34893061
loka	-13.57542174	-9.77971353
lol	-10.74220840	-11.36383363
loll	-11.01047239	-13.44327518
lom	-10.17422436	-10.80421785
lome	-11.09051509	-11.65151571
lon	-8.70022442	-9.97753927
lon$	-10.80283302	-11.83383726
lone	-10.74220840	-12.75012800
long	-9.96450383	-13.44327518
loni	-10.02007368	-11.04537990
lons	-11.09051509	-13.44327518
loo	-8.90259291	-8.18577980
loo$	-11.96598383	-9.80568902
lood	-10.17422436	-9.70560556
look	-10.80283302	-11.04537990
loom	-11.17752647	-12.34466289
loon	-11.17752647	-10.80421785
loop	-11.27283665	-11.04537990
loor	-11.37819717	-10.73522497
loos	-10.74220840	-11.83383726
loot	-12.18912738	-10.44754290
lop	-9.05363317	-10.61006183
lop$	-10.80283302	-13.44327518
lope	-10.24321723	-11.65151571
lopp	-11.17752647	-11.49736503
lops	-10.93636441	-13.44327518
loq	-10.48437929	-11.83383726
loqu	-10.48437929	-13.44327518
lor	-8.71560934	-10.80421785
lor$	-10.86737154	-13.44327518
lora	-11.09051509	-12.75012800
lord	-11.09051509	-13.44327518
lore	-10.80283302	-12.05698081
lori	-9.86184968	-11.49736503
lors	-11.09051509	-13.44327518
los	-8.99045426	-11.49736503
lose	-10.53089931	-12.05698081
losi	-11.01047239	-12.34466289
loso	-11.09051509	-13.44327518
loss	-10.35654592	-13.44327518
lot	-8.85692287	-11.36383363
lot$	-10.93636441	-13.44327518
loth	-9.91186010	-13.44327518
lots	-10.74220840	-13.44327518
lott	-10.74220840	-12.05698081
lou	-8.39363819	-11.65151571
loud	-10.48437929	-12.75012800
loug	-10.86737154	-13.44327518
lour	-9.68360145	-13.44327518
lous	-9.43228702	-13.44327518
lout	-10.93636441	-12.75012800
lov	-9.81422163	-10.73522497
love	-10.02007368	-11.83383726
low	-8.41636644	-10.14743831
low$	-10.20812591	-12.34466289
lowe	-9.68360145	-12.05698081
lowi	-10.80283302	-12.75012800
lown	-10.86737154	-12.34466289
lows	-10.35654592	-10.55290342
loy	-10.04906122	-11.65151571
loya	-11.27283665	-12.34466289
loye	-11.09051509	-13.44327518
lpa	-10.31732521	-9.88792711
lpat	-11.01047239	-10.95836853
lpe	-10.93636441	-11.83383726
lph	-10.04906122	-11.36383363
lpha	-10.48437929	-12.75012800
lpi	-10.80283302	-10.80421785
lpo	-11.27283665	-11.83383726
lpp	-13.57542174	-8.98892788
lppa	-13.57542174	-10.44754290
lppe	-13.57542174	-9.72970311
lppi	-13.57542174	-10.61006183
lro	-11.09051509	-13.44327518
ls$	-7.16032478	-11.04537990
lsa	-11.62951159	-10.07597935
lsar	-12.88227456	-10.95836853
lse	-10.74220840	-13.44327518
lsh	-11.17752647	-11.83383726
lsi	-9.88654229	-12.05698081
lso	-11.37819717	-11.49736503
lst	-10.24321723	-13.44327518
lste	-10.68504999	-13.44327518
lsy	-12.18912738	-11.14069008
lt$	-9.72527414	-12.05698081
lta	-10.27958488	-11.83383726
ltan	-11.01047239	-12.34466289
lte	-9.10951362	-13.44327518
lted	-10.27958488	-13.44327518
lter	-9.53237048	-13.44327518
lth	-10.53089931	-11.14069008
lthi	-11.01047239	-13.44327518
lti	-8.84803392	-13.44327518
ltie	-10.80283302	-13.44327518
ltin	-10.07891418	-13.44327518
ltip	-10.86737154	-13.44327518
ltr	-10.04906122	-11.65151571
ltra	-10.63098276	-12.05698081
lts	-9.83775212	-13.44327518
lts$	-9.88654229	-13.44327518
ltu	-10.43992753	-12.34466289
ltur	-10.48437929	-12.34466289
lty	-10.86737154	-13.44327518
lty$	-10.86737154	-13.44327518
lu$	-12.47680945	-9.61463378
lua	-10.43992753	-13.44327518
luat	-10.68504999	-13.44327518
lub	-9.99190280	-11.24605060
lubb	-11.49598020	-11.83383726
luc	-9.70422073	-10.73522497
luci	-11.01047239	-12.34466289
luck	-10.53089931	-11.83383726
lud	-9.91186010	-8.05878011
lude	-10.43992753	-8.07729916
lue	-9.37072912	-12.05698081
luen	-10.68504999	-13.44327518
lues	-10.93636441	-13.44327518
luf	-11.01047239	-13.44327518
luff	-11.01047239	-13.44327518
lug	-10.14143454	-12.75012800
lugg	-11.01047239	-13.44327518
lui	-11.09051509	-11.65151571
luk	-11.37819717	-8.94346551
luka	-13.57542174	-9.03655593
lul	-10.80283302	-8.79888428
lula	-11.62951159	-11.65151571
lull	-11.78366227	-8.94346551
lum	-8.77140070	-6.84749466
lum$	-10.86737154	-6.90224518
luma	-13.57542174	-10.30778096
lumb	-10.63098276	-11.83383726
lumi	-10.68504999	-12.75012800
lumm	-11.09051509	-12.75012800
lumn	-10.74220840	-13.44327518
lump	-10.43992753	-13.44327518
lums	-11.01047239	-13.44327518
lun	-9.32692650	-9.20916867
lund	-11.09051509	-9.59312757
lung	-10.63098276	-13.44327518
lunk	-10.80283302	-12.34466289
lunn	-13.57542174	-10.49883620
lunt	-11.01047239	-12.75012800
luo	-10.86737154	-12.75012800
luor	-11.09051509	-13.44327518
lup	-11.27283665	-9.88792711
lupp	-13.57542174	-10.30778096
lur	-9.53237048	-11.83383726
lura	-11.01047239	-13.44327518
lus	-8.91198265	-11.36383363
lus$	-11.09051509	-12.75012800
lush	-10.74220840	-12.75012800
lusi	-9.91186010	-12.34466289
lust	-10.10968584	-12.34466289
lut	-9.01107355	-9.13921008
lute	-10.27958488	-9.65908554
luth	-13.57542174	-10.22439935
luti	-9.93783558	-13.44327518
lutt	-10.68504999	-11.49736503
luu	-13.57542174	-9.55145488
luud	-13.57542174	-10.80421785
luv	-11.78366227	-11.04537990
lux	-11.09051509	-12.75012800
lva	-10.93636441	-11.14069008
lve	-9.38576700	-11.14069008
lve$	-11.17752647	-11.65151571
lver	-10.63098276	-13.44327518
lves	-10.57968947	-13.44327518
lvi	-10.86737154	-10.80421785
lvin	-11.01047239	-11.14069008
lwa	-11.27283665	-10.73522497
lway	-11.62951159	-11.04537990
ly$	-5.92859035	-9.43594199
lya	-11.01047239	-9.68207506
lyam	-12.47680945	-10.73522497
lyan	-12.88227456	-11.04537990
lyc	-10.63098276	-13.44327518
lyi	-10.48437929	-11.04537990
lyin	-10.48437929	-12.75012800
lym	-10.74220840	-11.14069008
lymp	-11.96598383	-11.36383363
lyp	-10.80283302	-12.05698081
lys	-9.83775212	-12.75012800
lyse	-10.57968947	-13.44327518
lyt	-10.31732521	-12.75012800
lyti	-10.53089931	-13.44327518
lyw	-11.17752647	-12.34466289
lyz	-10.57968947	-13.44327518
lyze	-10.80283302	-13.44327518
ma$	-10.04906122	-8.58346277
maa	-13.57542174	-5.93229742
maa$	-13.57542174	-10.14743831
maad	-13.57542174	-9.59312757
maah	-13.57542174	-10.73522497
maak	-13.57542174	-9.23858256
maal	-13.57542174	-9.77971353
maam	-13.57542174	-10.44754290
maan	-13.57542174	-7.36563293
maap	-13.57542174	-10.87832582
maar	-13.57542174	-7.93388684
maas	-13.57542174	-9.97753927
maat	-13.57542174	-8.62299361
maav	-13.57542174	-9.94676761
maay	-13.57542174	-6.79558680
mab	-10.48437929	-12.75012800
mabl	-10.68504999	-13.44327518
mac	-9.14460494	-10.73522497
maca	-10.63098276	-13.44327518
mach	-10.63098276	-10.95836853
maci	-11.09051509	-12.34466289
mack	-11.01047239	-13.44327518
mad	-9.96450383	-8.57574073
mada	-12.47680945	-10.39875274
made	-11.37819717	-11.65151571
madh	-12.47680945	-9.34893061
madi	-12.18912738	-10.39875274
mae	-12.18912738	-10.95836853
mag	-8.96030123	-9.85975624
mage	-10.74220840	-12.75012800
magi	-10.43992753	-11.83383726
magn	-9.70422073	-10.73522497
mah	-11.37819717	-8.45284259
maha	-11.78366227	-8.57574073
mai	-9.29875562	-9.41792349
maid	-10.53089931	-11.24605060
maik	-13.57542174	-10.67068645
mail	-10.43992753	-12.34466289
main	-10.31732521	-11.36383363
maj	-11.09051509	-10.44754290
maji	-12.88227456	-10.87832582
mak	-9.53237048	-8.50163275
maka	-13.57542174	-9.15281573
make	-9.74678035	-13.44327518
maki	-11.09051509	-13.44327518
makk	-13.57542174	-10.07597935
makr	-13.57542174	-10.26522135
mal	-8.70788729	-7.95021373
mal$	-10.63098276	-10.49883620
mala	-10.86737154	-8.56807785
male	-10.86737154	-10.61006183
mali	-10.07891418	-10.44754290
mall	-10.74220840	-9.91691465
mals	-11.96598383	-10.39875274
malt	-10.93636441	-13.44327518
mam	-10.68504999	-8.56807785
mam$	-13.57542174	-9.34893061
mama	-12.47680945	-9.83235726
mamm	-11.78366227	-10.61006183
man	-7.52804956	-6.90948634
man$	-8.70788729	-9.16660906
mana	-10.39736791	-8.44606290
manc	-10.93636441	-11.49736503
mand	-9.72527414	-9.61463378
mane	-10.43992753	-10.39875274
mang	-10.80283302	-9.34893061
mani	-9.32692650	-8.96593836
manj	-13.57542174	-10.11107067
mann	-11.01047239	-10.61006183
mano	-11.17752647	-10.61006183
mans	-10.39736791	-11.36383363
mant	-10.10968584	-9.13921008
manu	-11.09051509	-8.97736706
many	-13.57542174	-10.61006183
map	-10.80283302	-9.65908554
mapa	-13.57542174	-10.39875274
mapp	-11.78366227	-11.24605060
mar	-8.08648402	-7.40302046
mar$	-12.88227456	-9.91691465
mara	-10.48437929	-8.56047325
marc	-11.01047239	-11.83383726
mare	-11.62951159	-10.39875274
marg	-10.74220840	-11.83383726
mari	-9.91186010	-9.22376747
mark	-9.51497873	-10.95836853
marp	-13.57542174	-10.95836853
marr	-10.68504999	-11.65151571
mars	-11.27283665	-10.07597935
mart	-10.35654592	-10.61006183
maru	-13.57542174	-9.26888791
mas	-8.56478645	-8.86856420
mas$	-10.57968947	-10.87832582
masa	-13.57542174	-10.35223272
mash	-11.01047239	-11.65151571
masi	-13.57542174	-10.00928797
mask	-11.62951159	-11.65151571
maso	-11.27283665	-12.34466289
mass	-10.53089931	-12.34466289
mast	-9.29875562	-11.14069008
mat	-7.67552439	-7.51901938
matc	-10.80283302	-13.44327518
mate	-9.08678537	-11.36383363
math	-11.49598020	-8.06337782
mati	-8.39363819	-10.26522135
mato	-10.07891418	-11.49736503
matr	-11.01047239	-11.65151571
mats	-12.18912738	-10.95836853
matt	-11.49598020	-8.86856420
matu	-10.80283302	-11.83383726
mau	-12.47680945	-10.55290342
mav	-12.47680945	-9.83235726
mava	-13.57542174	-10.73522497
mavi	-13.57542174	-10.87832582
max	-10.86737154	-11.49736503
may	-10.86737154	-7.82287431
maya	-13.57542174	-8.60699327
mayi	-13.57542174	-8.83810499
mayu	-13.57542174	-10.22439935
maz	-11.49598020	-10.14743831
mazh	-13.57542174	-10.55290342
mb$	-10.43992753	-10.73522497
mba	-9.27135665	-8.27848920
mbaa	-13.57542174	-10.49883620
mbal	-11.17752647	-11.04537990
mban	-11.78366227	-9.72970311
mbar	-10.20812591	-10.11107067
mbas	-10.80283302	-11.49736503
mbat	-11.62951159	-9.80568902
mbe	-8.84803392	-10.22439935
mbed	-11.27283665	-11.65151571
mber	-9.18097259	-10.80421785
mbh	-13.57542174	-8.93241567
mbha	-13.57542174	-9.25362043
mbhi	-13.57542174	-10.35223272
mbi	-9.55007005	-9.36573773
mbia	-12.18912738	-10.87832582
mbik	-13.57542174	-10.95836853
mbil	-12.18912738	-11.24605060
mbin	-10.86737154	-11.83383726
mbit	-11.09051509	-13.44327518
mbiy	-13.57542174	-10.67068645
mbl	-8.88407386	-11.65151571
mble	-9.29875562	-13.44327518
mbli	-10.57968947	-11.83383726
mbo	-9.27135665	-9.23858256
mbod	-11.09051509	-11.49736503
mbol	-10.43992753	-9.70560556
mboo	-12.18912738	-10.67068645
mbos	-11.27283665	-12.34466289
mbr	-9.66339874	-11.36383363
mbra	-10.68504999	-12.05698081
mbre	-11.09051509	-13.44327518
mbro	-11.01047239	-13.44327518
mbs	-10.31732521	-13.44327518
mbs$	-10.80283302	-13.44327518
mbu	-9.60512983	-9.55145488
mbu$	-13.57542174	-10.39875274
mbul	-10.48437929	-12.05698081
mbur	-11.37819717	-11.36383363
mbus	-10.80283302	-13.44327518
me$	-8.90259291	-10.39875274
mea	-9.16870250	-11.14069008
mean	-10.31732521	-12.34466289
meas	-11.09051509	-13.44327518
meat	-10.68504999	-13.44327518
meb	-11.17752647	-12.75012800
mec	-10.53089931	-10.67068645
mech	-10.80283302	-10.73522497
med	-8.28715471	-9.49203146
med$	-8.76323739	-12.05698081
meda	-11.78366227	-11.14069008
medi	-9.49788430	-10.18517864
mee	-11.09051509	-8.28421988
meec	-13.57542174	-10.87832582
meek	-11.78366227	-11.04537990
meen	-13.57542174	-9.55145488
meep	-13.57542174	-10.67068645
meer	-12.47680945	-10.30778096
mees	-13.57542174	-10.35223272
meet	-11.96598383	-10.80421785
meg	-9.91186010	-11.83383726
mega	-10.07891418	-13.44327518
mek	-12.47680945	-9.65908554
mekh	-13.57542174	-10.18517864
mel	-8.73123466	-9.88792711
mela	-11.37819717	-11.24605060
mele	-10.80283302	-12.34466289
meli	-10.20812591	-11.49736503
mell	-10.48437929	-13.44327518
melo	-11.01047239	-13.44327518
melt	-11.09051509	-13.44327518
mely	-10.48437929	-12.75012800
mem	-9.70422073	-11.24605060
memb	-10.74220840	-12.05698081
memo	-10.24321723	-12.34466289
men	-6.93293494	-8.58346277
men$	-8.55814191	-11.36383363
mena	-10.86737154	-12.34466289
menc	-11.09051509	-13.44327518
mend	-10.24321723	-12.34466289
mene	-10.74220840	-13.44327518
meni	-11.49598020	-11.65151571
menn	-13.57542174	-9.51144954
mens	-10.63098276	-13.44327518
ment	-7.33319848	-9.61463378
meo	-10.80283302	-11.14069008
mer	-7.83241856	-9.23858256
mer$	-9.48107718	-12.34466289
mera	-9.91186010	-11.24605060
merc	-9.86184968	-12.34466289
mere	-10.57968947	-12.34466289
merg	-10.63098276	-13.44327518
meri	-9.60512983	-9.59312757
mers	-9.43228702	-12.34466289
mes	-8.53846914	-10.11107067
mes$	-9.25793363	-11.36383363
mesh	-12.18912738	-10.80421785
mess	-10.80283302	-11.65151571
mest	-9.99190280	-13.44327518
met	-8.19552439	-9.94676761
meta	-9.62417802	-13.44327518
mete	-9.31274187	-11.65151571
meth	-10.86737154	-11.49736503
meti	-10.86737154	-11.36383363
metr	-9.62417802	-11.14069008
mew	-10.74220840	-13.44327518
mey	-12.18912738	-10.80421785
mez	-11.96598383	-11.24605060
mfo	-10.86737154	-13.44327518
mfor	-11.01047239	-13.44327518
mg$	-13.57542174	-10.95836853
mga	-13.57542174	-9.06124854
mgal	-13.57542174	-10.95836853
mgam	-13.57542174	-10.67068645
mgan	-13.57542174	-10.39875274
mgat	-13.57542174	-10.95836853
mge	-13.57542174	-10.00928797
mgee	-13.57542174	-10.00928797
mgh	-13.57542174	-9.47298326
mgha	-13.57542174	-9.51144954
mi$	-11.49598020	-9.51144954
mia	-10.14143454	-12.34466289
mia$	-11.01047239	-12.34466289
mic	-8.43375819	-8.80854619
mic$	-9.68360145	-10.95836853
mica	-10.24321723	-12.75012800
mich	-13.57542174	-9.30014045
mici	-10.80283302	-13.44327518
micr	-9.64359611	-11.24605060
mics	-10.68504999	-11.24605060
mid	-9.24468840	-10.80421785
midi	-10.86737154	-11.83383726
mie	-9.18097259	-12.75012800
mier	-10.31732521	-13.44327518
mies	-9.74678035	-13.44327518
mif	-11.17752647	-12.34466289
mifi	-11.27283665	-12.34466289
mig	-9.79123211	-12.75012800
migr	-10.35654592	-13.44327518
mii	-13.57542174	-9.15281573
mii$	-13.57542174	-10.95836853
miil	-13.57542174	-10.87832582
miin	-13.57542174	-10.67068645
mik	-11.96598383	-8.78931483
mika	-12.88227456	-10.18517864
mikk	-13.57542174	-9.31614079
mil	-8.55814191	-8.79888428
mil$	-12.88227456	-10.80421785
mila	-11.09051509	-12.05698081
mile	-10.93636441	-10.95836853
mili	-9.68360145	-10.87832582
milk	-10.80283302	-12.05698081
mill	-9.79123211	-9.57207416
milt	-11.96598383	-11.36383363
mim	-10.43992753	-11.83383726
min	-7.27280277	-8.73374497
min$	-12.18912738	-10.95836853
mina	-8.59181512	-10.04207779
mind	-10.39736791	-13.44327518
mine	-9.23161632	-10.80421785
ming	-8.64094781	-10.73522497
mini	-9.09808493	-9.85975624
mino	-10.27958488	-12.75012800
mint	-11.01047239	-11.65151571
minu	-10.68504999	-12.34466289
mir	-9.83775212	-11.24605060
mire	-11.01047239	-13.44327518
mis	-7.50007571	-9.49203146
misa	-10.10968584	-12.75012800
misc	-9.74678035	-13.44327518
misd	-10.74220840	-13.44327518
mise	-9.62417802	-13.44327518
mish	-10.35654592	-10.18517864
misi	-10.35654592	-13.44327518
mism	-11.01047239	-13.44327518
misp	-10.68504999	-13.44327518
misr	-10.93636441	-12.34466289
miss	-9.27135665	-10.80421785
mist	-9.29875562	-11.49736503
mit	-8.65544082	-8.97736706
mit$	-11.27283665	-12.34466289
mita	-10.68504999	-12.34466289
mite	-10.86737154	-12.75012800
mith	-11.27283665	-9.61463378
miti	-10.93636441	-11.49736503
mitr	-11.37819717	-11.65151571
mitt	-9.81422163	-10.18517864
mity	-11.09051509	-13.44327518
mix	-10.80283302	-12.75012800
miy	-13.57542174	-9.65908554
miyi	-13.57542174	-10.67068645
miyu	-13.57542174	-10.61006183
miz	-9.68360145	-10.49883620
mize	-10.17422436	-13.44327518
mizh	-13.57542174	-10.49883620
mizi	-11.01047239	-13.44327518
mkh	-12.88227456	-10.67068645
mko	-13.57542174	-10.07597935
mku	-13.57542174	-10.67068645
mle	-10.74220840	-13.44327518
mli	-10.93636441	-13.44327518
mm$	-12.88227456	-10.39875274
mma	-9.40103447	-8.30161162
mma$	-11.96598383	-10.00928797
mmaa	-13.57542174	-9.80568902
mman	-11.01047239	-9.83235726
mmar	-11.27283665	-11.36383363
mmat	-10.39736791	-10.49883620
mmay	-13.57542174	-10.67068645
mme	-8.45145776	-10.30778096
mmed	-10.27958488	-12.75012800
mmel	-11.01047239	-11.65151571
mmen	-10.14143454	-13.44327518
mmer	-9.35591404	-12.34466289
mmet	-11.01047239	-13.44327518
mmi	-8.86589154	-9.13921008
mmic	-12.47680945	-10.26522135
mmie	-10.39736791	-13.44327518
mmik	-13.57542174	-10.67068645
mmin	-9.99190280	-11.36383363
mmis	-10.39736791	-13.44327518
mmit	-10.53089931	-10.80421785
mmo	-9.28496230	-10.26522135
mmod	-10.57968947	-12.75012800
mmon	-10.57968947	-11.14069008
mmoo	-13.57542174	-10.80421785
mmu	-9.37072912	-10.26522135
mmun	-9.64359611	-11.14069008
mmut	-11.01047239	-11.83383726
mmy	-10.48437929	-10.44754290
mmy$	-10.63098276	-11.65151571
mna	-10.39736791	-12.75012800
mne	-10.27958488	-12.75012800
mnes	-10.63098276	-13.44327518
mni	-9.99190280	-12.75012800
mo$	-11.01047239	-10.67068645
mob	-9.83775212	-11.65151571
mobi	-10.04906122	-12.34466289
moc	-10.27958488	-10.18517864
moch	-12.88227456	-10.55290342
mocr	-11.01047239	-11.24605060
mod	-9.08678537	-10.00928797
mode	-9.66339874	-11.49736503
modi	-10.68504999	-12.05698081
modu	-10.93636441	-11.83383726
mog	-10.17422436	-12.75012800
mogr	-10.93636441	-13.44327518
moh	-12.88227456	-11.04537990
moha	-12.88227456	-11.04537990
moi	-10.39736791	-12.34466289
mois	-10.74220840	-13.44327518
mok	-10.74220840	-11.65151571
moke	-11.17752647	-12.75012800
mol	-9.14460494	-12.05698081
mold	-10.74220840	-13.44327518
mole	-11.01047239	-13.44327518
moll	-10.86737154	-13.44327518
molo	-10.43992753	-13.44327518
mom	-10.74220840	-12.75012800
mon	-7.95865065	-9.55145488
mon$	-11.37819717	-11.36383363
mona	-10.86737154	-11.65151571
mone	-10.04906122	-11.83383726
mong	-10.43992753	-13.44327518
moni	-9.25793363	-11.24605060
mono	-9.53237048	-13.44327518
mons	-10.31732521	-11.36383363
mont	-11.09051509	-11.36383363
mony	-11.17752647	-12.75012800
moo	-9.56808856	-8.25588937
mood	-11.62951159	-11.14069008
mooh	-13.57542174	-10.11107067
mool	-13.57542174	-9.91691465
moon	-10.53089931	-9.55145488
moor	-12.18912738	-10.26522135
moot	-11.27283665	-10.55290342
mop	-10.35654592	-11.65151571
mor	-8.23308749	-10.44754290
mora	-9.51497873	-13.44327518
more	-10.74220840	-13.44327518
mori	-10.24321723	-11.83383726
moro	-10.86737154	-12.34466289
morp	-10.48437929	-13.44327518
morr	-11.27283665	-11.83383726
mort	-9.93783558	-13.44327518
mos	-9.55007005	-10.14743831
mosh	-12.47680945	-10.61006183
most	-10.63098276	-13.44327518
mot	-8.77963120	-10.49883620
mote	-11.17752647	-12.34466289
moth	-10.20812591	-11.65151571
moti	-9.66339874	-12.75012800
moto	-10.27958488	-12.34466289
mou	-8.57820947	-11.04537990
moul	-11.09051509	-12.34466289
moun	-10.20812591	-12.75012800
mour	-10.02007368	-12.05698081
mous	-9.83775212	-12.75012800
mout	-10.24321723	-12.75012800
mov	-10.48437929	-13.44327518
mp$	-9.93783558	-10.73522497
mpa	-8.74710801	-9.07382732
mpaa	-13.57542174	-10.67068645
mpan	-10.04906122	-10.67068645
mpar	-10.48437929	-10.49883620
mpas	-11.09051509	-12.75012800
mpat	-10.10968584	-10.73522497
mpe	-8.23308749	-11.14069008
mped	-9.91186010	-13.44327518
mpen	-10.57968947	-13.44327518
mper	-9.01107355	-11.83383726
mpet	-10.17422436	-13.44327518
mph	-9.46454788	-13.44327518
mpha	-10.31732521	-13.44327518
mphi	-11.09051509	-13.44327518
mpi	-9.12107445	-9.61463378
mpie	-10.74220840	-13.44327518
mpil	-11.27283665	-11.14069008
mpin	-10.07891418	-11.65151571
mpio	-11.27283665	-12.05698081
mpl	-8.42792727	-12.05698081
mpla	-10.31732521	-12.75012800
mple	-9.51497873	-12.34466289
mpli	-9.49788430	-13.44327518
mplo	-10.43992753	-13.44327518
mpo	-8.82183155	-9.55145488
mpol	-11.37819717	-9.97753927
mpoo	-11.49598020	-11.36383363
mpor	-10.17422436	-13.44327518
mpos	-9.68360145	-11.49736503
mpr	-9.25793363	-11.36383363
mpre	-9.86184968	-13.44327518
mpro	-10.57968947	-13.44327518
mps	-9.72527414	-13.44327518
mps$	-9.93783558	-13.44327518
mpt	-9.44828736	-13.44327518
mpti	-10.35654592	-13.44327518
mpu	-9.51497873	-9.55145488
mpu$	-13.57542174	-10.87832582
mpul	-10.93636441	-12.75012800
mpur	-11.49598020	-11.65151571
mput	-10.24321723	-11.24605060
mpy	-11.96598383	-11.24605060
mra	-13.57542174	-9.70560556
mraa	-13.57542174	-10.61006183
mrak	-13.57542174	-10.80421785
mri	-13.57542174	-10.35223272
mrid	-13.57542174	-10.87832582
mro	-11.09051509	-13.44327518
mru	-13.57542174	-10.22439935
mrud	-13.57542174	-10.73522497
ms$	-7.78852436	-9.83235726
msa	-12.47680945	-9.88792711
msaa	-13.57542174	-10.61006183
msh	-11.01047239	-9.70560556
msha	-11.78366227	-9.70560556
msi	-11.09051509	-11.65151571
msk	-12.47680945	-9.80568902
mska	-13.57542174	-10.35223272
mskr	-13.57542174	-10.87832582
mst	-10.35654592	-11.24605060
mth	-12.88227456	-10.67068645
muc	-11.17752647	-12.34466289
mud	-10.35654592	-9.77971353
muda	-13.57542174	-10.67068645
muf	-10.86737154	-11.83383726
muff	-10.93636441	-13.44327518
mug	-10.68504999	-10.87832582
mugg	-11.09051509	-13.44327518
muh	-13.57542174	-10.95836853
muk	-12.47680945	-8.71588736
muka	-13.57542174	-10.18517864
mukh	-13.57542174	-9.33240131
mukk	-13.57542174	-10.95836853
mul	-8.64816806	-8.72477630
mula	-9.66339874	-10.73522497
mull	-11.17752647	-8.88939828
mult	-9.76875925	-13.44327518
mum	-11.01047239	-9.70560556
mumb	-11.96598383	-10.44754290
mump	-12.88227456	-10.87832582
mun	-9.31274187	-8.29578070
munb	-13.57542174	-10.80421785
mund	-12.47680945	-9.51144954
muni	-9.79123211	-10.39875274
munn	-13.57542174	-9.59312757
munp	-13.57542174	-10.67068645
mur	-9.93783558	-10.00928797
mura	-11.78366227	-10.67068645
muri	-12.18912738	-11.04537990
mus	-9.07561207	-10.61006183
musc	-11.09051509	-13.44327518
muse	-10.86737154	-12.34466289
mush	-11.09051509	-12.75012800
musi	-10.86737154	-13.44327518
musk	-10.68504999	-13.44327518
musl	-13.57542174	-10.87832582
must	-11.09051509	-13.44327518
mut	-9.58643770	-9.01245838
muta	-10.86737154	-11.83383726
mute	-10.93636441	-13.44327518
muth	-12.88227456	-10.04207779
muti	-11.01047239	-11.83383726
mutt	-11.37819717	-9.59312757
muu	-12.88227456	-9.65908554
muuh	-13.57542174	-10.80421785
muun	-13.57542174	-10.67068645
muz	-11.96598383	-10.95836853
muzh	-13.57542174	-10.95836853
mvi	-12.88227456	-10.18517864
mvid	-13.57542174	-10.18517864
my$	-9.56808856	-10.67068645
mya	-12.88227456	-10.44754290
myo	-11.78366227	-10.49883620
myoo	-13.57542174	-10.73522497
mys	-10.74220840	-12.34466289
myst	-10.74220840	-13.44327518
myt	-11.01047239	-11.36383363
myth	-11.01047239	-11.36383363
myu	-13.57542174	-10.73522497
na$	-9.70422073	-6.57634189
naa	-13.57542174	-6.77631838
naa$	-13.57542174	-9.94676761
naad	-13.57542174	-8.80854619
naak	-13.57542174	-10.80421785
naal	-13.57542174	-9.02443457
naam	-13.57542174	-9.26888791
naan	-13.57542174	-8.85830770
naar	-13.57542174	-9.31614079
naas	-13.57542174	-9.91691465
naat	-13.57542174	-9.36573773
naav	-13.57542174	-10.61006183
naay	-13.57542174	-8.11539901
nab	-9.15658114	-10.67068645
nabi	-11.49598020	-11.65151571
nabl	-9.55007005	-13.44327518
nac	-9.21871292	-10.95836853
nacc	-11.09051509	-12.05698081
nace	-11.17752647	-12.75012800
nach	-11.78366227	-11.36383363
nact	-10.74220840	-13.44327518
nad	-9.74678035	-7.80492051
nad$	-12.47680945	-11.04537990
nada	-12.88227456	-8.31337646
nade	-10.74220840	-11.49736503
nadh	-13.57542174	-9.83235726
nadi	-11.17752647	-9.65908554
nadu	-13.57542174	-10.67068645
nae	-10.24321723	-10.35223272
naf	-11.27283665	-12.05698081
nag	-9.74678035	-8.93241567
naga	-13.57542174	-9.34893061
nage	-10.10968584	-11.24605060
nagh	-13.57542174	-10.73522497
nai	-9.81422163	-10.07597935
nail	-10.74220840	-13.44327518
nair	-11.09051509	-12.75012800
nais	-11.78366227	-11.24605060
nait	-13.57542174	-10.95836853
nak	-11.49598020	-8.21216656
naka	-13.57542174	-9.19477993
nakk	-13.57542174	-9.30014045
naks	-13.57542174	-10.07597935
nal	-7.50699615	-8.23926849
nal$	-8.72339148	-9.43594199
nali	-8.41063577	-10.73522497
nalk	-13.57542174	-9.11254184
nall	-9.62417802	-10.39875274
nals	-10.10968584	-13.44327518
naly	-10.20812591	-13.44327518
nam	-9.56808856	-6.90658358
nam$	-13.57542174	-7.47456762
nama	-13.57542174	-8.27279118
namb	-11.78366227	-10.39875274
name	-10.14143454	-9.51144954
nami	-11.17752647	-10.73522497
namo	-11.27283665	-12.34466289
namp	-13.57542174	-10.80421785
namu	-13.57542174	-10.87832582
nan	-9.10951362	-7.29267241
nan$	-13.57542174	-9.91691465
nana	-12.18912738	-9.68207506
nanc	-10.14143454	-12.34466289
nand	-13.57542174	-9.97753927
nane	-13.57542174	-10.87832582
nang	-13.57542174	-7.92181426
nani	-11.17752647	-10.61006183
nann	-12.47680945	-10.95836853
nant	-10.04906122	-9.70560556
nanu	-13.57542174	-10.39875274
nap	-9.49788430	-8.63109082
napa	-12.47680945	-10.14743831
nape	-12.47680945	-10.67068645
napo	-12.18912738	-11.24605060
napp	-10.04906122	-9.57207416
napr	-13.57542174	-10.49883620
nar	-8.67014696	-8.45284259
nar$	-11.78366227	-10.80421785
nara	-13.57542174	-9.75439572
narc	-10.27958488	-13.44327518
nare	-11.96598383	-11.14069008
nari	-10.14143454	-10.14743831
narl	-11.01047239	-13.44327518
narr	-11.17752647	-12.34466289
nart	-11.78366227	-10.44754290
naru	-13.57542174	-10.87832582
nary	-10.20812591	-11.04537990
nas	-9.35591404	-8.50163275
nas$	-10.35654592	-11.36383363
nasa	-11.37819717	-10.39875274
nash	-12.18912738	-9.57207416
nasi	-12.18912738	-10.04207779
nass	-11.49598020	-10.39875274
nast	-10.86737154	-12.75012800
nat	-7.54473648	-6.37851615
nata	-11.96598383	-9.83235726
nate	-8.59868800	-11.83383726
nath	-11.37819717	-6.52161699
nati	-8.46947627	-10.80421785
nato	-9.81422163	-11.83383726
natt	-10.74220840	-8.87892698
natu	-10.20812591	-11.65151571
nau	-9.96450383	-10.87832582
naug	-11.09051509	-13.44327518
naut	-10.93636441	-13.44327518
nav	-10.57968947	-8.27848920
nava	-12.47680945	-9.18059530
navi	-11.01047239	-10.80421785
navu	-13.57542174	-9.08656635
naw	-11.37819717	-11.65151571
nay	-11.78366227	-7.91782224
naya	-13.57542174	-9.08656635
naye	-13.57542174	-10.95836853
nayi	-13.57542174	-8.77044634
nayk	-13.57542174	-10.95836853
nayu	-13.57542174	-9.75439572
naz	-12.47680945	-11.14069008
nba	-10.39736791	-10.87832582
nbar	-11.96598383	-11.36383363
nbe	-10.27958488	-13.44327518
nbo	-10.39736791	-11.49736503
nbr	-11.01047239	-11.65151571
nbu	-11.09051509	-11.04537990
nca	-9.46454788	-11.65151571
ncar	-10.93636441	-11.83383726
nce	-7.21067099	-10.11107067
nce$	-7.99569192	-10.67068645
nced	-9.96450383	-12.05698081
ncel	-10.39736791	-13.44327518
ncem	-10.93636441	-13.44327518
ncen	-11.17752647	-12.75012800
ncep	-10.39736791	-13.44327518
ncer	-9.49788430	-11.49736503
nces	-8.65544082	-12.34466289
nch	-8.08648402	-8.34952498
nch$	-10.27958488	-11.83383726
ncha	-10.04906122	-8.74279481
nche	-9.27135665	-10.80421785
nchi	-9.48107718	-10.44754290
ncho	-10.74220840	-12.75012800
nchr	-11.09051509	-13.44327518
nchu	-13.57542174	-10.95836853
nci	-8.30756358	-10.39875274
ncia	-10.63098276	-12.75012800
ncid	-10.93636441	-13.44327518
ncie	-9.99190280	-13.44327518
ncil	-10.07891418	-11.24605060
ncin	-9.70422073	-12.75012800
ncip	-10.57968947	-12.05698081
ncis	-11.01047239	-11.49736503
ncl	-9.35591404	-13.44327518
ncle	-10.63098276	-13.44327518
nclo	-10.63098276	-13.44327518
nclu	-10.74220840	-13.44327518
nco	-8.31792637	-13.44327518
ncom	-9.62417802	-13.44327518
ncon	-9.38576700	-13.44327518
ncor	-10.27958488	-13.44327518
ncou	-11.01047239	-13.44327518
ncr	-9.66339874	-10.49883620
ncre	-10.35654592	-10.73522497
nct	-9.13277049	-11.83383726
ncti	-9.74678035	-11.83383726
nctu	-10.53089931	-13.44327518
ncu	-9.60512983	-13.44327518
ncul	-11.09051509	-13.44327518
ncum	-11.01047239	-13.44327518
ncur	-11.01047239	-13.44327518
ncy	-9.18097259	-10.95836853
ncy$	-9.31274187	-11.83383726
nd$	-8.32839767	-8.18058499
nda	-8.67014696	-7.47969583
nda$	-11.49598020	-9.80568902
ndaa	-13.57542174	-8.54543538
ndab	-10.80283302	-12.34466289
ndak	-13.57542174	-10.55290342
ndal	-10.63098276	-10.95836853
ndam	-11.27283665	-10.73522497
ndan	-10.14143454	-10.18517864
ndar	-10.53089931	-9.43594199
ndas	-11.96598383	-11.36383363
ndat	-10.80283302	-9.83235726
ndav	-13.57542174	-10.73522497
nday	-12.88227456	-10.11107067
ndb	-10.04906122	-13.44327518
ndba	-10.80283302	-13.44327518
ndc	-10.86737154	-13.44327518
nde	-7.17350455	-8.71588736
nde$	-12.18912738	-10.18517864
ndea	-11.09051509	-12.75012800
ndec	-10.68504999	-13.44327518
nded	-9.20597389	-11.83383726
ndee	-11.37819717	-11.14069008
ndel	-11.01047239	-12.05698081
ndem	-10.48437929	-13.44327518
nden	-9.74678035	-10.14743831
nder	-7.71179057	-10.80421785
ndes	-10.27958488	-11.14069008
ndet	-10.86737154	-10.49883620
ndf	-10.80283302	-13.44327518
ndh	-11.01047239	-7.96681162
ndha	-12.88227456	-8.61496144
ndhi	-13.57542174	-9.33240131
ndhr	-13.57542174	-10.61006183
ndhu	-13.57542174	-10.04207779
ndi	-7.85839404	-8.11539901
ndi$	-13.57542174	-9.61463378
ndia	-12.47680945	-9.72970311
ndic	-9.72527414	-11.65151571
ndie	-10.57968947	-13.44327518
ndig	-11.09051509	-13.44327518
ndik	-13.57542174	-10.30778096
ndil	-11.96598383	-10.30778096
ndin	-9.00071076	-10.55290342
ndir	-11.96598383	-10.95836853
ndis	-9.88654229	-13.44327518
ndit	-10.17422436	-10.87832582
ndiv	-10.57968947	-11.36383363
ndiy	-13.57542174	-10.80421785
ndl	-9.15658114	-12.05698081
ndle	-9.70422073	-13.44327518
ndli	-10.68504999	-12.05698081
ndm	-10.27958488	-13.44327518
ndma	-11.09051509	-13.44327518
ndn	-10.80283302	-13.44327518
ndne	-11.01047239	-13.44327518
ndo	-9.00071076	-9.40022391
ndo$	-11.37819717	-11.83383726
ndoc	-11.09051509	-13.44327518
ndom	-10.86737154	-11.49736503
ndon	-11.62951159	-10.55290342
ndoo	-12.88227456	-10.67068645
ndor	-11.01047239	-12.34466289
ndos	-11.62951159	-11.36383363
ndow	-11.09051509	-12.34466289
ndp	-10.57968947	-13.44327518
ndr	-9.68360145	-8.41939466
ndra	-11.27283665	-8.74279481
ndre	-11.27283665	-11.14069008
ndri	-11.17752647	-10.80421785
ndro	-10.93636441	-10.73522497
nds	-8.29730708	-12.34466289
nds$	-8.59868800	-12.34466289
ndst	-11.09051509	-13.44327518
ndu	-9.12107445	-7.42468196
ndu$	-13.57542174	-7.71642743
nduc	-10.04906122	-13.44327518
nduk	-13.57542174	-10.11107067
ndul	-10.68504999	-11.65151571
ndum	-11.62951159	-10.87832582
ndup	-11.96598383	-10.30778096
ndur	-11.96598383	-11.36383363
ndus	-10.93636441	-11.36383363
nduv	-13.57542174	-10.67068645
ndw	-10.68504999	-13.44327518
ndy	-10.86737154	-9.91691465
ndy$	-11.17752647	-11.65151571
ndya	-13.57542174	-10.07597935
ne$	-7.78546157	-8.25588937
nea	-9.43228702	-12.34466289
near	-10.68504999	-12.75012800
nec	-9.24468840	-10.87832582
neck	-10.39736791	-12.75012800
nect	-10.31732521	-10.95836853
ned	-7.80398062	-9.68207506
ned$	-7.82921855	-13.44327518
nedi	-12.47680945	-10.18517864
nedu	-12.47680945	-10.87832582
nee	-9.60512983	-8.09141704
nee$	-11.62951159	-10.14743831
need	-10.86737154	-11.36383363
neek	-13.57542174	-10.73522497
neel	-12.47680945	-10.61006183
neen	-13.57542174	-10.44754290
neer	-10.39736791	-10.49883620
nees	-12.47680945	-9.85975624
neet	-13.57542174	-9.75439572
neey	-13.57542174	-10.49883620
nef	-10.17422436	-13.44327518
neg	-9.83775212	-12.05698081
nega	-10.80283302	-12.05698081
nego	-10.93636441	-13.44327518
neh	-12.18912738	-10.73522497
nei	-10.86737154	-11.65151571
neig	-11.09051509	-13.44327518
nek	-13.57542174	-10.49883620
nel	-8.89329052	-10.49883620
nel$	-10.74220840	-11.36383363
nele	-10.80283302	-13.44327518
neli	-10.57968947	-13.44327518
nell	-10.31732521	-11.36383363
nely	-10.74220840	-13.44327518
nem	-9.88654229	-13.44327518
neme	-11.01047239	-13.44327518
nen	-9.53237048	-8.86856420
nenk	-13.57542174	-10.55290342
nenn	-13.57542174	-9.51144954
nent	-10.02007368	-11.24605060
neo	-10.07891418	-11.83383726
neou	-10.80283302	-13.44327518
nep	-11.27283665	-11.14069008
neq	-11.01047239	-12.75012800
nequ	-11.01047239	-13.44327518
ner	-7.62738675	-9.43594199
ner$	-8.69261982	-12.34466289
nera	-9.48107718	-10.67068645
neri	-10.39736791	-10.67068645
ners	-8.88407386	-12.05698081
nerv	-10.48437929	-13.44327518
nes	-6.43973440	-9.00062392
nes$	-8.29221801	-10.80421785
nesh	-12.88227456	-9.88792711
nesi	-11.49598020	-10.44754290
ness	-6.68075170	-11.36383363
nest	-9.64359611	-12.75012800
net	-8.57147544	-8.45284259
net$	-10.43992753	-11.36383363
neth	-12.18912738	-9.16660906
neti	-9.58643770	-11.65151571
netr	-10.86737154	-11.83383726
nets	-10.93636441	-13.44327518
nett	-10.48437929	-9.80568902
neu	-9.34131524	-11.83383726
neur	-10.14143454	-13.44327518
neut	-10.53089931	-13.44327518
nev	-10.80283302	-10.61006183
nevi	-12.18912738	-10.87832582
new	-9.55007005	-10.44754290
news	-10.17422436	-13.44327518
nex	-10.14143454	-12.75012800
nexp	-10.74220840	-13.44327518
ney	-9.81422163	-9.20916867
ney$	-11.62951159	-11.04537990
neya	-12.18912738	-10.18517864
neys	-10.93636441	-13.44327518
neyu	-13.57542174	-10.61006183
nfa	-9.79123211	-12.34466289
nfe	-9.29875562	-12.34466289
nfec	-10.63098276	-13.44327518
nfer	-10.24321723	-12.34466289
nfi	-9.21871292	-13.44327518
nfid	-11.09051509	-13.44327518
nfil	-10.93636441	-13.44327518
nfin	-11.01047239	-13.44327518
nfir	-10.80283302	-13.44327518
nfl	-9.38576700	-13.44327518
nfla	-10.17422436	-13.44327518
nfo	-9.44828736	-13.44327518
nfor	-9.72527414	-13.44327518
nfr	-9.99190280	-12.34466289
nfra	-10.86737154	-12.34466289
nfu	-9.76875925	-12.34466289
nful	-10.53089931	-13.44327518
nfus	-11.17752647	-12.34466289
ng$	-5.11670548	-8.51602149
nga	-10.07891418	-6.21343640
nga$	-13.57542174	-10.44754290
ngaa	-13.57542174	-9.75439572
ngag	-11.17752647	-12.75012800
ngal	-11.62951159	-6.34489954
ngam	-12.18912738	-10.30778096
ngan	-12.88227456	-9.41792349
ngar	-12.18912738	-11.14069008
ngat	-11.96598383	-10.67068645
ngb	-10.80283302	-13.44327518
ngd	-11.49598020	-11.49736503
ngdo	-11.62951159	-11.65151571
nge	-7.91246126	-9.26888791
nge$	-10.31732521	-12.34466289
ngea	-10.80283302	-13.44327518
nged	-9.86184968	-11.24605060
ngee	-12.47680945	-9.75439572
ngel	-10.68504999	-12.34466289
ngen	-10.20812591	-13.44327518
nger	-8.91198265	-11.24605060
nges	-9.83775212	-13.44327518
ngf	-11.09051509	-13.44327518
ngh	-10.48437929	-9.38283217
ngha	-12.47680945	-9.57207416
ngho	-10.86737154	-13.44327518
ngi	-9.00071076	-8.45284259
ngi$	-12.88227456	-10.61006183
ngib	-11.09051509	-13.44327518
ngie	-10.63098276	-13.44327518
ngil	-12.88227456	-9.68207506
ngin	-9.53237048	-10.30778096
ngiy	-13.57542174	-9.43594199
ngl	-7.94063214	-10.00928797
ngla	-12.18912738	-10.73522497
ngle	-9.29875562	-11.65151571
ngli	-10.39736791	-11.83383726
nglo	-11.01047239	-11.36383363
ngly	-8.43375819	-13.44327518
ngo	-9.86184968	-10.80421785
ngo$	-11.49598020	-11.83383726
ngr	-9.31274187	-11.65151571
ngra	-10.02007368	-12.05698081
ngre	-10.86737154	-12.34466289
ngs	-7.71463552	-11.49736503
ngs$	-7.78240813	-13.44327518
ngst	-10.86737154	-12.05698081
ngt	-10.48437929	-10.87832582
ngth	-10.74220840	-13.44327518
ngto	-12.18912738	-10.95836853
ngu	-9.37072912	-9.41792349
ngu$	-13.57542174	-10.44754290
ngua	-11.09051509	-12.75012800
ngui	-10.53089931	-12.75012800
nguk	-13.57542174	-10.87832582
ngul	-10.86737154	-13.44327518
ngun	-13.57542174	-10.61006183
ngy	-11.09051509	-12.75012800
ngy$	-11.09051509	-13.44327518
nha	-9.76875925	-11.65151571
nhan	-10.68504999	-13.44327518
nhe	-10.20812591	-13.44327518
nhea	-10.86737154	-13.44327518
nher	-11.09051509	-13.44327518
nhi	-10.86737154	-13.44327518
nho	-10.63098276	-13.44327518
ni$	-10.93636441	-8.45966855
nia	-9.08678537	-9.38283217
nia$	-11.17752647	-10.87832582
niac	-10.93636441	-13.44327518
nial	-10.07891418	-11.14069008
nian	-12.88227456	-10.35223272
niat	-10.57968947	-13.44327518
nib	-10.68504999	-13.44327518
nic	-8.23308749	-9.04882602
nic$	-9.46454788	-11.83383726
nica	-9.51497873	-10.80421785
nich	-12.47680945	-9.63661269
nici	-11.09051509	-13.44327518
nick	-10.20812591	-11.83383726
nics	-10.17422436	-13.44327518
nid	-10.93636441	-9.68207506
nidh	-13.57542174	-10.22439935
nie	-9.00071076	-10.95836853
nier	-10.24321723	-13.44327518
nies	-9.66339874	-12.75012800
nif	-9.23161632	-12.75012800
nife	-10.57968947	-12.75012800
niff	-11.09051509	-13.44327518
nifi	-10.35654592	-13.44327518
nify	-11.09051509	-13.44327518
nig	-9.55007005	-11.36383363
nigh	-9.83775212	-12.75012800
nii	-13.57542174	-9.19477993
nii$	-13.57542174	-10.18517864
niis	-13.57542174	-10.80421785
nik	-11.62951159	-8.06337782
nika	-13.57542174	-9.20916867
nikk	-13.57542174	-8.67259055
niks	-12.88227456	-10.80421785
nil	-10.57968947	-7.75291572
nil$	-13.57542174	-9.33240131
nila	-12.18912738	-8.66415168
nile	-11.62951159	-9.57207416
nilk	-13.57542174	-10.26522135
nill	-11.96598383	-9.70560556
nim	-9.51497873	-9.40022391
nima	-10.48437929	-9.65908554
nimi	-10.80283302	-11.65151571
nin	-7.53994031	-8.69834305
nine	-10.14143454	-12.05698081
ning	-7.73769130	-10.87832582
ninn	-12.88227456	-9.19477993
nins	-10.86737154	-13.44327518
nint	-11.01047239	-10.80421785
nio	-9.64359611	-10.49883620
nion	-10.39736791	-11.36383363
nior	-11.62951159	-11.36383363
niou	-10.68504999	-12.75012800
nip	-9.99190280	-10.35223272
nipp	-10.86737154	-10.44754290
niq	-11.09051509	-11.49736503
niqu	-11.09051509	-13.44327518
nir	-11.96598383	-7.39118601
nira	-13.57542174	-8.96593836
nirb	-13.57542174	-10.49883620
nird	-13.57542174	-9.83235726
nire	-12.47680945	-10.67068645
niri	-13.57542174	-10.87832582
nirm	-13.57542174	-8.77983608
nirn	-13.57542174	-10.44754290
niro	-13.57542174	-10.73522497
nirt	-13.57542174	-9.53125217
niru	-13.57542174	-9.91691465
nirv	-13.57542174	-10.00928797
nis	-7.58395720	-8.68110124
nis$	-11.09051509	-10.80421785
nisa	-10.63098276	-11.65151571
nisc	-11.78366227	-11.04537990
nise	-9.05363317	-12.75012800
nish	-9.31274187	-9.91691465
nisi	-10.35654592	-11.65151571
nism	-9.70422073	-11.36383363
nist	-8.70788729	-9.83235726
nit	-8.22831421	-8.55292605
nita	-10.86737154	-12.05698081
nite	-10.04906122	-12.05698081
nith	-12.18912738	-9.34893061
niti	-9.23161632	-10.87832582
nito	-11.01047239	-12.05698081
nitr	-10.74220840	-12.05698081
nitt	-12.18912738	-10.07597935
nitu	-11.37819717	-11.83383726
nity	-10.20812591	-10.73522497
niu	-10.27958488	-10.87832582
nium	-10.35654592	-11.14069008
niv	-9.88654229	-8.56047325
niva	-11.78366227	-8.98892788
nive	-10.27958488	-10.26522135
nivi	-13.57542174	-10.35223272
niy	-13.57542174	-7.94610695
niya	-13.57542174	-8.36810136
niyi	-13.57542174	-10.18517864
niyo	-13.57542174	-10.35223272
niyu	-13.57542174	-10.30778096
niz	-8.61959469	-12.75012800
niza	-10.39736791	-12.75012800
nize	-9.01107355	-13.44327518
nizi	-10.39736791	-13.44327518
nj$	-13.57542174	-10.04207779
nja	-11.96598383	-8.12026520
nja$	-12.88227456	-9.83235726
njaa	-13.57542174	-9.59312757
njal	-13.57542174	-10.39875274
njan	-13.57542174	-9.97753927
njar	-13.57542174	-10.22439935
njat	-13.57542174	-10.95836853
njay	-12.47680945	-10.87832582
njc	-13.57542174	-10.44754290
njch	-13.57542174	-10.44754290
nje	-11.96598383	-9.47298326
njed	-13.57542174	-9.88792711
nji	-12.88227456	-9.43594199
njin	-13.57542174	-10.55290342
njir	-13.57542174	-10.95836853
njj	-13.57542174	-9.65908554
njja	-13.57542174	-10.26522135
njo	-10.80283302	-11.83383726
njoi	-11.09051509	-13.44327518
nju	-9.96450383	-9.11254184
nju$	-13.57542174	-9.49203146
njun	-11.27283665	-11.24605060
njur	-10.93636441	-13.44327518
nk$	-9.53237048	-10.49883620
nka	-11.01047239	-9.16660906
nkaa	-13.57542174	-10.55290342
nkal	-13.57542174	-10.61006183
nkar	-11.96598383	-10.44754290
nke	-8.95044893	-10.30778096
nked	-10.14143454	-11.36383363
nker	-9.70422073	-13.44327518
nket	-11.37819717	-11.36383363
nkh	-12.18912738	-11.04537990
nki	-9.14460494	-8.83810499
nkie	-10.39736791	-13.44327518
nkil	-12.47680945	-9.12578706
nkin	-9.51497873	-10.61006183
nkk	-13.57542174	-10.73522497
nkl	-9.83775212	-13.44327518
nkle	-10.48437929	-13.44327518
nkli	-10.86737154	-13.44327518
nkn	-11.09051509	-13.44327518
nkr	-11.17752647	-12.05698081
nks	-9.64359611	-13.44327518
nks$	-9.79123211	-13.44327518
nku	-12.88227456	-9.65908554
nkut	-13.57542174	-10.35223272
nky	-10.68504999	-13.44327518
nky$	-10.74220840	-13.44327518
nla	-10.53089931	-11.83383726
nle	-10.27958488	-12.75012800
nles	-10.86737154	-13.44327518
nli	-9.37072912	-11.65151571
nlig	-10.80283302	-13.44327518
nlis	-10.93636441	-13.44327518
nlo	-10.68504999	-11.83383726
nly	-10.14143454	-12.75012800
nly$	-10.14143454	-12.75012800
nma	-10.14143454	-8.50163275
nmaa	-13.57542174	-9.03655593
nman	-11.09051509	-11.65151571
nmar	-12.47680945	-9.85975624
nme	-9.72527414	-11.14069008
nmen	-9.91186010	-11.36383363
nmo	-10.86737154	-11.83383726
nn$	-12.88227456	-8.32528136
nna	-9.88654229	-6.06614146
nna$	-11.37819717	-7.08890514
nnaa	-13.57542174	-8.94346551
nnad	-13.57542174	-10.80421785
nnal	-12.88227456	-10.26522135
nnam	-12.88227456	-9.53125217
nnan	-12.47680945	-9.77971353
nnar	-12.88227456	-10.11107067
nnat	-11.62951159	-6.89648977
nnav	-13.57542174	-9.63661269
nnay	-12.88227456	-9.88792711
nne	-8.37692471	-8.41283725
nne$	-11.62951159	-9.85975624
nnec	-10.39736791	-10.95836853
nned	-10.48437929	-12.05698081
nnee	-13.57542174	-10.44754290
nnel	-10.04906122	-11.49736503
nnen	-13.57542174	-10.67068645
nner	-9.60512983	-11.49736503
nnes	-10.20812591	-11.49736503
nnet	-11.09051509	-10.73522497
nnev	-13.57542174	-10.80421785
nney	-12.88227456	-10.35223272
nni	-8.76323739	-7.72624747
nni$	-13.57542174	-10.14743831
nnia	-10.80283302	-12.05698081
nnid	-13.57542174	-10.73522497
nnie	-10.31732521	-11.83383726
nnil	-12.47680945	-9.41792349
nnin	-9.86184968	-10.73522497
nnir	-13.57542174	-9.91691465
nnis	-11.37819717	-11.14069008
nnit	-12.88227456	-10.67068645
nniv	-11.96598383	-8.83810499
nnj	-13.57542174	-9.85975624
nnju	-13.57542174	-10.95836853
nno	-9.41653866	-9.68207506
nnon	-11.27283665	-12.34466289
nnoo	-13.57542174	-10.80421785
nnot	-11.27283665	-11.04537990
nnt	-13.57542174	-10.67068645
nnu	-10.39736791	-6.41862615
nnu$	-13.57542174	-6.66221755
nnuk	-13.57542174	-10.22439935
nnul	-11.78366227	-10.26522135
nnum	-11.96598383	-9.01245838
nnun	-13.57542174	-9.15281573
nnuv	-13.57542174	-10.39875274
nny	-10.53089931	-10.80421785
nny$	-10.93636441	-11.04537990
no$	-10.31732521	-10.73522497
nob	-9.74678035	-12.05698081
nobb	-10.93636441	-13.44327518
nobl	-11.01047239	-13.44327518
noc	-9.62417802	-12.75012800
nock	-11.09051509	-13.44327518
nod	-10.48437929	-9.94676761
nodu	-12.88227456	-10.95836853
noe	-10.74220840	-13.44327518
nog	-9.93783558	-13.44327518
nogr	-10.48437929	-13.44327518
noi	-10.07891418	-13.44327518
nois	-10.93636441	-13.44327518
nok	-13.57542174	-10.61006183
nokk	-13.57542174	-10.80421785
nol	-9.60512983	-11.24605060
nolo	-9.86184968	-12.34466289
nom	-9.06456224	-10.87832582
nome	-10.27958488	-12.34466289
nomi	-9.81422163	-11.36383363
non	-8.08648402	-10.67068645
nona	-10.43992753	-13.44327518
nonc	-9.99190280	-13.44327518
nond	-10.80283302	-12.75012800
none	-10.74220840	-13.44327518
noni	-10.48437929	-13.44327518
nonn	-11.78366227	-11.04537990
nonp	-10.57968947	-13.44327518
nonr	-10.86737154	-13.44327518
nons	-10.07891418	-13.44327518
noo	-10.27958488	-8.69834305
noo$	-13.57542174	-10.95836853
noor	-13.57542174	-9.88792711
noot	-11.96598383	-9.72970311
nop	-10.02007368	-13.44327518
nopo	-10.93636441	-13.44327518
nor	-8.88407386	-10.61006183
nor$	-11.09051509	-12.75012800
nora	-10.80283302	-12.34466289
nore	-10.93636441	-13.44327518
nori	-10.93636441	-13.44327518
norm	-10.86737154	-12.75012800
nort	-10.68504999	-11.49736503
nos	-9.37072912	-11.83383726
nose	-10.68504999	-13.44327518
nosi	-11.09051509	-13.44327518
nost	-10.93636441	-13.44327518
not	-8.98030189	-10.18517864
nota	-10.43992753	-12.75012800
note	-10.63098276	-13.44327518
noti	-10.31732521	-13.44327518
nott	-11.96598383	-10.55290342
nou	-8.98030189	-11.36383363
noun	-10.35654592	-13.44327518
nour	-10.53089931	-12.34466289
nous	-9.79123211	-12.75012800
nov	-9.99190280	-10.00928797
nova	-10.74220840	-10.55290342
nove	-10.80283302	-10.95836853
now	-9.31274187	-10.87832582
nowb	-11.09051509	-13.44327518
nows	-11.09051509	-13.44327518
npa	-10.80283302	-10.67068645
npat	-12.18912738	-11.04537990
npl	-11.01047239	-13.44327518
npo	-10.39736791	-12.05698081
npr	-10.27958488	-13.44327518
npro	-11.09051509	-13.44327518
nqu	-9.31274187	-13.44327518
nque	-10.31732521	-13.44327518
nqui	-9.83775212	-13.44327518
nra	-10.93636441	-12.05698081
nre	-9.58643770	-11.49736503
nri	-10.86737154	-10.80421785
nro	-10.80283302	-12.05698081
nru	-11.27283665	-11.24605060
ns$	-6.46799627	-9.57207416
nsa	-9.28496230	-10.49883620
nsan	-11.49598020	-11.83383726
nsat	-10.02007368	-13.44327518
nsc	-9.29875562	-13.44327518
nsce	-11.09051509	-13.44327518
nsci	-10.63098276	-13.44327518
nscr	-10.24321723	-13.44327518
nse	-8.45742793	-11.36383363
nse$	-10.93636441	-12.05698081
nsec	-10.48437929	-13.44327518
nsel	-10.43992753	-13.44327518
nsen	-10.86737154	-12.75012800
nser	-10.07891418	-12.75012800
nses	-11.01047239	-13.44327518
nset	-11.09051509	-13.44327518
nsf	-10.57968947	-13.44327518
nsh	-9.48107718	-10.87832582
nshi	-9.96450383	-11.24605060
nsi	-8.20944573	-10.00928797
nsib	-10.48437929	-13.44327518
nsid	-10.57968947	-13.44327518
nsig	-10.57968947	-13.44327518
nsil	-11.49598020	-10.73522497
nsin	-10.93636441	-12.05698081
nsio	-10.17422436	-12.75012800
nsis	-10.48437929	-11.65151571
nsit	-9.88654229	-13.44327518
nsiv	-10.39736791	-13.44327518
nsk	-11.96598383	-11.14069008
nski	-11.96598383	-11.36383363
nsl	-10.57968947	-13.44327518
nsm	-10.24321723	-13.44327518
nsmi	-10.80283302	-13.44327518
nsn	-11.09051509	-13.44327518
nsna	-11.09051509	-13.44327518
nso	-9.20597389	-11.65151571
nsol	-10.48437929	-13.44327518
nsom	-10.80283302	-13.44327518
nsor	-10.35654592	-13.44327518
nsp	-9.28496230	-12.34466289
nspi	-10.14143454	-13.44327518
nspo	-10.57968947	-12.34466289
nst	-8.19552439	-10.11107067
nsta	-9.62417802	-13.44327518
nste	-10.74220840	-11.04537990
nsti	-9.86184968	-10.95836853
nsto	-10.68504999	-13.44327518
nstr	-9.06456224	-13.44327518
nsu	-8.88407386	-10.44754290
nsu$	-13.57542174	-10.95836853
nsul	-10.27958488	-12.34466289
nsum	-10.86737154	-12.34466289
nsur	-10.04906122	-12.75012800
nsw	-10.74220840	-13.44327518
nt$	-7.06814403	-8.56807785
nta	-7.72609696	-8.97736706
nta$	-11.78366227	-10.95836853
ntaa	-13.57542174	-9.88792711
ntab	-10.74220840	-13.44327518
ntac	-10.68504999	-13.44327518
ntag	-9.93783558	-13.44327518
ntai	-10.14143454	-13.44327518
ntal	-8.95044893	-11.83383726
ntam	-10.68504999	-12.75012800
ntan	-10.14143454	-11.49736503
ntar	-10.48437929	-10.55290342
ntas	-10.57968947	-12.34466289
ntat	-9.70422073	-11.65151571
nte	-7.04454412	-6.89648977
nte$	-12.18912738	-6.95559116
nted	-8.83922329	-13.44327518
ntee	-10.74220840	-11.24605060
nteg	-10.80283302	-13.44327518
ntel	-10.31732521	-12.05698081
ntem	-10.68504999	-13.44327518
nten	-9.55007005	-12.75012800
nter	-7.60161213	-10.67068645
ntes	-10.17422436	-12.05698081
ntg	-12.88227456	-10.95836853
ntgo	-13.57542174	-10.95836853
nth	-8.78793000	-7.32738305
nth$	-10.63098276	-11.36383363
ntha	-12.88227456	-8.34952498
nthe	-10.17422436	-10.80421785
nthi	-11.78366227	-9.63661269
ntho	-11.27283665	-10.18517864
nthr	-10.17422436	-8.75192729
nths	-10.86737154	-13.44327518
nthu	-11.27283665	-9.41792349
nthy	-13.57542174	-9.75439572
nti	-7.26006374	-8.96593836
nti$	-12.88227456	-10.55290342
ntia	-9.46454788	-13.44327518
ntic	-9.49788430	-11.49736503
ntie	-10.20812591	-13.44327518
ntif	-10.24321723	-12.34466289
ntik	-12.18912738	-11.14069008
ntil	-10.27958488	-10.61006183
ntim	-9.88654229	-12.75012800
ntin	-8.61959469	-10.30778096
ntio	-9.68360145	-13.44327518
ntip	-10.80283302	-12.75012800
ntiq	-11.17752647	-12.34466289
ntis	-10.48437929	-12.34466289
ntit	-10.48437929	-13.44327518
ntiv	-10.48437929	-12.75012800
ntl	-8.50024793	-13.44327518
ntle	-10.27958488	-13.44327518
ntly	-8.72339148	-13.44327518
ntm	-10.74220840	-13.44327518
ntme	-10.93636441	-13.44327518
nto	-9.04282225	-10.44754290
ntom	-11.01047239	-13.44327518
nton	-10.74220840	-11.36383363
ntor	-10.68504999	-13.44327518
ntos	-11.37819717	-11.83383726
ntou	-11.09051509	-13.44327518
ntr	-8.09895819	-9.53125217
ntra	-9.04282225	-10.39875274
ntre	-10.43992753	-13.44327518
ntri	-9.53237048	-10.26522135
ntro	-10.10968584	-12.05698081
ntru	-10.74220840	-12.75012800
ntry	-10.48437929	-12.75012800
nts	-7.54955577	-13.44327518
nts$	-7.56906858	-13.44327518
ntt	-13.57542174	-10.80421785
ntu	-9.44828736	-9.51144954
ntu$	-13.57542174	-10.35223272
ntum	-11.37819717	-11.49736503
ntur	-10.20812591	-11.83383726
nty	-10.63098276	-10.95836853
nty$	-11.17752647	-11.36383363
nu$	-11.96598383	-5.79931323
nua	-10.17422436	-12.34466289
nuat	-10.68504999	-13.44327518
nub	-11.17752647	-9.61463378
nubh	-13.57542174	-9.85975624
nuc	-10.17422436	-11.83383726
nucl	-10.48437929	-12.34466289
nud	-11.01047239	-11.36383363
nue	-10.80283302	-11.83383726
nuf	-10.74220840	-13.44327518
nuk	-12.18912738	-8.93241567
nuka	-13.57542174	-9.06124854
nul	-10.74220840	-8.63925413
null	-11.78366227	-8.68968498
num	-9.19339511	-7.58820325
num$	-10.93636441	-7.72296340
numa	-13.57542174	-10.07597935
numb	-10.48437929	-12.05698081
nume	-10.07891418	-13.44327518
nun	-10.53089931	-8.83810499
nund	-11.78366227	-9.11254184
nunn	-12.47680945	-10.87832582
nup	-11.37819717	-10.61006183
nur	-10.48437929	-10.80421785
nus	-10.93636441	-8.78931483
nusa	-12.88227456	-10.22439935
nush	-13.57542174	-9.20916867
nut	-9.64359611	-10.26522135
nuth	-12.47680945	-10.80421785
nuts	-11.09051509	-13.44327518
nutt	-11.96598383	-11.24605060
nuu	-12.88227456	-11.04537990
nuv	-13.57542174	-9.22376747
nuva	-13.57542174	-9.72970311
nuve	-13.57542174	-10.39875274
nva	-10.04906122	-11.14069008
nval	-10.74220840	-12.05698081
nvas	-11.09051509	-12.34466289
nve	-8.80473712	-10.35223272
nven	-9.72527414	-12.34466289
nver	-10.20812591	-13.44327518
nves	-10.63098276	-10.55290342
nvi	-9.60512983	-12.34466289
nvo	-10.17422436	-12.75012800
nvol	-11.09051509	-13.44327518
nwa	-10.27958488	-12.75012800
nwar	-11.09051509	-12.75012800
nwe	-11.49598020	-10.55290342
nwes	-13.57542174	-10.67068645
nwi	-10.86737154	-13.44327518
nwo	-11.09051509	-13.44327518
ny$	-9.24468840	-9.91691465
nya	-12.18912738	-8.56047325
nya$	-13.57542174	-10.95836853
nyaa	-13.57542174	-10.35223272
nyam	-13.57542174	-9.80568902
nyan	-12.88227456	-10.95836853
nyat	-13.57542174	-10.55290342
nym	-10.74220840	-13.44327518
nyo	-11.96598383	-10.55290342
nyoo	-13.57542174	-10.55290342
nza	-11.09051509	-11.49736503
nzi	-11.49598020	-11.83383726
oaa	-13.57542174	-10.67068645
oac	-10.02007368	-13.44327518
oach	-10.17422436	-13.44327518
oad	-9.14460494	-10.73522497
oad$	-10.48437929	-11.83383726
oads	-10.53089931	-12.75012800
oak	-10.80283302	-12.75012800
oal	-10.10968584	-11.24605060
oam	-10.68504999	-12.05698081
oan	-10.31732521	-11.36383363
oana	-11.09051509	-13.44327518
oar	-8.78793000	-12.05698081
oard	-8.99045426	-12.34466289
oas	-9.96450383	-11.36383363
oast	-10.10968584	-11.65151571
oat	-9.00071076	-11.83383726
oat$	-10.27958488	-12.34466289
oath	-11.09051509	-13.44327518
oati	-11.09051509	-13.44327518
oats	-10.10968584	-13.44327518
ob$	-10.80283302	-10.73522497
oba	-10.04906122	-10.61006183
obal	-11.27283665	-11.83383726
obat	-10.74220840	-13.44327518
obb	-9.23161632	-10.55290342
obbe	-10.48437929	-11.83383726
obbi	-10.53089931	-11.83383726
obbl	-10.31732521	-13.44327518
obby	-11.27283665	-11.65151571
obe	-9.66339874	-10.35223272
obe$	-11.09051509	-11.24605060
obes	-11.09051509	-13.44327518
obh	-12.88227456	-10.73522497
obha	-13.57542174	-10.80421785
obi	-9.24468840	-10.39875274
obil	-10.02007368	-12.05698081
obj	-10.63098276	-12.05698081
obje	-10.93636441	-12.34466289
obl	-9.91186010	-13.44327518
oble	-11.01047239	-13.44327518
obli	-10.48437929	-13.44327518
obo	-9.88654229	-12.34466289
obot	-11.01047239	-13.44327518
obs	-9.15658114	-12.75012800
obs$	-10.53089931	-12.75012800
obsc	-11.09051509	-13.44327518
obse	-10.43992753	-13.44327518
obst	-10.57968947	-13.44327518
obt	-11.09051509	-13.44327518
obu	-10.93636441	-11.83383726
oca	-8.76323739	-12.05698081
ocal	-9.76875925	-12.75012800
ocat	-9.55007005	-12.34466289
occ	-9.66339874	-11.24605060
occu	-10.35654592	-13.44327518
oce	-9.58643770	-12.34466289
ocen	-11.01047239	-12.75012800
oces	-10.80283302	-12.75012800
och	-9.53237048	-9.12578706
ocha	-11.37819717	-10.67068645
oche	-10.35654592	-12.34466289
ochi	-11.09051509	-9.61463378
oci	-9.38576700	-11.04537990
ocia	-10.10968584	-11.14069008
ock	-7.97699978	-10.87832582
ock$	-9.49788430	-11.24605060
ocka	-10.68504999	-13.44327518
ocke	-9.48107718	-12.34466289
ocki	-9.93783558	-12.75012800
ocks	-9.74678035	-13.44327518
ocl	-10.86737154	-13.44327518
oco	-9.93783558	-11.36383363
ocr	-9.58643770	-10.61006183
ocra	-9.96450383	-11.04537990
ocri	-11.17752647	-12.34466289
oct	-10.14143454	-10.95836853
octo	-11.37819717	-11.04537990
ocu	-9.72527414	-12.34466289
ocul	-11.01047239	-13.44327518
ocus	-11.09051509	-13.44327518
ocy	-11.09051509	-12.75012800
od$	-9.40103447	-9.70560556
oda	-10.48437929	-8.57574073
odaa	-13.57542174	-10.04207779
odal	-11.96598383	-11.24605060
odan	-13.57542174	-10.67068645
odar	-13.57542174	-10.18517864
odat	-11.78366227	-10.14743831
odc	-10.80283302	-13.44327518
odd	-9.68360145	-11.83383726
odde	-10.57968947	-13.44327518
oddi	-11.09051509	-13.44327518
ode	-8.70022442	-8.46654143
ode$	-10.57968947	-8.69834305
oded	-11.01047239	-13.44327518
odel	-10.68504999	-12.05698081
oder	-10.04906122	-12.05698081
odes	-10.31732521	-12.34466289
odg	-10.20812591	-12.05698081
odge	-10.63098276	-12.75012800
odh	-11.62951159	-8.96593836
odha	-13.57542174	-9.63661269
odhi	-13.57542174	-9.94676761
odi	-8.70788729	-8.73374497
odi$	-13.57542174	-10.49883620
odia	-11.62951159	-11.65151571
odic	-10.63098276	-10.87832582
odie	-10.31732521	-13.44327518
odif	-10.80283302	-13.44327518
odin	-10.80283302	-12.05698081
odis	-10.74220840	-11.83383726
odiy	-13.57542174	-9.75439572
odl	-9.99190280	-12.05698081
odle	-10.68504999	-13.44327518
odo	-9.60512983	-9.85975624
odoo	-11.96598383	-11.14069008
odop	-13.57542174	-10.80421785
odor	-10.68504999	-13.44327518
ods	-9.51497873	-12.75012800
ods$	-9.88654229	-12.75012800
odu	-9.64359611	-8.53800040
odu$	-13.57542174	-9.51144954
oduc	-10.04906122	-12.75012800
oduk	-13.57542174	-10.14743831
odul	-10.86737154	-12.34466289
odum	-13.57542174	-10.61006183
odun	-12.88227456	-10.87832582
odut	-13.57542174	-10.30778096
ody	-9.99190280	-10.80421785
ody$	-10.57968947	-13.44327518
oe$	-10.86737154	-11.36383363
oed	-10.35654592	-12.75012800
oed$	-10.57968947	-13.44327518
oen	-10.39736791	-13.44327518
oer	-10.31732521	-13.44327518
oer$	-11.01047239	-13.44327518
oes	-9.68360145	-12.75012800
oes$	-9.86184968	-13.44327518
oet	-11.09051509	-12.75012800
of$	-10.31732521	-13.44327518
ofa	-11.01047239	-12.05698081
ofe	-10.02007368	-10.80421785
ofes	-10.48437929	-11.36383363
off	-8.89329052	-9.61463378
off$	-10.80283302	-13.44327518
offe	-10.07891418	-10.61006183
offi	-10.31732521	-10.07597935
offs	-10.27958488	-13.44327518
ofi	-9.93783558	-10.80421785
ofit	-10.86737154	-13.44327518
ofo	-11.09051509	-12.34466289
ofs	-10.86737154	-13.44327518
ofs$	-10.86737154	-13.44327518
oft	-10.17422436	-10.95836853
ofte	-11.09051509	-13.44327518
og$	-10.53089931	-11.65151571
oga	-9.72527414	-8.86856420
ogam	-11.78366227	-10.49883620
ogan	-11.62951159	-10.44754290
ogas	-13.57542174	-10.73522497
ogat	-10.20812591	-10.55290342
oge	-9.31274187	-11.83383726
ogen	-9.74678035	-11.83383726
ogg	-9.29875562	-13.44327518
ogge	-10.39736791	-13.44327518
oggi	-10.20812591	-13.44327518
oggl	-10.93636441	-13.44327518
ogi	-8.09895819	-8.79888428
ogic	-9.31274187	-9.77971353
ogie	-10.57968947	-13.44327518
ogik	-13.57542174	-9.31614079
ogis	-8.75514018	-13.44327518
ogiz	-10.86737154	-13.44327518
ogl	-10.48437929	-12.05698081
ogn	-9.86184968	-13.44327518
ogni	-10.53089931	-13.44327518
ogno	-11.01047239	-13.44327518
ogo	-11.01047239	-12.34466289
ogr	-8.42213015	-9.20916867
ogra	-8.50651754	-9.22376747
ogre	-11.09051509	-12.75012800
ogs	-10.17422436	-13.44327518
ogs$	-10.35654592	-13.44327518
ogu	-9.96450383	-11.49736503
ogue	-10.24321723	-13.44327518
ogy	-9.19339511	-10.49883620
ogy$	-9.25793363	-12.05698081
ogya	-13.57542174	-10.67068645
oha	-11.78366227	-9.47298326
oham	-13.57542174	-10.95836853
ohan	-13.57542174	-10.61006183
ohat	-13.57542174	-10.87832582
ohe	-10.80283302	-12.34466289
ohi	-11.17752647	-10.67068645
ohn	-11.49598020	-11.65151571
oic	-10.63098276	-12.34466289
oid	-9.32692650	-10.49883620
oid$	-10.20812591	-10.87832582
oids	-10.27958488	-13.44327518
oil	-9.18097259	-12.75012800
oil$	-10.68504999	-12.75012800
oile	-10.27958488	-13.44327518
oili	-10.74220840	-13.44327518
oils	-10.74220840	-13.44327518
oin	-8.64816806	-11.83383726
oing	-9.99190280	-13.44327518
oins	-10.86737154	-13.44327518
oint	-9.68360145	-11.83383726
oir	-10.74220840	-12.75012800
ois	-9.18097259	-13.44327518
oise	-10.48437929	-13.44327518
oist	-9.99190280	-13.44327518
oit	-10.31732521	-13.44327518
oite	-11.09051509	-13.44327518
oja	-13.57542174	-10.00928797
ojan	-13.57542174	-10.95836853
oje	-11.27283665	-11.36383363
ojec	-11.49598020	-11.49736503
oji	-12.88227456	-10.61006183
ok$	-9.99190280	-10.61006183
oka	-11.37819717	-9.12578706
okal	-12.47680945	-11.04537990
okam	-13.57542174	-10.39875274
oke	-8.79629825	-11.83383726
oke$	-10.39736791	-13.44327518
oked	-10.48437929	-13.44327518
oken	-10.57968947	-12.75012800
oker	-10.35654592	-12.05698081
okes	-10.31732521	-13.44327518
okh	-12.47680945	-10.95836853
okha	-13.57542174	-10.95836853
oki	-9.88654229	-11.14069008
okie	-10.93636441	-13.44327518
okin	-10.31732521	-13.44327518
okk	-12.88227456	-8.77983608
okka	-13.57542174	-10.11107067
okke	-12.88227456	-10.30778096
okki	-13.57542174	-10.26522135
okku	-13.57542174	-10.55290342
oks	-10.07891418	-9.49203146
oks$	-10.20812591	-10.87832582
oksh	-12.47680945	-10.04207779
okt	-13.57542174	-10.44754290
okth	-13.57542174	-10.80421785
oku	-12.18912738	-10.35223272
okun	-13.57542174	-10.80421785
ol$	-9.99190280	-8.36187081
ola	-8.93103084	-8.13006920
ola$	-11.09051509	-10.49883620
olam	-13.57542174	-8.88939828
olan	-12.88227456	-10.61006183
olap	-12.88227456	-10.87832582
olar	-10.43992753	-11.24605060
olas	-11.17752647	-12.05698081
olat	-9.68360145	-12.05698081
old	-8.55154122	-10.39875274
old$	-10.27958488	-11.36383363
olde	-9.56808856	-12.34466289
oldi	-10.31732521	-13.44327518
olds	-10.31732521	-13.44327518
ole	-8.18179420	-9.08656635
ole$	-9.86184968	-10.14743831
oled	-10.93636441	-13.44327518
olee	-11.96598383	-10.80421785
olej	-13.57542174	-10.80421785
olem	-10.57968947	-13.44327518
olen	-10.63098276	-12.34466289
oler	-10.43992753	-12.75012800
oles	-9.28496230	-13.44327518
olet	-11.37819717	-11.83383726
oley	-12.88227456	-11.04537990
olf	-11.01047239	-13.44327518
oli	-8.05796885	-8.22291935
oli$	-11.96598383	-11.14069008
olia	-10.86737154	-12.34466289
olic	-9.86184968	-9.80568902
olid	-10.63098276	-11.36383363
olik	-13.57542174	-10.18517864
olil	-11.62951159	-10.61006183
olin	-9.99190280	-10.22439935
olis	-9.86184968	-11.36383363
olit	-9.58643770	-11.36383363
oliy	-13.57542174	-10.49883620
oliz	-11.01047239	-13.44327518
olk	-10.27958488	-11.24605060
oll	-8.15488674	-8.80854619
oll$	-11.17752647	-12.34466289
olla	-10.02007368	-10.04207779
olle	-9.51497873	-10.26522135
olli	-9.72527414	-10.87832582
ollo	-10.20812591	-11.04537990
olls	-10.80283302	-13.44327518
ollu	-10.80283302	-10.39875274
olly	-11.01047239	-11.49736503
olm	-11.01047239	-13.44327518
olo	-7.55926458	-9.55145488
olog	-7.95140424	-10.95836853
olon	-9.86184968	-10.87832582
oloo	-13.57542174	-10.95836853
olor	-9.99190280	-13.44327518
olou	-9.93783558	-13.44327518
olp	-12.47680945	-11.14069008
ols	-9.79123211	-11.49736503
ols$	-10.39736791	-12.75012800
olst	-10.74220840	-13.44327518
olt	-9.93783558	-13.44327518
olu	-9.34131524	-9.57207416
oluk	-13.57542174	-10.61006183
olum	-11.01047239	-10.39875274
olut	-10.04906122	-12.34466289
olv	-9.96450383	-13.44327518
olve	-10.31732521	-13.44327518
oly	-9.49788430	-10.39875274
olya	-11.78366227	-11.14069008
olym	-11.09051509	-11.24605060
om$	-9.21871292	-9.45429113
oma	-8.51917594	-8.72477630
oma$	-11.62951159	-11.36383363
omaa	-13.57542174	-10.35223272
omai	-11.96598383	-11.24605060
oman	-9.24468840	-10.39875274
omas	-11.62951159	-10.87832582
omat	-9.99190280	-10.39875274
omb	-9.12107445	-10.49883620
omb$	-11.17752647	-12.34466289
omba	-10.80283302	-11.83383726
ombi	-11.09051509	-11.49736503
ombo	-10.74220840	-12.75012800
ombs	-11.09051509	-13.44327518
ome	-7.76727925	-9.57207416
ome$	-9.88654229	-11.83383726
omed	-10.27958488	-12.75012800
omel	-10.57968947	-13.44327518
omen	-9.15658114	-11.83383726
omeo	-11.49598020	-11.65151571
omer	-9.86184968	-12.05698081
omes	-9.88654229	-12.75012800
omet	-9.60512983	-11.14069008
omf	-10.39736791	-13.44327518
omfo	-10.86737154	-13.44327518
omi	-8.28211692	-9.34893061
omic	-10.14143454	-11.24605060
omie	-11.01047239	-13.44327518
omin	-9.31274187	-10.73522497
omis	-9.86184968	-11.83383726
omiy	-13.57542174	-10.55290342
omiz	-10.53089931	-13.44327518
omm	-8.38246489	-9.55145488
omma	-11.01047239	-11.04537990
omme	-9.62417802	-12.75012800
ommi	-9.76875925	-10.87832582
ommo	-10.20812591	-10.87832582
ommu	-9.79123211	-11.65151571
omn	-11.09051509	-12.34466289
omo	-9.70422073	-10.61006183
omp	-8.05396083	-10.18517864
ompa	-9.64359611	-11.14069008
ompe	-9.88654229	-13.44327518
ompl	-9.60512983	-12.05698081
ompo	-9.88654229	-11.14069008
ompr	-10.35654592	-13.44327518
ompu	-10.39736791	-11.83383726
oms	-9.29875562	-11.14069008
oms$	-9.41653866	-11.49736503
omu	-11.78366227	-11.49736503
omy	-10.53089931	-11.14069008
omy$	-10.63098276	-11.49736503
on$	-6.39155103	-8.12515518
ona	-7.61441640	-9.12578706
ona$	-12.18912738	-10.35223272
onaa	-13.57542174	-10.95836853
onab	-10.24321723	-13.44327518
onad	-10.93636441	-13.44327518
onal	-8.11158994	-10.87832582
onan	-11.17752647	-11.83383726
onar	-10.07891418	-10.67068645
onas	-11.27283665	-12.05698081
onat	-10.20812591	-12.34466289
onb	-10.93636441	-12.05698081
onc	-8.30242218	-11.65151571
onca	-11.01047239	-13.44327518
once	-9.28496230	-13.44327518
onch	-11.01047239	-13.44327518
onci	-10.57968947	-13.44327518
oncl	-10.93636441	-13.44327518
onco	-9.81422163	-13.44327518
oncr	-11.27283665	-11.65151571
oncu	-10.93636441	-13.44327518
ond	-8.43375819	-8.51602149
ond$	-11.01047239	-10.67068645
onda	-11.01047239	-10.67068645
onde	-9.55007005	-11.65151571
ondi	-10.48437929	-10.22439935
ondo	-10.48437929	-12.75012800
ondu	-10.43992753	-9.11254184
one	-7.57153468	-9.25362043
one$	-9.10951362	-10.61006183
oned	-9.24468840	-13.44327518
onee	-11.37819717	-10.87832582
onel	-11.09051509	-11.83383726
onen	-10.93636441	-13.44327518
oner	-9.53237048	-12.34466289
ones	-9.23161632	-10.18517864
onet	-10.14143454	-13.44327518
oney	-10.53089931	-11.83383726
onf	-8.79629825	-11.65151571
onfe	-10.31732521	-12.34466289
onfi	-9.91186010	-13.44327518
onfl	-10.93636441	-13.44327518
onfo	-10.74220840	-13.44327518
onfu	-10.74220840	-12.75012800
ong	-8.45145776	-10.22439935
ong$	-10.57968947	-11.65151571
onga	-11.62951159	-11.36383363
onge	-9.83775212	-13.44327518
ongi	-11.17752647	-12.34466289
ongo	-11.49598020	-11.65151571
ongr	-10.24321723	-11.83383726
ongs	-10.48437929	-13.44327518
oni	-7.49548855	-8.87892698
oni$	-11.78366227	-10.95836853
onia	-10.68504999	-11.04537990
onic	-9.41653866	-12.75012800
onie	-10.57968947	-13.44327518
onil	-13.57542174	-10.73522497
onin	-9.06456224	-12.05698081
onio	-10.86737154	-13.44327518
onis	-8.60560844	-11.04537990
onit	-11.01047239	-10.87832582
oniy	-13.57542174	-10.61006183
oniz	-9.53237048	-13.44327518
onj	-10.27958488	-13.44327518
onju	-10.57968947	-13.44327518
onk	-9.86184968	-10.80421785
onke	-10.68504999	-13.44327518
onki	-11.27283665	-12.34466289
onl	-10.39736791	-11.36383363
onli	-11.27283665	-11.65151571
onm	-10.43992753	-12.75012800
onme	-11.01047239	-13.44327518
onn	-9.35591404	-8.11539901
onn$	-13.57542174	-10.04207779
onna	-11.17752647	-9.22376747
onne	-9.96450383	-10.39875274
onni	-11.37819717	-10.07597935
onno	-11.27283665	-11.49736503
onnu	-12.18912738	-9.61463378
ono	-8.48782541	-11.24605060
onoc	-11.01047239	-13.44327518
onog	-11.09051509	-13.44327518
onol	-10.86737154	-13.44327518
onom	-9.88654229	-11.83383726
onop	-10.80283302	-13.44327518
onor	-10.43992753	-13.44327518
onou	-10.31732521	-12.75012800
onp	-10.57968947	-11.65151571
onpa	-11.62951159	-11.65151571
onq	-11.01047239	-12.75012800
onqu	-11.01047239	-13.44327518
onr	-10.63098276	-12.75012800
onre	-11.09051509	-13.44327518
ons	-6.64590497	-10.30778096
ons$	-6.98237721	-10.95836853
onsc	-10.43992753	-13.44327518
onse	-9.74678035	-12.75012800
onsi	-9.74678035	-12.34466289
onso	-10.24321723	-12.75012800
onsp	-10.74220840	-13.44327518
onst	-9.08678537	-13.44327518
onsu	-9.99190280	-12.75012800
ont	-7.88506229	-9.51144954
ont$	-11.09051509	-11.24605060
onta	-9.58643770	-11.49736503
onte	-9.66339874	-11.49736503
onth	-10.93636441	-11.04537990
onti	-9.74678035	-11.65151571
onto	-10.31732521	-13.44327518
ontr	-9.23161632	-12.34466289
ontu	-11.17752647	-12.05698081
onu	-10.86737154	-9.88792711
onuk	-13.57542174	-10.14743831
onv	-9.12107445	-12.34466289
onve	-9.62417802	-12.34466289
onvi	-10.86737154	-13.44327518
onvo	-10.93636441	-13.44327518
onw	-11.01047239	-12.75012800
ony	-9.79123211	-10.35223272
ony$	-10.24321723	-11.04537990
onym	-11.09051509	-13.44327518
oo$	-10.74220840	-8.00085747
oob	-11.78366227	-9.91691465
oobe	-12.47680945	-11.14069008
ooc	-11.17752647	-9.85975624
ooch	-11.17752647	-10.49883620
ood	-8.35506592	-8.04059779
ood$	-9.64359611	-10.80421785
ooda	-12.18912738	-9.47298326
oode	-11.27283665	-9.49203146
oodi	-10.68504999	-9.61463378
oodl	-10.20812591	-13.44327518
oodo	-11.96598383	-10.67068645
oods	-9.93783558	-13.44327518
oodu	-13.57542174	-9.80568902
ooe	-10.86737154	-12.34466289
oof	-9.37072912	-10.87832582
oof$	-10.43992753	-13.44327518
oofe	-11.09051509	-12.75012800
oofi	-11.17752647	-11.36383363
oofs	-10.93636441	-13.44327518
oog	-11.17752647	-9.49203146
oogi	-12.18912738	-11.14069008
oogr	-13.57542174	-10.35223272
ooh	-11.27283665	-9.88792711
ooha	-13.57542174	-10.18517864
ooi	-11.01047239	-10.95836853
ooj	-13.57542174	-10.67068645
ook	-8.67014696	-8.56047325
ook$	-10.04906122	-11.49736503
ooka	-11.96598383	-10.67068645
ooke	-10.35654592	-12.34466289
ookh	-12.47680945	-11.04537990
ooki	-10.63098276	-11.49736503
ookk	-12.88227456	-9.85975624
ooks	-10.07891418	-9.77971353
ool	-9.05363317	-8.05878011
ool$	-11.01047239	-9.97753927
oola	-12.47680945	-9.47298326
oole	-10.80283302	-10.80421785
ooli	-10.93636441	-9.31614079
ooll	-11.78366227	-11.14069008
oolo	-12.18912738	-10.87832582
ools	-10.86737154	-12.75012800
oolu	-13.57542174	-10.35223272
oom	-8.91198265	-8.77983608
oom$	-10.04906122	-10.95836853
ooma	-13.57542174	-10.00928797
oome	-10.63098276	-11.49736503
oomi	-11.37819717	-10.00928797
ooms	-9.86184968	-13.44327518
oon	-8.87494138	-8.07263715
oon$	-10.20812591	-10.00928797
oona	-13.57542174	-10.49883620
oond	-11.49598020	-10.44754290
oone	-10.74220840	-10.73522497
ooni	-10.63098276	-9.61463378
oonn	-13.57542174	-9.80568902
oons	-10.35654592	-12.75012800
oont	-12.88227456	-10.49883620
oonu	-13.57542174	-10.95836853
oop	-9.49788430	-8.48043055
oop$	-11.27283665	-11.65151571
oopa	-13.57542174	-9.33240131
oope	-10.35654592	-9.97753927
oopi	-11.27283665	-11.24605060
oopp	-13.57542174	-10.61006183
oor	-9.68360145	-7.44931375
oor$	-11.49598020	-9.01245838
oora	-13.57542174	-9.55145488
oore	-12.18912738	-10.95836853
oori	-12.47680945	-9.23858256
oorn	-13.57542174	-10.07597935
ooro	-13.57542174	-10.30778096
oort	-13.57542174	-9.45429113
ooru	-13.57542174	-10.44754290
oorv	-13.57542174	-9.91691465
oory	-12.47680945	-11.14069008
oos	-9.48107718	-9.30014045
oos$	-11.01047239	-11.04537990
oose	-10.10968584	-13.44327518
oosh	-11.78366227	-10.95836853
oosi	-11.96598383	-11.36383363
oost	-11.78366227	-10.87832582
oot	-8.45742793	-7.74283160
oot$	-10.39736791	-11.65151571
oota	-13.57542174	-10.11107067
oote	-10.20812591	-10.22439935
ooth	-10.24321723	-9.70560556
ooti	-10.57968947	-10.73522497
ootl	-10.57968947	-13.44327518
ooto	-13.57542174	-10.95836853
oots	-10.14143454	-13.44327518
oott	-13.57542174	-8.36810136
oou	-13.57542174	-10.30778096
oov	-10.93636441	-9.91691465
oova	-13.57542174	-10.39875274
oove	-11.37819717	-12.05698081
oow	-13.57542174	-10.30778096
ooy	-13.57542174	-10.14743831
ooz	-10.39736791	-11.14069008
ooze	-11.09051509	-13.44327518
op$	-9.44828736	-11.04537990
opa	-9.56808856	-8.73374497
opaa	-13.57542174	-10.73522497
opag	-11.09051509	-13.44327518
opal	-11.96598383	-11.14069008
opam	-12.88227456	-10.49883620
opan	-13.57542174	-10.14743831
opar	-11.27283665	-11.49736503
opat	-11.09051509	-10.67068645
ope	-8.50651754	-9.33240131
ope$	-10.27958488	-12.34466289
opea	-13.57542174	-10.95836853
oped	-10.24321723	-12.75012800
opee	-12.18912738	-10.00928797
open	-10.68504999	-12.75012800
oper	-9.58643770	-11.24605060
opes	-10.43992753	-13.44327518
oph	-8.83922329	-10.04207779
ophe	-10.86737154	-11.24605060
ophi	-9.88654229	-11.14069008
opho	-10.20812591	-12.75012800
ophy	-10.39736791	-12.05698081
opi	-8.95044893	-9.63661269
opia	-11.62951159	-10.55290342
opic	-10.17422436	-12.34466289
opie	-10.80283302	-13.44327518
opin	-10.17422436	-12.34466289
opl	-9.86184968	-12.34466289
opla	-10.39736791	-13.44327518
ople	-11.01047239	-12.34466289
opo	-9.21871292	-11.83383726
opol	-10.14143454	-12.34466289
opp	-8.79629825	-9.12578706
oppa	-11.96598383	-9.70560556
oppe	-9.60512983	-12.34466289
oppi	-10.14143454	-10.87832582
oppo	-10.74220840	-13.44327518
opr	-9.99190280	-11.14069008
opra	-11.78366227	-11.24605060
opri	-10.20812591	-13.44327518
ops	-9.20597389	-13.44327518
ops$	-9.46454788	-13.44327518
opt	-9.70422073	-11.83383726
opti	-10.14143454	-12.75012800
opu	-9.86184968	-11.04537990
opul	-9.93783558	-13.44327518
opy	-10.43992753	-11.14069008
opy$	-11.01047239	-12.05698081
oqu	-10.20812591	-13.44327518
oque	-11.09051509	-13.44327518
oqui	-10.93636441	-13.44327518
or$	-7.86831148	-8.59908809
ora	-8.11583623	-8.41939466
oraa	-13.57542174	-9.53125217
orab	-10.93636441	-13.44327518
oral	-9.66339874	-10.44754290
oram	-11.62951159	-10.73522497
oran	-10.68504999	-10.55290342
orat	-8.89329052	-10.30778096
orb	-9.88654229	-13.44327518
orbe	-11.01047239	-13.44327518
orbi	-10.63098276	-13.44327518
orc	-9.40103447	-11.24605060
orce	-10.27958488	-13.44327518
orch	-10.63098276	-11.83383726
orci	-11.09051509	-13.44327518
ord	-8.51917594	-10.07597935
ord$	-10.43992753	-11.04537990
orda	-10.35654592	-11.24605060
orde	-10.14143454	-13.44327518
ordi	-9.83775212	-12.75012800
ords	-10.31732521	-13.44327518
ore	-7.82602876	-9.65908554
ore$	-9.66339874	-10.61006183
orea	-10.93636441	-12.34466289
orec	-11.01047239	-13.44327518
ored	-9.68360145	-13.44327518
oree	-12.18912738	-11.24605060
orel	-11.09051509	-13.44327518
orer	-10.63098276	-13.44327518
ores	-9.13277049	-12.34466289
oret	-10.93636441	-12.34466289
org	-9.02154485	-10.61006183
orga	-9.88654229	-11.14069008
orge	-10.39736791	-12.75012800
orgi	-10.74220840	-12.05698081
ori	-7.61184240	-8.34952498
ori$	-12.18912738	-10.44754290
oria	-9.62417802	-10.73522497
oric	-10.48437929	-12.75012800
orid	-11.27283665	-12.34466289
orie	-9.58643770	-12.34466289
orig	-10.86737154	-12.75012800
orii	-13.57542174	-10.87832582
orik	-13.57542174	-10.95836853
oril	-12.18912738	-9.83235726
orin	-9.51497873	-10.61006183
orio	-10.57968947	-12.34466289
oris	-9.43228702	-11.49736503
orit	-10.17422436	-10.87832582
oriy	-13.57542174	-10.39875274
oriz	-9.56808856	-12.75012800
orj	-12.47680945	-11.04537990
ork	-8.70788729	-10.14743831
ork$	-10.04906122	-11.14069008
orke	-10.07891418	-12.34466289
orki	-10.86737154	-12.05698081
orks	-10.43992753	-13.44327518
orl	-10.48437929	-12.75012800
orld	-11.17752647	-12.75012800
orm	-8.27710438	-10.39875274
orm$	-10.20812591	-12.05698081
orma	-9.38576700	-12.05698081
orme	-10.14143454	-13.44327518
ormi	-10.35654592	-12.05698081
ormo	-11.37819717	-11.49736503
orms	-10.24321723	-13.44327518
ormu	-11.01047239	-12.34466289
orn	-8.90259291	-9.61463378
orn$	-10.17422436	-12.75012800
orna	-11.62951159	-11.14069008
orne	-10.57968947	-13.44327518
orni	-10.57968947	-10.49883620
ornn	-13.57542174	-10.73522497
orns	-11.09051509	-13.44327518
oro	-9.08678537	-9.47298326
orol	-11.17752647	-11.49736503
oron	-10.86737154	-11.83383726
orou	-9.88654229	-11.36383363
orp	-9.44828736	-11.65151571
orph	-10.24321723	-13.44327518
orpo	-10.63098276	-12.75012800
orr	-8.86589154	-10.49883620
orre	-10.14143454	-13.44327518
orrh	-11.01047239	-13.44327518
orri	-10.27958488	-11.24605060
orro	-10.31732521	-12.75012800
orru	-10.93636441	-13.44327518
ors	-7.65384332	-13.44327518
ors$	-7.94780063	-13.44327518
orse	-9.60512983	-13.44327518
orsh	-10.48437929	-13.44327518
ort	-7.58896974	-8.76114395
ort$	-10.10968584	-11.49736503
orta	-9.96450383	-13.44327518
orte	-9.53237048	-12.75012800
orth	-9.48107718	-9.68207506
orti	-9.06456224	-12.05698081
ortl	-11.01047239	-13.44327518
orts	-9.86184968	-11.65151571
ortt	-13.57542174	-9.63661269
ortu	-10.20812591	-12.05698081
oru	-10.93636441	-8.82815466
oru$	-13.57542174	-10.07597935
oruk	-13.57542174	-10.07597935
orum	-12.18912738	-10.95836853
orus	-11.37819717	-11.36383363
orv	-12.18912738	-9.85975624
orva	-13.57542174	-10.44754290
orvv	-13.57542174	-10.95836853
orw	-10.68504999	-12.75012800
orwa	-10.93636441	-13.44327518
ory	-8.87494138	-10.07597935
ory$	-8.95044893	-10.55290342
os$	-8.41636644	-9.94676761
osa	-10.27958488	-11.65151571
osc	-9.56808856	-11.36383363
osco	-10.07891418	-11.49736503
ose	-8.24270295	-11.04537990
ose$	-9.81422163	-11.65151571
osec	-11.09051509	-12.05698081
osed	-10.04906122	-13.44327518
osel	-10.63098276	-13.44327518
osen	-11.01047239	-13.44327518
oser	-11.09051509	-13.44327518
oses	-9.68360145	-13.44327518
osf	-13.57542174	-10.61006183
osh	-9.88654229	-9.15281573
osh$	-11.17752647	-11.49736503
osha	-13.57542174	-9.65908554
oshe	-10.43992753	-13.44327518
oshi	-11.78366227	-10.87832582
osi	-8.44552303	-10.35223272
osie	-10.86737154	-13.44327518
osin	-9.93783558	-11.65151571
osis	-10.24321723	-13.44327518
osit	-9.32692650	-13.44327518
osm	-10.68504999	-13.44327518
oso	-10.07891418	-11.83383726
osom	-11.27283665	-12.05698081
osop	-10.80283302	-13.44327518
osp	-9.44828736	-10.73522497
ospe	-10.53089931	-13.44327518
osph	-10.48437929	-10.87832582
ospi	-11.01047239	-12.34466289
oss	-8.60560844	-10.73522497
oss$	-10.86737154	-12.05698081
osse	-9.83775212	-13.44327518
ossi	-9.86184968	-11.36383363
ost	-8.11583623	-9.65908554
ost$	-9.99190280	-10.87832582
osta	-10.27958488	-11.04537990
oste	-9.86184968	-11.83383726
osti	-10.24321723	-13.44327518
ostl	-10.86737154	-13.44327518
ostm	-11.09051509	-13.44327518
ostr	-10.86737154	-11.83383726
osts	-10.68504999	-13.44327518
ostu	-10.48437929	-12.75012800
osu	-10.57968947	-11.49736503
osur	-10.63098276	-12.34466289
osy	-10.63098276	-12.34466289
ot$	-8.96030123	-10.22439935
ota	-9.14460494	-9.51144954
otaa	-13.57542174	-10.61006183
otal	-10.63098276	-12.34466289
otan	-11.62951159	-10.95836853
otap	-11.09051509	-12.05698081
otar	-11.17752647	-12.05698081
otat	-10.48437929	-12.34466289
otc	-10.10968584	-13.44327518
otch	-10.20812591	-13.44327518
ote	-8.61959469	-9.40022391
ote$	-10.53089931	-9.77971353
otec	-11.09051509	-13.44327518
oted	-10.20812591	-13.44327518
otel	-11.37819717	-12.05698081
oten	-10.93636441	-13.44327518
oter	-10.20812591	-11.83383726
otes	-10.39736791	-13.44327518
oth	-8.41636644	-8.46654143
oth$	-10.43992753	-12.34466289
otha	-12.18912738	-9.88792711
othe	-9.04282225	-10.80421785
othi	-10.74220840	-9.85975624
otho	-11.27283665	-12.05698081
oths	-10.68504999	-11.49736503
othu	-13.57542174	-9.75439572
oti	-8.29221801	-10.30778096
otia	-10.93636441	-13.44327518
otic	-9.76875925	-12.05698081
otin	-9.96450383	-13.44327518
otio	-10.24321723	-12.75012800
otis	-10.57968947	-13.44327518
otiv	-10.63098276	-13.44327518
otl	-10.27958488	-12.75012800
otle	-10.80283302	-12.75012800
oto	-8.97025156	-9.68207506
otog	-11.01047239	-10.80421785
otom	-11.27283665	-11.65151571
oton	-11.17752647	-12.75012800
otop	-11.78366227	-11.49736503
otor	-10.17422436	-12.34466289
otr	-10.57968947	-11.49736503
otra	-11.49598020	-11.65151571
ots	-9.09808493	-12.34466289
ots$	-9.25793363	-13.44327518
ott	-8.87494138	-7.56834445
ott$	-12.88227456	-10.22439935
otta	-11.27283665	-8.29578070
otte	-9.81422163	-10.80421785
otth	-13.57542174	-10.80421785
otti	-10.14143454	-9.55145488
otto	-10.80283302	-10.49883620
ottu	-13.57542174	-9.34893061
otty	-11.96598383	-11.14069008
otu	-10.93636441	-10.67068645
oty	-10.53089931	-11.49736503
ou$	-11.78366227	-11.04537990
oub	-10.02007368	-12.75012800
oubl	-10.39736791	-13.44327518
ouc	-9.48107718	-11.83383726
ouch	-9.51497873	-12.75012800
oud	-10.17422436	-11.49736503
oug	-9.03212696	-12.05698081
ough	-9.13277049	-12.75012800
ouk	-12.47680945	-10.87832582
oul	-9.38576700	-10.61006183
ould	-10.68504999	-13.44327518
oule	-10.74220840	-13.44327518
ouli	-11.96598383	-11.24605060
oun	-7.66191874	-9.91691465
ounc	-9.66339874	-12.34466289
ound	-8.53846914	-10.80421785
ount	-8.57820947	-10.87832582
oup	-9.68360145	-10.87832582
oupe	-11.09051509	-11.83383726
oupl	-11.09051509	-13.44327518
our	-7.88168960	-9.63661269
our$	-9.93783558	-12.75012800
oura	-10.53089931	-11.24605060
oure	-9.99190280	-13.44327518
ouri	-9.58643770	-11.24605060
ourn	-10.20812591	-11.14069008
ours	-9.60512983	-11.83383726
ourt	-10.39736791	-11.65151571
ous	-6.85520159	-10.14743831
ous$	-7.74353927	-10.87832582
ouse	-8.61257711	-12.75012800
ousi	-10.63098276	-12.75012800
ousl	-8.34967507	-13.44327518
ousn	-8.88407386	-13.44327518
oust	-10.74220840	-13.44327518
out	-7.64583260	-10.61006183
out$	-9.72527414	-12.34466289
oute	-10.35654592	-12.75012800
outf	-10.53089931	-13.44327518
outh	-9.66339874	-10.95836853
outi	-10.31732521	-12.75012800
outl	-10.68504999	-13.44327518
outp	-10.74220840	-13.44327518
outr	-10.39736791	-13.44327518
outs	-9.18097259	-13.44327518
outw	-10.93636441	-13.44327518
ov$	-13.57542174	-10.80421785
ova	-9.88654229	-9.45429113
ova$	-13.57542174	-10.87832582
oval	-11.62951159	-10.55290342
ovat	-10.74220840	-12.75012800
ove	-7.20895130	-10.26522135
ove$	-10.35654592	-12.34466289
oved	-11.09051509	-13.44327518
ovel	-9.99190280	-10.87832582
oven	-10.35654592	-13.44327518
over	-7.46617416	-12.05698081
oves	-10.48437929	-13.44327518
ovi	-9.56808856	-10.04207779
ovid	-11.09051509	-13.44327518
ovil	-13.57542174	-10.55290342
ovin	-10.68504999	-11.65151571
ovo	-10.74220840	-13.44327518
ovu	-11.78366227	-11.04537990
ow$	-9.07561207	-10.26522135
owa	-10.43992753	-11.49736503
owb	-9.99190280	-13.44327518
owbo	-10.68504999	-13.44327518
owd	-10.02007368	-12.75012800
owe	-8.53199663	-11.14069008
owed	-9.91186010	-13.44327518
owel	-10.24321723	-12.05698081
ower	-9.20597389	-12.05698081
owh	-11.01047239	-13.44327518
owi	-9.72527414	-12.34466289
owin	-9.83775212	-12.75012800
owl	-9.56808856	-10.87832582
owle	-10.35654592	-12.75012800
owli	-11.49598020	-11.14069008
owm	-11.27283665	-11.65151571
own	-8.61257711	-11.14069008
own$	-9.86184968	-12.75012800
owne	-10.48437929	-12.34466289
owni	-10.93636441	-12.34466289
owns	-9.88654229	-13.44327518
owp	-10.74220840	-13.44327518
owr	-11.78366227	-11.36383363
ows	-8.90259291	-10.26522135
ows$	-9.35591404	-12.34466289
owsh	-11.27283665	-10.55290342
owsi	-11.49598020	-11.83383726
owt	-11.01047239	-12.05698081
ox$	-10.07891418	-10.87832582
oxe	-9.81422163	-13.44327518
oxes	-10.20812591	-13.44327518
oxi	-9.41653866	-12.75012800
oxic	-10.93636441	-13.44327518
oxid	-10.57968947	-12.75012800
oxin	-10.86737154	-13.44327518
oxy	-11.09051509	-13.44327518
oy$	-10.20812591	-12.34466289
oya	-10.48437929	-10.39875274
oyal	-11.09051509	-13.44327518
oye	-10.31732521	-12.05698081
oyed	-10.80283302	-13.44327518
oyi	-10.80283302	-9.80568902
oyil	-13.57542174	-10.73522497
oyin	-11.01047239	-12.34466289
oyo	-11.96598383	-11.36383363
oys	-10.20812591	-13.44327518
oys$	-10.27958488	-13.44327518
oyu	-13.57542174	-10.80421785
oz$	-13.57542174	-10.87832582
oze	-10.20812591	-13.44327518
ozh	-13.57542174	-8.87892698
ozhi	-13.57542174	-9.41792349
ozhu	-13.57542174	-9.97753927
ozi	-10.57968947	-13.44327518
pa$	-11.62951159	-9.97753927
paa	-13.57542174	-7.38415198
paad	-13.57542174	-8.79888428
paak	-13.57542174	-9.97753927
paal	-13.57542174	-9.31614079
paan	-13.57542174	-9.88792711
paar	-13.57542174	-9.18059530
paat	-13.57542174	-9.01245838
paay	-13.57542174	-10.80421785
pab	-10.63098276	-10.26522135
pabl	-10.80283302	-10.87832582
pac	-8.92146139	-9.91691465
pace	-9.99190280	-12.75012800
pach	-12.47680945	-10.39875274
paci	-10.35654592	-13.44327518
pack	-10.10968584	-12.34466289
pad	-10.10968584	-8.02717477
pada	-13.57542174	-9.26888791
padd	-11.49598020	-10.87832582
pade	-11.78366227	-11.14069008
padh	-13.57542174	-9.68207506
padi	-12.18912738	-9.02443457
pae	-11.17752647	-10.80421785
pag	-9.99190280	-11.14069008
paga	-10.86737154	-13.44327518
page	-10.93636441	-12.75012800
pai	-9.60512983	-9.85975624
pain	-10.35654592	-11.36383363
pair	-10.68504999	-13.44327518
pait	-13.57542174	-10.73522497
pak	-13.57542174	-8.34340875
paka	-13.57542174	-8.84815533
paks	-13.57542174	-9.88792711
pal	-8.83048961	-8.60699327
pal$	-11.27283665	-10.87832582
pala	-10.43992753	-9.43594199
pale	-10.68504999	-11.65151571
pali	-11.27283665	-10.44754290
pall	-10.48437929	-10.07597935
palm	-10.80283302	-13.44327518
palp	-11.09051509	-11.83383726
pam	-11.01047239	-8.74279481
pam$	-12.88227456	-9.16660906
pama	-13.57542174	-10.44754290
pamk	-13.57542174	-10.87832582
pan	-8.61257711	-7.59395040
pan$	-11.27283665	-10.22439935
pana	-12.18912738	-9.20916867
panc	-11.17752647	-9.12578706
pand	-11.01047239	-10.39875274
pane	-10.68504999	-12.05698081
pang	-11.62951159	-9.91691465
pani	-10.43992753	-9.75439572
panj	-13.57542174	-10.49883620
pank	-11.78366227	-10.35223272
pann	-11.49598020	-10.55290342
pans	-10.86737154	-12.75012800
pant	-10.35654592	-10.30778096
pap	-9.81422163	-10.39875274
pape	-10.14143454	-12.34466289
papp	-12.47680945	-10.49883620
par	-7.68101891	-7.05808078
par$	-12.47680945	-10.80421785
para	-8.96030123	-7.89419909
pard	-10.80283302	-13.44327518
pare	-9.76875925	-10.35223272
pari	-10.48437929	-8.14495781
park	-10.86737154	-11.24605060
parl	-11.27283665	-11.24605060
paro	-10.57968947	-13.44327518
parr	-10.86737154	-12.05698081
pars	-10.80283302	-12.05698081
part	-9.07561207	-11.04537990
paru	-13.57542174	-10.73522497
parv	-12.88227456	-10.49883620
pary	-13.57542174	-10.04207779
pas	-8.83922329	-9.59312757
pas$	-11.49598020	-11.14069008
pash	-12.47680945	-10.18517864
pass	-9.56808856	-11.24605060
past	-9.88654229	-12.75012800
pat	-8.15932134	-7.30554812
pata	-13.57542174	-10.39875274
patc	-10.86737154	-13.44327518
pate	-9.93783558	-11.24605060
path	-9.66339874	-7.79430094
pati	-9.76875925	-10.14743831
patr	-9.68360145	-10.35223272
patt	-10.68504999	-8.79888428
pau	-10.63098276	-11.04537990
pav	-11.01047239	-9.85975624
pava	-13.57542174	-10.49883620
paw	-10.93636441	-12.75012800
pay	-9.81422163	-8.73374497
paya	-12.18912738	-11.24605060
payo	-11.96598383	-8.95463881
paz	-12.88227456	-9.97753927
pazh	-13.57542174	-10.00928797
pbo	-10.74220840	-13.44327518
pboa	-11.09051509	-13.44327518
pe$	-9.29875562	-11.24605060
pea	-9.09808493	-10.49883620
peac	-10.53089931	-12.34466289
peak	-11.01047239	-12.34466289
pean	-12.88227456	-10.95836853
pear	-10.35654592	-12.34466289
pec	-8.67758194	-11.83383726
peci	-10.14143454	-12.34466289
peck	-10.80283302	-13.44327518
pect	-9.44828736	-12.34466289
pecu	-10.74220840	-13.44327518
ped	-8.10736160	-7.69070254
ped$	-8.46947627	-13.44327518
peda	-10.68504999	-10.22439935
pede	-11.01047239	-11.14069008
pedi	-10.04906122	-12.34466289
pedu	-12.47680945	-7.81206339
pee	-9.29875562	-9.04882602
peec	-11.49598020	-11.49736503
peed	-10.74220840	-10.67068645
peek	-12.88227456	-10.18517864
peep	-11.37819717	-12.05698081
peer	-11.09051509	-10.95836853
peg	-11.27283665	-12.34466289
pek	-11.96598383	-11.04537990
pel	-9.19339511	-13.44327518
peli	-11.09051509	-13.44327518
pell	-9.93783558	-13.44327518
pen	-8.09478282	-9.88792711
penc	-11.01047239	-13.44327518
pend	-9.48107718	-11.36383363
pene	-10.20812591	-13.44327518
peni	-10.35654592	-12.75012800
penk	-12.47680945	-10.87832582
penn	-11.09051509	-11.65151571
pens	-9.83775212	-11.83383726
pent	-10.10968584	-13.44327518
peo	-11.17752647	-12.05698081
pep	-10.80283302	-12.34466289
pepp	-11.09051509	-12.34466289
per	-6.83372105	-8.67259055
per$	-8.78793000	-10.95836853
pera	-9.35591404	-10.49883620
perc	-9.60512983	-13.44327518
pere	-9.91186010	-10.95836853
perf	-10.07891418	-13.44327518
peri	-8.98030189	-9.91691465
perm	-9.81422163	-12.75012800
pero	-10.80283302	-12.34466289
perp	-10.10968584	-13.44327518
pers	-8.15488674	-12.05698081
pert	-9.99190280	-13.44327518
peru	-11.49598020	-9.91691465
perv	-10.27958488	-12.05698081
pes	-8.90259291	-12.05698081
pes$	-9.31274187	-13.44327518
pest	-10.53089931	-13.44327518
pet	-8.77140070	-7.65637779
peta	-11.37819717	-11.36383363
pete	-10.68504999	-11.24605060
peti	-10.20812591	-12.05698081
petr	-10.53089931	-11.14069008
pett	-11.17752647	-7.98368966
petu	-10.80283302	-9.33240131
pew	-10.57968947	-13.44327518
pey	-12.18912738	-11.14069008
ph$	-10.27958488	-10.61006183
pha	-8.88407386	-8.83810499
phab	-10.80283302	-13.44327518
phal	-10.63098276	-10.11107067
phan	-10.48437929	-11.65151571
phar	-11.09051509	-10.95836853
phas	-10.35654592	-11.24605060
phat	-11.17752647	-11.83383726
phe	-8.56478645	-9.43594199
phee	-13.57542174	-10.67068645
phel	-11.96598383	-11.04537990
phem	-10.93636441	-11.83383726
phen	-10.80283302	-12.05698081
pher	-9.08678537	-11.14069008
phi	-8.52556574	-8.68968498
phi$	-13.57542174	-10.14743831
phic	-9.66339874	-12.05698081
phil	-9.62417802	-10.49883620
phin	-10.57968947	-11.83383726
phip	-13.57542174	-10.61006183
phis	-10.68504999	-10.61006183
phl	-11.37819717	-11.04537990
pho	-8.40493775	-9.20916867
phob	-10.80283302	-12.75012800
phol	-10.57968947	-13.44327518
phon	-9.31274187	-10.73522497
phoo	-12.47680945	-10.26522135
phor	-10.93636441	-10.95836853
phos	-11.17752647	-11.04537990
phot	-9.93783558	-10.95836853
phr	-10.68504999	-10.14743831
phra	-11.01047239	-11.04537990
phri	-12.88227456	-10.80421785
phs	-10.27958488	-11.83383726
phs$	-10.27958488	-12.34466289
pht	-11.78366227	-11.14069008
phu	-11.49598020	-11.24605060
phy	-9.28496230	-10.35223272
phy$	-10.43992753	-10.80421785
phys	-10.10968584	-11.49736503
pi$	-11.78366227	-10.18517864
pia	-10.48437929	-10.55290342
pian	-11.62951159	-10.55290342
pic	-8.83048961	-8.02274018
pic$	-10.43992753	-12.34466289
pica	-10.68504999	-11.49736503
picc	-12.18912738	-10.22439935
pich	-13.57542174	-8.19625110
pick	-10.27958488	-12.75012800
pics	-11.27283665	-12.34466289
picu	-11.09051509	-13.44327518
pid	-9.70422073	-9.41792349
pid$	-11.17752647	-12.75012800
pidi	-11.49598020	-9.49203146
pie	-8.65544082	-12.34466289
piec	-10.53089931	-12.75012800
pier	-9.81422163	-13.44327518
pies	-9.62417802	-12.75012800
pig	-10.17422436	-13.44327518
pigg	-11.09051509	-13.44327518
pii	-12.88227456	-10.55290342
pik	-11.01047239	-8.10094092
pika	-13.57542174	-9.75439572
pikk	-13.57542174	-8.36810136
pil	-9.32692650	-8.88939828
pil$	-12.88227456	-9.88792711
pila	-11.62951159	-10.18517864
pile	-11.17752647	-12.34466289
pill	-10.17422436	-10.95836853
pim	-11.09051509	-13.44327518
pin	-7.85510997	-8.69834305
pin$	-10.93636441	-11.36383363
pina	-11.96598383	-10.95836853
pine	-10.04906122	-11.65151571
ping	-8.39927201	-12.34466289
pinn	-10.93636441	-10.07597935
pins	-10.48437929	-13.44327518
pint	-12.18912738	-9.72970311
pinu	-12.47680945	-10.80421785
pio	-10.48437929	-12.05698081
pion	-11.09051509	-12.05698081
pip	-10.17422436	-11.65151571
pipe	-10.48437929	-13.44327518
pir	-9.10951362	-9.97753927
pira	-10.31732521	-10.73522497
pire	-10.39736791	-13.44327518
piri	-10.20812591	-10.61006183
pis	-9.41653866	-11.65151571
pish	-10.68504999	-11.83383726
pist	-10.27958488	-13.44327518
pit	-8.68507261	-9.61463378
pita	-9.62417802	-11.83383726
pith	-11.62951159	-9.97753927
piti	-10.93636441	-13.44327518
pito	-11.09051509	-13.44327518
pitt	-11.37819717	-11.36383363
piy	-13.57542174	-10.39875274
piya	-13.57542174	-10.95836853
pla	-7.87832826	-9.65908554
plac	-9.81422163	-13.44327518
plag	-10.80283302	-12.34466289
plai	-10.17422436	-11.65151571
plan	-9.34131524	-12.05698081
plas	-10.17422436	-12.34466289
plat	-9.83775212	-12.34466289
play	-9.51497873	-11.65151571
ple	-8.12010063	-11.04537990
ple$	-10.17422436	-11.83383726
plea	-10.20812591	-12.34466289
pled	-10.63098276	-13.44327518
plem	-10.86737154	-13.44327518
plen	-10.57968947	-13.44327518
ples	-9.76875925	-12.75012800
plet	-9.99190280	-13.44327518
plex	-10.53089931	-12.34466289
pli	-8.44552303	-11.83383726
plic	-9.51497873	-12.75012800
plie	-10.63098276	-13.44327518
plif	-10.48437929	-13.44327518
plin	-9.83775212	-12.34466289
plo	-8.84803392	-13.44327518
plod	-10.93636441	-13.44327518
plor	-10.86737154	-13.44327518
ploy	-10.57968947	-13.44327518
plu	-9.24468840	-12.05698081
plum	-10.43992753	-12.34466289
plur	-10.86737154	-13.44327518
ply	-10.48437929	-12.05698081
ply$	-10.93636441	-13.44327518
pno	-10.93636441	-13.44327518
pnot	-11.01047239	-13.44327518
poc	-10.39736791	-13.44327518
pock	-10.86737154	-13.44327518
pod	-10.57968947	-11.04537990
podi	-12.18912738	-11.04537990
poe	-10.80283302	-13.44327518
pog	-11.09051509	-11.24605060
poi	-9.29875562	-11.83383726
poin	-9.83775212	-11.83383726
pois	-10.80283302	-13.44327518
pok	-10.68504999	-10.18517864
poke	-10.74220840	-12.75012800
poku	-13.57542174	-10.87832582
pol	-8.19552439	-8.27279118
pol$	-13.57542174	-9.30014045
pola	-10.27958488	-11.14069008
pole	-10.48437929	-9.77971353
poli	-9.25793363	-9.83235726
poll	-10.57968947	-10.80421785
polo	-10.39736791	-11.65151571
polu	-13.57542174	-10.95836853
poly	-9.74678035	-12.75012800
pom	-10.31732521	-13.44327518
pon	-8.98030189	-10.39875274
pond	-10.31732521	-13.44327518
pone	-10.93636441	-13.44327518
pong	-11.27283665	-11.65151571
pons	-10.57968947	-13.44327518
poo	-9.29875562	-8.05420345
pook	-11.78366227	-10.49883620
pool	-10.74220840	-10.00928797
poon	-10.57968947	-10.95836853
poor	-11.62951159	-8.74279481
pop	-9.68360145	-12.34466289
popu	-10.14143454	-12.75012800
por	-8.16824997	-9.25362043
pora	-10.35654592	-10.22439935
pori	-10.48437929	-12.75012800
port	-8.61959469	-9.97753927
pos	-7.94780063	-10.35223272
pose	-9.41653866	-12.34466289
posi	-9.24468840	-13.44327518
poss	-10.39736791	-13.44327518
post	-8.99045426	-10.73522497
pot	-8.88407386	-9.19477993
pot$	-10.80283302	-13.44327518
pota	-11.78366227	-11.36383363
pote	-11.01047239	-13.44327518
poth	-10.20812591	-9.94676761
pots	-10.93636441	-13.44327518
pott	-10.57968947	-10.11107067
pou	-9.56808856	-10.67068645
poul	-11.62951159	-11.36383363
poun	-10.57968947	-13.44327518
pour	-11.27283665	-11.36383363
pov	-11.37819717	-11.24605060
pow	-10.39736791	-11.49736503
powe	-10.86737154	-13.44327518
poy	-13.57542174	-10.44754290
poz	-13.57542174	-10.61006183
pozh	-13.57542174	-10.61006183
pp$	-13.57542174	-9.70560556
ppa	-10.17422436	-7.79782828
ppa$	-12.47680945	-10.80421785
ppaa	-13.57542174	-9.47298326
ppal	-11.62951159	-10.11107067
ppam	-13.57542174	-9.70560556
ppan	-12.47680945	-9.72970311
ppar	-11.17752647	-10.00928797
ppat	-13.57542174	-9.85975624
ppe	-8.08648402	-7.17228674
ppea	-10.53089931	-12.75012800
pped	-9.38576700	-7.85977887
ppen	-10.86737154	-12.75012800
pper	-8.86589154	-11.14069008
ppet	-10.57968947	-7.92582228
ppi	-8.76323739	-7.51368603
ppic	-12.47680945	-8.45284259
ppie	-10.04906122	-13.44327518
ppik	-13.57542174	-8.56807785
ppil	-12.47680945	-9.36573773
ppin	-9.19339511	-10.11107067
ppl	-9.40103447	-11.83383726
pple	-10.24321723	-12.75012800
ppli	-10.27958488	-12.75012800
ppo	-9.46454788	-8.98892788
ppoi	-11.09051509	-13.44327518
ppol	-13.57542174	-9.80568902
ppoo	-12.88227456	-10.80421785
ppor	-10.31732521	-11.14069008
ppos	-10.53089931	-12.34466289
ppoz	-13.57542174	-10.95836853
ppr	-9.16870250	-12.75012800
ppre	-9.86184968	-13.44327518
ppro	-10.14143454	-13.44327518
ppu	-11.96598383	-8.60699327
ppu$	-13.57542174	-9.59312757
ppuk	-13.57542174	-10.49883620
ppum	-13.57542174	-10.61006183
ppur	-11.96598383	-10.55290342
ppy	-10.53089931	-11.14069008
ppy$	-10.53089931	-11.24605060
pra	-9.04282225	-6.57634189
praa	-13.57542174	-9.02443457
prab	-13.57542174	-9.83235726
prac	-10.57968947	-10.07597935
prad	-13.57542174	-8.60699327
prai	-10.43992753	-12.05698081
prak	-13.57542174	-8.65578343
pram	-12.47680945	-10.14743831
pran	-10.93636441	-11.04537990
pras	-13.57542174	-8.41939466
prat	-11.27283665	-8.22291935
prav	-12.47680945	-8.61496144
pray	-11.01047239	-9.41792349
pre	-7.26187370	-9.18059530
prea	-10.17422436	-13.44327518
prec	-9.32692650	-13.44327518
pred	-9.62417802	-12.34466289
pree	-10.80283302	-10.80421785
pref	-10.31732521	-13.44327518
preh	-10.17422436	-13.44327518
prem	-10.17422436	-11.65151571
prep	-10.17422436	-13.44327518
prer	-11.27283665	-11.24605060
pres	-8.48782541	-10.67068645
pret	-9.91186010	-12.34466289
prev	-10.39736791	-10.49883620
pri	-8.04599266	-9.59312757
pria	-10.63098276	-13.44327518
pric	-10.43992753	-12.75012800
prie	-10.48437929	-13.44327518
prim	-10.14143454	-13.44327518
prin	-9.34131524	-10.80421785
pris	-10.17422436	-13.44327518
prit	-11.49598020	-11.04537990
priv	-10.35654592	-12.75012800
priz	-11.01047239	-12.75012800
pro	-7.16524686	-9.01245838
prob	-10.43992753	-13.44327518
proc	-9.60512983	-12.75012800
prod	-10.02007368	-12.75012800
prof	-9.44828736	-11.04537990
prog	-9.91186010	-10.11107067
proj	-11.49598020	-10.73522497
prol	-10.93636441	-12.34466289
prom	-9.99190280	-12.75012800
pron	-10.80283302	-13.44327518
proo	-9.81422163	-10.87832582
prop	-9.08678537	-13.44327518
pros	-9.53237048	-11.83383726
prot	-9.99190280	-11.36383363
prov	-9.40103447	-12.75012800
pru	-10.57968947	-11.14069008
ps$	-7.93706707	-12.75012800
pse	-10.24321723	-13.44327518
psh	-11.09051509	-12.75012800
psi	-9.96450383	-13.44327518
pso	-10.68504999	-13.44327518
pst	-10.20812591	-13.44327518
psu	-10.63098276	-13.44327518
psul	-11.01047239	-13.44327518
psy	-9.51497873	-13.44327518
psyc	-9.62417802	-13.44327518
pt$	-9.93783558	-10.30778096
pta	-10.20812591	-11.04537990
pte	-9.76875925	-11.49736503
pted	-10.68504999	-13.44327518
pter	-10.57968947	-13.44327518
pth	-12.18912738	-10.26522135
ptha	-13.57542174	-10.87832582
pthi	-13.57542174	-10.95836853
pti	-8.30242218	-11.04537990
ptib	-11.09051509	-13.44327518
ptic	-10.10968584	-12.75012800
ptim	-10.68504999	-13.44327518
ptin	-10.86737154	-12.75012800
ptio	-9.34131524	-13.44327518
ptiv	-10.24321723	-13.44327518
pto	-9.91186010	-13.44327518
pts	-10.39736791	-12.75012800
pts$	-10.39736791	-12.75012800
ptu	-9.74678035	-11.83383726
ptua	-10.86737154	-13.44327518
ptur	-10.43992753	-13.44327518
pu$	-13.57542174	-9.13921008
pub	-10.48437929	-11.36383363
publ	-10.86737154	-11.36383363
pud	-10.63098276	-13.44327518
puk	-12.88227456	-9.65908554
puka	-13.57542174	-9.68207506
pul	-8.88407386	-9.80568902
pula	-9.88654229	-10.61006183
pull	-11.37819717	-11.14069008
puls	-10.24321723	-13.44327518
pum	-10.80283302	-10.26522135
pum$	-12.88227456	-10.67068645
pun	-9.29875562	-10.04207779
puna	-13.57542174	-10.87832582
punc	-10.04906122	-13.44327518
puni	-10.93636441	-12.75012800
pup	-10.93636441	-13.44327518
pur	-8.90259291	-8.07729916
pura	-11.96598383	-8.28421988
purg	-10.80283302	-13.44327518
puri	-10.48437929	-12.34466289
purp	-10.93636441	-12.75012800
purs	-11.09051509	-13.44327518
purt	-11.96598383	-11.24605060
puru	-12.88227456	-10.44754290
pus	-10.02007368	-10.07597935
push	-11.17752647	-12.05698081
pust	-12.47680945	-10.49883620
put	-9.24468840	-9.20916867
puta	-10.57968947	-13.44327518
pute	-10.48437929	-11.83383726
puth	-13.57542174	-9.61463378
putr	-11.78366227	-11.04537990
putt	-10.80283302	-11.36383363
puu	-13.57542174	-9.59312757
puur	-13.57542174	-10.18517864
puz	-11.78366227	-10.44754290
puzh	-13.57542174	-10.49883620
py$	-9.66339874	-10.39875274
pya	-12.47680945	-10.95836853
qa$	-13.57542174	-10.49883620
qaa	-13.57542174	-10.67068645
qal	-13.57542174	-10.61006183
qan	-13.57542174	-10.80421785
qar	-13.57542174	-10.95836853
qee	-13.57542174	-10.87832582
qi$	-13.57542174	-10.87832582
qo$	-13.57542174	-10.95836853
qol	-13.57542174	-10.80421785
qq$	-13.57542174	-10.95836853
qs$	-13.57542174	-10.73522497
qua	-8.11583623	-11.65151571
quad	-10.17422436	-13.44327518
quai	-10.86737154	-13.44327518
qual	-9.72527414	-13.44327518
quan	-10.48437929	-12.75012800
quar	-9.68360145	-12.05698081
quat	-10.48437929	-13.44327518
que	-8.19552439	-11.83383726
que$	-10.20812591	-12.34466289
quea	-10.86737154	-13.44327518
quee	-10.68504999	-12.75012800
quel	-11.01047239	-13.44327518
quen	-9.96450383	-13.44327518
quer	-10.48437929	-13.44327518
ques	-9.55007005	-13.44327518
quet	-10.68504999	-13.44327518
qui	-7.98443476	-12.34466289
quic	-11.01047239	-13.44327518
quid	-10.74220840	-13.44327518
quie	-10.17422436	-13.44327518
quil	-10.57968947	-13.44327518
quin	-10.20812591	-12.75012800
quir	-9.86184968	-13.44327518
quis	-9.91186010	-13.44327518
quit	-9.93783558	-12.75012800
quiv	-10.93636441	-13.44327518
quo	-10.24321723	-12.75012800
quot	-10.93636441	-13.44327518
ra$	-9.76875925	-7.71969007
raa	-12.47680945	-6.62544460
raa$	-13.57542174	-10.18517864
raac	-13.57542174	-10.95836853
raad	-13.57542174	-9.38283217
raag	-13.57542174	-10.80421785
raah	-13.57542174	-10.61006183
raaj	-13.57542174	-8.41939466
raak	-13.57542174	-9.91691465
raal	-12.47680945	-9.68207506
raam	-13.57542174	-8.61496144
raan	-13.57542174	-8.82815466
raap	-13.57542174	-10.39875274
raar	-13.57542174	-10.44754290
raas	-13.57542174	-9.68207506
raat	-13.57542174	-9.31614079
raav	-13.57542174	-9.85975624
raay	-13.57542174	-8.59124491
raaz	-13.57542174	-10.55290342
rab	-8.57820947	-9.08656635
raba	-12.47680945	-10.87832582
rabb	-10.48437929	-12.75012800
rabh	-13.57542174	-9.72970311
rabi	-10.74220840	-10.44754290
rabl	-9.13277049	-13.44327518
rac	-7.77028677	-8.61496144
race	-9.64359611	-12.05698081
rach	-10.63098276	-8.70707673
raci	-9.91186010	-12.75012800
rack	-9.55007005	-13.44327518
ract	-8.64816806	-13.44327518
racy	-10.68504999	-12.75012800
rad	-8.45742793	-7.95433745
rada	-11.37819717	-9.63661269
radd	-11.37819717	-11.49736503
rade	-9.91186010	-9.53125217
radh	-13.57542174	-8.63925413
radi	-9.12107445	-11.24605060
radu	-10.93636441	-11.65151571
rae	-11.37819717	-10.55290342
raf	-9.44828736	-10.44754290
raff	-11.01047239	-12.34466289
raft	-9.74678035	-13.44327518
rag	-8.61257711	-10.55290342
rage	-9.64359611	-12.05698081
ragg	-10.20812591	-13.44327518
ragi	-10.63098276	-11.83383726
ragm	-11.09051509	-13.44327518
rago	-11.17752647	-12.75012800
rah	-11.01047239	-8.95463881
raha	-12.47680945	-9.83235726
rahi	-12.88227456	-10.44754290
rahm	-13.57542174	-9.97753927
rai	-8.21412958	-9.68207506
raig	-11.01047239	-11.83383726
rail	-10.07891418	-10.49883620
rain	-8.84803392	-11.65151571
rais	-10.24321723	-11.65151571
rait	-10.93636441	-13.44327518
raj	-11.78366227	-8.57574073
raj$	-13.57542174	-10.67068645
raja	-12.47680945	-9.15281573
rajy	-13.57542174	-10.35223272
rak	-10.57968947	-7.45431376
raka	-13.57542174	-8.56807785
rake	-11.09051509	-11.49736503
rakh	-12.88227456	-10.49883620
rakk	-13.57542174	-8.74279481
rakr	-13.57542174	-9.77971353
raks	-12.88227456	-9.45429113
rakt	-13.57542174	-10.35223272
ral	-7.97699978	-8.78931483
ral$	-9.48107718	-9.88792711
rala	-13.57542174	-10.22439935
rale	-11.96598383	-11.04537990
rali	-8.81324781	-10.26522135
rall	-9.72527414	-11.65151571
rals	-10.31732521	-13.44327518
ram	-8.28211692	-6.56701056
ram$	-10.43992753	-7.69388219
rama	-10.74220840	-7.41740920
ramb	-10.39736791	-9.45429113
rame	-10.14143454	-9.77971353
ramg	-13.57542174	-10.35223272
rami	-10.80283302	-9.53125217
ramm	-10.10968584	-10.49883620
ramo	-11.96598383	-10.87832582
ramp	-10.57968947	-11.36383363
rams	-10.27958488	-13.44327518
ramu	-12.18912738	-9.75439572
ran	-7.30632546	-6.50111847
ran$	-11.78366227	-9.01245838
rana	-12.47680945	-7.50047580
ranc	-9.27135665	-10.61006183
rand	-9.31274187	-9.49203146
rane	-11.01047239	-10.80421785
rang	-9.43228702	-8.08668890
rani	-11.17752647	-10.22439935
ranj	-13.57542174	-8.92148660
rank	-10.14143454	-11.49736503
ranm	-13.57542174	-10.35223272
rann	-10.57968947	-9.68207506
ranq	-11.09051509	-13.44327518
rans	-8.58498916	-10.67068645
rant	-9.28496230	-9.70560556
ranu	-11.62951159	-9.72970311
rap	-7.87832826	-8.50880124
rap$	-11.01047239	-12.75012800
rapa	-12.18912738	-10.26522135
rape	-10.27958488	-12.34466289
raph	-8.54498382	-10.35223272
rapi	-10.43992753	-12.34466289
rapp	-10.07891418	-9.43594199
rapr	-12.47680945	-10.26522135
raps	-10.68504999	-13.44327518
rapy	-11.78366227	-11.14069008
rar	-9.56808856	-9.88792711
rara	-13.57542174	-10.87832582
rare	-10.86737154	-11.83383726
rari	-10.39736791	-12.34466289
ras	-8.61257711	-7.52977217
ras$	-10.35654592	-10.49883620
rasa	-11.96598383	-9.19477993
rase	-10.86737154	-11.49736503
rash	-10.27958488	-8.77983608
rasi	-11.01047239	-8.95463881
rask	-13.57542174	-10.67068645
rass	-10.04906122	-10.73522497
rast	-11.27283665	-9.85975624
rasy	-12.18912738	-11.04537990
rat	-6.83964173	-6.86819934
rat$	-11.09051509	-10.95836853
rata	-11.37819717	-10.80421785
ratc	-11.01047239	-13.44327518
rate	-7.77330337	-10.73522497
rath	-11.49598020	-7.23468515
rati	-7.74061101	-9.91691465
rato	-9.27135665	-12.05698081
ratt	-10.24321723	-8.44606290
ratu	-10.86737154	-13.44327518
rau	-9.79123211	-10.49883620
raud	-10.80283302	-12.34466289
raug	-10.80283302	-13.44327518
rav	-8.85692287	-7.76652137
rava	-10.80283302	-8.39985006
rave	-9.28496230	-10.07597935
ravi	-10.48437929	-9.80568902
ravr	-13.57542174	-10.80421785
ravu	-12.47680945	-9.65908554
raw	-9.23161632	-12.05698081
rawl	-10.39736791	-13.44327518
rawn	-11.09051509	-13.44327518
ray	-9.53237048	-7.83380338
ray$	-10.74220840	-12.05698081
raya	-12.47680945	-9.11254184
raye	-11.01047239	-10.73522497
rayi	-11.17752647	-9.16660906
rayk	-13.57542174	-10.39875274
rayo	-12.88227456	-10.22439935
rays	-11.01047239	-13.44327518
rayu	-13.57542174	-9.33240131
raz	-10.10968584	-10.11107067
raz$	-13.57542174	-10.95836853
raze	-10.74220840	-13.44327518
rb$	-10.86737154	-12.75012800
rba	-9.24468840	-10.26522135
rbal	-10.43992753	-11.83383726
rban	-10.53089931	-10.87832582
rbar	-10.80283302	-13.44327518
rbe	-9.76875925	-13.44327518
rber	-11.01047239	-13.44327518
rbh	-13.57542174	-10.22439935
rbha	-13.57542174	-10.55290342
rbi	-9.34131524	-11.65151571
rbid	-11.27283665	-12.34466289
rbit	-10.35654592	-13.44327518
rbl	-10.43992753	-12.75012800
rble	-10.86737154	-12.75012800
rbo	-9.06456224	-11.24605060
rboa	-10.57968947	-13.44327518
rbon	-10.68504999	-11.49736503
rbor	-10.93636441	-13.44327518
rbr	-11.09051509	-13.44327518
rbu	-10.24321723	-12.34466289
rca	-9.88654229	-13.44327518
rcc	-13.57542174	-10.39875274
rcch	-13.57542174	-10.61006183
rce	-8.96030123	-12.75012800
rce$	-11.01047239	-12.75012800
rced	-10.93636441	-13.44327518
rcep	-10.74220840	-13.44327518
rcer	-10.63098276	-13.44327518
rces	-11.01047239	-13.44327518
rch	-8.43962331	-9.40022391
rch$	-10.86737154	-11.24605060
rcha	-9.86184968	-10.07597935
rche	-9.88654229	-12.34466289
rchi	-9.76875925	-12.05698081
rci	-9.70422073	-13.44327518
rcin	-10.93636441	-13.44327518
rcis	-11.01047239	-13.44327518
rcl	-10.24321723	-13.44327518
rcla	-11.09051509	-13.44327518
rco	-9.56808856	-12.75012800
rcom	-11.01047239	-13.44327518
rcon	-11.01047239	-13.44327518
rcr	-11.09051509	-13.44327518
rcu	-9.27135665	-12.05698081
rcul	-10.57968947	-13.44327518
rcum	-10.14143454	-13.44327518
rd$	-8.49401738	-9.97753927
rda	-9.96450383	-9.65908554
rdan	-10.93636441	-10.55290342
rdd	-13.57542174	-10.35223272
rdde	-13.57542174	-10.67068645
rde	-8.77140070	-11.65151571
rded	-10.14143454	-13.44327518
rden	-10.43992753	-13.44327518
rder	-9.68360145	-13.44327518
rdes	-11.49598020	-11.65151571
rdh	-11.17752647	-9.00062392
rdha	-12.47680945	-9.61463378
rdhe	-12.47680945	-10.95836853
rdhi	-13.57542174	-10.14743831
rdi	-8.69261982	-11.04537990
rdia	-11.17752647	-12.75012800
rdie	-10.74220840	-13.44327518
rdin	-9.64359611	-11.65151571
rdis	-10.93636441	-12.34466289
rdl	-10.20812591	-13.44327518
rdn	-11.01047239	-13.44327518
rdne	-11.09051509	-13.44327518
rdo	-10.17422436	-13.44327518
rdr	-10.20812591	-12.75012800
rds	-8.40493775	-12.75012800
rds$	-8.48167154	-13.44327518
rdu	-11.17752647	-10.26522135
re$	-7.87163927	-8.20683321
rea	-7.31202348	-9.85975624
reac	-9.72527414	-12.75012800
read	-9.00071076	-12.75012800
reak	-9.58643770	-12.34466289
real	-9.66339874	-12.34466289
ream	-9.83775212	-12.34466289
rean	-10.86737154	-12.75012800
reap	-10.43992753	-13.44327518
rear	-10.48437929	-13.44327518
reas	-9.32692650	-11.36383363
reat	-9.12107445	-11.04537990
reau	-11.01047239	-13.44327518
reb	-9.29875562	-11.83383726
rebo	-10.86737154	-13.44327518
rebr	-10.74220840	-13.44327518
rebu	-10.68504999	-13.44327518
rec	-7.48411186	-11.14069008
reca	-9.70422073	-13.44327518
rece	-10.04906122	-13.44327518
rech	-11.37819717	-11.83383726
reci	-9.68360145	-13.44327518
reck	-10.80283302	-12.75012800
recl	-10.57968947	-13.44327518
reco	-8.57147544	-12.05698081
recr	-10.10968584	-13.44327518
rect	-9.32692650	-13.44327518
recu	-10.68504999	-13.44327518
red	-7.07864675	-10.11107067
red$	-7.49320283	-10.95836853
redd	-11.27283665	-11.83383726
rede	-9.46454788	-12.34466289
redi	-9.32692650	-11.49736503
redo	-10.57968947	-13.44327518
redu	-10.48437929	-12.05698081
ree	-7.98443476	-7.52707311
ree$	-10.93636441	-9.51144954
reec	-11.37819717	-11.36383363
reed	-10.07891418	-10.55290342
reek	-12.18912738	-8.94346551
reel	-10.74220840	-10.95836853
reem	-10.24321723	-10.95836853
reen	-9.44828736	-10.35223272
reep	-11.49598020	-11.36383363
reer	-11.96598383	-9.94676761
rees	-10.24321723	-10.07597935
reet	-11.01047239	-9.63661269
reex	-11.09051509	-13.44327518
reey	-13.57542174	-9.77971353
reez	-11.09051509	-13.44327518
ref	-8.29730708	-13.44327518
refa	-10.74220840	-13.44327518
refe	-10.24321723	-13.44327518
refi	-10.17422436	-13.44327518
refl	-10.86737154	-13.44327518
refo	-9.83775212	-13.44327518
refr	-10.20812591	-13.44327518
refu	-10.10968584	-13.44327518
reg	-8.57820947	-10.95836853
rega	-9.81422163	-12.34466289
regi	-10.31732521	-12.05698081
regr	-10.20812591	-13.44327518
regu	-10.27958488	-13.44327518
reh	-9.24468840	-12.75012800
reha	-10.74220840	-13.44327518
rehe	-9.86184968	-13.44327518
reho	-10.93636441	-13.44327518
rei	-9.04282225	-10.80421785
reig	-11.09051509	-12.75012800
rein	-9.48107718	-12.05698081
rej	-10.31732521	-12.05698081
reju	-10.86737154	-12.75012800
rek	-11.09051509	-9.31614079
rekh	-13.57542174	-10.11107067
rekk	-12.47680945	-10.26522135
rel	-8.29730708	-9.85975624
rel$	-11.09051509	-12.75012800
rela	-9.96450383	-11.83383726
rele	-10.14143454	-11.83383726
reli	-9.53237048	-10.73522497
rell	-11.01047239	-11.36383363
rels	-10.53089931	-13.44327518
rely	-10.43992753	-13.44327518
rem	-8.21412958	-10.55290342
rema	-9.74678035	-11.65151571
reme	-9.60512983	-12.05698081
remi	-9.81422163	-11.49736503
remo	-9.70422073	-12.75012800
ren	-8.05396083	-9.68207506
rena	-10.43992753	-11.83383726
renc	-9.64359611	-11.49736503
rend	-10.63098276	-10.80421785
rene	-9.83775212	-13.44327518
reng	-11.27283665	-12.34466289
reno	-10.80283302	-13.44327518
rent	-9.38576700	-11.83383726
reo	-9.60512983	-13.44327518
reor	-10.48437929	-13.44327518
rep	-8.04203225	-10.80421785
repa	-9.76875925	-13.44327518
repe	-10.04906122	-13.44327518
repl	-10.27958488	-13.44327518
repo	-10.10968584	-11.49736503
repr	-9.40103447	-13.44327518
repu	-10.17422436	-11.49736503
req	-10.10968584	-12.34466289
requ	-10.10968584	-13.44327518
rer	-8.27710438	-10.80421785
rer$	-8.96030123	-13.44327518
rere	-11.09051509	-13.44327518
rers	-9.23161632	-13.44327518
res	-6.76197714	-9.25362043
res$	-8.21412958	-12.05698081
resa	-11.17752647	-12.34466289
resc	-9.83775212	-13.44327518
rese	-9.05363317	-11.65151571
resh	-9.81422163	-10.87832582
resi	-9.62417802	-10.61006183
reso	-10.14143454	-12.75012800
resp	-9.81422163	-13.44327518
ress	-8.17725904	-11.04537990
rest	-8.67014696	-10.67068645
resu	-10.04906122	-13.44327518
ret	-7.89866794	-9.34893061
ret$	-11.27283665	-11.24605060
reta	-9.91186010	-11.14069008
retc	-10.39736791	-13.44327518
rete	-9.96450383	-10.95836853
reth	-11.27283665	-11.83383726
reti	-9.93783558	-10.95836853
reto	-10.74220840	-13.44327518
retr	-9.44828736	-13.44327518
rets	-11.01047239	-13.44327518
rett	-10.20812591	-10.67068645
reu	-10.53089931	-12.75012800
rev	-8.48782541	-10.26522135
reva	-10.63098276	-10.67068645
reve	-9.34131524	-11.24605060
revi	-9.70422073	-13.44327518
revo	-10.31732521	-13.44327518
rew	-9.07561207	-12.75012800
rew$	-11.01047239	-12.75012800
rewa	-10.93636441	-13.44327518
rewi	-10.74220840	-13.44327518
rewo	-10.86737154	-13.44327518
rex	-10.68504999	-13.44327518
rey	-10.68504999	-9.26888791
reya	-13.57542174	-10.67068645
reyu	-13.57542174	-10.04207779
rfa	-10.57968947	-13.44327518
rfe	-9.86184968	-13.44327518
rfec	-11.01047239	-13.44327518
rfei	-11.01047239	-13.44327518
rfi	-10.53089931	-13.44327518
rfl	-10.80283302	-13.44327518
rfo	-10.63098276	-13.44327518
rfor	-11.09051509	-13.44327518
rfu	-10.20812591	-13.44327518
rful	-10.68504999	-13.44327518
rga	-9.23161632	-9.85975624
rgan	-9.93783558	-10.87832582
rgar	-11.27283665	-12.05698081
rgat	-10.74220840	-11.49736503
rge	-8.61959469	-10.87832582
rge$	-10.57968947	-12.05698081
rged	-10.43992753	-13.44327518
rgen	-10.53089931	-13.44327518
rgeo	-11.01047239	-13.44327518
rger	-10.24321723	-13.44327518
rges	-10.48437929	-13.44327518
rget	-11.09051509	-13.44327518
rgg	-13.57542174	-10.35223272
rgga	-13.57542174	-10.49883620
rgh	-12.18912738	-10.55290342
rgha	-13.57542174	-10.95836853
rgi	-9.19339511	-10.80421785
rgic	-11.09051509	-12.75012800
rgin	-9.93783558	-11.49736503
rgl	-10.48437929	-13.44327518
rgla	-10.80283302	-13.44327518
rgo	-10.14143454	-13.44327518
rgr	-10.80283302	-13.44327518
rgu	-10.63098276	-12.75012800
rgy	-11.01047239	-12.75012800
rha	-10.27958488	-11.65151571
rhap	-11.09051509	-13.44327518
rhe	-9.99190280	-12.75012800
rhea	-10.43992753	-13.44327518
rhi	-11.09051509	-11.49736503
rho	-10.02007368	-13.44327518
rhoo	-11.09051509	-13.44327518
rhy	-11.09051509	-13.44327518
ri$	-11.27283665	-7.75969541
ria	-7.91942993	-9.55145488
ria$	-11.27283665	-10.44754290
riag	-11.01047239	-13.44327518
rial	-8.84803392	-11.49736503
rian	-9.34131524	-11.14069008
riar	-10.80283302	-13.44327518
riat	-9.60512983	-12.05698081
rib	-8.96030123	-10.87832582
ribb	-10.93636441	-12.75012800
ribe	-10.10968584	-13.44327518
ribu	-9.99190280	-13.44327518
ric	-7.77330337	-7.52169676
ric$	-9.32692650	-11.24605060
rica	-9.18097259	-10.39875274
ricc	-13.57542174	-9.34893061
rice	-10.48437929	-12.75012800
rich	-11.09051509	-7.81565406
rici	-9.86184968	-13.44327518
rick	-9.66339874	-11.65151571
rico	-11.01047239	-13.44327518
rics	-11.09051509	-13.44327518
rict	-10.27958488	-12.75012800
rid	-8.87494138	-9.04882602
rida	-11.78366227	-10.26522135
ridd	-11.01047239	-11.04537990
ride	-10.14143454	-12.34466289
ridg	-10.39736791	-11.83383726
ridi	-10.53089931	-11.49736503
rie	-7.52804956	-10.39875274
rie$	-10.93636441	-12.34466289
ried	-10.53089931	-13.44327518
rien	-9.76875925	-12.34466289
rier	-9.70422073	-13.44327518
ries	-8.05396083	-11.14069008
riet	-10.86737154	-12.05698081
riev	-10.63098276	-13.44327518
rif	-8.95044893	-13.44327518
rifi	-10.07891418	-13.44327518
rifl	-11.09051509	-13.44327518
rift	-10.74220840	-13.44327518
rify	-10.53089931	-13.44327518
rig	-8.77140070	-10.44754290
riga	-10.86737154	-10.80421785
rigg	-10.93636441	-13.44327518
righ	-9.64359611	-13.44327518
rigi	-10.57968947	-12.75012800
rih	-12.88227456	-11.04537990
rii	-13.57542174	-8.53062029
rii$	-13.57542174	-9.80568902
riik	-13.57542174	-10.73522497
riis	-13.57542174	-10.55290342
riit	-13.57542174	-10.49883620
riiy	-13.57542174	-10.80421785
rik	-10.74220840	-7.14432593
rika	-13.57542174	-8.70707673
rike	-11.09051509	-12.34466289
rikk	-13.57542174	-7.44433861
riks	-13.57542174	-10.80421785
ril	-8.80473712	-8.26149163
ril$	-11.96598383	-8.92148660
rila	-12.47680945	-10.73522497
rile	-11.62951159	-9.80568902
rili	-10.86737154	-12.05698081
rill	-9.48107718	-10.39875274
rily	-10.53089931	-13.44327518
rim	-8.60560844	-9.40022391
rima	-10.86737154	-9.80568902
rime	-10.35654592	-12.34466289
rimi	-9.83775212	-11.14069008
rimm	-10.93636441	-13.44327518
rimp	-10.80283302	-12.05698081
rin	-6.89582256	-8.45284259
rin$	-11.37819717	-11.24605060
rina	-9.93783558	-10.44754290
rinc	-10.93636441	-11.49736503
rind	-10.80283302	-12.75012800
rine	-9.37072912	-12.05698081
ring	-7.24036749	-9.94676761
rinj	-13.57542174	-10.11107067
rink	-10.20812591	-11.83383726
rint	-9.81422163	-9.97753927
rio	-8.71560934	-10.95836853
rior	-10.35654592	-12.75012800
riot	-10.93636441	-13.44327518
riou	-9.53237048	-13.44327518
rip	-8.75514018	-8.74279481
ripa	-12.47680945	-9.94676761
ripe	-10.68504999	-12.75012800
ripl	-11.17752647	-12.34466289
ripp	-10.27958488	-9.53125217
ript	-9.83775212	-10.67068645
ris	-7.47959718	-7.65026157
ris$	-11.37819717	-10.55290342
risa	-10.31732521	-10.18517864
rise	-8.60560844	-11.36383363
rish	-10.04906122	-8.42599534
risi	-9.66339874	-11.49736503
risk	-10.39736791	-13.44327518
rism	-10.10968584	-12.05698081
riso	-10.68504999	-11.14069008
riss	-11.62951159	-10.30778096
rist	-8.98030189	-9.03655593
rit	-7.92644751	-7.76652137
rita	-9.96450383	-10.39875274
rite	-9.70422073	-12.05698081
rith	-11.01047239	-8.39341917
riti	-9.18097259	-10.35223272
rito	-10.68504999	-13.44327518
ritr	-13.57542174	-10.00928797
ritt	-10.63098276	-9.65908554
ritu	-10.86737154	-13.44327518
rity	-9.88654229	-10.55290342
riu	-10.17422436	-12.75012800
rium	-10.17422436	-12.75012800
riv	-8.86589154	-10.00928797
riva	-10.07891418	-10.80421785
rive	-9.70422073	-11.65151571
rivi	-10.31732521	-13.44327518
rivu	-12.47680945	-11.14069008
riy	-13.57542174	-7.50838098
riya	-13.57542174	-7.98368966
riye	-13.57542174	-10.26522135
riyi	-13.57542174	-9.61463378
riyu	-13.57542174	-9.26888791
riz	-8.20944573	-11.14069008
riza	-10.43992753	-13.44327518
rize	-8.64094781	-12.75012800
rizi	-9.99190280	-13.44327518
rizz	-10.74220840	-13.44327518
rja	-11.49598020	-11.36383363
rjj	-13.57542174	-10.67068645
rk$	-9.41653866	-10.35223272
rka	-10.80283302	-9.97753927
rke	-9.14460494	-11.83383726
rked	-10.43992753	-13.44327518
rker	-10.35654592	-12.34466289
rket	-10.74220840	-13.44327518
rkh	-12.47680945	-10.61006183
rkha	-13.57542174	-10.87832582
rki	-9.66339874	-11.49736503
rkin	-9.91186010	-12.75012800
rkk	-12.88227456	-8.13500748
rkk$	-13.57542174	-10.30778096
rkka	-12.88227456	-9.45429113
rkki	-13.57542174	-10.35223272
rkku	-13.57542174	-8.87892698
rks	-9.46454788	-10.80421785
rks$	-9.79123211	-12.34466289
rky	-11.49598020	-11.65151571
rl$	-10.63098276	-13.44327518
rla	-9.93783558	-10.44754290
rlan	-11.17752647	-11.24605060
rld	-11.01047239	-12.34466289
rle	-9.44828736	-12.34466289
rled	-11.09051509	-13.44327518
rles	-10.07891418	-13.44327518
rli	-9.14460494	-10.87832582
rlie	-10.57968947	-13.44327518
rlin	-9.76875925	-11.65151571
rlo	-9.86184968	-13.44327518
rls	-10.74220840	-13.44327518
rls$	-10.74220840	-13.44327518
rly	-9.46454788	-12.75012800
rly$	-9.49788430	-12.75012800
rm$	-9.62417802	-11.24605060
rma	-8.53846914	-8.96593836
rma$	-12.47680945	-10.61006183
rmaa	-13.57542174	-10.26522135
rmac	-11.17752647	-12.34466289
rmal	-10.14143454	-12.75012800
rman	-10.04906122	-10.11107067
rmar	-10.86737154	-11.24605060
rmat	-9.99190280	-12.05698081
rme	-8.92146139	-11.14069008
rmed	-9.96450383	-13.44327518
rmen	-10.10968584	-11.83383726
rmer	-10.63098276	-12.34466289
rmi	-8.56478645	-9.61463378
rmic	-11.01047239	-10.11107067
rmin	-9.10951362	-11.49736503
rmis	-10.43992753	-13.44327518
rmit	-11.01047239	-12.75012800
rml	-11.09051509	-13.44327518
rmm	-13.57542174	-8.70707673
rmma	-13.57542174	-9.16660906
rmmi	-13.57542174	-9.70560556
rmo	-9.21871292	-11.49736503
rmon	-9.99190280	-11.49736503
rmor	-11.09051509	-13.44327518
rmou	-11.09051509	-13.44327518
rms	-9.62417802	-13.44327518
rms$	-9.66339874	-13.44327518
rmu	-10.24321723	-12.34466289
rmul	-10.93636441	-12.34466289
rn$	-9.37072912	-11.04537990
rna	-8.97025156	-9.34893061
rnal	-9.88654229	-12.05698081
rnam	-12.18912738	-10.44754290
rnat	-9.99190280	-11.65151571
rne	-8.80473712	-10.95836853
rned	-10.39736791	-13.44327518
rner	-10.10968584	-13.44327518
rnes	-10.31732521	-12.75012800
rnet	-11.96598383	-11.36383363
rney	-10.93636441	-13.44327518
rni	-8.91198265	-10.30778096
rnia	-11.96598383	-11.36383363
rnin	-10.35654592	-13.44327518
rnis	-9.96450383	-13.44327518
rnm	-11.27283665	-12.34466289
rnn	-12.88227456	-8.48744812
rnna	-13.57542174	-8.95463881
rnnu	-13.57542174	-9.83235726
rno	-10.48437929	-12.75012800
rns	-9.74678035	-12.75012800
rns$	-9.99190280	-12.75012800
ro$	-10.48437929	-10.30778096
roa	-9.09808493	-11.14069008
roac	-10.57968947	-13.44327518
road	-9.88654229	-11.14069008
rob	-9.09808493	-11.83383726
roba	-10.63098276	-12.05698081
robe	-11.01047239	-13.44327518
robi	-10.86737154	-12.75012800
robo	-10.43992753	-13.44327518
roc	-8.70022442	-11.83383726
roca	-10.93636441	-13.44327518
roce	-10.27958488	-12.75012800
roch	-10.53089931	-13.44327518
rock	-10.39736791	-12.05698081
rocu	-11.09051509	-13.44327518
rod	-9.13277049	-9.53125217
rode	-11.27283665	-12.34466289
rodh	-13.57542174	-10.22439935
rodi	-10.86737154	-12.05698081
rodu	-10.04906122	-11.36383363
roe	-10.74220840	-12.75012800
rof	-9.13277049	-10.80421785
rofa	-11.37819717	-12.05698081
rofe	-10.43992753	-11.24605060
rofi	-10.31732521	-12.75012800
rog	-8.72339148	-9.13921008
roga	-10.14143454	-10.11107067
roge	-10.53089931	-12.34466289
rogr	-9.96450383	-10.11107067
rogy	-12.88227456	-10.95836853
roh	-11.49598020	-11.24605060
rohi	-11.49598020	-11.49736503
roi	-9.55007005	-11.14069008
roid	-10.35654592	-11.65151571
roil	-10.93636441	-13.44327518
roj	-11.49598020	-10.30778096
roje	-11.49598020	-11.36383363
rok	-10.14143454	-10.95836853
roke	-10.31732521	-13.44327518
rol	-8.57147544	-9.61463378
rola	-12.18912738	-10.67068645
role	-10.53089931	-11.83383726
roli	-10.93636441	-10.61006183
roll	-9.58643770	-12.75012800
rolo	-9.99190280	-13.44327518
rom	-8.81324781	-9.43594199
roma	-10.04906122	-9.88792711
rome	-10.27958488	-11.36383363
romi	-10.68504999	-12.75012800
romo	-11.01047239	-11.83383726
ron	-8.08236030	-10.55290342
ron$	-10.63098276	-11.65151571
rona	-10.80283302	-13.44327518
rone	-10.27958488	-13.44327518
rong	-10.27958488	-13.44327518
roni	-9.91186010	-12.75012800
rono	-10.20812591	-13.44327518
rons	-10.86737154	-13.44327518
ront	-9.74678035	-13.44327518
roo	-8.30756358	-8.10573710
roo$	-12.88227456	-10.30778096
rood	-11.17752647	-12.05698081
roof	-9.79123211	-12.75012800
roog	-12.88227456	-10.95836853
rook	-10.93636441	-11.65151571
rool	-12.47680945	-10.61006183
room	-9.23161632	-10.73522497
roon	-11.09051509	-13.44327518
roop	-11.37819717	-8.95463881
roor	-12.47680945	-10.67068645
root	-10.80283302	-11.65151571
rop	-8.15932134	-9.41792349
ropa	-11.09051509	-10.87832582
rope	-10.20812591	-11.14069008
roph	-10.04906122	-11.83383726
ropi	-10.14143454	-10.55290342
ropl	-11.09051509	-13.44327518
ropo	-9.81422163	-13.44327518
ropp	-10.57968947	-11.24605060
ropr	-10.20812591	-13.44327518
rops	-11.09051509	-13.44327518
ror	-10.24321723	-10.80421785
ros	-8.17274436	-10.35223272
ros$	-10.80283302	-11.49736503
rosc	-10.20812591	-13.44327518
rose	-9.86184968	-12.05698081
rosi	-10.27958488	-12.34466289
rosp	-10.63098276	-13.44327518
ross	-9.62417802	-11.65151571
rost	-10.27958488	-12.34466289
rot	-8.62666185	-10.11107067
rot$	-11.49598020	-11.49736503
rota	-11.09051509	-12.75012800
rote	-10.17422436	-12.34466289
roth	-10.57968947	-11.49736503
roti	-10.93636441	-13.44327518
roto	-10.74220840	-12.05698081
rott	-10.53089931	-11.24605060
rou	-7.88506229	-10.26522135
roub	-10.93636441	-13.44327518
roug	-10.24321723	-13.44327518
roun	-9.44828736	-12.34466289
roup	-10.48437929	-11.65151571
rous	-8.71560934	-11.24605060
rout	-10.35654592	-12.34466289
rov	-8.93103084	-11.83383726
rove	-9.49788430	-13.44327518
rovi	-10.24321723	-13.44327518
rovo	-11.01047239	-13.44327518
row	-8.51282671	-11.36383363
row$	-10.31732521	-12.34466289
rowe	-10.17422436	-13.44327518
rowl	-11.17752647	-11.65151571
rown	-10.39736791	-13.44327518
rows	-10.14143454	-13.44327518
rox	-10.80283302	-13.44327518
roxi	-11.01047239	-13.44327518
roy	-11.01047239	-11.24605060
roz	-11.78366227	-11.36383363
rpa	-10.24321723	-11.49736503
rpe	-9.31274187	-12.05698081
rpen	-10.39736791	-13.44327518
rper	-11.17752647	-12.34466289
rpet	-10.27958488	-13.44327518
rph	-10.07891418	-13.44327518
rphi	-11.09051509	-13.44327518
rpho	-10.93636441	-13.44327518
rpi	-10.24321723	-12.75012800
rpin	-11.09051509	-13.44327518
rpl	-10.39736791	-12.75012800
rpo	-9.41653866	-11.36383363
rpor	-10.53089931	-11.36383363
rpos	-10.68504999	-13.44327518
rpp	-13.57542174	-9.11254184
rppa	-13.57542174	-10.73522497
rppe	-13.57542174	-10.14743831
rppi	-13.57542174	-10.39875274
rppu	-13.57542174	-10.73522497
rpr	-9.74678035	-11.83383726
rpre	-10.93636441	-13.44327518
rpri	-10.74220840	-13.44327518
rpro	-10.86737154	-13.44327518
rps	-10.93636441	-12.75012800
rqu	-10.57968947	-13.44327518
rque	-10.93636441	-13.44327518
rr$	-12.47680945	-9.91691465
rra	-8.91198265	-10.44754290
rran	-10.20812591	-12.34466289
rrat	-10.63098276	-13.44327518
rre	-8.34967507	-10.67068645
rrea	-11.09051509	-13.44327518
rrec	-10.27958488	-13.44327518
rred	-10.02007368	-13.44327518
rrel	-10.20812591	-13.44327518
rren	-10.31732521	-12.75012800
rres	-10.53089931	-11.83383726
rrh	-10.48437929	-13.44327518
rri	-8.46343395	-10.14743831
rrie	-9.70422073	-12.75012800
rrif	-11.09051509	-13.44327518
rrin	-9.81422163	-13.44327518
rris	-11.37819717	-11.36383363
rrit	-10.93636441	-13.44327518
rro	-8.92146139	-10.87832582
rrog	-10.68504999	-13.44327518
rror	-11.01047239	-12.75012800
rrot	-11.37819717	-11.65151571
rrow	-9.88654229	-13.44327518
rru	-9.83775212	-11.24605060
rrup	-10.31732521	-11.83383726
rry	-9.55007005	-10.87832582
rry$	-10.35654592	-10.95836853
rryi	-10.74220840	-13.44327518
rs$	-5.91201408	-10.18517864
rsa	-9.68360145	-11.36383363
rsal	-10.80283302	-13.44327518
rsat	-11.09051509	-13.44327518
rsc	-10.80283302	-13.44327518
rse	-8.44552303	-11.65151571
rse$	-10.14143454	-12.34466289
rsec	-11.09051509	-13.44327518
rsed	-10.68504999	-13.44327518
rsel	-10.86737154	-13.44327518
rsen	-10.93636441	-13.44327518
rser	-11.09051509	-12.75012800
rses	-9.99190280	-12.75012800
rsh	-9.40103447	-8.25588937
rsha	-11.17752647	-8.86856420
rshi	-10.02007368	-9.13921008
rsho	-11.01047239	-13.44327518
rsi	-9.00071076	-10.61006183
rsin	-10.86737154	-13.44327518
rsio	-10.39736791	-12.75012800
rsit	-11.62951159	-11.65151571
rso	-9.40103447	-12.05698081
rson	-9.62417802	-12.05698081
rsp	-9.88654229	-13.44327518
rspe	-10.68504999	-13.44327518
rst	-9.05363317	-11.83383726
rst$	-11.27283665	-12.34466289
rsta	-10.43992753	-13.44327518
rsti	-10.80283302	-12.75012800
rstr	-10.86737154	-13.44327518
rsu	-10.39736791	-12.05698081
rsua	-11.09051509	-13.44327518
rt$	-9.13277049	-10.87832582
rta	-9.05363317	-13.44327518
rtai	-10.20812591	-13.44327518
rtak	-11.09051509	-13.44327518
rtal	-11.09051509	-13.44327518
rte	-8.31273155	-11.49736503
rted	-9.20597389	-12.75012800
rtee	-11.27283665	-12.34466289
rten	-10.20812591	-13.44327518
rter	-9.58643770	-12.05698081
rtf	-11.01047239	-13.44327518
rth	-8.67758194	-7.34520089
rth$	-11.01047239	-11.04537990
rtha	-12.18912738	-8.50163275
rthd	-12.47680945	-10.35223272
rthe	-10.74220840	-11.65151571
rthh	-13.57542174	-10.95836853
rthi	-10.57968947	-8.50163275
rtho	-10.57968947	-10.55290342
rthr	-10.80283302	-13.44327518
rths	-11.17752647	-12.75012800
rtht	-13.57542174	-9.77971353
rthu	-13.57542174	-9.63661269
rthw	-11.17752647	-11.24605060
rthy	-11.09051509	-11.24605060
rti	-7.89184198	-10.07597935
rtic	-9.64359611	-11.49736503
rtie	-10.68504999	-13.44327518
rtif	-10.31732521	-11.83383726
rtil	-10.57968947	-11.65151571
rtin	-9.35591404	-12.05698081
rtio	-10.14143454	-13.44327518
rtis	-10.07891418	-13.44327518
rtl	-9.83775212	-13.44327518
rtle	-10.43992753	-13.44327518
rtm	-10.24321723	-13.44327518
rtme	-10.35654592	-13.44327518
rto	-10.17422436	-11.04537990
rtoo	-11.49598020	-11.14069008
rtr	-10.93636441	-13.44327518
rts	-8.98030189	-10.87832582
rts$	-9.24468840	-11.04537990
rtt	-12.47680945	-8.01832516
rtt$	-13.57542174	-10.80421785
rtth	-12.88227456	-8.39985006
rtti	-13.57542174	-10.04207779
rttu	-13.57542174	-10.67068645
rtu	-9.60512983	-11.04537990
rtun	-10.68504999	-11.83383726
rtur	-10.68504999	-13.44327518
rtw	-10.93636441	-13.44327518
rty	-10.48437929	-11.24605060
rty$	-10.74220840	-11.83383726
ru$	-12.47680945	-9.31614079
rua	-11.01047239	-12.34466289
rub	-9.55007005	-10.61006183
rubb	-9.99190280	-12.75012800
rubh	-13.57542174	-10.87832582
ruc	-9.00071076	-10.87832582
ruci	-11.09051509	-13.44327518
ruck	-11.01047239	-13.44327518
ruct	-9.40103447	-12.34466289
rud	-9.58643770	-8.16516052
ruda	-13.57542174	-10.39875274
rudd	-11.49598020	-10.95836853
rude	-10.27958488	-8.60699327
rudg	-10.93636441	-13.44327518
rudh	-13.57542174	-10.22439935
rue	-10.17422436	-12.75012800
ruf	-10.39736791	-13.44327518
ruff	-10.39736791	-13.44327518
rug	-10.43992753	-11.24605060
rui	-9.79123211	-12.34466289
ruis	-11.09051509	-13.44327518
ruit	-10.31732521	-12.34466289
ruk	-12.88227456	-8.43932887
ruka	-13.57542174	-8.98892788
rukk	-13.57542174	-9.61463378
rul	-10.35654592	-10.55290342
rule	-11.09051509	-12.34466289
rum	-8.82183155	-8.07729916
rum$	-10.80283302	-8.68968498
ruma	-13.57542174	-9.25362043
rumb	-10.39736791	-11.04537990
rume	-11.27283665	-10.87832582
rumm	-11.01047239	-13.44327518
rump	-10.17422436	-11.24605060
rums	-10.93636441	-13.44327518
run	-9.20597389	-6.87379376
runa	-12.47680945	-10.22439935
runc	-10.63098276	-13.44327518
rund	-11.27283665	-9.41792349
rung	-11.27283665	-11.83383726
runn	-11.17752647	-7.02165291
runt	-11.27283665	-11.83383726
rup	-9.31274187	-9.13921008
rupa	-13.57542174	-9.68207506
rupl	-11.09051509	-13.44327518
rupp	-12.88227456	-10.35223272
rupt	-9.79123211	-12.05698081
rur	-12.18912738	-11.24605060
rus	-8.61257711	-8.61496144
rus$	-10.93636441	-10.55290342
ruse	-10.74220840	-12.34466289
rush	-10.31732521	-9.01245838
rusi	-10.93636441	-12.05698081
russ	-11.78366227	-10.80421785
rust	-9.48107718	-12.34466289
rut	-9.81422163	-7.89419909
ruta	-11.17752647	-12.75012800
rute	-12.47680945	-10.35223272
ruth	-11.01047239	-8.08668890
ruti	-11.27283665	-11.49736503
rutt	-11.96598383	-10.95836853
ruu	-13.57542174	-9.28439209
ruup	-13.57542174	-9.59312757
ruv	-13.57542174	-8.98892788
ruva	-13.57542174	-9.47298326
ruvi	-13.57542174	-10.22439935
rva	-9.49788430	-8.88939828
rvaa	-13.57542174	-10.95836853
rvah	-13.57542174	-10.67068645
rvak	-13.57542174	-10.67068645
rvam	-13.57542174	-10.49883620
rvat	-10.02007368	-10.49883620
rve	-9.09808493	-10.55290342
rved	-11.09051509	-13.44327518
rven	-11.01047239	-13.44327518
rver	-11.01047239	-12.75012800
rves	-10.48437929	-12.05698081
rvey	-10.86737154	-12.75012800
rvi	-9.41653866	-10.67068645
rvic	-11.09051509	-11.65151571
rvie	-10.93636441	-13.44327518
rvin	-10.80283302	-12.34466289
rvis	-11.17752647	-12.05698081
rvo	-11.01047239	-12.34466289
rvv	-13.57542174	-9.26888791
rvva	-13.57542174	-9.53125217
rwa	-10.14143454	-11.49736503
rwar	-10.93636441	-12.75012800
rway	-11.09051509	-12.75012800
rwe	-11.01047239	-12.34466289
rwo	-10.39736791	-13.44327518
rwom	-11.09051509	-13.44327518
rwor	-11.09051509	-13.44327518
ry$	-7.53516703	-8.70707673
rya	-11.37819717	-8.03610340
rya$	-13.57542174	-10.07597935
ryaa	-13.57542174	-10.39875274
ryam	-13.57542174	-9.43594199
ryan	-13.57542174	-9.55145488
ryat	-12.88227456	-10.22439935
ryav	-13.57542174	-10.73522497
ryi	-10.24321723	-12.05698081
ryin	-10.24321723	-13.44327518
rym	-10.57968947	-12.75012800
ryma	-11.17752647	-12.75012800
ryo	-10.63098276	-11.14069008
ryp	-10.74220840	-13.44327518
rypt	-10.93636441	-13.44327518
rys	-10.35654592	-11.04537990
ryst	-10.63098276	-11.83383726
sa$	-11.27283665	-9.57207416
saa	-13.57542174	-7.48743781
saad	-13.57542174	-9.03655593
saah	-13.57542174	-9.36573773
saak	-13.57542174	-10.80421785
saam	-13.57542174	-9.33240131
saan	-13.57542174	-9.40022391
saar	-13.57542174	-9.51144954
saas	-13.57542174	-10.30778096
saay	-13.57542174	-10.35223272
sab	-9.81422163	-9.38283217
saba	-12.47680945	-11.04537990
sabh	-13.57542174	-9.70560556
sabl	-10.31732521	-13.44327518
sac	-9.83775212	-11.49736503
sacr	-10.39736791	-12.05698081
sad	-10.02007368	-10.07597935
sada	-13.57542174	-10.87832582
sadd	-10.93636441	-12.05698081
sae	-12.47680945	-10.55290342
saf	-10.24321723	-11.24605060
safe	-10.93636441	-12.75012800
saff	-10.93636441	-13.44327518
sag	-9.88654229	-12.75012800
sage	-10.48437929	-12.75012800
sah	-11.96598383	-8.76114395
saha	-13.57542174	-9.11254184
sahi	-12.47680945	-10.95836853
saho	-13.57542174	-10.39875274
sai	-9.86184968	-9.40022391
sail	-10.27958488	-11.65151571
sain	-11.78366227	-10.07597935
sak	-11.37819717	-9.77971353
saka	-12.88227456	-10.87832582
sakt	-13.57542174	-10.95836853
sal	-8.54498382	-10.00928797
sal$	-10.53089931	-11.04537990
sala	-10.74220840	-11.65151571
sale	-10.57968947	-12.34466289
sali	-10.24321723	-12.34466289
salm	-11.62951159	-11.65151571
sals	-10.80283302	-13.44327518
salt	-10.57968947	-13.44327518
sam	-10.43992753	-6.97557645
sam$	-12.88227456	-9.20916867
sama	-13.57542174	-8.59908809
samb	-12.18912738	-9.06124854
same	-12.18912738	-10.35223272
samg	-13.57542174	-9.08656635
sami	-13.57542174	-10.87832582
samk	-13.57542174	-10.95836853
samm	-13.57542174	-9.97753927
samo	-12.18912738	-10.55290342
samp	-11.17752647	-10.35223272
samr	-13.57542174	-9.91691465
sams	-12.88227456	-9.18059530
samu	-12.88227456	-9.88792711
samv	-13.57542174	-10.14743831
samy	-13.57542174	-10.73522497
san	-8.68507261	-7.52169676
san$	-11.62951159	-10.14743831
sana	-12.47680945	-10.49883620
sanb	-13.57542174	-10.95836853
sanc	-10.35654592	-10.26522135
sand	-9.83775212	-9.49203146
sang	-11.96598383	-8.70707673
sani	-10.93636441	-11.83383726
sanj	-13.57542174	-9.83235726
sank	-12.88227456	-10.22439935
sann	-12.88227456	-10.73522497
sant	-10.31732521	-10.26522135
sany	-13.57542174	-10.95836853
sap	-10.02007368	-10.14743831
sapa	-12.47680945	-11.14069008
sapp	-10.39736791	-11.36383363
sar	-9.44828736	-8.03162912
sar$	-11.49598020	-10.87832582
sara	-12.88227456	-9.38283217
sari	-10.86737154	-9.61463378
sark	-13.57542174	-10.26522135
sarm	-11.62951159	-11.36383363
sarv	-13.57542174	-9.63661269
sas	-10.35654592	-9.61463378
sas$	-11.37819717	-11.04537990
sass	-11.27283665	-12.34466289
sast	-12.18912738	-11.24605060
sasy	-13.57542174	-10.61006183
sat	-8.13300403	-8.97736706
sate	-11.09051509	-12.75012800
sath	-13.57542174	-9.12578706
sati	-8.33367473	-12.34466289
satu	-10.86737154	-13.44327518
sau	-10.14143454	-9.88792711
saun	-11.78366227	-11.36383363
saur	-11.01047239	-11.83383726
sav	-9.86184968	-9.94676761
sava	-11.37819717	-10.35223272
savo	-10.57968947	-13.44327518
saw	-10.35654592	-13.44327518
say	-10.20812591	-9.65908554
saya	-13.57542174	-10.87832582
saye	-10.93636441	-12.75012800
sayi	-11.62951159	-10.73522497
sba	-10.80283302	-12.75012800
sbe	-10.93636441	-13.44327518
sbo	-11.09051509	-13.44327518
sca	-8.14607611	-11.14069008
scal	-9.41653866	-12.05698081
scan	-10.35654592	-12.34466289
scap	-10.17422436	-13.44327518
scar	-9.79123211	-12.75012800
scat	-10.14143454	-13.44327518
sce	-8.64094781	-12.75012800
scen	-9.05363317	-12.75012800
scer	-10.86737154	-13.44327518
sch	-8.84803392	-9.94676761
scha	-11.01047239	-11.36383363
sche	-10.10968584	-13.44327518
schi	-11.01047239	-11.83383726
scho	-10.10968584	-10.39875274
sci	-9.06456224	-11.65151571
scie	-10.57968947	-11.65151571
scin	-10.68504999	-13.44327518
scio	-10.93636441	-13.44327518
scl	-10.57968947	-13.44327518
sco	-8.13300403	-10.22439935
sco$	-11.96598383	-11.24605060
scol	-10.86737154	-13.44327518
scom	-10.57968947	-13.44327518
scon	-9.91186010	-13.44327518
scoo	-11.37819717	-11.36383363
scop	-9.83775212	-13.44327518
scor	-9.91186010	-13.44327518
scot	-10.86737154	-12.34466289
scou	-9.99190280	-12.75012800
scov	-11.37819717	-12.05698081
scr	-8.03024430	-10.67068645
scra	-9.68360145	-13.44327518
scre	-9.46454788	-11.49736503
scri	-9.05363317	-11.14069008
scro	-10.80283302	-13.44327518
scru	-9.88654229	-13.44327518
scu	-8.94069275	-13.44327518
scul	-9.96450383	-13.44327518
scur	-10.68504999	-13.44327518
sdh	-13.57542174	-9.65908554
sdha	-13.57542174	-9.85975624
se$	-7.45952962	-10.00928797
sea	-8.94069275	-10.55290342
seal	-11.01047239	-13.44327518
seam	-10.93636441	-13.44327518
sear	-10.74220840	-11.36383363
seas	-10.63098276	-11.83383726
seat	-11.01047239	-11.83383726
seb	-10.24321723	-11.04537990
seba	-11.96598383	-11.24605060
sec	-8.75514018	-9.55145488
seco	-10.74220840	-11.83383726
secr	-10.31732521	-10.18517864
sect	-9.83775212	-12.75012800
secu	-10.17422436	-10.95836853
sed	-7.44855256	-11.04537990
sed$	-7.53278891	-12.75012800
sedu	-11.49598020	-11.49736503
see	-9.34131524	-9.34893061
see$	-11.78366227	-11.36383363
seed	-10.57968947	-11.49736503
seen	-12.18912738	-11.14069008
sees	-11.27283665	-12.05698081
sef	-11.01047239	-12.75012800
seg	-10.31732521	-12.75012800
seh	-11.01047239	-13.44327518
sei	-10.57968947	-12.05698081
sek	-12.18912738	-10.11107067
sekr	-13.57542174	-10.80421785
sel	-8.60560844	-11.65151571
sel$	-11.17752647	-12.34466289
sele	-9.96450383	-13.44327518
self	-11.01047239	-13.44327518
sell	-10.02007368	-12.34466289
sely	-10.10968584	-13.44327518
sem	-8.79629825	-10.61006183
sema	-11.01047239	-13.44327518
semb	-9.76875925	-12.75012800
seme	-10.74220840	-12.75012800
semi	-9.83775212	-10.73522497
sen	-8.23308749	-9.61463378
sena	-11.78366227	-10.35223272
senc	-11.01047239	-12.05698081
sene	-10.63098276	-12.34466289
seni	-11.37819717	-11.65151571
sens	-9.49788430	-12.75012800
sent	-9.23161632	-11.24605060
sep	-9.91186010	-11.14069008
sepa	-10.93636441	-13.44327518
sept	-11.17752647	-11.24605060
seq	-10.24321723	-12.34466289
sequ	-10.24321723	-12.75012800
ser	-7.72034982	-9.40022391
ser$	-9.10951362	-12.05698081
sera	-10.86737154	-12.75012800
seri	-10.24321723	-10.35223272
serm	-11.49598020	-11.83383726
sers	-9.21871292	-13.44327518
sert	-10.31732521	-13.44327518
serv	-9.18097259	-10.73522497
ses	-7.08621681	-10.49883620
ses$	-7.15868946	-12.05698081
sesh	-12.18912738	-10.73522497
sess	-10.07891418	-13.44327518
sest	-10.93636441	-13.44327518
set	-9.10951362	-12.05698081
set$	-10.80283302	-13.44327518
sets	-10.53089931	-13.44327518
sett	-9.96450383	-12.75012800
seu	-10.80283302	-12.34466289
sev	-10.31732521	-11.49736503
seve	-10.31732521	-13.44327518
sew	-10.53089931	-13.44327518
sex	-10.10968584	-12.75012800
sey	-11.96598383	-11.36383363
sfa	-11.27283665	-11.83383726
sfe	-11.62951159	-11.65151571
sfi	-10.57968947	-13.44327518
sfo	-11.49598020	-11.04537990
sfor	-11.62951159	-11.36383363
sfu	-11.09051509	-13.44327518
sgr	-10.80283302	-13.44327518
sgu	-10.86737154	-13.44327518
sh$	-8.27710438	-8.64748463
sha	-8.29730708	-6.18697794
sha$	-12.18912738	-9.19477993
shaa	-13.57542174	-8.21216656
shab	-10.93636441	-10.11107067
shad	-10.48437929	-9.61463378
shai	-13.57542174	-10.61006183
shak	-10.48437929	-8.93241567
shal	-10.93636441	-10.30778096
sham	-10.48437929	-8.23378902
shan	-11.49598020	-7.48743781
shap	-10.86737154	-9.75439572
shar	-9.99190280	-9.49203146
shas	-12.47680945	-9.70560556
shat	-11.49598020	-8.45284259
shav	-11.49598020	-10.11107067
shay	-11.78366227	-8.97736706
shc	-11.09051509	-10.00928797
shch	-12.88227456	-10.00928797
she	-7.70049101	-7.91384609
shea	-10.57968947	-13.44327518
shed	-9.13277049	-10.87832582
shee	-10.24321723	-9.45429113
shek	-12.88227456	-10.35223272
shel	-10.27958488	-12.05698081
shep	-12.18912738	-11.14069008
sher	-9.44828736	-9.88792711
shes	-8.82183155	-9.43594199
shet	-12.88227456	-9.57207416
shh	-12.88227456	-8.82815466
shh$	-13.57542174	-9.88792711
shha	-13.57542174	-10.73522497
shhe	-13.57542174	-10.80421785
shhi	-13.57542174	-10.26522135
shi	-7.79159656	-7.08024707
shi$	-12.47680945	-9.70560556
shia	-12.88227456	-10.44754290
shic	-13.57542174	-9.23858256
shie	-10.43992753	-12.75012800
shii	-12.88227456	-10.39875274
shik	-12.47680945	-8.50163275
shil	-11.78366227	-10.22439935
shim	-11.37819717	-12.05698081
shin	-8.92146139	-9.70560556
shio	-10.86737154	-10.67068645
ship	-8.83922329	-9.12578706
shir	-10.57968947	-11.14069008
shis	-11.96598383	-10.49883620
shit	-10.93636441	-10.73522497
shiv	-11.37819717	-10.35223272
shiy	-13.57542174	-9.38283217
shk	-12.88227456	-10.55290342
shka	-13.57542174	-10.73522497
shl	-9.70422073	-12.34466289
shly	-9.86184968	-13.44327518
shm	-10.39736791	-9.80568902
shma	-12.18912738	-10.80421785
shme	-10.63098276	-11.24605060
shmi	-13.57542174	-10.67068645
shn	-9.96450383	-8.94346551
shna	-13.57542174	-9.18059530
shne	-9.96450383	-13.44327518
shnu	-13.57542174	-10.95836853
sho	-8.14169974	-9.13921008
shob	-13.57542174	-10.80421785
shod	-12.18912738	-10.61006183
shoe	-10.48437929	-12.34466289
shon	-11.01047239	-12.05698081
shoo	-10.39736791	-10.80421785
shop	-10.14143454	-12.34466289
shor	-9.74678035	-11.49736503
shot	-10.86737154	-12.05698081
shou	-10.53089931	-13.44327518
show	-9.99190280	-12.05698081
shp	-11.96598383	-11.36383363
shr	-9.35591404	-8.66415168
shra	-11.49598020	-9.13921008
shre	-11.09051509	-10.30778096
shri	-10.14143454	-10.73522497
shro	-11.09051509	-12.75012800
shru	-11.37819717	-11.65151571
shs	-12.47680945	-10.30778096
shsh	-13.57542174	-10.30778096
sht	-11.17752647	-8.17541702
shta	-12.18912738	-9.09946975
shti	-12.47680945	-9.51144954
shtr	-12.88227456	-9.55145488
shtt	-13.57542174	-10.73522497
shu	-9.74678035	-8.64748463
shud	-12.47680945	-10.00928797
shuk	-13.57542174	-10.26522135
shum	-13.57542174	-10.80421785
shup	-11.96598383	-10.95836853
shur	-13.57542174	-10.87832582
shut	-10.68504999	-13.44327518
shv	-13.57542174	-9.68207506
shva	-13.57542174	-9.68207506
shw	-11.37819717	-9.49203146
shwa	-12.18912738	-9.49203146
shy	-10.86737154	-8.21216656
shy$	-11.01047239	-13.44327518
shya	-13.57542174	-8.25031833
si$	-12.47680945	-9.68207506
sia	-10.39736791	-9.70560556
sia$	-11.78366227	-10.44754290
sias	-11.17752647	-12.75012800
sib	-9.31274187	-11.65151571
sibi	-10.57968947	-12.34466289
sibl	-9.66339874	-13.44327518
sic	-9.12107445	-9.16660906
sic$	-11.62951159	-11.65151571
sica	-10.53089931	-11.04537990
sicc	-11.96598383	-11.04537990
sich	-12.18912738	-9.72970311
sick	-10.24321723	-13.44327518
sid	-8.67758194	-8.54543538
sida	-13.57542174	-10.26522135
sidd	-13.57542174	-9.65908554
side	-8.93103084	-11.49736503
sidh	-13.57542174	-9.53125217
sidi	-10.39736791	-12.75012800
sie	-8.87494138	-11.83383726
sier	-9.68360145	-13.44327518
sies	-9.74678035	-13.44327518
sif	-9.79123211	-12.34466289
sifi	-10.31732521	-13.44327518
sig	-8.83922329	-11.49736503
sigh	-10.48437929	-13.44327518
sign	-9.08678537	-11.49736503
sii	-13.57542174	-9.53125217
sik	-13.57542174	-8.70707673
sika	-13.57542174	-9.75439572
sikk	-13.57542174	-9.38283217
sil	-9.25793363	-8.74279481
sil$	-12.47680945	-9.41792349
sila	-12.47680945	-10.14743831
sile	-11.17752647	-10.73522497
sili	-10.68504999	-11.24605060
sill	-10.93636441	-12.75012800
sily	-11.09051509	-13.44327518
sim	-9.29875562	-10.67068645
simi	-10.57968947	-13.44327518
simp	-10.53089931	-13.44327518
simu	-10.93636441	-13.44327518
sin	-7.25285650	-8.77044634
sin$	-11.62951159	-11.65151571
sine	-9.96450383	-11.83383726
sing	-7.49320283	-10.61006183
sini	-11.78366227	-10.30778096
sint	-10.86737154	-10.07597935
sinu	-11.27283665	-11.36383363
sio	-8.02634566	-9.53125217
sion	-8.09062481	-9.83235726
siot	-12.47680945	-11.04537990
sip	-10.86737154	-10.26522135
sipp	-12.47680945	-10.35223272
sir	-10.57968947	-10.22439935
sira	-11.37819717	-11.24605060
sis	-8.54498382	-9.57207416
sis$	-9.53237048	-10.61006183
sise	-10.43992753	-13.44327518
sist	-9.46454788	-10.39875274
sit	-8.23308749	-10.00928797
sita	-10.80283302	-12.75012800
site	-10.07891418	-12.05698081
siti	-8.98030189	-12.05698081
sito	-10.80283302	-13.44327518
sitt	-11.37819717	-10.87832582
sity	-10.80283302	-11.65151571
siv	-8.61257711	-11.24605060
sive	-8.67758194	-12.34466289
siy	-13.57542174	-9.55145488
siya	-13.57542174	-9.91691465
siz	-9.64359611	-12.75012800
size	-9.93783558	-12.75012800
sk$	-10.74220840	-11.65151571
ska	-11.27283665	-9.53125217
skaa	-13.57542174	-10.00928797
skar	-13.57542174	-10.80421785
ske	-9.28496230	-12.34466289
sked	-10.80283302	-13.44327518
sket	-10.17422436	-13.44327518
ski	-8.79629825	-11.14069008
skie	-11.01047239	-13.44327518
skil	-10.68504999	-13.44327518
skin	-9.76875925	-13.44327518
sko	-11.96598383	-9.80568902
sko$	-13.57542174	-10.95836853
skoo	-13.57542174	-10.22439935
skr	-12.88227456	-10.30778096
skri	-13.57542174	-10.73522497
sks	-10.93636441	-12.34466289
sks$	-10.93636441	-12.34466289
sku	-10.68504999	-12.05698081
skul	-11.01047239	-13.44327518
sky	-10.14143454	-12.05698081
sla	-8.95044893	-9.83235726
slaa	-13.57542174	-10.39875274
slam	-12.47680945	-10.80421785
slan	-10.93636441	-12.34466289
slat	-10.57968947	-13.44327518
slav	-11.09051509	-12.75012800
sle	-9.16870250	-11.49736503
sled	-10.74220840	-13.44327518
slee	-10.07891418	-12.05698081
sli	-9.05363317	-10.73522497
slid	-10.74220840	-13.44327518
slim	-11.49598020	-11.24605060
slin	-10.63098276	-12.75012800
slip	-10.53089931	-13.44327518
slo	-9.64359611	-13.44327518
slu	-9.70422073	-12.75012800
slum	-10.86737154	-13.44327518
sly	-8.05396083	-12.75012800
sly$	-8.07009021	-12.75012800
sm$	-8.16824997	-10.87832582
sma	-9.00071076	-9.61463378
smaa	-13.57542174	-10.95836853
sman	-9.86184968	-11.83383726
smar	-10.74220840	-10.30778096
smat	-11.01047239	-12.75012800
sme	-9.34131524	-11.83383726
smel	-11.17752647	-12.75012800
smen	-10.02007368	-13.44327518
smi	-9.55007005	-11.14069008
smir	-11.09051509	-13.44327518
smit	-10.63098276	-11.83383726
smo	-9.51497873	-13.44327518
smok	-10.80283302	-13.44327518
sms	-9.96450383	-13.44327518
sms$	-9.96450383	-13.44327518
smu	-10.74220840	-13.44327518
sna	-9.51497873	-11.14069008
snap	-10.80283302	-13.44327518
snar	-10.93636441	-13.44327518
sne	-8.38246489	-10.61006183
snes	-8.46343395	-13.44327518
sni	-9.70422073	-12.05698081
snip	-10.86737154	-13.44327518
sno	-9.21871292	-12.75012800
snoo	-10.86737154	-12.75012800
snor	-10.93636441	-13.44327518
snow	-9.93783558	-13.44327518
snu	-10.68504999	-12.34466289
so$	-11.09051509	-11.24605060
soa	-10.93636441	-12.75012800
sob	-10.63098276	-13.44327518
soc	-9.58643770	-10.80421785
soci	-9.96450383	-11.14069008
sock	-11.01047239	-13.44327518
sod	-10.39736791	-11.83383726
sodi	-11.09051509	-13.44327518
sof	-10.74220840	-10.80421785
soft	-10.93636441	-10.95836853
sol	-8.55814191	-10.73522497
sola	-10.68504999	-11.36383363
sole	-9.99190280	-12.75012800
soli	-9.99190280	-11.65151571
solu	-10.53089931	-13.44327518
solv	-10.48437929	-13.44327518
som	-8.83048961	-11.14069008
some	-9.19339511	-12.34466289
son	-8.44552303	-9.63661269
son$	-10.14143454	-10.18517864
sona	-9.72527414	-12.05698081
sone	-10.93636441	-12.75012800
song	-10.80283302	-12.34466289
soni	-10.57968947	-11.14069008
sons	-10.20812591	-12.75012800
soo	-10.86737154	-8.74279481
sooc	-13.57542174	-10.87832582
sook	-12.88227456	-9.91691465
soon	-11.78366227	-11.24605060
soor	-13.57542174	-10.30778096
soot	-11.37819717	-11.65151571
sop	-10.02007368	-11.36383363
soph	-10.27958488	-11.65151571
sor	-8.63377932	-10.87832582
sor$	-10.48437929	-12.05698081
sorb	-11.09051509	-13.44327518
sore	-11.09051509	-12.75012800
sori	-10.63098276	-12.75012800
sors	-10.27958488	-13.44327518
sort	-10.68504999	-12.34466289
sos	-11.27283665	-11.04537990
sot	-11.01047239	-12.75012800
sou	-9.19339511	-10.04207779
soun	-10.31732521	-12.05698081
sour	-10.74220840	-11.36383363
sout	-10.80283302	-12.75012800
sow	-11.27283665	-12.05698081
spa	-8.64816806	-10.04207779
spac	-10.10968584	-12.75012800
spad	-11.27283665	-12.34466289
span	-10.63098276	-12.34466289
spar	-10.04906122	-11.65151571
spat	-10.80283302	-11.49736503
spe	-8.07416353	-10.22439935
spea	-10.74220840	-12.05698081
spec	-9.04282225	-11.83383726
spee	-10.39736791	-11.36383363
spel	-10.39736791	-13.44327518
spen	-10.10968584	-12.05698081
sper	-9.81422163	-12.75012800
sph	-9.58643770	-10.73522497
sphe	-10.02007368	-12.75012800
spho	-11.62951159	-11.04537990
spi	-8.37692471	-11.24605060
spic	-10.43992753	-13.44327518
spie	-11.01047239	-13.44327518
spin	-10.20812591	-13.44327518
spir	-9.48107718	-12.34466289
spit	-10.27958488	-12.34466289
spl	-9.25793363	-11.65151571
spla	-10.04906122	-11.83383726
sple	-11.17752647	-12.75012800
spli	-10.74220840	-13.44327518
spo	-8.42792727	-10.61006183
spok	-11.01047239	-13.44327518
spon	-9.96450383	-13.44327518
spoo	-10.20812591	-11.65151571
spor	-9.96450383	-11.24605060
spos	-10.63098276	-13.44327518
spot	-10.48437929	-13.44327518
spou	-11.17752647	-12.75012800
spr	-8.98030189	-13.44327518
spra	-10.74220840	-13.44327518
spre	-10.63098276	-13.44327518
spri	-9.83775212	-13.44327518
spro	-10.68504999	-13.44327518
spu	-9.99190280	-13.44327518
spur	-11.09051509	-13.44327518
sput	-10.86737154	-13.44327518
squ	-8.85692287	-12.05698081
squa	-9.79123211	-12.05698081
sque	-9.91186010	-13.44327518
squi	-10.24321723	-13.44327518
sra	-13.57542174	-9.25362043
srad	-13.57542174	-10.39875274
sram	-13.57542174	-10.39875274
sray	-13.57542174	-10.87832582
sre	-10.53089931	-9.94676761
sree	-13.57542174	-10.07597935
sri	-13.57542174	-10.04207779
sris	-13.57542174	-10.44754290
sro	-11.17752647	-11.49736503
sru	-11.27283665	-10.55290342
ss$	-6.46963561	-9.33240131
ssa	-9.07561207	-9.97753927
ssai	-11.27283665	-12.34466289
ssan	-10.93636441	-12.34466289
ssar	-10.68504999	-12.05698081
ssay	-11.17752647	-12.75012800
ssb	-11.01047239	-13.44327518
sse	-7.71748859	-9.91691465
ssed	-9.35591404	-13.44327518
ssel	-11.09051509	-13.44327518
ssem	-10.39736791	-12.75012800
ssen	-10.39736791	-12.34466289
sser	-9.81422163	-10.44754290
sses	-8.54498382	-13.44327518
ssh	-10.68504999	-10.67068645
ssi	-7.64849572	-9.00062392
ssia	-11.78366227	-10.87832582
ssib	-10.39736791	-13.44327518
ssic	-12.18912738	-11.24605060
ssie	-10.17422436	-13.44327518
ssif	-10.80283302	-13.44327518
ssig	-11.09051509	-13.44327518
ssil	-11.09051509	-10.14743831
ssim	-10.63098276	-13.44327518
ssin	-9.20597389	-11.49736503
ssio	-8.92146139	-10.73522497
ssis	-10.86737154	-12.75012800
ssiv	-9.81422163	-12.34466289
ssl	-9.38576700	-13.44327518
ssly	-9.46454788	-13.44327518
ssm	-10.74220840	-13.44327518
ssn	-9.51497873	-13.44327518
ssne	-9.51497873	-13.44327518
sso	-9.01107355	-10.14743831
ssoc	-10.74220840	-11.65151571
ssor	-9.86184968	-11.65151571
ssp	-10.63098276	-13.44327518
sst	-11.27283665	-12.05698081
ssu	-9.51497873	-9.53125217
ssu$	-13.57542174	-10.67068645
ssuk	-13.57542174	-10.87832582
ssum	-11.27283665	-11.83383726
ssur	-10.17422436	-11.04537990
ssw	-10.80283302	-13.44327518
sswo	-11.09051509	-13.44327518
ssy	-10.68504999	-11.83383726
ssy$	-10.93636441	-13.44327518
st$	-6.56963272	-8.79888428
sta	-7.21584787	-8.31931120
sta$	-11.96598383	-11.36383363
staa	-13.57542174	-9.65908554
stab	-9.64359611	-13.44327518
stac	-10.68504999	-13.44327518
staf	-11.27283665	-12.34466289
stag	-10.35654592	-12.75012800
stai	-10.39736791	-12.34466289
stak	-10.74220840	-13.44327518
stal	-9.29875562	-10.87832582
stam	-10.53089931	-11.14069008
stan	-8.86589154	-10.07597935
stap	-11.27283665	-10.95836853
star	-9.20597389	-11.04537990
stas	-10.35654592	-13.44327518
stat	-8.92146139	-10.26522135
stav	-11.96598383	-11.36383363
stay	-11.49598020	-11.83383726
stb	-10.63098276	-13.44327518
ste	-7.02291386	-9.28439209
stea	-9.79123211	-12.34466289
sted	-9.00071076	-13.44327518
stee	-10.17422436	-10.95836853
stel	-10.86737154	-11.83383726
stem	-10.43992753	-12.34466289
sten	-9.35591404	-12.05698081
step	-10.07891418	-12.75012800
ster	-7.79776942	-10.95836853
stes	-10.27958488	-11.49736503
stet	-11.62951159	-11.14069008
steu	-10.86737154	-13.44327518
stf	-10.86737154	-13.44327518
stfu	-10.93636441	-13.44327518
sth	-9.88654229	-7.05976854
stha	-13.57542174	-7.57115739
sthe	-10.17422436	-10.95836853
sthi	-13.57542174	-9.51144954
sthr	-13.57542174	-8.61496144
sthu	-12.88227456	-9.75439572
sthy	-12.88227456	-10.95836853
sti	-7.08926095	-9.36573773
stic	-8.35506592	-11.49736503
stie	-9.88654229	-12.75012800
stif	-10.02007368	-13.44327518
stig	-10.10968584	-13.44327518
stil	-9.79123211	-11.24605060
stim	-10.10968584	-13.44327518
stin	-8.48167154	-11.04537990
stio	-10.53089931	-13.44327518
stit	-9.49788430	-11.14069008
stiv	-10.93636441	-12.34466289
stl	-9.24468840	-12.75012800
stle	-9.93783558	-13.44327518
stli	-10.48437929	-13.44327518
stly	-10.74220840	-13.44327518
stm	-10.14143454	-11.65151571
stme	-10.80283302	-13.44327518
sto	-7.91593953	-9.70560556
stoc	-10.10968584	-13.44327518
stol	-10.93636441	-12.75012800
stom	-10.48437929	-11.83383726
ston	-9.51497873	-11.65151571
stoo	-10.86737154	-11.24605060
stop	-9.99190280	-11.49736503
stor	-9.19339511	-11.49736503
stp	-11.09051509	-12.75012800
str	-7.14409066	-8.89998039
stra	-8.34431313	-9.55145488
stre	-9.05363317	-10.22439935
stri	-8.60560844	-10.73522497
stro	-9.07561207	-12.34466289
stru	-8.95044893	-12.05698081
stry	-11.17752647	-12.75012800
sts	-7.51629855	-13.44327518
sts$	-7.53278891	-13.44327518
stt	-13.57542174	-8.83810499
stt$	-13.57542174	-10.44754290
stta	-13.57542174	-10.26522135
stte	-13.57542174	-10.49883620
stti	-13.57542174	-10.80421785
sttu	-13.57542174	-10.26522135
stu	-8.66276686	-9.80568902
stud	-10.35654592	-11.36383363
stul	-10.86737154	-13.44327518
stum	-11.01047239	-11.65151571
stup	-11.09051509	-12.75012800
stur	-9.91186010	-13.44327518
stw	-10.43992753	-13.44327518
sty	-9.66339874	-11.83383726
sty$	-10.24321723	-12.75012800
styl	-10.86737154	-12.75012800
su$	-12.88227456	-9.04882602
sua	-9.76875925	-12.75012800
sual	-10.53089931	-13.44327518
sub	-8.16377569	-10.44754290
subc	-10.93636441	-13.44327518
subj	-10.80283302	-13.44327518
subm	-10.35654592	-13.44327518
subp	-11.01047239	-13.44327518
subr	-12.88227456	-10.73522497
subs	-9.37072912	-13.44327518
subt	-10.10968584	-13.44327518
suc	-9.70422073	-11.49736503
succ	-10.31732521	-13.44327518
suck	-10.80283302	-13.44327518
sud	-11.62951159	-10.87832582
sue	-10.68504999	-12.75012800
suf	-10.24321723	-11.49736503
suff	-10.24321723	-13.44327518
sug	-10.68504999	-11.14069008
suga	-11.17752647	-11.36383363
suh	-13.57542174	-10.73522497
suhr	-13.57542174	-10.73522497
sui	-10.07891418	-13.44327518
suit	-10.39736791	-13.44327518
suk	-12.88227456	-9.59312757
suka	-13.57542174	-10.07597935
sul	-9.31274187	-10.22439935
sula	-11.01047239	-11.49736503
suli	-11.37819717	-12.05698081
sult	-10.43992753	-11.65151571
sum	-9.37072912	-10.80421785
sum$	-11.96598383	-11.24605060
sume	-10.93636441	-13.44327518
summ	-10.27958488	-12.75012800
sun	-9.55007005	-10.22439935
sunb	-10.80283302	-13.44327518
sund	-11.17752647	-11.49736503
sup	-8.54498382	-10.44754290
supe	-9.01107355	-11.83383726
supp	-9.72527414	-12.34466289
supr	-11.49598020	-11.04537990
sur	-8.25241176	-9.51144954
sura	-10.93636441	-11.49736503
sure	-9.51497873	-11.36383363
surf	-10.74220840	-13.44327518
surg	-10.48437929	-13.44327518
suri	-10.31732521	-10.73522497
surp	-10.80283302	-13.44327518
surr	-10.43992753	-13.44327518
surv	-10.80283302	-12.05698081
sury	-12.47680945	-10.87832582
sus	-9.93783558	-11.04537990
susp	-11.17752647	-12.75012800
suu	-13.57542174	-9.72970311
suuk	-13.57542174	-10.55290342
suv	-13.57542174	-10.80421785
sva	-13.57542174	-8.91067568
svaa	-13.57542174	-9.88792711
svan	-13.57542174	-10.95836853
svar	-13.57542174	-10.55290342
sve	-12.18912738	-10.18517864
svee	-13.57542174	-10.22439935
swa	-9.21871292	-8.78931483
swaa	-13.57542174	-10.04207779
swab	-11.96598383	-11.04537990
swam	-11.27283665	-11.83383726
swan	-10.86737154	-10.95836853
swar	-11.62951159	-10.44754290
swas	-11.62951159	-11.14069008
swat	-10.86737154	-11.36383363
swe	-9.29875562	-10.26522135
swea	-10.68504999	-13.44327518
swee	-10.14143454	-10.35223272
swer	-11.09051509	-13.44327518
swi	-9.58643770	-11.83383726
swin	-10.86737154	-13.44327518
swit	-11.09051509	-12.34466289
swo	-9.66339874	-13.44327518
swom	-10.35654592	-13.44327518
swor	-10.86737154	-13.44327518
sy$	-9.51497873	-11.49736503
sya	-13.57542174	-8.91067568
syam	-13.57542174	-10.11107067
syan	-13.57542174	-10.26522135
syc	-9.55007005	-13.44327518
sych	-9.62417802	-13.44327518
syl	-10.43992753	-11.36383363
syll	-10.63098276	-12.75012800
sym	-9.93783558	-13.44327518
symb	-11.09051509	-13.44327518
symp	-10.48437929	-13.44327518
syn	-9.55007005	-12.34466289
sync	-10.68504999	-13.44327518
synt	-10.53089931	-13.44327518
syr	-11.96598383	-10.95836853
syri	-12.47680945	-11.14069008
sys	-10.68504999	-11.36383363
syst	-10.68504999	-11.36383363
ta$	-9.70422073	-8.18577980
taa	-13.57542174	-7.89031559
taa$	-13.57542174	-10.39875274
taal	-13.57542174	-10.04207779
taam	-13.57542174	-10.39875274
taan	-13.57542174	-8.91067568
taar	-13.57542174	-10.49883620
taay	-13.57542174	-10.04207779
tab	-8.20478372	-11.04537990
tabi	-9.96450383	-13.44327518
tabl	-8.62666185	-12.34466289
tabo	-10.86737154	-12.75012800
tac	-9.05363317	-11.49736503
tach	-10.35654592	-11.65151571
tack	-10.53089931	-12.75012800
tact	-10.57968947	-13.44327518
tad	-11.37819717	-10.95836853
tae	-12.18912738	-10.87832582
taf	-11.01047239	-12.05698081
taff	-11.09051509	-12.34466289
tag	-9.00071076	-12.05698081
tage	-9.70422073	-12.34466289
tagi	-11.09051509	-13.44327518
tago	-10.68504999	-12.75012800
tai	-8.46947627	-10.00928797
tail	-9.56808856	-11.83383726
tain	-8.99045426	-10.67068645
tak	-9.62417802	-9.07382732
taka	-12.18912738	-10.14743831
take	-9.88654229	-12.34466289
takk	-13.57542174	-9.97753927
takr	-13.57542174	-10.95836853
tal	-7.60671418	-9.01245838
tal$	-9.37072912	-10.44754290
tala	-11.78366227	-10.30778096
tale	-10.63098276	-11.83383726
tali	-8.61257711	-10.22439935
talk	-10.48437929	-13.44327518
tall	-9.09808493	-12.34466289
tals	-10.43992753	-12.75012800
taly	-11.37819717	-11.65151571
tam	-9.31274187	-8.62299361
tam$	-13.57542174	-9.63661269
tama	-11.62951159	-9.59312757
tamb	-13.57542174	-10.95836853
tami	-10.53089931	-11.14069008
tamp	-10.63098276	-11.24605060
tan	-7.94420996	-7.78728337
tan$	-11.01047239	-9.61463378
tana	-11.96598383	-9.07382732
tanc	-9.91186010	-12.34466289
tand	-9.60512983	-10.80421785
tane	-11.01047239	-11.24605060
tang	-9.99190280	-9.30014045
tani	-11.17752647	-10.04207779
tann	-11.62951159	-11.24605060
tans	-11.09051509	-13.44327518
tant	-9.10951362	-10.80421785
tanu	-13.57542174	-10.55290342
tap	-9.56808856	-9.19477993
tape	-10.80283302	-11.24605060
taph	-10.93636441	-12.34466289
tapp	-11.78366227	-9.63661269
tar	-8.08236030	-7.94201697
tar$	-10.86737154	-8.89998039
tara	-11.96598383	-10.11107067
tard	-10.20812591	-13.44327518
tari	-9.35591404	-9.43594199
tarn	-12.18912738	-11.14069008
tarr	-11.09051509	-12.34466289
tars	-10.74220840	-11.65151571
tart	-10.35654592	-11.65151571
taru	-13.57542174	-10.44754290
tary	-10.27958488	-10.67068645
tas	-8.98030189	-10.30778096
tas$	-10.31732521	-11.65151571
tash	-11.62951159	-11.04537990
tasi	-10.57968947	-13.44327518
tast	-10.14143454	-12.75012800
tat	-7.62738675	-8.17541702
tate	-8.93103084	-11.65151571
tath	-11.49598020	-8.63925413
tati	-8.23788366	-10.61006183
tato	-10.35654592	-13.44327518
tatt	-10.48437929	-9.72970311
tau	-10.27958488	-11.36383363
taut	-11.09051509	-13.44327518
tav	-10.93636441	-9.55145488
tava	-13.57542174	-10.49883620
tavu	-13.57542174	-10.35223272
taw	-11.01047239	-12.05698081
tax	-10.39736791	-11.83383726
taxi	-11.01047239	-12.34466289
tay	-11.37819717	-9.07382732
taya	-13.57542174	-10.07597935
tayi	-12.47680945	-10.11107067
tayu	-13.57542174	-10.95836853
tba	-10.07891418	-12.75012800
tbal	-11.01047239	-12.75012800
tbo	-10.31732521	-13.44327518
tca	-10.63098276	-13.44327518
tch	-7.89524913	-11.83383726
tch$	-9.70422073	-12.75012800
tcha	-10.93636441	-13.44327518
tche	-8.74710801	-13.44327518
tchi	-9.70422073	-13.44327518
tchm	-11.09051509	-13.44327518
tco	-10.74220840	-13.44327518
tdo	-11.09051509	-13.44327518
te$	-7.04600290	-6.65768753
tea	-8.98030189	-10.35223272
teac	-11.17752647	-11.49736503
tead	-10.43992753	-13.44327518
team	-10.57968947	-11.83383726
tear	-11.01047239	-11.14069008
teas	-11.09051509	-13.44327518
teb	-10.93636441	-13.44327518
tec	-9.28496230	-12.75012800
tech	-9.91186010	-12.75012800
tect	-10.31732521	-13.44327518
ted	-6.57326579	-10.80421785
ted$	-6.62173753	-12.05698081
tedl	-10.20812591	-13.44327518
tedn	-11.01047239	-13.44327518
tee	-8.71560934	-8.60699327
tee$	-10.57968947	-10.00928797
teec	-13.57542174	-10.95836853
teel	-11.01047239	-11.49736503
teen	-10.17422436	-10.80421785
teep	-11.09051509	-13.44327518
teer	-10.63098276	-10.73522497
tees	-10.80283302	-10.67068645
teet	-10.93636441	-12.75012800
teev	-13.57542174	-10.80421785
tef	-10.43992753	-13.44327518
tefu	-10.63098276	-13.44327518
teg	-10.10968584	-13.44327518
tegr	-11.01047239	-13.44327518
tei	-11.96598383	-10.61006183
tein	-11.96598383	-11.24605060
tek	-12.18912738	-10.73522497
tel	-8.29221801	-9.53125217
tel$	-11.96598383	-11.36383363
tele	-9.29875562	-10.95836853
teli	-11.01047239	-10.87832582
tell	-9.81422163	-10.87832582
tely	-9.56808856	-13.44327518
tem	-8.84803392	-11.14069008
tema	-10.93636441	-13.44327518
teme	-11.09051509	-13.44327518
temi	-11.09051509	-13.44327518
temp	-9.41653866	-12.75012800
ten	-7.49777950	-9.75439572
ten$	-9.93783558	-11.83383726
tena	-10.07891418	-13.44327518
tenc	-10.48437929	-13.44327518
tend	-9.32692650	-12.34466289
tene	-9.27135665	-12.75012800
teni	-10.35654592	-12.05698081
tenn	-11.37819717	-10.61006183
tens	-9.56808856	-13.44327518
tent	-9.05363317	-11.83383726
tenu	-10.80283302	-12.34466289
teo	-10.39736791	-13.44327518
tep	-9.91186010	-12.75012800
ter	-6.13880448	-8.80854619
ter$	-7.60415990	-9.70560556
tera	-9.07561207	-11.49736503
terb	-10.10968584	-13.44327518
terc	-9.72527414	-13.44327518
tere	-8.82183155	-11.65151571
terf	-10.20812591	-13.44327518
teri	-8.31792637	-11.36383363
terl	-9.76875925	-13.44327518
term	-9.06456224	-11.65151571
tern	-8.94069275	-10.61006183
tero	-10.10968584	-12.34466289
terp	-9.81422163	-13.44327518
terr	-9.35591404	-11.65151571
ters	-7.70612483	-11.65151571
tert	-11.01047239	-13.44327518
terv	-11.09051509	-13.44327518
terw	-10.80283302	-13.44327518
tery	-10.86737154	-11.83383726
tes	-6.96877156	-10.14743831
tes$	-7.18350463	-11.24605060
tesh	-12.88227456	-10.80421785
tess	-10.53089931	-13.44327518
test	-8.86589154	-11.65151571
tet	-10.27958488	-9.75439572
teth	-12.18912738	-10.87832582
tett	-12.88227456	-10.80421785
teu	-10.35654592	-12.34466289
teur	-10.39736791	-13.44327518
tew	-10.74220840	-11.65151571
tewa	-10.93636441	-12.34466289
tex	-10.39736791	-12.75012800
text	-10.63098276	-12.75012800
tey	-11.62951159	-10.30778096
teyu	-13.57542174	-10.67068645
tfa	-10.93636441	-13.44327518
tfi	-10.93636441	-13.44327518
tfo	-10.74220840	-12.05698081
tfu	-9.56808856	-13.44327518
tful	-9.56808856	-13.44327518
tgo	-11.78366227	-10.67068645
tgu	-11.01047239	-13.44327518
th$	-8.82183155	-7.20886445
tha	-9.53237048	-5.39672582
tha$	-12.88227456	-7.58534202
thaa	-13.57542174	-6.82989096
thac	-12.88227456	-10.80421785
thad	-13.57542174	-9.12578706
thai	-13.57542174	-10.55290342
thak	-13.57542174	-8.59908809
thal	-10.57968947	-8.10573710
tham	-12.88227456	-7.65026157
than	-10.53089931	-7.38649116
thap	-13.57542174	-9.00062392
thar	-11.96598383	-7.90594091
thas	-13.57542174	-9.68207506
that	-11.78366227	-7.99653780
thav	-13.57542174	-9.03655593
thay	-13.57542174	-8.14997035
thb	-11.49598020	-11.14069008
thd	-11.49598020	-10.26522135
thdh	-13.57542174	-10.49883620
the	-7.42056365	-6.86680561
the$	-10.74220840	-7.95847824
thea	-10.02007368	-11.14069008
thed	-10.48437929	-11.14069008
thee	-12.88227456	-8.55292605
thei	-11.09051509	-13.44327518
thek	-13.57542174	-9.43594199
thel	-11.78366227	-9.80568902
them	-10.63098276	-12.34466289
then	-10.10968584	-9.23858256
theo	-10.31732521	-12.05698081
ther	-8.26715405	-9.49203146
thes	-9.41653866	-12.05698081
thet	-9.96450383	-9.72970311
they	-12.88227456	-9.31614079
thf	-10.68504999	-12.75012800
thfu	-10.86737154	-13.44327518
thh	-12.18912738	-8.73374497
thha	-13.57542174	-10.61006183
thhe	-12.88227456	-10.87832582
thhi	-13.57542174	-9.47298326
thhu	-13.57542174	-10.11107067
thi	-8.42792727	-5.31498500
thi$	-13.57542174	-7.81206339
thib	-13.57542174	-10.80421785
thic	-10.35654592	-9.20916867
thid	-13.57542174	-10.11107067
thie	-10.35654592	-12.75012800
thii	-13.57542174	-9.83235726
thik	-13.57542174	-7.89419909
thil	-11.27283665	-6.63644582
thim	-12.18912738	-10.14743831
thin	-9.24468840	-6.68867108
thip	-13.57542174	-9.25362043
thir	-10.93636441	-7.60554473
this	-11.17752647	-9.83235726
thit	-12.88227456	-9.13921008
thiv	-13.57542174	-9.75439572
thiy	-13.57542174	-7.41740920
thk	-13.57542174	-10.11107067
thka	-13.57542174	-10.22439935
thl	-9.91186010	-11.65151571
thle	-10.63098276	-12.75012800
thm	-10.31732521	-9.07382732
thma	-11.78366227	-9.19477993
thn	-11.01047239	-11.49736503
tho	-8.56478645	-7.57680712
thod	-11.01047239	-9.20916867
thog	-11.09051509	-13.44327518
thol	-10.02007368	-9.41792349
thom	-12.47680945	-10.61006183
thon	-11.37819717	-10.11107067
thoo	-11.49598020	-9.45429113
thor	-9.79123211	-10.18517864
thot	-13.57542174	-9.51144954
thou	-10.31732521	-12.75012800
thoz	-13.57542174	-9.94676761
thp	-12.18912738	-10.04207779
thpa	-12.47680945	-10.39875274
thr	-8.65544082	-6.91824552
thra	-10.53089931	-7.42956002
thre	-10.48437929	-9.45429113
thri	-10.63098276	-8.56047325
thro	-9.37072912	-11.65151571
thru	-11.09051509	-9.53125217
thry	-13.57542174	-10.49883620
ths	-8.96030123	-9.72970311
ths$	-9.10951362	-13.44327518
thsa	-12.18912738	-10.04207779
tht	-11.96598383	-8.26149163
thth	-13.57542174	-8.26712544
thu	-9.88654229	-6.15161897
thu$	-13.57542174	-6.81920995
thud	-12.88227456	-9.04882602
thuk	-13.57542174	-8.49451529
thul	-12.88227456	-9.83235726
thum	-11.49598020	-8.38702937
thun	-10.63098276	-8.36810136
thup	-13.57542174	-10.07597935
thur	-13.57542174	-9.61463378
thus	-11.17752647	-10.55290342
thut	-13.57542174	-10.35223272
thuv	-13.57542174	-9.55145488
thv	-13.57542174	-9.47298326
thva	-13.57542174	-9.75439572
thw	-10.14143454	-9.85975624
thwa	-10.68504999	-9.97753927
thy	-9.86184968	-7.75291572
thy$	-10.53089931	-10.44754290
thya	-13.57542174	-7.94610695
thye	-13.57542174	-10.87832582
thyr	-11.37819717	-11.83383726
ti$	-11.09051509	-8.08668890
tia	-8.59181512	-11.83383726
tiab	-11.09051509	-13.44327518
tial	-9.35591404	-13.44327518
tiat	-9.68360145	-13.44327518
tib	-9.70422073	-11.04537990
tibi	-10.80283302	-13.44327518
tibl	-10.17422436	-13.44327518
tic	-7.01015677	-8.73374497
tic$	-8.10736160	-9.75439572
tica	-8.37692471	-10.95836853
ticc	-13.57542174	-10.67068645
tice	-10.20812591	-12.75012800
tich	-12.18912738	-9.77971353
tici	-9.01107355	-13.44327518
tick	-9.79123211	-12.05698081
ticl	-10.74220840	-13.44327518
tics	-9.38576700	-12.75012800
ticu	-9.99190280	-13.44327518
tid	-9.86184968	-10.61006183
tida	-12.47680945	-10.73522497
tide	-10.80283302	-13.44327518
tidi	-11.09051509	-13.44327518
tie	-7.78546157	-11.04537990
tie$	-10.86737154	-12.75012800
tien	-10.93636441	-12.75012800
tier	-9.44828736	-13.44327518
ties	-8.20944573	-11.24605060
tif	-8.54498382	-11.24605060
tiff	-10.93636441	-13.44327518
tifi	-9.15658114	-11.49736503
tify	-10.17422436	-13.44327518
tig	-9.28496230	-13.44327518
tiga	-10.31732521	-13.44327518
tigh	-10.93636441	-13.44327518
tigm	-11.09051509	-13.44327518
tii	-13.57542174	-9.19477993
tii$	-13.57542174	-10.00928797
tik	-11.78366227	-8.30747674
tik$	-12.88227456	-9.88792711
tika	-12.88227456	-9.25362043
tikk	-13.57542174	-9.33240131
til	-8.42792727	-8.32528136
til$	-12.18912738	-8.94346551
tila	-10.74220840	-10.95836853
tile	-10.04906122	-10.00928797
tili	-9.88654229	-13.44327518
till	-9.74678035	-10.44754290
tilu	-13.57542174	-10.61006183
tily	-10.39736791	-13.44327518
tim	-8.41063577	-10.39875274
tima	-9.83775212	-10.95836853
time	-9.48107718	-11.65151571
timi	-9.88654229	-13.44327518
timu	-11.01047239	-12.75012800
tin	-6.39840298	-8.52329425
tin$	-11.17752647	-10.49883620
tina	-10.27958488	-10.95836853
tinc	-10.93636441	-13.44327518
tine	-9.02154485	-11.14069008
ting	-6.59907367	-9.91691465
tini	-10.57968947	-12.05698081
tink	-10.86737154	-12.75012800
tins	-10.80283302	-13.44327518
tint	-11.01047239	-9.80568902
tinu	-10.63098276	-10.44754290
tio	-6.06828066	-9.47298326
tion	-6.10348966	-9.47298326
tiou	-9.56808856	-13.44327518
tip	-9.40103447	-10.11107067
tipl	-11.09051509	-13.44327518
tipp	-11.01047239	-10.14743831
tiq	-10.68504999	-10.95836853
tiqu	-10.68504999	-13.44327518
tir	-9.81422163	-9.38283217
tire	-10.86737154	-13.44327518
tiri	-11.09051509	-10.80421785
tiru	-13.57542174	-9.65908554
tis	-7.88168960	-9.65908554
tis$	-9.83775212	-11.49736503
tisa	-10.39736791	-11.83383726
tise	-9.15658114	-13.44327518
tish	-10.43992753	-10.80421785
tisi	-10.31732521	-13.44327518
tism	-10.35654592	-12.75012800
tist	-9.56808856	-10.49883620
tit	-8.40493775	-9.88792711
titc	-11.01047239	-13.44327518
tite	-11.09051509	-13.44327518
tith	-11.49598020	-11.36383363
titi	-9.76875925	-13.44327518
titl	-10.93636441	-13.44327518
titt	-12.18912738	-10.55290342
titu	-9.38576700	-11.24605060
tiv	-7.44855256	-9.97753927
tiva	-9.70422073	-11.14069008
tive	-7.65921968	-10.73522497
tivi	-9.96450383	-11.36383363
tiy	-12.88227456	-8.58346277
tiya	-13.57542174	-9.70560556
tiye	-12.88227456	-10.49883620
tiyi	-13.57542174	-9.94676761
tiyu	-13.57542174	-10.00928797
tiz	-8.88407386	-13.44327518
tiza	-10.74220840	-13.44327518
tize	-9.38576700	-13.44327518
tizi	-10.35654592	-13.44327518
tla	-10.80283302	-10.11107067
tlaa	-13.57542174	-10.87832582
tlan	-11.62951159	-11.14069008
tle	-8.18635001	-11.65151571
tle$	-9.83775212	-12.34466289
tled	-10.04906122	-13.44327518
tler	-10.53089931	-12.05698081
tles	-9.24468840	-13.44327518
tlet	-10.86737154	-13.44327518
tli	-9.31274187	-13.44327518
tlie	-10.74220840	-13.44327518
tlin	-9.86184968	-13.44327518
tlo	-10.86737154	-13.44327518
tly	-8.30242218	-13.44327518
tly$	-8.30756358	-13.44327518
tma	-10.07891418	-10.80421785
tman	-10.86737154	-11.24605060
tme	-9.28496230	-12.34466289
tmen	-9.40103447	-12.34466289
tmo	-10.74220840	-13.44327518
tne	-9.48107718	-13.44327518
tnes	-9.64359611	-13.44327518
to$	-9.99190280	-10.14743831
toa	-10.80283302	-13.44327518
tob	-11.09051509	-11.49736503
toc	-9.51497873	-12.75012800
tock	-10.04906122	-13.44327518
tocr	-10.86737154	-13.44327518
tod	-10.57968947	-13.44327518
toe	-10.48437929	-12.34466289
tof	-11.01047239	-13.44327518
tog	-9.86184968	-10.80421785
togr	-10.27958488	-10.80421785
toi	-10.39736791	-11.83383726
tok	-11.01047239	-12.05698081
tol	-9.37072912	-11.65151571
tole	-11.09051509	-13.44327518
tolo	-10.04906122	-13.44327518
tom	-8.73123466	-9.80568902
tom$	-11.62951159	-11.65151571
toma	-10.20812591	-10.95836853
tome	-11.01047239	-11.83383726
tomi	-9.74678035	-11.83383726
toms	-11.62951159	-11.65151571
tomy	-11.09051509	-12.75012800
ton	-8.32314832	-9.59312757
ton$	-10.27958488	-10.39875274
tone	-9.28496230	-11.65151571
toni	-10.10968584	-12.05698081
tonn	-11.96598383	-10.73522497
tons	-10.35654592	-12.75012800
too	-9.53237048	-8.97736706
too$	-12.88227456	-10.44754290
tool	-11.27283665	-12.34466289
toom	-13.57542174	-10.95836853
toon	-10.86737154	-10.73522497
toor	-13.57542174	-10.39875274
toot	-10.80283302	-13.44327518
top	-8.98030189	-10.67068645
top$	-10.93636441	-12.75012800
topo	-11.09051509	-12.75012800
topp	-10.53089931	-11.24605060
tops	-10.68504999	-13.44327518
tor	-7.02006485	-9.07382732
tor$	-8.34431313	-10.35223272
tora	-10.53089931	-11.04537990
torc	-10.93636441	-13.44327518
tore	-10.39736791	-11.36383363
tori	-8.96030123	-10.18517864
torm	-10.17422436	-12.75012800
tors	-8.33367473	-13.44327518
tort	-10.04906122	-13.44327518
tory	-9.07561207	-11.14069008
tos	-9.60512983	-10.95836853
tos$	-10.39736791	-12.34466289
tot	-9.96450383	-12.05698081
tota	-10.74220840	-13.44327518
tou	-9.08678537	-11.14069008
touc	-10.53089931	-13.44327518
tour	-10.53089931	-12.34466289
tous	-10.35654592	-13.44327518
tout	-11.09051509	-13.44327518
tow	-9.72527414	-12.34466289
towe	-10.74220840	-12.75012800
town	-11.01047239	-12.75012800
tox	-10.63098276	-13.44327518
toxi	-10.74220840	-13.44327518
toy	-11.96598383	-11.36383363
tpa	-11.27283665	-11.49736503
tpo	-10.93636441	-13.44327518
tra	-6.97283385	-7.92984643
tra$	-11.78366227	-10.44754290
traa	-13.57542174	-10.61006183
trac	-8.84803392	-13.44327518
trad	-9.91186010	-12.05698081
trag	-10.53089931	-13.44327518
trai	-9.41653866	-12.05698081
trak	-12.88227456	-10.55290342
tral	-9.81422163	-10.44754290
tram	-10.24321723	-9.85975624
tran	-8.38803594	-10.04207779
trap	-9.81422163	-10.44754290
trar	-11.17752647	-11.65151571
tras	-11.01047239	-10.87832582
trat	-8.85692287	-9.55145488
trav	-10.27958488	-11.83383726
traw	-11.01047239	-13.44327518
tray	-10.80283302	-10.95836853
tre	-7.95502088	-9.16660906
tre$	-10.68504999	-11.65151571
trea	-9.51497873	-11.24605060
tree	-10.74220840	-10.00928797
trel	-11.27283665	-10.87832582
trem	-10.63098276	-13.44327518
tren	-10.02007368	-12.75012800
trep	-10.93636441	-13.44327518
tres	-9.29875562	-13.44327518
tret	-10.68504999	-11.14069008
tri	-7.34494030	-8.87892698
tri$	-13.57542174	-10.73522497
tria	-9.41653866	-12.75012800
trib	-9.88654229	-13.44327518
tric	-8.65544082	-10.87832582
trid	-11.09051509	-13.44327518
trie	-10.17422436	-13.44327518
trif	-10.24321723	-13.44327518
trig	-10.86737154	-13.44327518
trii	-13.57542174	-10.95836853
trik	-10.93636441	-10.49883620
tril	-10.93636441	-12.05698081
trim	-11.09051509	-11.65151571
trin	-9.93783558	-13.44327518
trio	-10.86737154	-13.44327518
trip	-9.91186010	-12.75012800
tris	-10.93636441	-11.36383363
trit	-10.80283302	-12.75012800
triv	-10.43992753	-13.44327518
triy	-13.57542174	-10.44754290
tro	-7.77028677	-9.77971353
trod	-10.63098276	-13.44327518
trog	-11.09051509	-12.75012800
trok	-10.74220840	-13.44327518
trol	-10.10968584	-11.04537990
trom	-11.01047239	-13.44327518
tron	-9.60512983	-11.49736503
troo	-11.17752647	-10.95836853
trop	-9.79123211	-11.83383726
tros	-11.01047239	-12.34466289
trot	-10.53089931	-13.44327518
trou	-9.88654229	-13.44327518
trov	-10.57968947	-13.44327518
tru	-8.26221576	-10.61006183
trua	-11.09051509	-13.44327518
truc	-9.40103447	-12.34466289
trud	-10.80283302	-13.44327518
trum	-10.35654592	-11.65151571
trun	-10.74220840	-13.44327518
trus	-9.86184968	-11.83383726
trut	-11.09051509	-12.75012800
try	-9.51497873	-11.83383726
try$	-9.81422163	-12.75012800
ts$	-6.15724092	-10.44754290
tsa	-11.78366227	-10.30778096
tsc	-10.93636441	-13.44327518
tsh	-10.48437929	-13.44327518
tsi	-10.57968947	-13.44327518
tsm	-11.01047239	-11.49736503
tsma	-11.37819717	-11.49736503
tsp	-11.09051509	-13.44327518
tst	-10.39736791	-13.44327518
tstr	-11.01047239	-13.44327518
tsw	-10.93636441	-13.44327518
tsy	-11.78366227	-11.49736503
tt$	-11.27283665	-8.29578070
tta	-9.35591404	-6.69803883
tta$	-11.49598020	-8.68968498
ttaa	-13.57542174	-8.72477630
ttac	-10.80283302	-12.05698081
ttai	-10.93636441	-12.05698081
ttak	-12.88227456	-9.83235726
ttal	-11.27283665	-9.70560556
ttam	-13.57542174	-9.34893061
ttan	-11.62951159	-8.50880124
ttap	-13.57542174	-10.04207779
ttar	-12.18912738	-8.68110124
ttas	-11.96598383	-10.87832582
ttat	-13.57542174	-8.62299361
ttav	-13.57542174	-10.55290342
ttay	-13.57542174	-9.72970311
tte	-7.49320283	-8.73374497
tte$	-9.93783558	-11.04537990
tted	-9.31274187	-11.04537990
ttee	-11.17752647	-10.11107067
tten	-9.60512983	-10.80421785
tter	-8.15047173	-10.39875274
ttes	-9.99190280	-12.05698081
ttet	-13.57542174	-10.73522497
tth	-12.18912738	-6.67363320
tth$	-13.57542174	-10.26522135
ttha	-13.57542174	-8.18577980
tthe	-13.57542174	-9.31614079
tthi	-13.57542174	-7.29694592
ttho	-13.57542174	-10.49883620
tthu	-13.57542174	-8.68110124
tti	-8.41063577	-7.12070994
tti$	-12.88227456	-8.85830770
ttic	-11.62951159	-10.39875274
ttid	-13.57542174	-10.61006183
ttie	-9.93783558	-12.75012800
ttik	-13.57542174	-8.92148660
ttil	-12.18912738	-8.69834305
ttin	-9.02154485	-9.57207416
ttip	-13.57542174	-10.80421785
ttir	-12.88227456	-9.88792711
ttis	-10.86737154	-11.83383726
ttit	-11.37819717	-10.30778096
ttiy	-13.57542174	-9.00062392
ttl	-9.08678537	-11.49736503
ttle	-9.21871292	-12.75012800
tto	-9.43228702	-9.49203146
tto$	-11.27283665	-11.49736503
ttom	-11.96598383	-11.36383363
tton	-10.43992753	-11.83383726
ttoo	-11.37819717	-10.35223272
ttor	-11.37819717	-11.24605060
ttr	-10.43992753	-13.44327518
tts	-11.27283665	-11.36383363
tts$	-11.27283665	-12.34466289
ttu	-12.18912738	-7.00712481
ttu$	-13.57542174	-7.98368966
ttuk	-13.57542174	-9.31614079
ttul	-13.57542174	-9.63661269
ttum	-13.57542174	-9.59312757
ttun	-12.88227456	-8.19100175
ttup	-13.57542174	-10.73522497
ttuv	-13.57542174	-10.73522497
tty	-10.31732521	-9.97753927
tty$	-10.35654592	-10.44754290
tu$	-12.18912738	-7.78031470
tua	-8.83048961	-12.34466289
tual	-9.35591404	-13.44327518
tuar	-11.27283665	-12.34466289
tuat	-9.96450383	-13.44327518
tub	-10.17422436	-11.83383726
tuc	-11.17752647	-11.14069008
tud	-9.28496230	-11.14069008
tude	-9.88654229	-13.44327518
tudi	-10.43992753	-11.49736503
tuf	-10.80283302	-13.44327518
tui	-10.93636441	-13.44327518
tuit	-10.93636441	-13.44327518
tuk	-13.57542174	-8.53800040
tuka	-13.57542174	-8.77044634
tukk	-13.57542174	-10.39875274
tul	-9.99190280	-9.59312757
tula	-10.17422436	-12.75012800
tull	-13.57542174	-9.63661269
tum	-9.60512983	-9.11254184
tum$	-11.01047239	-9.63661269
tuma	-12.18912738	-10.67068645
tumu	-12.18912738	-10.87832582
tun	-9.62417802	-7.95433745
tund	-11.49598020	-8.34340875
tune	-10.93636441	-12.75012800
tuni	-11.17752647	-10.87832582
tunn	-11.27283665	-9.49203146
tunt	-12.18912738	-11.04537990
tuo	-10.27958488	-13.44327518
tuou	-10.39736791	-13.44327518
tup	-10.27958488	-10.35223272
tur	-7.72034982	-10.11107067
tura	-9.55007005	-11.83383726
turb	-10.20812591	-12.34466289
ture	-8.69261982	-11.65151571
turi	-9.43228702	-12.75012800
turn	-10.04906122	-13.44327518
tus	-10.07891418	-11.14069008
tus$	-11.09051509	-11.65151571
tut	-9.51497873	-9.23858256
tute	-10.43992753	-11.83383726
tuth	-13.57542174	-9.85975624
tuti	-10.53089931	-12.34466289
tutt	-11.78366227	-10.18517864
tuu	-13.57542174	-10.39875274
tuv	-13.57542174	-10.35223272
tuva	-13.57542174	-10.80421785
twa	-9.79123211	-10.80421785
twar	-10.68504999	-11.36383363
twe	-10.07891418	-13.44327518
twee	-11.01047239	-13.44327518
twi	-9.51497873	-12.05698081
twin	-10.53089931	-12.75012800
twis	-11.09051509	-13.44327518
twit	-11.01047239	-12.34466289
two	-10.02007368	-12.05698081
twor	-10.35654592	-12.05698081
ty$	-7.27647250	-9.02443457
tya	-12.18912738	-9.77971353
tyam	-13.57542174	-10.80421785
tyi	-11.49598020	-11.83383726
tyl	-10.17422436	-12.75012800
tyle	-10.93636441	-12.75012800
tyli	-11.09051509	-13.44327518
tym	-10.80283302	-12.34466289
typ	-9.66339874	-13.44327518
type	-10.14143454	-13.44327518
tyr	-10.39736791	-13.44327518
tyra	-10.74220840	-13.44327518
tz$	-10.80283302	-10.95836853
tze	-10.63098276	-12.75012800
uab	-11.01047239	-13.44327518
uac	-10.93636441	-12.05698081
uad	-9.93783558	-13.44327518
uadr	-10.27958488	-13.44327518
uai	-10.86737154	-13.44327518
uain	-11.01047239	-13.44327518
ual	-8.39363819	-13.44327518
ual$	-9.86184968	-13.44327518
uali	-9.07561207	-13.44327518
uall	-10.35654592	-13.44327518
uals	-10.93636441	-13.44327518
uan	-9.96450383	-12.34466289
uant	-10.57968947	-12.75012800
uar	-9.04282225	-10.67068645
uard	-10.31732521	-12.34466289
uari	-11.17752647	-12.34466289
uarr	-11.09051509	-12.34466289
uart	-10.57968947	-12.34466289
uas	-10.57968947	-12.05698081
uat	-8.85692287	-12.75012800
uate	-9.51497873	-13.44327518
uati	-9.81422163	-13.44327518
uav	-11.09051509	-13.44327518
ub$	-10.74220840	-11.14069008
uba	-10.53089931	-10.14743831
ubb	-9.28496230	-11.49736503
ubbe	-10.24321723	-12.75012800
ubbi	-10.31732521	-12.34466289
ubc	-10.86737154	-13.44327518
ubd	-11.17752647	-12.34466289
ube	-9.96450383	-12.34466289
uber	-10.68504999	-12.75012800
ubh	-11.78366227	-9.22376747
ubha	-13.57542174	-9.53125217
ubho	-12.47680945	-10.87832582
ubi	-10.17422436	-10.30778096
ubil	-11.78366227	-10.55290342
ubj	-10.80283302	-12.75012800
ubl	-9.53237048	-11.24605060
uble	-10.20812591	-13.44327518
ubli	-10.39736791	-11.24605060
ubm	-10.35654592	-13.44327518
ubmi	-11.01047239	-13.44327518
ubp	-11.01047239	-13.44327518
ubr	-10.68504999	-10.73522497
ubra	-11.96598383	-10.73522497
ubri	-11.01047239	-13.44327518
ubs	-9.12107445	-13.44327518
ubs$	-10.63098276	-13.44327518
ubsc	-11.01047239	-13.44327518
ubsi	-10.53089931	-13.44327518
ubst	-10.35654592	-13.44327518
ubt	-9.86184968	-13.44327518
ubte	-10.86737154	-13.44327518
ubu	-11.09051509	-12.05698081
uca	-10.53089931	-12.05698081
ucat	-11.01047239	-13.44327518
ucc	-10.02007368	-12.34466289
uce	-9.60512983	-12.34466289
uce$	-11.09051509	-12.75012800
ucer	-11.09051509	-12.75012800
uces	-10.86737154	-13.44327518
uch	-9.10951362	-9.55145488
uch$	-10.93636441	-12.75012800
uche	-9.99190280	-11.65151571
uchi	-10.86737154	-10.14743831
uci	-9.91186010	-11.65151571
uck	-8.55154122	-10.87832582
uck$	-10.74220840	-12.34466289
ucke	-10.04906122	-12.34466289
ucki	-10.31732521	-12.34466289
uckl	-10.17422436	-13.44327518
ucks	-10.39736791	-13.44327518
ucl	-10.43992753	-11.24605060
ucle	-10.48437929	-11.65151571
ucr	-11.27283665	-12.05698081
uct	-8.55814191	-12.34466289
ucte	-10.93636441	-13.44327518
ucti	-9.20597389	-13.44327518
ucto	-10.93636441	-13.44327518
ucts	-10.86737154	-13.44327518
uctu	-10.80283302	-12.34466289
ucu	-11.09051509	-13.44327518
ud$	-10.57968947	-11.36383363
uda	-11.09051509	-8.12026520
udaa	-13.57542174	-10.04207779
udak	-13.57542174	-10.61006183
udam	-13.57542174	-10.22439935
udan	-12.88227456	-9.70560556
udar	-13.57542174	-9.49203146
uday	-13.57542174	-10.87832582
udd	-9.68360145	-9.30014045
udde	-10.93636441	-11.24605060
uddh	-13.57542174	-9.59312757
uddi	-11.09051509	-12.34466289
uddl	-10.53089931	-13.44327518
ude	-8.81324781	-6.91239755
ude$	-9.91186010	-6.99914392
uded	-10.68504999	-13.44327518
uden	-10.74220840	-13.44327518
udes	-10.10968584	-13.44327518
udey	-13.57542174	-9.63661269
udg	-9.31274187	-11.65151571
udge	-9.76875925	-12.05698081
udgi	-10.74220840	-13.44327518
udh	-13.57542174	-8.52329425
udha	-13.57542174	-8.93241567
udhe	-13.57542174	-10.87832582
udhi	-13.57542174	-10.67068645
udi	-8.88407386	-9.19477993
udi$	-13.57542174	-10.73522497
udic	-10.43992753	-11.24605060
udik	-13.57542174	-10.80421785
udin	-9.99190280	-13.44327518
udio	-10.74220840	-12.05698081
udit	-10.93636441	-12.34466289
udiy	-13.57542174	-10.67068645
udo	-11.37819717	-11.14069008
udr	-12.47680945	-10.87832582
udra	-12.88227456	-11.04537990
uds	-10.43992753	-13.44327518
uds$	-10.80283302	-13.44327518
udu	-12.18912738	-9.38283217
udum	-13.57542174	-9.72970311
udy	-11.37819717	-10.39875274
udyo	-13.57542174	-10.67068645
ue$	-9.10951362	-10.30778096
uea	-10.86737154	-12.75012800
ued	-10.07891418	-13.44327518
ued$	-10.14143454	-13.44327518
uee	-10.57968947	-11.83383726
uel	-9.72527414	-13.44327518
uell	-11.09051509	-13.44327518
uen	-9.40103447	-13.44327518
uenc	-10.48437929	-13.44327518
uent	-10.24321723	-13.44327518
uer	-9.91186010	-11.36383363
ues	-8.77140070	-11.83383726
ues$	-9.55007005	-12.75012800
uess	-11.09051509	-13.44327518
uest	-9.76875925	-13.44327518
uet	-10.10968584	-13.44327518
uett	-11.09051509	-13.44327518
ueu	-11.37819717	-12.05698081
uff	-8.52556574	-12.05698081
uff$	-10.74220840	-13.44327518
uffe	-10.07891418	-12.75012800
uffi	-9.83775212	-12.34466289
uffl	-10.17422436	-13.44327518
uffs	-11.01047239	-13.44327518
uft	-11.49598020	-11.83383726
ug$	-10.57968947	-13.44327518
uga	-10.04906122	-9.94676761
ugar	-11.01047239	-13.44327518
ugat	-10.86737154	-11.24605060
uge	-10.43992753	-12.34466289
ugg	-9.31274187	-12.75012800
ugge	-9.93783558	-13.44327518
uggi	-10.74220840	-13.44327518
uggl	-10.93636441	-13.44327518
ugh	-8.67014696	-10.95836853
ugh$	-10.63098276	-13.44327518
ugha	-12.18912738	-11.14069008
ughe	-10.74220840	-13.44327518
ught	-9.41653866	-13.44327518
ugs	-10.39736791	-13.44327518
ugs$	-10.57968947	-13.44327518
ugu	-10.53089931	-11.14069008
ugur	-11.09051509	-13.44327518
uha	-12.47680945	-9.83235726
uhat	-13.57542174	-10.61006183
uhr	-12.88227456	-10.18517864
uhru	-13.57542174	-10.67068645
uic	-10.43992753	-12.34466289
uid	-9.99190280	-11.83383726
uide	-11.09051509	-12.75012800
uidi	-11.09051509	-13.44327518
uie	-10.17422436	-13.44327518
uies	-11.09051509	-13.44327518
uiet	-10.74220840	-13.44327518
uil	-9.46454788	-13.44327518
uild	-10.48437929	-13.44327518
uilt	-11.01047239	-13.44327518
uin	-9.44828736	-11.83383726
uing	-10.24321723	-13.44327518
uint	-11.01047239	-13.44327518
uir	-9.86184968	-12.34466289
uire	-10.48437929	-13.44327518
uis	-9.20597389	-11.83383726
uise	-10.80283302	-13.44327518
uish	-10.35654592	-13.44327518
uisi	-10.31732521	-13.44327518
uit	-8.76323739	-12.05698081
uit$	-11.09051509	-12.34466289
uita	-10.93636441	-13.44327518
uite	-10.86737154	-13.44327518
uiti	-10.57968947	-13.44327518
uito	-10.86737154	-13.44327518
uits	-10.74220840	-13.44327518
uity	-10.63098276	-13.44327518
uiv	-10.93636441	-13.44327518
uja	-13.57542174	-10.30778096
ujar	-13.57542174	-10.80421785
uka	-12.18912738	-6.44385271
uka$	-13.57542174	-8.66415168
ukaa	-13.57542174	-8.94346551
ukal	-13.57542174	-7.27366444
ukar	-12.88227456	-10.00928797
ukay	-13.57542174	-7.59683640
uke	-10.57968947	-10.73522497
ukh	-13.57542174	-9.09946975
ukha	-13.57542174	-9.41792349
ukhy	-13.57542174	-10.67068645
uki	-11.49598020	-10.35223272
ukk	-12.18912738	-7.90594091
ukka	-12.88227456	-8.48744812
ukki	-13.57542174	-10.39875274
ukku	-13.57542174	-9.11254184
ukl	-12.47680945	-10.73522497
uko	-12.47680945	-9.09946975
ukon	-13.57542174	-9.49203146
ukoo	-13.57542174	-10.35223272
uks	-12.18912738	-10.00928797
uksh	-13.57542174	-10.26522135
ukt	-13.57542174	-10.61006183
ukth	-13.57542174	-10.61006183
uku	-12.47680945	-9.80568902
ul$	-8.83048961	-9.80568902
ula	-7.63000113	-8.48744812
ula$	-11.17752647	-11.49736503
ulac	-11.78366227	-11.49736503
ulam	-13.57542174	-9.88792711
ulan	-11.09051509	-10.61006183
ular	-8.90259291	-10.39875274
ulas	-11.37819717	-12.05698081
ulat	-8.11583623	-10.95836853
ulc	-10.07891418	-12.05698081
ulch	-10.86737154	-12.75012800
uld	-10.48437929	-12.05698081
ule	-9.13277049	-10.95836853
ule$	-10.80283302	-12.05698081
ulen	-10.74220840	-13.44327518
ules	-10.27958488	-12.05698081
ulf	-10.86737154	-12.34466289
ulg	-9.99190280	-13.44327518
ulga	-10.68504999	-13.44327518
ulge	-11.01047239	-13.44327518
uli	-9.53237048	-9.38283217
ulik	-13.57542174	-10.87832582
ulin	-10.80283302	-11.49736503
ulis	-10.86737154	-11.36383363
ulk	-10.35654592	-10.49883620
ulkk	-13.57542174	-10.61006183
ull	-8.32839767	-7.16287934
ull$	-11.27283665	-12.34466289
ulla	-11.49598020	-7.26533106
ulle	-9.81422163	-13.44327518
ulli	-10.27958488	-10.87832582
ullo	-12.47680945	-10.67068645
ulls	-10.93636441	-13.44327518
ullu	-13.57542174	-10.39875274
ully	-9.35591404	-12.75012800
ulm	-11.49598020	-11.65151571
uln	-9.40103447	-13.44327518
ulne	-9.43228702	-13.44327518
ulo	-9.66339874	-10.49883620
ulog	-11.01047239	-13.44327518
ulou	-10.20812591	-13.44327518
ulp	-9.83775212	-9.57207416
ulpa	-11.01047239	-11.83383726
ulpp	-13.57542174	-9.72970311
uls	-9.38576700	-13.44327518
uls$	-10.20812591	-13.44327518
ulsi	-10.39736791	-13.44327518
ult	-8.46947627	-11.14069008
ult$	-11.01047239	-13.44327518
ulta	-10.68504999	-12.34466289
ulte	-10.53089931	-13.44327518
ulti	-9.31274187	-13.44327518
ultr	-11.09051509	-12.75012800
ultu	-10.43992753	-12.34466289
ulu	-10.93636441	-10.95836853
uly	-11.96598383	-10.61006183
ulya	-13.57542174	-10.95836853
um$	-8.45145776	-5.60060370
uma	-9.64359611	-7.53791333
umaa	-13.57542174	-8.09141704
umal	-13.57542174	-10.87832582
uman	-10.04906122	-9.83235726
umar	-13.57542174	-10.26522135
umat	-11.49598020	-9.91691465
umay	-13.57542174	-9.97753927
umb	-8.58498916	-8.60699327
umba	-11.49598020	-9.49203146
umbe	-9.62417802	-12.75012800
umbi	-11.27283665	-10.87832582
umbl	-9.93783558	-13.44327518
umbo	-12.47680945	-9.61463378
umbr	-10.93636441	-13.44327518
umbu	-11.96598383	-11.04537990
ume	-9.04282225	-9.80568902
umen	-10.31732521	-10.14743831
umer	-9.88654229	-12.75012800
umi	-9.29875562	-10.18517864
umid	-10.74220840	-13.44327518
umil	-11.78366227	-11.49736503
umin	-9.99190280	-11.49736503
umm	-9.12107445	-10.61006183
umma	-10.68504999	-11.24605060
umme	-10.27958488	-12.05698081
ummi	-10.35654592	-13.44327518
umn	-10.39736791	-13.44327518
umo	-10.31732521	-10.22439935
umor	-11.17752647	-11.83383726
ump	-8.77140070	-9.41792349
ump$	-11.01047239	-12.75012800
umpe	-10.43992753	-13.44327518
umph	-10.80283302	-13.44327518
umpi	-10.31732521	-11.49736503
umpo	-12.88227456	-9.85975624
umps	-10.80283302	-13.44327518
umpt	-10.80283302	-13.44327518
ums	-9.10951362	-13.44327518
ums$	-9.35591404	-13.44327518
umt	-13.57542174	-10.80421785
umu	-10.63098276	-9.41792349
umul	-10.68504999	-10.55290342
umut	-13.57542174	-10.73522497
un$	-10.43992753	-10.18517864
una	-9.16870250	-8.63109082
una$	-12.18912738	-10.95836853
unaa	-13.57542174	-10.39875274
unac	-11.27283665	-11.65151571
unam	-12.18912738	-10.67068645
unan	-11.96598383	-10.95836853
unar	-11.96598383	-10.49883620
unat	-11.27283665	-10.61006183
unay	-13.57542174	-10.95836853
unb	-9.43228702	-10.44754290
unba	-10.93636441	-12.34466289
unbe	-10.80283302	-13.44327518
unbo	-11.17752647	-11.49736503
unbu	-11.37819717	-11.36383363
unc	-7.77028677	-11.24605060
unca	-11.09051509	-13.44327518
unce	-10.02007368	-13.44327518
unch	-9.04282225	-12.34466289
unci	-10.04906122	-12.34466289
uncl	-10.07891418	-13.44327518
unco	-9.41653866	-13.44327518
unct	-9.64359611	-11.83383726
und	-7.43985685	-7.09064578
und$	-9.72527414	-8.61496144
unda	-9.93783558	-8.29578070
unde	-8.09478282	-9.97753927
undi	-9.91186010	-10.49883620
undl	-10.86737154	-13.44327518
undr	-10.63098276	-13.44327518
unds	-10.10968584	-13.44327518
undu	-11.17752647	-8.00085747
une	-9.15658114	-10.44754290
uner	-11.01047239	-12.75012800
unes	-11.62951159	-11.65151571
unex	-11.09051509	-13.44327518
unf	-9.31274187	-13.44327518
unfa	-10.74220840	-13.44327518
unfo	-10.93636441	-13.44327518
ung	-8.98030189	-9.72970311
ung$	-10.80283302	-11.83383726
unga	-11.62951159	-10.67068645
unge	-10.31732521	-13.44327518
ungi	-11.27283665	-10.55290342
ungr	-11.09051509	-13.44327518
unh	-9.86184968	-13.44327518
unha	-10.74220840	-13.44327518
uni	-8.43962331	-8.71588736
unic	-10.39736791	-12.05698081
unif	-10.93636441	-13.44327518
unin	-10.27958488	-11.04537990
unio	-10.80283302	-11.14069008
unis	-10.35654592	-10.35223272
unit	-10.17422436	-9.91691465
univ	-10.80283302	-11.24605060
unj	-11.78366227	-10.44754290
unju	-11.78366227	-11.36383363
unk	-9.18097259	-10.87832582
unk$	-10.93636441	-11.83383726
unke	-10.39736791	-13.44327518
unki	-10.53089931	-13.44327518
unl	-9.58643770	-12.75012800
unla	-11.01047239	-13.44327518
unle	-11.09051509	-13.44327518
unli	-10.74220840	-13.44327518
unlo	-11.09051509	-12.75012800
unm	-10.20812591	-12.34466289
unma	-10.93636441	-13.44327518
unn	-9.46454788	-5.81816803
unna	-12.18912738	-6.37937121
unne	-10.02007368	-10.22439935
unni	-10.80283302	-9.38283217
unno	-13.57542174	-10.61006183
unnu	-12.88227456	-6.80470739
uno	-10.63098276	-11.65151571
unp	-9.74678035	-10.67068645
unpa	-11.49598020	-11.36383363
unpr	-10.63098276	-13.44327518
unq	-11.37819717	-12.05698081
unr	-9.41653866	-12.75012800
unre	-9.81422163	-13.44327518
uns	-8.56478645	-11.65151571
uns$	-11.01047239	-12.75012800
unsa	-10.63098276	-13.44327518
unsc	-10.74220840	-13.44327518
unse	-10.17422436	-13.44327518
unsh	-11.01047239	-13.44327518
unst	-10.80283302	-13.44327518
unsu	-10.86737154	-13.44327518
unt	-7.89866794	-9.25362043
unt$	-10.20812591	-10.04207779
unta	-10.17422436	-11.36383363
unte	-8.81324781	-12.75012800
unth	-12.18912738	-10.87832582
unti	-9.83775212	-10.95836853
untr	-10.43992753	-13.44327518
unts	-10.35654592	-13.44327518
unu	-11.49598020	-10.87832582
unw	-9.91186010	-13.44327518
unwi	-10.93636441	-13.44327518
uor	-10.48437929	-13.44327518
uot	-10.93636441	-13.44327518
uou	-9.48107718	-13.44327518
uous	-9.48107718	-13.44327518
up$	-9.83775212	-11.49736503
upa	-11.01047239	-7.80136810
upaa	-13.57542174	-10.49883620
upab	-13.57542174	-10.95836853
upad	-13.57542174	-10.49883620
upak	-13.57542174	-10.67068645
upam	-13.57542174	-10.67068645
upan	-12.18912738	-10.80421785
upar	-13.57542174	-10.18517864
upat	-11.62951159	-9.40022391
upay	-13.57542174	-8.97736706
upe	-8.66276686	-10.44754290
uper	-8.83048961	-11.04537990
uph	-10.43992753	-10.95836853
upho	-10.86737154	-13.44327518
upi	-10.07891418	-10.30778096
upid	-11.37819717	-11.49736503
upik	-13.57542174	-10.67068645
upin	-11.01047239	-13.44327518
upl	-9.68360145	-13.44327518
uple	-10.43992753	-13.44327518
upli	-10.48437929	-13.44327518
upo	-11.27283665	-9.59312757
upok	-13.57542174	-10.95836853
upol	-12.18912738	-10.73522497
upp	-9.23161632	-8.93241567
uppa	-12.47680945	-9.75439572
uppe	-10.48437929	-12.75012800
uppi	-11.62951159	-10.49883620
uppl	-10.63098276	-13.44327518
uppo	-10.80283302	-12.75012800
uppr	-11.17752647	-12.75012800
uppu	-12.18912738	-10.30778096
upr	-10.43992753	-10.44754290
upra	-12.18912738	-10.67068645
upre	-11.17752647	-11.83383726
ups	-9.56808856	-12.75012800
ups$	-9.88654229	-13.44327518
upt	-9.48107718	-11.49736503
upte	-11.09051509	-13.44327518
upti	-10.63098276	-13.44327518
upu	-11.27283665	-11.49736503
ur$	-9.40103447	-9.18059530
ura	-8.45145776	-7.47969583
ura$	-11.49598020	-11.83383726
uraa	-13.57542174	-10.11107067
urab	-10.57968947	-12.34466289
urac	-11.78366227	-10.39875274
urag	-11.17752647	-12.75012800
urak	-13.57542174	-10.35223272
ural	-9.56808856	-10.87832582
uram	-13.57542174	-9.18059530
uran	-11.09051509	-9.75439572
urap	-13.57542174	-9.85975624
uras	-11.96598383	-10.39875274
urat	-9.56808856	-8.98892788
urav	-13.57542174	-10.39875274
uray	-13.57542174	-10.14743831
urb	-9.41653866	-11.14069008
urba	-10.31732521	-11.24605060
urc	-9.91186010	-12.75012800
urch	-10.35654592	-13.44327518
urd	-9.96450383	-10.95836853
urde	-10.86737154	-13.44327518
ure	-7.74942164	-9.94676761
ure$	-8.98030189	-11.04537990
urea	-10.86737154	-12.75012800
ured	-9.29875562	-13.44327518
uree	-11.78366227	-11.49736503
urer	-10.07891418	-13.44327518
ures	-9.12107445	-12.05698081
uret	-11.09051509	-12.05698081
urf	-10.27958488	-13.44327518
urg	-8.89329052	-11.83383726
urga	-10.93636441	-12.05698081
urge	-9.70422073	-13.44327518
urgi	-10.63098276	-13.44327518
urgl	-10.80283302	-13.44327518
uri	-8.00707724	-8.60699327
uri$	-13.57542174	-10.67068645
uria	-10.80283302	-12.75012800
uric	-11.96598383	-10.07597935
urie	-10.68504999	-13.44327518
uril	-13.57542174	-10.39875274
urin	-9.16870250	-12.75012800
urio	-10.86737154	-13.44327518
uris	-9.19339511	-10.95836853
urit	-10.53089931	-10.44754290
uriz	-10.48437929	-12.75012800
urk	-11.27283665	-11.04537990
url	-9.49788430	-12.75012800
urle	-10.74220840	-13.44327518
urli	-10.43992753	-12.75012800
urm	-10.53089931	-11.83383726
urn	-9.01107355	-10.67068645
urn$	-11.17752647	-12.05698081
urna	-10.80283302	-11.49736503
urne	-10.24321723	-12.34466289
urni	-10.63098276	-13.44327518
uro	-9.81422163	-9.43594199
uroo	-13.57542174	-10.87832582
urop	-12.18912738	-10.04207779
urp	-9.91186010	-12.75012800
urr	-8.93103084	-10.87832582
urra	-11.09051509	-11.24605060
urre	-9.79123211	-12.75012800
urri	-10.31732521	-13.44327518
urro	-10.86737154	-13.44327518
urs	-8.70022442	-11.36383363
urs$	-9.43228702	-12.75012800
urse	-10.24321723	-11.83383726
ursi	-11.09051509	-13.44327518
urst	-11.09051509	-13.44327518
urt	-9.29875562	-10.39875274
urte	-10.86737154	-13.44327518
urth	-11.62951159	-11.24605060
urts	-11.27283665	-12.34466289
uru	-11.37819717	-8.67259055
uruk	-13.57542174	-10.35223272
urun	-13.57542174	-10.87832582
urus	-11.78366227	-10.44754290
urut	-13.57542174	-10.55290342
uruv	-13.57542174	-10.67068645
urv	-10.14143454	-10.44754290
urve	-10.63098276	-12.75012800
urvv	-13.57542174	-10.80421785
ury	-10.93636441	-10.00928797
ury$	-11.27283665	-11.04537990
urya	-13.57542174	-10.61006183
us$	-7.46395440	-9.04882602
usa	-10.10968584	-9.61463378
usal	-11.01047239	-12.75012800
usam	-13.57542174	-10.87832582
usar	-13.57542174	-10.18517864
usc	-9.83775212	-11.49736503
usca	-11.01047239	-13.44327518
uscu	-11.01047239	-13.44327518
use	-7.92644751	-11.36383363
use$	-9.31274187	-12.05698081
used	-9.91186010	-13.44327518
user	-10.86737154	-13.44327518
uses	-8.99045426	-12.34466289
ush	-8.97025156	-8.09616765
ush$	-10.68504999	-12.05698081
usha	-13.57542174	-9.38283217
ushe	-9.91186010	-10.87832582
ushi	-10.48437929	-10.26522135
ushn	-12.47680945	-10.44754290
ushs	-12.88227456	-10.95836853
usht	-13.57542174	-9.85975624
ushy	-12.18912738	-9.97753927
usi	-8.58498916	-10.49883620
usin	-9.56808856	-11.36383363
usio	-10.04906122	-12.34466289
usiv	-10.20812591	-13.44327518
usk	-10.02007368	-12.75012800
uske	-10.93636441	-13.44327518
usl	-8.34431313	-10.87832582
usly	-8.35506592	-13.44327518
usn	-8.88407386	-13.44327518
usne	-8.88407386	-13.44327518
usp	-10.74220840	-12.34466289
uss	-9.41653866	-10.18517864
usse	-10.39736791	-12.75012800
ussi	-10.53089931	-10.95836853
ust	-8.01474011	-9.06124854
ust$	-10.57968947	-12.05698081
usta	-10.63098276	-10.73522497
uste	-9.53237048	-12.75012800
usth	-13.57542174	-9.94676761
usti	-9.43228702	-11.36383363
usto	-10.63098276	-11.65151571
ustr	-10.14143454	-10.61006183
usts	-10.80283302	-13.44327518
usu	-11.17752647	-11.65151571
ut$	-9.28496230	-10.95836853
uta	-9.44828736	-10.04207779
utab	-11.01047239	-13.44327518
utal	-11.37819717	-12.05698081
utan	-11.17752647	-11.36383363
utar	-12.47680945	-11.14069008
utat	-10.27958488	-13.44327518
utc	-10.35654592	-12.34466289
utch	-11.01047239	-12.34466289
utd	-11.09051509	-13.44327518
ute	-8.40493775	-8.39341917
ute$	-9.91186010	-8.49451529
uted	-10.02007368	-13.44327518
uten	-10.93636441	-13.44327518
uter	-9.88654229	-11.83383726
utes	-9.96450383	-13.44327518
utf	-10.53089931	-13.44327518
uth	-8.93103084	-6.75616657
uth$	-10.80283302	-10.44754290
utha	-11.96598383	-7.80492051
uthe	-10.53089931	-11.14069008
uthi	-11.96598383	-8.05878011
utho	-10.10968584	-11.24605060
uthp	-12.88227456	-10.87832582
uthr	-13.57542174	-10.11107067
utht	-13.57542174	-10.35223272
uthu	-13.57542174	-8.30161162
uthw	-11.37819717	-11.49736503
uthy	-12.88227456	-10.30778096
uti	-8.32839767	-10.39875274
utic	-10.86737154	-13.44327518
util	-10.74220840	-11.83383726
utin	-9.51497873	-13.44327518
utio	-9.37072912	-12.75012800
utis	-11.01047239	-12.75012800
utl	-10.31732521	-13.44327518
utm	-10.86737154	-13.44327518
uto	-9.19339511	-11.04537990
utom	-10.68504999	-11.65151571
utor	-10.48437929	-13.44327518
utp	-10.63098276	-11.65151571
utr	-9.51497873	-11.04537990
utra	-10.43992753	-11.49736503
utre	-11.01047239	-13.44327518
utri	-10.63098276	-11.83383726
uts	-8.83922329	-13.44327518
uts$	-9.27135665	-13.44327518
utt	-8.70022442	-7.64115680
utta	-12.47680945	-9.02443457
utte	-9.40103447	-11.49736503
utth	-12.47680945	-8.79888428
utti	-10.57968947	-8.88939828
uttl	-11.01047239	-13.44327518
utto	-10.74220840	-11.65151571
uttu	-12.88227456	-10.11107067
utty	-11.62951159	-11.14069008
utu	-10.53089931	-11.83383726
utur	-11.09051509	-13.44327518
utw	-10.86737154	-12.75012800
uty	-12.18912738	-11.24605060
uu$	-13.57542174	-9.49203146
uuc	-13.57542174	-10.95836853
uud	-13.57542174	-9.75439572
uuda	-13.57542174	-10.87832582
uude	-13.57542174	-10.67068645
uuh	-13.57542174	-10.67068645
uuk	-13.57542174	-9.85975624
uuks	-13.57542174	-10.61006183
uul	-13.57542174	-10.14743831
uum	-11.62951159	-10.73522497
uun	-13.57542174	-9.51144954
uup	-13.57542174	-9.33240131
uupa	-13.57542174	-9.94676761
uupi	-13.57542174	-10.67068645
uur	-13.57542174	-8.93241567
uur$	-13.57542174	-10.07597935
uuri	-13.57542174	-10.55290342
uurv	-13.57542174	-10.80421785
uus	-12.88227456	-10.55290342
uut	-13.57542174	-9.91691465
uutt	-13.57542174	-10.30778096
uva	-12.88227456	-7.78379296
uvaa	-13.57542174	-9.00062392
uvad	-13.57542174	-10.18517864
uvan	-13.57542174	-9.41792349
uvar	-13.57542174	-9.45429113
uvay	-13.57542174	-10.80421785
uve	-10.63098276	-9.94676761
uven	-11.62951159	-10.26522135
uvi	-11.17752647	-8.79888428
uvil	-13.57542174	-10.30778096
uvin	-12.18912738	-9.72970311
uvit	-13.57542174	-10.55290342
uvr	-11.09051509	-12.75012800
uvu	-12.47680945	-10.73522497
uwa	-12.47680945	-11.04537990
ux$	-11.17752647	-11.49736503
uya	-13.57542174	-9.65908554
uyar	-13.57542174	-9.80568902
uyo	-12.88227456	-10.80421785
uzh	-13.57542174	-9.41792349
uzha	-13.57542174	-10.07597935
uzhi	-13.57542174	-10.73522497
uzz	-10.10968584	-13.44327518
uzzl	-10.74220840	-13.44327518
va$	-11.27283665	-9.16660906
vaa	-13.57542174	-7.12611049
vaad	-13.57542174	-9.20916867
vaah	-13.57542174	-10.22439935
vaak	-13.57542174	-9.59312757
vaal	-13.57542174	-10.00928797
vaam	-13.57542174	-10.55290342
vaan	-13.57542174	-8.80854619
vaar	-13.57542174	-9.38283217
vaas	-13.57542174	-9.30014045
vaat	-13.57542174	-10.18517864
vaay	-13.57542174	-8.95463881
vaaz	-13.57542174	-10.73522497
vab	-10.20812591	-10.95836853
vabl	-10.20812591	-13.44327518
vac	-9.79123211	-9.25362043
vaca	-10.93636441	-13.44327518
vacc	-11.78366227	-11.36383363
vach	-13.57542174	-9.36573773
vacu	-10.93636441	-13.44327518
vad	-11.17752647	-8.81830236
vada	-13.57542174	-9.68207506
vadh	-13.57542174	-10.04207779
vadi	-12.47680945	-10.22439935
vag	-10.04906122	-11.36383363
vaga	-11.27283665	-11.36383363
vage	-10.93636441	-13.44327518
vah	-12.88227456	-9.36573773
vaha	-13.57542174	-10.73522497
vahi	-13.57542174	-9.63661269
vai	-10.57968947	-8.76114395
vaid	-13.57542174	-9.75439572
vaik	-13.57542174	-10.61006183
vail	-11.01047239	-11.83383726
vain	-11.49598020	-11.83383726
vak	-13.57542174	-8.47346188
vaka	-13.57542174	-8.85830770
vakk	-13.57542174	-10.00928797
val	-8.61257711	-8.16007145
val$	-11.17752647	-10.73522497
vala	-11.96598383	-9.01245838
vale	-10.14143454	-11.65151571
vali	-10.17422436	-9.85975624
vall	-11.96598383	-10.07597935
vals	-11.17752647	-12.75012800
valu	-9.99190280	-10.73522497
vam	-11.62951159	-8.45284259
vam$	-13.57542174	-9.31614079
vama	-13.57542174	-9.72970311
vams	-13.57542174	-10.14743831
van	-9.29875562	-7.68753296
van$	-12.18912738	-9.65908554
vana	-13.57542174	-8.91067568
vand	-11.78366227	-10.87832582
vane	-12.47680945	-10.95836853
vang	-11.17752647	-10.18517864
vani	-11.09051509	-10.95836853
vann	-12.47680945	-9.53125217
vant	-10.43992753	-10.26522135
vanu	-13.57542174	-10.44754290
vap	-10.48437929	-10.18517864
vapo	-10.86737154	-13.44327518
vapp	-13.57542174	-10.49883620
var	-9.68360145	-6.95711439
var$	-12.47680945	-9.85975624
vara	-13.57542174	-8.83810499
vard	-12.88227456	-10.18517864
vare	-13.57542174	-9.47298326
varg	-13.57542174	-9.91691465
vari	-10.04906122	-9.65908554
vark	-12.88227456	-9.83235726
varm	-12.47680945	-10.49883620
varn	-12.47680945	-10.18517864
varo	-13.57542174	-10.67068645
vars	-12.18912738	-9.72970311
vart	-13.57542174	-8.61496144
varu	-13.57542174	-8.79888428
vas	-9.74678035	-7.68753296
vas$	-11.17752647	-12.34466289
vasa	-13.57542174	-9.01245838
vasd	-13.57542174	-10.95836853
vash	-13.57542174	-8.93241567
vasi	-11.27283665	-10.18517864
vast	-11.17752647	-9.18059530
vasy	-13.57542174	-10.44754290
vat	-8.72339148	-8.25588937
vata	-12.18912738	-11.14069008
vate	-9.96450383	-11.24605060
vath	-13.57542174	-8.60699327
vati	-9.46454788	-10.80421785
vato	-10.43992753	-13.44327518
vatt	-12.47680945	-10.35223272
vav	-13.57542174	-10.73522497
vay	-13.57542174	-8.21216656
vaya	-13.57542174	-9.13921008
vaye	-13.57542174	-10.30778096
vayi	-13.57542174	-9.97753927
vayk	-13.57542174	-10.87832582
vayo	-13.57542174	-10.80421785
vayu	-13.57542174	-10.22439935
vaz	-13.57542174	-9.57207416
vazh	-13.57542174	-9.57207416
ve$	-7.65921968	-9.97753927
vea	-11.17752647	-11.83383726
veb	-11.78366227	-10.95836853
vec	-11.09051509	-9.97753927
vech	-12.88227456	-10.14743831
ved	-9.23161632	-9.20916867
ved$	-9.28496230	-12.34466289
veda	-13.57542174	-10.73522497
vedi	-13.57542174	-10.04207779
vee	-11.62951159	-8.20152816
veed	-13.57542174	-10.00928797
veek	-13.57542174	-9.80568902
veel	-13.57542174	-10.95836853
veen	-13.57542174	-10.61006183
veep	-12.88227456	-10.80421785
veer	-12.47680945	-10.95836853
vees	-12.88227456	-10.73522497
veet	-13.57542174	-9.85975624
veg	-10.86737154	-10.73522497
vega	-12.88227456	-10.80421785
vei	-10.80283302	-11.83383726
vek	-13.57542174	-10.61006183
vel	-7.94780063	-9.12578706
vel$	-10.68504999	-11.36383363
vele	-10.14143454	-12.75012800
veli	-10.07891418	-10.30778096
vell	-10.27958488	-10.22439935
velo	-10.27958488	-13.44327518
vels	-10.86737154	-13.44327518
vely	-8.79629825	-13.44327518
vem	-11.17752647	-11.65151571
ven	-7.87832826	-9.04882602
ven$	-10.53089931	-12.05698081
vena	-11.17752647	-10.61006183
vend	-11.37819717	-10.14743831
vene	-9.08678537	-12.05698081
veng	-11.17752647	-12.34466289
veni	-10.53089931	-12.34466289
venk	-13.57542174	-10.80421785
vent	-8.95044893	-12.05698081
ver	-6.79436412	-9.68207506
ver$	-9.05363317	-11.36383363
vera	-9.58643770	-13.44327518
verb	-9.53237048	-13.44327518
verc	-10.17422436	-13.44327518
verd	-10.24321723	-12.75012800
vere	-9.44828736	-12.05698081
verf	-10.74220840	-13.44327518
verg	-10.39736791	-13.44327518
verh	-11.01047239	-13.44327518
veri	-9.55007005	-11.49736503
verl	-10.24321723	-12.75012800
verm	-11.09051509	-13.44327518
vern	-10.27958488	-12.75012800
verp	-10.17422436	-12.75012800
verr	-10.68504999	-13.44327518
vers	-8.17725904	-11.24605060
vert	-9.13277049	-11.83383726
verw	-10.80283302	-13.44327518
very	-10.80283302	-12.75012800
ves	-8.06603341	-9.06124854
ves$	-8.35506592	-12.05698081
vesh	-12.88227456	-9.18059530
vest	-9.68360145	-12.75012800
vet	-9.91186010	-9.83235726
vete	-11.09051509	-11.83383726
veti	-12.47680945	-11.04537990
vey	-10.53089931	-10.39875274
veya	-11.96598383	-11.14069008
vi$	-12.88227456	-9.85975624
via	-9.55007005	-12.75012800
vial	-10.63098276	-13.44327518
viat	-10.31732521	-13.44327518
vib	-10.86737154	-9.15281573
vibh	-13.57542174	-9.15281573
vibr	-11.01047239	-13.44327518
vic	-9.32692650	-9.28439209
vice	-10.48437929	-11.65151571
vich	-12.18912738	-9.85975624
vict	-10.17422436	-11.04537990
vid	-9.44828736	-7.73284816
vida	-12.88227456	-9.28439209
vide	-9.93783558	-9.41792349
vidh	-13.57542174	-8.97736706
vidu	-10.74220840	-11.14069008
vidy	-13.57542174	-9.09946975
vie	-9.46454788	-11.36383363
vies	-10.68504999	-12.75012800
view	-10.35654592	-12.75012800
vif	-11.62951159	-11.14069008
vig	-10.07891418	-11.04537990
vigi	-10.93636441	-12.34466289
vii	-13.57542174	-9.59312757
viid	-13.57542174	-10.87832582
vij	-13.57542174	-9.88792711
vija	-13.57542174	-10.04207779
vik	-12.88227456	-8.50880124
vika	-13.57542174	-9.36573773
vikk	-13.57542174	-9.57207416
vil	-9.28496230	-8.27848920
vil$	-11.78366227	-10.04207779
vila	-13.57542174	-9.43594199
vile	-10.74220840	-11.65151571
vili	-10.74220840	-9.75439572
vill	-10.35654592	-10.18517864
vim	-12.18912738	-10.00928797
vima	-13.57542174	-10.30778096
vin	-8.51282671	-8.34952498
vin$	-12.18912738	-10.67068645
vinc	-10.86737154	-12.75012800
vind	-11.17752647	-10.80421785
vine	-10.86737154	-10.22439935
ving	-8.93103084	-11.49736503
vini	-11.62951159	-11.04537990
vint	-11.96598383	-9.51144954
vinu	-13.57542174	-10.44754290
vio	-9.64359611	-11.65151571
viol	-10.35654592	-11.65151571
viou	-10.74220840	-13.44327518
vip	-12.47680945	-10.44754290
vir	-10.10968584	-9.61463378
vira	-12.18912738	-10.44754290
viru	-11.37819717	-10.67068645
vis	-8.54498382	-7.98795406
visa	-11.01047239	-12.34466289
visc	-11.09051509	-13.44327518
vise	-10.14143454	-11.65151571
vish	-10.68504999	-8.27279118
visi	-9.83775212	-11.04537990
vist	-10.93636441	-10.95836853
visu	-11.01047239	-12.05698081
vit	-9.03212696	-8.27848920
vita	-9.96450383	-10.22439935
vite	-12.18912738	-11.24605060
vith	-13.57542174	-8.91067568
viti	-10.68504999	-12.34466289
vitt	-12.88227456	-9.65908554
vity	-10.24321723	-12.05698081
viv	-10.14143454	-9.63661269
viva	-11.09051509	-9.85975624
vivi	-10.80283302	-12.34466289
viy	-13.57542174	-9.57207416
viya	-13.57542174	-10.61006183
viyu	-13.57542174	-10.73522497
vo$	-11.78366227	-10.87832582
voc	-9.49788430	-12.34466289
voca	-9.62417802	-12.34466289
voi	-10.68504999	-12.75012800
vok	-11.01047239	-12.75012800
vol	-9.08678537	-11.49736503
volt	-11.09051509	-13.44327518
volu	-9.93783558	-13.44327518
volv	-11.01047239	-13.44327518
voo	-12.47680945	-10.61006183
vor	-9.56808856	-11.49736503
vore	-11.01047239	-12.75012800
vot	-10.57968947	-10.30778096
vote	-11.17752647	-11.24605060
vott	-12.47680945	-10.80421785
vou	-9.66339874	-12.75012800
vouc	-11.09051509	-13.44327518
vour	-10.31732521	-13.44327518
voy	-10.86737154	-11.49736503
vra	-12.88227456	-10.55290342
vri	-12.47680945	-9.97753927
vrit	-13.57542174	-10.55290342
vru	-13.57542174	-9.77971353
vrut	-13.57542174	-10.49883620
vu$	-13.57542174	-8.77983608
vuk	-13.57542174	-9.80568902
vuka	-13.57542174	-9.80568902
vul	-9.96450383	-11.14069008
vulg	-10.80283302	-13.44327518
vum	-12.88227456	-7.47969583
vum$	-12.88227456	-7.69070254
vuma	-13.57542174	-9.22376747
vun	-12.88227456	-9.31614079
vunn	-13.57542174	-9.49203146
vva	-13.57542174	-9.30014045
vvah	-13.57542174	-10.87832582
vvam	-13.57542174	-10.67068645
vy$	-10.93636441	-11.24605060
vya	-13.57542174	-8.20683321
vyaa	-13.57542174	-9.51144954
vyak	-13.57542174	-9.77971353
vyat	-13.57542174	-9.63661269
vyav	-13.57542174	-9.83235726
wa$	-12.47680945	-11.04537990
waa	-13.57542174	-9.11254184
waad	-13.57542174	-10.80421785
waas	-13.57542174	-10.55290342
wab	-11.37819717	-10.95836853
wac	-11.09051509	-12.05698081
wack	-11.09051509	-13.44327518
wad	-10.35654592	-11.65151571
wadd	-11.01047239	-13.44327518
wag	-10.17422436	-13.44327518
wai	-10.02007368	-10.39875274
wait	-11.27283665	-12.05698081
wak	-10.86737154	-11.14069008
wake	-11.09051509	-13.44327518
wal	-9.12107445	-10.14743831
walk	-10.14143454	-12.75012800
wall	-9.88654229	-11.14069008
wam	-11.09051509	-10.49883620
wam$	-12.88227456	-10.73522497
wan	-9.68360145	-10.00928797
wank	-11.09051509	-13.44327518
want	-11.62951159	-10.87832582
war	-8.39363819	-9.15281573
wara	-13.57542174	-10.39875274
ward	-9.27135665	-11.49736503
ware	-10.39736791	-11.36383363
wari	-11.49598020	-11.14069008
warm	-10.53089931	-12.75012800
warn	-11.78366227	-11.36383363
warr	-11.17752647	-12.34466289
wart	-11.09051509	-13.44327518
was	-9.40103447	-9.63661269
wash	-9.91186010	-11.04537990
wasi	-13.57542174	-10.35223272
wast	-10.74220840	-12.75012800
wat	-8.92146139	-9.80568902
watc	-10.27958488	-12.75012800
wate	-9.60512983	-11.49736503
wath	-11.78366227	-10.44754290
watt	-10.57968947	-12.34466289
wav	-10.27958488	-12.34466289
wave	-10.39736791	-13.44327518
wax	-11.27283665	-12.34466289
way	-8.95044893	-9.85975624
way$	-9.64359611	-10.80421785
waya	-13.57542174	-10.61006183
ways	-9.88654229	-12.75012800
wbo	-10.43992753	-13.44327518
wde	-11.27283665	-12.05698081
wdi	-11.17752647	-12.75012800
wdl	-10.86737154	-13.44327518
wdle	-10.93636441	-13.44327518
wea	-9.01107355	-11.83383726
weak	-10.63098276	-13.44327518
wear	-10.39736791	-12.75012800
weat	-10.20812591	-13.44327518
web	-10.53089931	-11.04537990
wed	-9.13277049	-11.83383726
wed$	-9.29875562	-13.44327518
wee	-9.09808493	-9.18059530
weed	-10.68504999	-11.24605060
week	-10.74220840	-10.26522135
ween	-11.49598020	-11.49736503
weep	-10.93636441	-11.04537990
weet	-10.35654592	-12.05698081
wei	-9.76875925	-12.34466289
weig	-10.02007368	-13.44327518
wel	-9.05363317	-10.61006183
wel$	-11.49598020	-11.65151571
weli	-11.49598020	-11.83383726
well	-9.81422163	-13.44327518
wer	-8.81324781	-11.49736503
wer$	-9.96450383	-12.05698081
were	-11.01047239	-12.05698081
weri	-11.09051509	-13.44327518
wers	-10.04906122	-13.44327518
wes	-9.99190280	-10.55290342
wesh	-13.57542174	-10.67068645
west	-10.14143454	-12.34466289
wet	-11.27283665	-11.49736503
wha	-10.10968584	-11.65151571
whe	-9.34131524	-12.34466289
whee	-10.07891418	-13.44327518
wher	-11.01047239	-12.75012800
whi	-8.83922329	-12.75012800
whip	-11.01047239	-13.44327518
whir	-11.01047239	-13.44327518
whis	-10.80283302	-13.44327518
whit	-9.96450383	-12.75012800
who	-9.86184968	-13.44327518
whol	-10.80283302	-13.44327518
whoo	-11.09051509	-13.44327518
wic	-11.01047239	-11.49736503
wick	-11.09051509	-12.05698081
wid	-10.39736791	-11.36383363
wide	-11.01047239	-12.75012800
wie	-10.93636441	-12.34466289
wif	-11.17752647	-12.75012800
wig	-10.57968947	-12.75012800
wii	-13.57542174	-10.87832582
wil	-9.66339874	-10.73522497
wild	-10.57968947	-12.75012800
will	-10.63098276	-11.36383363
wim	-10.93636441	-13.44327518
win	-8.14169974	-10.04207779
wind	-9.60512983	-11.65151571
wine	-10.63098276	-12.05698081
wing	-9.01107355	-12.75012800
wink	-10.80283302	-13.44327518
winn	-10.93636441	-11.65151571
wins	-11.37819717	-11.24605060
wint	-10.86737154	-12.75012800
wir	-10.39736791	-11.24605060
wis	-9.56808856	-11.14069008
wise	-10.31732521	-12.34466289
wish	-10.80283302	-12.34466289
wit	-9.25793363	-10.80421785
witc	-10.57968947	-13.44327518
with	-10.43992753	-12.34466289
witt	-10.63098276	-11.83383726
wl$	-10.80283302	-13.44327518
wle	-9.99190280	-12.75012800
wled	-10.68504999	-13.44327518
wli	-10.86737154	-11.14069008
wls	-10.57968947	-13.44327518
wls$	-10.68504999	-13.44327518
wn$	-9.66339874	-12.34466289
wne	-10.24321723	-12.34466289
wni	-10.31732521	-12.34466289
wnin	-10.86737154	-13.44327518
wns	-9.66339874	-13.44327518
wns$	-10.04906122	-13.44327518
wol	-11.09051509	-13.44327518
wom	-9.06456224	-12.75012800
woma	-9.74678035	-13.44327518
wome	-9.81422163	-12.75012800
woo	-9.14460494	-12.05698081
wood	-9.48107718	-12.34466289
wor	-8.20014334	-10.73522497
word	-10.17422436	-12.75012800
work	-8.95044893	-11.49736503
worl	-11.17752647	-12.75012800
worm	-10.53089931	-13.44327518
wors	-11.01047239	-13.44327518
wort	-10.17422436	-13.44327518
wra	-10.57968947	-12.34466289
wre	-10.24321723	-12.75012800
wri	-9.38576700	-13.44327518
wrig	-11.09051509	-13.44327518
wrin	-11.09051509	-13.44327518
writ	-9.93783558	-13.44327518
wro	-10.53089931	-13.44327518
ws$	-8.77140070	-12.34466289
wsh	-11.09051509	-10.55290342
wshi	-12.47680945	-10.73522497
wsi	-11.37819717	-11.83383726
wto	-11.37819717	-12.05698081
xac	-10.93636441	-13.44327518
xact	-11.01047239	-13.44327518
xag	-11.09051509	-13.44327518
xam	-11.01047239	-13.44327518
xat	-10.93636441	-13.44327518
xati	-11.09051509	-13.44327518
xce	-10.48437929	-12.75012800
xci	-10.68504999	-13.44327518
xcit	-10.93636441	-13.44327518
xcl	-10.80283302	-13.44327518
xclu	-11.09051509	-13.44327518
xcu	-10.86737154	-13.44327518
xec	-10.53089931	-12.75012800
xecu	-11.01047239	-12.75012800
xed	-10.14143454	-13.44327518
xed$	-10.20812591	-13.44327518
xem	-11.09051509	-13.44327518
xen	-11.09051509	-13.44327518
xer	-10.43992753	-13.44327518
xes	-9.32692650	-13.44327518
xes$	-9.34131524	-13.44327518
xic	-10.43992753	-12.05698081
xico	-11.37819717	-12.05698081
xid	-10.48437929	-12.75012800
xie	-11.09051509	-13.44327518
xim	-10.68504999	-13.44327518
xin	-9.86184968	-13.44327518
xing	-10.04906122	-13.44327518
xio	-10.86737154	-13.44327518
xis	-10.74220840	-11.04537990
xist	-10.93636441	-11.83383726
xit	-11.37819717	-12.05698081
xpa	-10.53089931	-13.44327518
xpe	-9.60512983	-12.75012800
xped	-10.80283302	-13.44327518
xper	-10.74220840	-12.75012800
xpl	-9.91186010	-13.44327518
xplo	-10.53089931	-13.44327518
xpo	-10.02007368	-13.44327518
xpos	-10.57968947	-13.44327518
xpr	-10.63098276	-13.44327518
xpre	-11.01047239	-13.44327518
xte	-9.88654229	-13.44327518
xten	-10.93636441	-13.44327518
xter	-10.63098276	-13.44327518
xti	-10.80283302	-12.75012800
xtr	-9.66339874	-12.34466289
xtra	-10.39736791	-12.34466289
xtu	-11.01047239	-13.44327518
xur	-11.17752647	-12.75012800
ya$	-12.18912738	-6.41418761
yaa	-13.57542174	-6.52359133
yaa$	-13.57542174	-9.97753927
yaab	-13.57542174	-10.87832582
yaad	-13.57542174	-10.11107067
yaak	-13.57542174	-9.45429113
yaal	-13.57542174	-9.31614079
yaam	-13.57542174	-10.11107067
yaan	-13.57542174	-7.70993390
yaap	-13.57542174	-9.30014045
yaar	-13.57542174	-8.86856420
yaas	-13.57542174	-9.43594199
yaat	-13.57542174	-9.34893061
yaav	-13.57542174	-10.30778096
yaay	-13.57542174	-8.12026520
yab	-11.49598020	-10.26522135
yabh	-13.57542174	-10.44754290
yac	-11.01047239	-10.49883620
yach	-11.49598020	-10.73522497
yad	-12.47680945	-9.75439572
yadh	-13.57542174	-10.67068645
yag	-11.96598383	-10.95836853
yah	-12.47680945	-10.35223272
yahu	-13.57542174	-10.87832582
yaj	-13.57542174	-10.67068645
yak	-11.62951159	-8.18058499
yaka	-13.57542174	-9.06124854
yakk	-12.47680945	-9.94676761
yaks	-12.88227456	-10.26522135
yakt	-13.57542174	-9.85975624
yal	-10.86737154	-8.88939828
yal$	-12.88227456	-9.80568902
yala	-13.57542174	-9.83235726
yali	-11.96598383	-10.87832582
yam	-11.49598020	-6.96476553
yam$	-12.88227456	-7.78031470
yama	-13.57542174	-7.87493067
yami	-13.57542174	-10.04207779
yamu	-13.57542174	-9.85975624
yan	-10.93636441	-7.06315264
yan$	-13.57542174	-8.76114395
yana	-13.57542174	-8.80854619
yang	-12.88227456	-8.31337646
yani	-13.57542174	-10.26522135
yanm	-13.57542174	-10.95836853
yann	-13.57542174	-10.44754290
yant	-12.88227456	-9.25362043
yanu	-13.57542174	-9.33240131
yap	-12.47680945	-8.11539901
yapa	-13.57542174	-10.39875274
yapi	-13.57542174	-10.73522497
yapp	-13.57542174	-8.56807785
yapr	-13.57542174	-10.26522135
yar	-9.79123211	-7.95021373
yar$	-13.57542174	-9.31614079
yara	-13.57542174	-9.51144954
yard	-9.86184968	-12.34466289
yari	-13.57542174	-9.85975624
yart	-13.57542174	-10.22439935
yaru	-13.57542174	-10.14743831
yas	-12.88227456	-8.64748463
yas$	-12.88227456	-10.80421785
yasa	-13.57542174	-9.83235726
yash	-13.57542174	-10.87832582
yass	-13.57542174	-10.49883620
yast	-13.57542174	-10.26522135
yat	-12.47680945	-7.15170604
yath	-13.57542174	-7.29267241
yatt	-13.57542174	-9.57207416
yav	-13.57542174	-8.29578070
yava	-13.57542174	-9.09946975
yave	-13.57542174	-10.87832582
yavu	-13.57542174	-9.12578706
yay	-13.57542174	-8.22833942
yaya	-13.57542174	-9.85975624
yayi	-13.57542174	-8.85830770
yayu	-13.57542174	-9.97753927
yba	-10.93636441	-11.83383726
ybe	-10.86737154	-13.44327518
ybo	-10.31732521	-13.44327518
ybr	-11.37819717	-12.05698081
yca	-11.09051509	-13.44327518
ych	-9.53237048	-12.34466289
ycho	-9.86184968	-13.44327518
ycl	-9.79123211	-12.75012800
ycle	-10.74220840	-13.44327518
yclo	-10.80283302	-12.75012800
yco	-10.74220840	-13.44327518
yd$	-12.88227456	-10.67068645
yda	-11.49598020	-11.83383726
ydr	-9.58643770	-11.14069008
ydra	-10.74220840	-12.75012800
ydro	-10.07891418	-11.36383363
ye$	-11.09051509	-8.59124491
yea	-10.68504999	-11.14069008
year	-11.17752647	-12.75012800
yed	-9.53237048	-9.85975624
yed$	-9.55007005	-12.75012800
yedu	-13.57542174	-10.14743831
yee	-12.47680945	-10.11107067
yek	-13.57542174	-9.97753927
yeka	-13.57542174	-10.61006183
yel	-10.80283302	-9.61463378
yell	-11.62951159	-10.14743831
yen	-11.62951159	-8.76114395
yeng	-13.57542174	-10.87832582
yenk	-13.57542174	-10.80421785
yenn	-12.88227456	-9.36573773
yer	-9.64359611	-10.55290342
yer$	-10.14143454	-11.83383726
yers	-10.68504999	-13.44327518
yes	-10.43992753	-10.00928797
yesh	-12.47680945	-10.35223272
yest	-11.09051509	-13.44327518
yet	-11.62951159	-8.97736706
yeth	-12.88227456	-9.47298326
yett	-12.88227456	-10.44754290
yho	-10.68504999	-13.44327518
yi$	-13.57542174	-6.68634279
yic	-13.57542174	-9.23858256
yich	-13.57542174	-9.40022391
yid	-12.88227456	-10.30778096
yida	-13.57542174	-10.87832582
yik	-13.57542174	-9.12578706
yika	-13.57542174	-10.67068645
yikk	-13.57542174	-9.34893061
yil	-13.57542174	-6.74995151
yil$	-13.57542174	-7.42468196
yila	-13.57542174	-9.38283217
yile	-13.57542174	-8.14997035
yill	-13.57542174	-10.30778096
yilo	-13.57542174	-10.44754290
yilu	-13.57542174	-9.07382732
yin	-8.19552439	-10.55290342
ying	-8.20478372	-13.44327518
yip	-11.96598383	-11.36383363
yir	-13.57542174	-7.47712844
yira	-13.57542174	-10.18517864
yiri	-13.57542174	-9.31614079
yiru	-13.57542174	-7.72954237
yis	-10.80283302	-10.80421785
yist	-11.78366227	-11.49736503
yit	-13.57542174	-8.91067568
yith	-13.57542174	-10.67068645
yitt	-13.57542174	-9.20916867
yka	-13.57542174	-10.26522135
ykal	-13.57542174	-10.95836853
ykk	-13.57542174	-8.44606290
ykk$	-13.57542174	-10.07597935
ykka	-13.57542174	-10.00928797
ykku	-13.57542174	-8.96593836
yla	-11.09051509	-11.24605060
yle	-10.43992753	-11.65151571
yli	-10.27958488	-11.36383363
yll	-10.31732521	-12.75012800
ylla	-10.68504999	-12.75012800
ylo	-11.01047239	-11.24605060
yma	-10.24321723	-10.55290342
yman	-11.09051509	-12.34466289
ymb	-10.86737154	-13.44327518
yme	-9.81422163	-11.83383726
ymen	-10.20812591	-12.34466289
ymer	-11.17752647	-12.75012800
ymi	-11.17752647	-12.34466289
ymn	-10.86737154	-13.44327518
ymo	-10.63098276	-13.44327518
ymp	-10.02007368	-11.36383363
ympa	-10.53089931	-13.44327518
yna	-10.63098276	-11.14069008
ynam	-11.27283665	-11.65151571
ync	-10.53089931	-12.75012800
ynch	-11.09051509	-12.75012800
yne	-10.93636441	-13.44327518
yno	-10.80283302	-13.44327518
ynt	-10.53089931	-12.75012800
ynth	-10.68504999	-13.44327518
yo$	-12.18912738	-9.53125217
yod	-11.49598020	-9.88792711
yode	-11.49598020	-10.55290342
yog	-11.62951159	-8.53062029
yoga	-12.88227456	-9.51144954
yogi	-12.47680945	-9.06124854
yoj	-13.57542174	-10.07597935
yoja	-13.57542174	-10.87832582
yoji	-13.57542174	-10.80421785
yok	-11.78366227	-10.22439935
yokk	-13.57542174	-10.87832582
yol	-11.37819717	-10.87832582
yon	-11.01047239	-11.24605060
yoo	-13.57542174	-8.40632257
yoo$	-13.57542174	-10.14743831
yood	-13.57542174	-10.95836853
yoon	-13.57542174	-9.97753927
yoor	-13.57542174	-10.39875274
yoot	-13.57542174	-10.22439935
yor	-11.17752647	-10.11107067
york	-13.57542174	-10.61006183
yot	-11.96598383	-10.44754290
you	-10.63098276	-10.87832582
ype	-9.48107718	-12.75012800
yper	-10.24321723	-12.75012800
ypes	-11.09051509	-13.44327518
yph	-10.63098276	-12.34466289
ypi	-11.09051509	-13.44327518
ypn	-11.01047239	-13.44327518
ypno	-11.01047239	-13.44327518
ypo	-10.24321723	-12.05698081
ypot	-10.86737154	-13.44327518
ypt	-10.63098276	-11.24605060
ypti	-11.37819717	-11.83383726
yra	-10.43992753	-12.05698081
yran	-10.74220840	-13.44327518
yri	-10.53089931	-10.61006183
yrin	-11.78366227	-11.36383363
yro	-10.48437929	-11.24605060
ys$	-8.42213015	-10.95836853
yse	-10.35654592	-12.34466289
ysh	-12.47680945	-11.04537990
ysi	-9.72527414	-10.67068645
ysic	-10.63098276	-12.34466289
ysio	-11.01047239	-11.65151571
yst	-9.23161632	-10.87832582
ysta	-10.68504999	-11.49736503
yste	-10.31732521	-11.83383726
ysti	-10.68504999	-13.44327518
yte	-10.24321723	-11.65151571
yte$	-11.09051509	-13.44327518
ytes	-11.01047239	-13.44327518
yth	-10.04906122	-9.45429113
ytha	-13.57542174	-10.49883620
ythi	-11.49598020	-10.44754290
ytho	-11.09051509	-13.44327518
yti	-10.43992753	-12.34466289
yto	-11.17752647	-12.05698081
yud	-13.57542174	-7.49785457
yudd	-13.57542174	-10.61006183
yude	-13.57542174	-7.65944999
yudh	-13.57542174	-9.91691465
yuk	-12.47680945	-9.61463378
yuka	-13.57542174	-10.04207779
yukt	-13.57542174	-10.95836853
yul	-12.88227456	-9.06124854
yull	-13.57542174	-9.11254184
yum	-11.96598383	-6.88224451
yum$	-12.88227456	-6.92856249
yuma	-13.57542174	-10.14743831
yun	-11.96598383	-8.43263988
yund	-13.57542174	-9.88792711
yunn	-13.57542174	-8.85830770
yur	-12.18912738	-10.61006183
yut	-13.57542174	-8.87892698
yute	-13.57542174	-9.08656635
yuth	-13.57542174	-10.95836853
yuu	-13.57542174	-9.83235726
yuv	-13.57542174	-9.77971353
yuva	-13.57542174	-9.97753927
ywa	-10.74220840	-12.75012800
ywo	-10.63098276	-12.75012800
ywom	-11.09051509	-13.44327518
yy$	-13.57542174	-10.55290342
yya	-13.57542174	-8.61496144
yyaa	-13.57542174	-9.85975624
yyan	-13.57542174	-10.73522497
yyap	-13.57542174	-10.55290342
yyar	-13.57542174	-10.07597935
yyi	-13.57542174	-10.61006183
yyu	-13.57542174	-9.65908554
yyun	-13.57542174	-10.22439935
yze	-10.80283302	-13.44327518
za$	-11.62951159	-11.49736503
zaa	-12.88227456	-11.04537990
zab	-11.37819717	-11.36383363
zar	-10.80283302	-11.14069008
zard	-11.09051509	-12.75012800
zat	-8.66276686	-12.75012800
zati	-8.67014696	-12.75012800
ze$	-8.16377569	-12.34466289
zed	-8.12010063	-13.44327518
zed$	-8.12868437	-13.44327518
zee	-12.88227456	-10.61006183
zen	-10.24321723	-12.75012800
zer	-9.07561207	-12.75012800
zer$	-9.93783558	-13.44327518
zers	-9.79123211	-13.44327518
zes	-8.07825352	-13.44327518
zes$	-8.10736160	-13.44327518
zha	-13.57542174	-8.53800040
zha$	-13.57542174	-10.73522497
zhaa	-13.57542174	-10.95836853
zhak	-13.57542174	-9.94676761
zham	-13.57542174	-10.95836853
zhan	-13.57542174	-10.95836853
zhay	-13.57542174	-10.55290342
zhc	-13.57542174	-9.61463378
zhch	-13.57542174	-9.63661269
zhe	-13.57542174	-10.30778096
zhi	-13.57542174	-8.14495781
zhi$	-13.57542174	-10.73522497
zhic	-13.57542174	-10.30778096
zhik	-13.57542174	-10.14743831
zhil	-13.57542174	-9.80568902
zhin	-13.57542174	-10.30778096
zhiv	-13.57542174	-10.49883620
zhiy	-13.57542174	-9.61463378
zhn	-13.57542174	-10.61006183
zhs	-13.57542174	-10.30778096
zht	-13.57542174	-10.73522497
zhth	-13.57542174	-10.95836853
zhu	-13.57542174	-8.36187081
zhuk	-13.57542174	-10.35223272
zhum	-13.57542174	-10.87832582
zhun	-13.57542174	-10.49883620
zhut	-13.57542174	-8.95463881
zie	-9.76875925	-12.34466289
zier	-10.57968947	-13.44327518
zies	-10.43992753	-13.44327518
zil	-10.93636441	-11.24605060
zin	-8.06199300	-11.65151571
zine	-10.86737154	-12.75012800
zing	-8.14607611	-13.44327518
zle	-9.91186010	-13.44327518
zles	-10.93636441	-13.44327518
zli	-11.09051509	-13.44327518
zon	-10.86737154	-10.95836853
zoo	-11.09051509	-10.44754290
zool	-12.18912738	-11.24605060
zul	-13.57542174	-10.95836853
zy$	-10.80283302	-13.44327518
zze	-10.68504999	-13.44327518
zzi	-10.43992753	-13.44327518
zzl	-9.64359611	-13.44327518
zzle	-9.96450383	-13.44327518
zzli	-11.09051509	-13.44327518
