да	10989334
не	6835228
се	5464399
на	4491835
си	3756930
за	3545103
ще	3508437
че	3104583
това	3077788
ли	3009397
ти	2581730
от	2456440
ми	2233438
какво	2071743
го	1947085
съм	1519082
но	1468518
аз	1373222
те	1260390
трябва	1177694
добре	1131687
ме	1100438
са	1083091
няма	1036422
може	974437
ако	970973
тук	930344
така	860598
ви	851395
като	828863
много	809288
той	794254
по	776813
има	758744
беше	735796
нещо	728495
му	718132
как	679275
защо	671561
ни	670285
знам	605277
само	601486
всичко	597885
мен	590134
сега	588107
теб	533359
тя	515808
което	503674
искам	501235
мога	498712
още	493270
когато	485751
до	470450
ги	469229
този	462754
просто	462574
сте	450290
или	440854
къде	429542
би	428623
тази	425048
всички	422863
благодаря	412158
нали	411291
сме	406178
нищо	398312
толкова	387698
знаеш	377568
един	376529
защото	371493
след	365208
там	357759
време	356924
който	352643
искаш	349672
мисля	348011
кой	336924
малко	334622
имам	330944
преди	325276
хайде	316097
вече	313334
тези	313259
моля	306089
някой	305003
каза	300487
него	296933
наистина	296270
ние	290382
вие	284691
които	274352
повече	259609
съжалявам	259559
тогава	257885
точно	251651
става	248237
все	245324
можеш	245079
една	242576
имаш	237374
към	235293
без	234409
колко	233275
кажа	232949
никога	232468
при	232016
човек	229102
работа	227392
им	222363
ден	221357
едно	220230
бях	217693
бъде	217259
през	215789
ето	214953
значи	211728
със	210895
дори	208187
хора	205513
път	203195
както	202829
нас	201919
години	198046
бил	197999
баща	195634
правиш	194983
която	190838
разбира	190368
също	187876
мислиш	186659
вас	186399
ами	185672
нея	184802
направи	183375
винаги	180189
докато	178540
имаме	177403
виж	175242
всеки	175014
иска	173487
майка	167556
казах	166726
нека	164860
хората	161661
хей	161438
жена	161175
видя	161117
дали	158318
във	157295
никой	157082
пак	155025
тях	154748
направя	154191
неща	153990
кажи	151108
място	149994
заради	148873
прави	148281
сър	147873
можем	147088
дяволите	145935
изглежда	143622
днес	143104
кажеш	141764
живота	140717
трябваше	140468
отново	137415
татко	136761
няколко	136196
наред	135134
боже	132614
друг	132197
здравей	131199
затова	129003
бих	127121
доста	124011
обичам	122171
пари	122111
знае	122063
начин	121098
моя	120963
мислех	119665
нужда	118000
сам	117952
две	117773
дойде	116102
заедно	115126
добър	112682
ела	110542
нямам	108908
приятел	108591
после	107941
видим	105590
правя	105552
вечер	104768
достатъчно	104751
всъщност	104024
исках	103505
проблем	102477
живот	102029
нещата	101642
под	101618
каквото	100916
говори	100912
разбирам	100822
сигурно	100626
чакай	100202
веднага	100034
ей	99487
три	99475
какъв	98702
казва	97844
стана	97403
утре	96891
дай	96582
добро	96140
знаете	96131
говоря	95153
била	94931
предвид	92213
казвам	91648
колата	91332
имате	91138
себе	91031
момиче	90789
мамо	90576
стане	90073
харесва	89853
случи	89670
нощ	89599
било	89340
работата	89330
каква	89258
говориш	88662
бе	88585
сигурен	88137
искате	87600
скъпа	87585
пред	87570
били	87329
между	86862
друго	85429
моята	85222
част	85069
стига	84989
направим	84867
имаше	84808
освен	84364
мой	83763
двамата	83615
кога	83359
бяха	83261
върна	83197
някои	82690
мъж	82671
момчета	82574
бързо	82513
където	82319
извинете	82229
името	82089
виждам	81785
бъда	80875
парите	80855
видях	80532
хубаво	80480
скоро	80405
помогна	80222
остави	79906
дни	79801
поне	79694
такъв	79091
здрасти	78802
направиш	78238
часа	77404
два	76861
брат	76468
добра	76056
ясно	75816
знаех	74482
радвам	73787
нямаше	73144
деца	73083
взема	72855
то	72729
около	72642
момче	72444
щом	72329
приятели	72179
времето	72015
минути	71805
правим	71779
колкото	70935
първо	70823
други	70469
спри	70332
страна	70305
работи	70254
помощ	70080
могат	70016
нито	69997
върви	69730
господи	69430
твоя	69174
предполагам	69148
момент	68847
направил	68826
чудесно	68370
година	67972
здравейте	67801
знаем	67444
срещу	67110
можете	67074
главата	66757
случай	66383
имат	66239
кажете	65981
вътре	65800
къщата	65671
твърде	64938
трудно	64197
дома	64039
пъти	63908
дете	63655
значение	63533
означава	63523
почти	63318
идея	63218
име	63041
света	62974
човече	62742
дъщеря	62668
децата	62429
такива	61879
въпрос	61704
върху	61549
мамка	61334
голяма	61167
казваш	61091
страхотно	61046
момента	60715
давай	60398
вероятно	60077
говорим	60031
прав	59973
вкъщи	59843
веднъж	59791
какви	59707
истината	59614
сериозно	59547
всяка	59370
кого	59237
идва	59027
откъде	58990
щеше	58972
вървим	58823
май	58640
надявам	58568
такова	58201
виждаш	58185
отида	58047
семейството	57775
обади	57470
сестра	57274
мама	57218
понякога	56781
мисли	56744
вземи	56733
над	56621
направих	56427
искаше	56210
чувствам	56083
каже	55949
възможно	55707
де	55421
полицията	55326
свят	55151
среща	54898
моят	54500
земята	54337
напълно	54222
намери	54120
лошо	54017
вярно	53751
даде	53732
извинявай	53714
седмица	53467
мъртъв	53373
видиш	53332
чух	53293
слушай	53140
искал	53117
бог	52963
голям	52652
казал	52461
дам	52292
твоята	52086
час	52056
града	51873
сигурна	51872
тръгваме	51756
коя	51485
всичките	51477
готов	51337
странно	51305
някога	51282
пък	51176
вратата	51099
цялата	50959
сякаш	50935
свърши	50889
училище	50850
искат	50474
моето	50424
поговорим	50358
такава	50292
семейство	50249
смъртта	50150
сама	50115
ръцете	50001
разбираш	49849
имах	49815
вярвам	49738
бяхме	49673
син	49470
очите	49465
телефона	49441
другите	49252
нямаш	49117
скъпи	49104
моите	48891
вижте	48856
сърцето	48823
мястото	48816
бъдеш	48758
зад	48423
щях	48178
разбрах	47891
джон	47881
месеца	47836
проблеми	47684
според	47510
пет	47284
мислите	47273
прекалено	47185
кола	47105
двама	47009
погледни	46944
намеря	46844
правят	46661
дълго	46610
някъде	46577
някакъв	46425
цялото	46361
лесно	46164
виждал	45984
звучи	45867
оттук	45820
край	45774
любов	45751
онзи	45684
дума	45581
чао	45494
кое	45421
обратно	45348
познавам	45338
струва	45100
шанс	44958
някого	44487
отколкото	44390
друга	44341
нашата	44273
история	44056
пътя	43888
отиде	43704
вода	43538
същото	43443
спокойно	43441
получи	43357
джак	43272
случило	43246
ало	43086
връзка	43012
помогне	42986
долара	42683
тялото	42639
правите	42445
стаята	42379
право	42039
късно	42001
долу	41937
нашите	41898
превод	41844
причина	41778
бъдат	41757
стая	41701
къща	41390
остана	41256
затвора	41194
отидем	40974
намерим	40846
супер	40822
номер	40782
важно	40678
края	40620
изглеждаш	40534
ужасно	40486
започна	40472
приятно	40459
помниш	40444
искаме	40409
цял	40323
отивам	40208
съвсем	40198
някаква	40052
живее	39978
тръгвам	39854
нямаме	39844
бъди	39816
въпреки	39635
убие	39623
идвам	39544
глупости	39463
стой	39414
казват	39401
изобщо	39346
лицето	39237
повярвам	39133
види	38969
нов	38964
разбра	38896
трябвало	38844
целия	38842
дойда	38675
готови	38625
седмици	38400
работя	38341
първи	38271
против	38139
що	38100
снощи	38063
жив	38040
дойдеш	38033
кръв	37873
далеч	37809
недей	37711
пука	37542
добри	37517
права	37462
зле	37450
момичета	37438
опитвам	37384
двете	37347
обадя	37181
жени	37149
явно	37005
истински	36842
мъже	36841
сигурност	36833
лека	36704
обича	36700
информация	36656
върне	36634
сутрин	36584
правилно	36575
дръж	36545
късмет	36524
сутринта	36480
малка	36234
страх	36207
обичаш	36137
мина	36102
навън	36058
знаят	35994
сина	35777
можеше	35767
четири	35754
случва	35725
станало	35724
човека	35666
общо	35623
иначе	35587
утро	35561
нова	35365
родителите	35298
когото	35090
грешка	35057
пусни	35034
горе	34995
насам	34937
ръката	34885
почакай	34683
агент	34579
храна	34544
нужно	34497
чичо	34472
секс	34448
малък	34341
харесвам	34293
избор	34262
имал	34239
убия	34069
определено	34044
никого	34031
очевидно	33898
оставя	33875
намерих	33798
разбера	33721
град	33708
ню	33682
близо	33633
господа	33600
вчера	33572
можех	33118
едва	32976
направо	32915
детето	32905
забрави	32863
вечеря	32706
цяла	32635
ок	32623
убил	32621
дошъл	32530
вместо	32450
онази	32404
гледам	32233
отвори	32226
хареса	32223
историята	32161
игра	32045
познаваш	32030
първата	32013
любовта	32004
дом	31979
браво	31883
план	31740
тръгна	31716
гледай	31689
особено	31683
твоите	31551
момичето	31480
готова	31461
дойдох	31443
смисъл	31385
истина	31372
някакви	31278
забавно	31241
взе	30973
майкъл	30935
представа	30904
отиваш	30857
спрете	30680
кафе	30658
госпожо	30648
излезе	30542
твоето	30446
върнем	30383
война	30332
дошли	30113
чарли	30107
съпруга	30078
вид	30069
ръка	29980
честно	29963
промени	29915
шест	29893
умре	29884
джо	29676
дядо	29577
последните	29563
животът	29547
онова	29512
врата	29506
ръце	29469
досега	29404
нашия	29404
господин	29384
въпроса	29376
върнеш	29334
казаха	29317
господине	29235
живея	29207
внимавай	29147
навсякъде	29145
мразя	29106
смърт	29090
хиляди	29034
бога	28977
помислих	28955
голямо	28910
трябват	28866
месец	28789
довиждане	28758
невероятно	28756
красива	28644
върни	28620
лично	28566
казвай	28540
та	28539
наоколо	28515
вашата	28510
ваше	28498
даже	28477
покажа	28446
назад	28395
приятелка	28386
кара	28370
нощта	28303
спаси	28301
извън	28284
довечера	28250
въпроси	28240
бива	28203
възможност	28194
онези	28176
чувстваш	28099
убийство	28039
луд	28010
пич	28007
зная	27967
напред	27935
другата	27898
бъдем	27896
вземем	27831
знаеше	27677
интересува	27582
помня	27531
очи	27526
тате	27513
обещавам	27498
ред	27497
успокой	27474
думи	27409
тъй	27407
помогнеш	27373
отидеш	27353
случая	27289
бизнес	27252
вземеш	27250
тъкмо	27240
момчето	27209
грижа	27202
опита	27200
чу	27198
повечето	27196
внимание	27126
капитане	27095
тревожи	27091
тип	27061
отдавна	27051
прекрасно	26997
често	26976
никакви	26968
имало	26948
вземе	26934
деня	26889
чакам	26876
започва	26854
твой	26784
ама	26702
разбере	26663
майк	26634
оръжие	26592
йорк	26578
твоят	26553
остане	26515
откакто	26509
том	26489
разберем	26481
леглото	26434
човекът	26407
кои	26402
следващия	26196
пише	26193
държи	26188
приятелите	26168
всяко	26156
чака	26127
щастлив	26110
някоя	26062
сила	26020
питам	25996
отиваме	25971
болницата	25962
новини	25882
боли	25857
чуй	25826
постоянно	25799
работиш	25621
сара	25610
прилича	25597
използва	25579
шефе	25568
води	25543
обикновено	25478
пази	25471
уби	25456
нови	25439
франк	25424
ох	25423
вашите	25420
сами	25404
ново	25349
офиса	25290
останалите	25258
бебето	25167
елате	25157
коледа	25150
чест	25147
синът	25128
реших	25118
дами	25096
играта	25071
задник	25059
престани	25058
идват	25043
сложи	25000
жената	24968
разбереш	24961
мили	24958
миналата	24933
намериш	24933
кажем	24919
жените	24910
връщам	24890
бъдете	24887
големи	24819
водата	24808
хубава	24794
търся	24716
идиот	24677
направила	24626
удоволствие	24620
вярваш	24519
мерси	24513
взех	24489
различни	24472
единственият	24407
искала	24407
решение	24406
ваша	24329
филм	24274
доктор	24103
капитан	24100
задника	24085
гледаш	24061
дейвид	24054
полицай	24034
къщи	24029
търси	24023
слушам	23966
мое	23779
докторе	23763
рано	23666
говорите	23589
нашият	23574
млъкни	23496
липсва	23435
носи	23363
накара	23360
вземете	23357
оправи	23332
другото	23315
съобщение	23295
джордж	23291
спре	23290
чувства	23265
детектив	23247
малки	23221
живееш	23143
страната	23133
седни	23126
помогни	23104
държа	23046
парти	23001
милиона	22996
тръгвай	22956
своя	22896
помисли	22866
оправя	22851
казала	22843
адвокат	22795
видял	22790
махни	22747
краката	22713
хенри	22667
кораб	22599
отива	22596
убиец	22585
куче	22480
остава	22474
първия	22469
могъл	22455
десет	22453
видите	22426
убийството	22360
готово	22351
копеле	22342
помогнете	22324
снимки	22315
появи	22313
чуваш	22297
войната	22254
проблемът	22230
майната	22211
обаче	22169
държиш	22135
бихте	22093
махай	22072
бяхте	22063
подобно	22063
отговори	22052
дава	22000
например	21994
мила	21965
ходя	21958
бен	21937
удари	21925
глупак	21923
кръвта	21905
чрез	21903
баба	21895
секунда	21847
последната	21846
места	21804
интересно	21788
група	21737
оставете	21671
дани	21616
лош	21583
стар	21583
завинаги	21558
първият	21540
идваш	21526
нашето	21513
джей	21510
устата	21507
снимка	21444
опитва	21406
компания	21395
чакайте	21382
бебе	21377
дано	21355
началото	21340
абсолютно	21313
лице	21304
смешно	21257
мислят	21243
справя	21218
останеш	21210
питър	21186
америка	21186
дайте	21148
мъртва	21071
виновен	21056
вижда	21036
джеймс	21033
минута	21024
души	21017
лъжа	20989
секунди	20965
следващата	20960
контрол	20959
тайна	20923
изпрати	20913
внимателно	20908
виждате	20888
макс	20869
вината	20856
опитах	20811
оръжието	20798
номера	20727
накрая	20705
притеснявай	20700
неговата	20684
единственото	20673
опит	20654
подарък	20653
чуя	20630
проблема	20614
влезе	20580
хлапе	20567
заповед	20562
система	20525
почивка	20515
следи	20490
чак	20473
невъзможно	20468
тоя	20465
щастлива	20442
опитай	20439
последния	20401
чувам	20339
умра	20339
фбр	20313
нямах	20294
нося	20282
сред	20262
бъдещето	20221
убиеш	20214
мери	20162
помощта	20141
тихо	20137
крака	20137
състояние	20106
момчетата	20093
виждала	20036
харесваш	19959
успех	19953
научи	19933
лекар	19927
идеята	19900
опитам	19895
субтитри	19868
безопасност	19838
the	19794
музика	19790
услуга	19755
мило	19746
смятам	19720
книга	19704
сърце	19673
сделка	19670
реши	19629
започнем	19609
кораба	19607
представя	19566
братко	19565
открих	19562
господ	19537
чувал	19536
никакъв	19534
пол	19518
нима	19509
из	19491
сватбата	19447
дадеш	19412
миналото	19406
пълна	19400
продължавай	19382
спра	19349
спомням	19294
кълна	19291
екип	19271
последно	19252
изненада	19249
известно	19229
убият	19219
ходи	19183
събуди	19179
силно	19169
направите	19148
пълен	19140
поздравления	19137
страхотна	19135
отвън	19037
умря	18962
синко	18935
гърба	18909
алекс	18880
причината	18855
удар	18826
относно	18821
говорят	18805
отзад	18783
карта	18725
лейтенант	18688
грижи	18644
правила	18627
избяга	18623
мъртви	18606
взел	18590
нормално	18589
първа	18588
съгласен	18587
твое	18564
улицата	18552
мира	18529
седем	18523
позволя	18501
полиция	18455
пръв	18448
мъжете	18377
целият	18368
покажи	18355
току	18351
хвана	18342
получих	18321
книгата	18296
спреш	18275
гледа	18217
приключи	18211
ник	18180
шегуваш	18165
същата	18146
започваме	18113
никъде	18087
джими	18059
нямате	18039
казваше	18021
зависи	18009
пуснете	17989
момичетата	17985
единствената	17972
казахте	17963
нямат	17941
телефон	17932
разбирате	17900
бира	17887
песен	17887
глупаво	17859
срещнем	17857
вървя	17828
джейн	17805
спи	17787
хари	17759
имахме	17701
правил	17683
попитам	17660
окей	17650
обяд	17616
разкарай	17596
чисто	17568
търсим	17558
половин	17551
различно	17538
влизай	17523
сметка	17508
ходиш	17496
жалко	17493
президент	17486
тони	17472
спрем	17454
приятелю	17438
дрехи	17405
мърдай	17398
помага	17381
успя	17377
биха	17371
тая	17365
истинска	17357
позволи	17356
страхотен	17352
отнеме	17335
огън	17312
хубав	17307
някакво	17276
приема	17271
ставай	17263
търсиш	17252
караш	17250
глава	17237
приятелката	17222
убит	17189
връзката	17187
говорих	17177
целта	17161
доказателства	17153
излиза	17151
направили	17145
лоши	17092
затвори	17089
напусна	17074
шоу	17065
мъжът	17057
съпруг	17031
боб	17020
нуждае	17014
смяташ	17007
направят	16993
играе	16979
намира	16971
умреш	16947
земя	16940
вашия	16889
напротив	16886
думата	16886
прости	16879
срещата	16833
начало	16822
тяло	16815
силата	16804
вашето	16790
слава	16778
въобще	16771
дадох	16747
давам	16740
продължи	16711
рей	16702
величество	16699
другия	16691
първото	16667
забравих	16654
променя	16649
опасност	16636
кучка	16588
жива	16551
казано	16534
надолу	16483
оставиш	16482
заповядай	16458
същия	16452
точка	16424
чай	16389
наложи	16388
разговор	16375
работим	16354
обясня	16351
носиш	16299
съда	16270
върнете	16261
побързай	16257
зает	16241
мистър	16206
можах	16204
ерик	16193
последният	16193
втори	16174
стои	16174
майко	16150
пистолет	16116
магазина	16111
спечели	16105
герой	16100
отговор	16096
погледна	16083
никаква	16067
жертвата	16066
сили	16057
мадам	16036
погрижа	16034
открием	16029
купи	15982
сън	15978
съпругът	15972
сержант	15971
половината	15959
цел	15953
болница	15939
майката	15918
проверя	15911
чакаме	15899
красиво	15895
най	15870
повярвай	15867
вашият	15862
пусна	15855
чувството	15850
компанията	15823
крал	15815
причини	15811
естествено	15808
опитваш	15763
светлина	15742
имали	15735
доведе	15734
линия	15730
нарича	15705
косата	15679
думите	15655
осем	15609
получа	15596
леко	15572
имала	15542
лоша	15513
свали	15487
бащата	15451
вино	15450
казвате	15430
дойдат	15423
изведнъж	15422
провери	15412
получиш	15403
епизод	15391
оръжия	15357
спя	15336
дошла	15335
лондон	15321
отивай	15309
марк	15308
томи	15298
оставим	15269
работят	15258
живеем	15240
използвам	15208
мъжа	15199
доказателство	15198
слънцето	15194
млъквай	15184
джейк	15110
бягай	15103
луда	15083
ричард	15033
опасно	15027
кучи	15010
еди	15009
мис	14975
следващият	14974
новата	14942
мозъка	14939
необходимо	14906
последното	14898
шон	14880
жертва	14872
играеш	14841
спиш	14823
намерихме	14807
продължава	14796
рожден	14793
съвет	14791
познавате	14778
масата	14763
чудя	14759
виждали	14735
срещна	14728
ченге	14719
плати	14672
апартамента	14668
изчезна	14659
станеш	14653
боклук	14624
секси	14618
ъм	14581
седнете	14554
случайно	14547
напоследък	14539
остани	14536
риба	14524
писмо	14519
заповядайте	14513
погледнете	14502
боя	14497
търсят	14493
тия	14452
видят	14448
операция	14442
ах	14434
уау	14433
помоли	14424
отиди	14424
някак	14416
пистолета	14402
душата	14390
можа	14380
звезда	14379
донеса	14361
тоалетната	14359
болка	14352
париж	14351
продължим	14339
правилата	14298
джони	14288
свободен	14273
дал	14255
питаш	14250
боби	14228
начина	14227
страхувам	14218
хм	14213
партито	14208
започне	14183
живеят	14177
стара	14175
дупка	14173
джим	14161
шега	14142
нуждая	14118
задръж	14087
именно	14080
крис	14078
страшно	14077
загуби	14076
техните	14064
небето	14058
храната	14057
достъп	14057
очаква	14031
съдбата	14009
изглеждаше	14005
училището	14001
ада	13998
махаме	13981
забравя	13974
прекрасна	13970
донесе	13966
хотел	13953
армията	13951
сградата	13946
отлично	13941
кучето	13939
кейт	13936
засега	13929
бавно	13921
гей	13915
знаел	13903
светът	13874
шефа	13867
отбор	13852
мои	13852
средата	13848
сезон	13841
болен	13829
нататък	13828
бой	13816
бременна	13811
съжаление	13807
полковник	13799
ехо	13789
дълбоко	13781
съществува	13757
силен	13744
вън	13741
оу	13692
гадже	13692
вечерта	13682
моли	13667
адам	13660
умира	13638
получава	13562
отидох	13558
заслужава	13549
списъка	13525
вървете	13523
показва	13499
играя	13498
леля	13497
мислеше	13467
глупав	13429
своите	13412
извини	13410
прозореца	13408
съпругата	13387
лудост	13378
предпочитам	13368
неговите	13367
данни	13367
етаж	13354
последен	13349
стигнем	13339
сащ	13337
иди	13336
клуб	13326
вярва	13316
уил	13286
карам	13269
успях	13250
глас	13246
чаша	13232
открия	13179
мир	13177
помогнем	13171
направихме	13167
опитаме	13152
закона	13149
разбрано	13148
кухнята	13114
поглед	13101
хвърли	13095
системата	13085
правителството	13066
млад	13063
почина	13050
дрехите	13050
гората	13039
купя	13038
вина	13037
налага	13028
щастие	13022
наричат	13021
вляза	13010
ким	13004
решението	13002
влез	12999
наркотици	12996
студено	12979
самолета	12975
трима	12972
новия	12971
шоуто	12957
енергия	12953
дълга	12927
умрял	12900
аха	12892
приятеля	12880
метра	12868
специално	12864
срещнах	12862
полза	12859
движи	12853
стари	12851
ниво	12847
справи	12824
господарю	12819
убива	12816
използваме	12809
борда	12801
ходим	12800
макар	12794
дон	12791
даниел	12772
центъра	12761
хотела	12748
обичат	12747
клас	12739
питие	12737
шеф	12731
изглеждат	12725
истинско	12675
поради	12673
ейми	12647
дама	12638
надежда	12634
казвал	12633
въздух	12613
яко	12610
стоя	12607
бизнеса	12588
възраст	12583
живи	12582
списък	12572
едни	12571
битка	12554
you	12548
започнах	12547
очаквах	12495
стената	12486
защита	12477
дето	12470
мине	12467
госпожице	12466
използваш	12463
стават	12456
умен	12451
наш	12421
благодарение	12421
коли	12388
половина	12382
филма	12378
документи	12370
малката	12361
понеже	12357
нагоре	12356
поиска	12353
движение	12328
сигурни	12323
изглеждам	12311
вземат	12308
робърт	12284
въпросът	12274
падна	12249
играем	12237
оказа	12232
откри	12215
някое	12210
църквата	12188
открихме	12185
сложа	12163
мислих	12161
доверие	12152
единствения	12137
английски	12129
чантата	12128
мислим	12120
своята	12102
донеси	12101
желание	12101
пътуване	12086
хубави	12082
дух	12078
позиция	12062
сбогом	12032
разлика	12022
бъдеще	12018
специален	12013
уважение	12002
новина	11993
кларк	11987
независимо	11981
бара	11967
кутия	11966
смята	11964
сине	11955
животни	11952
лъжеш	11948
луис	11942
тука	11933
единствено	11930
плана	11929
престъпление	11927
пълно	11907
слушайте	11906
дело	11899
карл	11884
високо	11883
знак	11881
рейчъл	11873
директор	11871
разберат	11869
форма	11854
търпение	11847
неговото	11845
документите	11845
запознаем	11830
гости	11824
останете	11823
части	11818
млада	11811
ядосан	11808
виждаме	11804
справиш	11797
използват	11788
чуеш	11787
изляза	11787
платя	11783
познава	11776
бихме	11766
мисия	11759
обажда	11745
чувство	11734
скот	11721
свобода	11717
мария	11715
цена	11709
улица	11707
върнах	11702
снимката	11688
кевин	11675
следа	11674
прибера	11674
парче	11672
чудесна	11671
здраво	11658
свидетел	11647
пия	11643
стигна	11639
емили	11632
мат	11622
ok	11619
ситуация	11596
самолет	11588
томас	11578
останали	11569
инцидент	11559
тайни	11557
оценявам	11548
магазин	11533
сан	11529
видяхте	11515
сделката	11510
излезем	11486
оставих	11450
ха	11446
тръгнеш	11446
клиент	11445
коса	11445
карай	11435
мнение	11434
краля	11430
попита	11425
накъде	11410
мартин	11403
гаджето	11396
представи	11393
отидете	11392
харесват	11384
изчакай	11374
кон	11366
око	11362
апартамент	11356
предлагам	11348
неприятности	11347
колежа	11334
болката	11333
могла	11328
светлината	11316
дадем	11312
цели	11299
яде	11295
носа	11294
приятелят	11289
излез	11268
ченгетата	11256
ролята	11242
влиза	11241
стоиш	11232
силите	11230
първите	11218
обзалагам	11213
люк	11205
искали	11205
милион	11205
музиката	11181
клуба	11160
направете	11155
вечерята	11149
ситуацията	11137
леле	11129
разберете	11129
неговия	11124
обичате	11123
закуска	11121
следва	11117
щастливи	11101
наздраве	11099
петък	11089
убиецът	11082
отдел	11073
спря	11068
партньор	11063
красив	11059
надявах	11059
ида	11053
могли	11033
дръжте	11029
душа	11019
замина	11010
оправиш	11003
връща	11002
денят	11001
нарани	10998
известен	10980
ключовете	10975
заведа	10971
родители	10963
армия	10962
останем	10951
важна	10951
изпратя	10949
предаде	10942
измъкна	10939
отче	10937
забравяй	10926
сигнал	10910
приятен	10909
оставил	10905
гладен	10899
голямата	10891
маса	10882
брой	10871
пиша	10870
чакат	10857
чудо	10855
снимките	10850
делото	10844
президента	10839
различен	10837
обувки	10831
повярваш	10828
наша	10826
охраната	10818
генерал	10815
случаи	10812
анди	10812
силна	10795
ума	10785
стигне	10782
спася	10779
негова	10754
загубих	10751
безопасно	10750
чувствата	10739
усещам	10728
карти	10721
англия	10718
крие	10713
цената	10703
никакво	10697
офицер	10691
интернет	10681
миличка	10660
новият	10652
помоля	10642
живо	10620
изцяло	10616
алън	10613
ана	10601
дърво	10600
науча	10591
пода	10589
братя	10579
планета	10576
ям	10576
накарам	10575
член	10572
притеснявам	10566
бял	10560
мнението	10557
костюм	10554
оттам	10548
нейната	10547
намерите	10543
джейсън	10537
рокля	10532
сладко	10530
дават	10522
център	10515
тръгваш	10509
разбрахме	10504
прекрасен	10495
почакайте	10495
помисля	10491
научих	10490
минутка	10487
малкото	10426
предам	10419
женен	10418
негово	10416
стъпка	10414
млади	10396
девет	10391
върнат	10377
спомена	10373
дан	10363
групата	10358
франция	10344
следобед	10332
дойдете	10328
банката	10321
пиян	10318
км	10310
съмнявам	10308
капан	10300
лъже	10299
двойка	10293
остават	10289
ядеш	10288
бар	10286
гледаме	10282
започвам	10269
очаквам	10255
прати	10251
планове	10234
чист	10234
такси	10234
видяхме	10230
отбора	10225
богу	10222
бомба	10204
слушаш	10204
шефът	10194
днк	10189
планетата	10167
шибан	10156
другаде	10152
събота	10140
незабавно	10140
уолтър	10138
наблизо	10127
войници	10120
екипа	10095
шегувам	10093
нож	10084
брак	10081
помни	10079
звънна	10075
хванем	10074
предложи	10072
банята	10066
промяна	10058
перфектно	10054
обясни	10052
мил	10047
катрин	10040
убиеца	10035
гадно	10031
телевизията	10020
тръгне	10019
изход	10010
питай	9999
честен	9997
притеснява	9991
вселената	9988
тест	9985
грейс	9977
говореше	9974
тежко	9972
опиташ	9957
вкус	9956
хана	9956
камерата	9947
покани	9947
щяхме	9945
държат	9935
ваш	9922
краят	9917
машина	9916
книги	9915
същият	9911
хванах	9911
ужасен	9905
убийства	9901
морето	9898
погрижи	9893
пада	9891
поема	9887
покрива	9885
говорихме	9878
купих	9878
забравил	9873
модел	9870
положение	9867
обсъдим	9866
оръжията	9856
останало	9854
изключително	9848
цветя	9847
лили	9844
удобно	9838
извинявам	9831
пита	9826
кожата	9824
хванат	9823
глупава	9822
малкия	9796
имена	9796
натам	9795
същите	9788
излизам	9773
новините	9769
следващите	9759
напомня	9754
милиони	9748
гледат	9746
операцията	9742
жертви	9740
сграда	9737
навреме	9728
работите	9727
дойдохте	9726
връзки	9726
кайл	9725
намерят	9720
чакаш	9720
правеше	9716
обаждане	9715
отговорност	9713
топката	9707
лабораторията	9705
чул	9704
пиеш	9698
дълъг	9697
парк	9696
мисията	9683
камера	9663
измъкнем	9663
сцената	9661
разбрал	9651
отговаря	9647
наясно	9642
началник	9637
свободна	9628
тоест	9624
гърдите	9618
предложение	9616
зала	9616
учител	9611
открадна	9597
реката	9595
идеи	9594
обеща	9588
сметката	9585
интерес	9584
охрана	9571
намерил	9567
огромна	9565
лий	9565
ема	9546
опитвах	9545
идем	9539
сладък	9537
видяла	9536
нуждаем	9535
сериозен	9535
второ	9533
положението	9532
върха	9529
джери	9528
вдигни	9527
стойте	9518
махна	9517
ужасна	9508
разрешение	9501
влезем	9496
истинската	9489
бие	9480
виктор	9461
вниманието	9457
вашингтон	9435
разкажи	9427
страни	9426
научиш	9422
часове	9416
планът	9408
чудовище	9398
излезеш	9390
класа	9389
връщаме	9383
успеем	9379
гледах	9378
ан	9374
власт	9352
поговоря	9342
кабинета	9337
чуйте	9335
получите	9332
важен	9330
атака	9327
убий	9324
отне	9322
старата	9315
въздуха	9306
кажат	9304
стори	9300
влюбен	9300
базата	9291
посока	9282
ани	9276
обадиш	9276
стивън	9275
награда	9275
вечно	9271
официално	9270
приемам	9264
затвор	9260
честит	9253
липсваш	9231
информацията	9227
отнася	9219
език	9215
извинение	9213
камък	9211
месо	9210
браян	9204
махнете	9193
хвани	9184
донесох	9183
бюрото	9182
кралицата	9176
летището	9175
границата	9170
станал	9170
джеф	9168
разни	9164
ранен	9163
идеално	9155
риск	9146
насаме	9143
чуе	9138
огъня	9138
заплаха	9137
изчезвай	9135
чудех	9132
спешно	9130
търсите	9127
справим	9120
принц	9119
роден	9117
тръгнем	9113
аби	9109
странен	9107
мляко	9104
ван	9103
луната	9102
спомняш	9095
готино	9091
разследване	9089
покаже	9082
картата	9080
картър	9072
обадих	9068
щяха	9068
виновна	9066
лодката	9062
съд	9059
животно	9059
рим	9057
чудесен	9048
магия	9045
тяхната	9045
учи	9039
времена	9036
мирише	9035
исус	9013
големия	9010
влезеш	8997
сватба	8997
век	8994
офис	8992
проверим	8981
ресторант	8978
пазя	8970
обичаше	8964
подобни	8964
лейди	8955
тед	8953
невинен	8952
черен	8937
отишъл	8933
съдия	8931
джеси	8930
свърша	8924
програма	8921
странни	8916
европа	8914
ел	8906
гимназията	8900
поле	8897
лари	8896
втората	8894
стария	8889
гласа	8888
контакт	8886
откога	8881
твърди	8877
тебе	8877
плаща	8873
грешно	8871
откажа	8866
пристигна	8841
убих	8828
двата	8822
познаваме	8816
тайната	8804
пиене	8791
върши	8787
надяваме	8786
смееш	8784
месеци	8778
шум	8776
оо	8776
доволен	8772
стотици	8770
мрази	8770
доктора	8765
втора	8758
същество	8750
чувала	8747
призная	8745
загуба	8738
адреса	8738
ключ	8731
свързани	8730
чиста	8730
победи	8727
крак	8726
виждат	8722
дена	8718
код	8714
изгубих	8704
даваш	8701
болна	8697
истории	8694
ед	8693
точки	8688
божичко	8688
далече	8682
неделя	8682
остров	8680
минало	8680
отгоре	8672
писна	8662
намерили	8661
цвят	8660
малките	8657
съгласна	8649
продължа	8642
цру	8636
заета	8635
държим	8635
ал	8633
клиенти	8631
красиви	8619
желая	8617
губи	8616
цяло	8615
превърна	8610
отиват	8597
действа	8596
доброто	8590
сядай	8583
нийл	8577
дотук	8572
доколкото	8567
ход	8567
злато	8558
нужна	8556
минава	8551
проработи	8551
отначало	8545
умирам	8534
започнеш	8519
али	8515
лодка	8508
унищожи	8499
лъжи	8497
легло	8493
давайте	8490
ключа	8489
джени	8488
процес	8480
включително	8474
програмата	8470
попитах	8459
вяра	8458
мексико	8456
фил	8456
срещи	8449
хванете	8441
факта	8437
горещо	8431
върнал	8426
тишина	8415
служба	8407
езика	8405
добрите	8405
стив	8403
командир	8399
задача	8397
колеж	8392
показа	8385
оправим	8380
обещах	8377
рак	8376
опитваме	8372
пациент	8365
съвпадение	8361
разследването	8350
новите	8349
влака	8346
опитват	8346
полет	8344
видео	8343
обърни	8338
срам	8335
бутилка	8328
случилото	8326
обувките	8321
дейв	8320
липсваше	8317
спомени	8314
свързано	8313
качи	8307
променят	8300
кели	8299
разкажа	8295
носят	8282
вика	8272
джин	8270
пълни	8267
радост	8260
извади	8258
грешки	8255
нужен	8251
изчезнал	8250
роуз	8247
близки	8241
мач	8233
помагам	8230
кралица	8225
зъби	8223
стреля	8223
резултат	8221
ханк	8214
катастрофа	8212
обяснение	8208
роди	8207
алкохол	8207
кралят	8207
багажа	8184
тейлър	8175
джош	8169
чък	8164
уикенд	8158
ядосана	8142
покрай	8141
старите	8137
какъвто	8129
задържа	8111
съмнение	8107
наричаш	8101
войник	8098
обичаме	8095
уча	8089
съобщението	8088
гари	8087
лед	8076
дийн	8072
понеделник	8064
север	8061
кучета	8056
дa	8056
отпред	8047
топка	8041
наскоро	8040
резултатите	8037
лос	8031
теория	8030
свободно	8020
мин	8020
договор	8017
компютъра	8015
настроение	8009
пътуването	8007
работил	8005
пие	7999
елизабет	7997
действие	7996
вкусно	7994
открили	7991
трети	7989
чухте	7986
успея	7984
сто	7982
враг	7981
осъзнах	7979
църква	7976
другият	7973
отворете	7972
база	7970
филми	7964
професор	7961
богат	7958
целувка	7956
човешки	7956
повтарям	7951
смятате	7950
плажа	7945
казали	7940
самият	7935
самата	7935
готин	7927
жертвите	7924
стил	7923
намирам	7918
проблемите	7917
излъга	7913
проверих	7902
лорд	7898
взимам	7896
сещаш	7893
патрик	7887
обичах	7880
простете	7876
свободни	7875
скорост	7874
зона	7873
спира	7872
пием	7872
сладки	7865
правили	7861
уилям	7860
помолих	7856
изключение	7854
лекарства	7847
освободи	7843
имената	7835
съжаляваш	7827
индия	7824
плюс	7821
разстояние	7807
умират	7801
съгласи	7796
свой	7793
кутията	7791
вървиш	7786
алис	7786
направихте	7779
проклятие	7779
предполага	7758
говорил	7753
новото	7751
ъгъла	7742
тръгва	7741
падне	7737
лео	7734
специална	7733
очакваш	7727
видели	7726
свидетели	7716
изгуби	7714
проект	7707
спасиш	7707
мозък	7702
внимавайте	7701
арестуван	7698
брака	7694
спасим	7693
филип	7689
успяхме	7688
провали	7681
разбрахте	7677
невероятна	7674
замяна	7663
изчакайте	7659
годината	7654
помните	7652
чикаго	7650
всякакви	7650
приятна	7638
червено	7635
обществото	7629
дявол	7628
закарам	7627
дължа	7623
използвай	7613
кариерата	7611
природата	7607
поздрави	7606
проклет	7596
насилие	7593
победа	7593
крадец	7593
рождения	7592
излизаш	7591
алисън	7586
джаксън	7580
разликата	7579
миг	7578
док	7574
свети	7573
плащам	7573
отворя	7572
направиха	7562
мисълта	7552
напусне	7551
дадете	7550
продължение	7546
адрес	7540
сладка	7540
гордея	7539
помогнат	7534
обадете	7533
продължаваме	7530
селото	7526
наши	7523
раян	7523
своето	7517
загубя	7512
предложа	7509
курва	7507
собствената	7505
отговорен	7500
парка	7497
чарлз	7497
справяш	7496
негов	7494
страхотни	7494
важни	7490
велик	7484
беда	7473
биеш	7472
лъжец	7462
кафето	7460
чета	7459
вдигна	7458
отвратително	7456
заповеди	7455
губиш	7453
чувате	7449
робин	7442
исусе	7440
борба	7433
уверя	7431
слуша	7426
стоят	7419
настрана	7416
платиш	7410
ядене	7410
продава	7407
урок	7403
игри	7400
саймън	7400
съвета	7399
момиченце	7395
сериозна	7392
непрекъснато	7392
оставям	7391
отказа	7388
тримата	7385
познай	7380
заподозрян	7377
тим	7371
тръгнал	7359
заема	7354
крайна	7354
свободата	7350
опасен	7349
чаках	7341
неговият	7336
убием	7336
района	7335
картина	7329
получил	7329
големите	7329
бели	7328
умрем	7325
кучко	7319
лагер	7319
камиона	7318
убили	7312
пропусна	7312
американски	7309
вярвате	7306
копие	7303
каквато	7296
ла	7295
калифорния	7288
махнем	7282
останалото	7280
счупи	7274
влезте	7268
вегас	7268
пръстен	7266
хан	7265
сложно	7263
рос	7262
чуем	7261
благодарим	7256
изправи	7253
сложим	7252
нормален	7249
мечта	7248
убити	7238
банка	7233
дойдоха	7232
запомни	7230
газ	7227
отношение	7227
маги	7227
открие	7223
хартия	7222
обожавам	7222
възможности	7219
вярват	7218
агенти	7213
запази	7212
китай	7212
принадлежи	7211
автобуса	7202
повярва	7195
рая	7192
местата	7189
нарече	7184
способен	7180
представям	7177
приготви	7171
ставаш	7165
полицаи	7165
черна	7158
продължаваш	7157
уста	7152
братовчед	7151
спечеля	7149
зъбите	7145
to	7140
същества	7140
поискаш	7139
паметта	7137
покажеш	7131
джоуи	7130
прикритие	7129
решил	7124
компютър	7123
тръгвайте	7122
хлапето	7117
and	7114
писмото	7109
африка	7109
грег	7105
никак	7103
самия	7102
заведе	7099
германия	7089
избра	7088
ники	7084
съдията	7081
смит	7079
куршум	7074
плащат	7064
практика	7064
мишел	7064
отпечатъци	7063
пример	7058
идваме	7057
банда	7055
свържа	7055
запозная	7055
уоу	7051
откриеш	7051
мм	7045
луди	7039
моменти	7038
обърна	7037
изглеждате	7034
откраднал	7029
умрат	7027
ребека	7026
парчета	7026
убила	7020
започват	7016
преследва	7014
карат	7012
мислил	7011
аманда	7009
станат	7006
приеме	7004
приказки	7004
взела	7003
телефонът	7000
късметлия	6999
яйца	6999
свършва	6998
огромен	6998
забавен	6994
зак	6992
следите	6988
собствен	6980
университета	6978
силни	6977
елена	6971
създаде	6968
нейтън	6962
ядем	6959
незнам	6958
куп	6956
моментът	6956
тревожа	6956
използвал	6954
планината	6953
мак	6953
невероятен	6948
криеш	6946
наема	6943
вършиш	6940
роля	6938
шапка	6936
махайте	6935
звезди	6934
вървят	6933
трева	6932
записа	6930
глад	6930
водя	6929
загубил	6928
амин	6927
дойдохме	6925
песента	6918
гръб	6916
сок	6915
мача	6915
клиентите	6913
вярваме	6912
президентът	6912
взели	6912
привет	6911
добрата	6907
бабо	6907
черно	6907
печели	6906
доклад	6903
звездите	6900
поведение	6896
нейното	6894
битката	6892
умно	6889
воля	6887
изчезне	6884
звук	6880
обикновен	6874
правило	6873
джулия	6873
върша	6872
нуждаеш	6870
умна	6868
открил	6860
убеден	6859
джаки	6855
изток	6854
четеш	6849
ставам	6847
взима	6846
камери	6842
успееш	6840
врагове	6838
смяна	6838
пишеш	6836
притесняваш	6835
директно	6833
котка	6822
висок	6812
часът	6811
престъпник	6809
пресата	6808
лети	6808
гледайте	6805
гений	6799
отивате	6791
пръст	6789
су	6784
грешиш	6782
извиня	6774
притежава	6773
успокойте	6772
брега	6771
гърлото	6766
тери	6766
езерото	6766
погрешно	6759
изненадан	6757
инспектор	6747
дъното	6738
гледате	6737
взимаш	6734
топло	6731
смятат	6729
отдела	6726
курс	6721
тъжно	6721
запис	6720
село	6715
погребението	6710
връщай	6705
важното	6704
нейните	6700
слънце	6700
гори	6699
брайън	6692
нараня	6690
острова	6689
майор	6686
купон	6685
лукас	6683
ева	6682
мъртвите	6682
обратното	6681
глупост	6679
твои	6675
спрат	6671
пица	6669
сидни	6667
показват	6667
довери	6662
окото	6661
тъмно	6660
ченгета	6650
дела	6648
стреляй	6642
радиото	6639
камион	6635
бия	6635
гладна	6633
браун	6631
останат	6631
едната	6630
разговора	6630
повтори	6628
бивш	6627
болест	6626
получим	6626
сцена	6625
любимата	6622
премести	6619
излизай	6618
масло	6611
ожени	6609
продължавам	6607
it	6603
плаши	6602
морган	6599
помагаш	6598
убиха	6598
побързайте	6596
кожа	6595
доклада	6593
главен	6593
качвай	6592
играят	6590
собствените	6588
следващото	6587
ангел	6585
избягал	6578
почувствах	6578
отмъщение	6577
работеше	6575
възможността	6575
ресторанта	6574
усмивка	6572
милост	6571
чудно	6570
убита	6564
спалнята	6563
изисква	6562
престанете	6554
ужасни	6554
отговорът	6543
караме	6541
уморен	6540
връщаш	6539
рики	6532
желаете	6531
напиша	6528
джъстин	6524
джи	6521
местопрестъплението	6521
сваля	6520
продължавайте	6519
ди	6517
джули	6516
джоунс	6515
написал	6512
намерение	6512
губя	6512
сирене	6505
период	6501
телевизия	6500
измама	6499
различна	6499
внезапно	6497
влак	6497
тоалетна	6495
паркър	6493
бомбата	6492
пазете	6490
закон	6489
самоубийство	6481
лагера	6478
капитана	6474
дъщерята	6473
фред	6473
случаят	6471
франки	6471
омъжи	6466
зло	6465
пазиш	6464
спечелиш	6464
обяснява	6458
билет	6456
убиват	6456
седя	6454
тъпо	6452
буквално	6450
страхуваш	6448
красота	6446
прекарах	6445
стена	6437
градуса	6437
отворена	6435
мразиш	6431
забравиш	6431
бележка	6428
подай	6424
братята	6414
купиш	6414
позволим	6413
чува	6412
измъкне	6409
приятелки	6408
буря	6406
искаха	6405
истинското	6403
страница	6403
лиса	6401
решихме	6401
роби	6399
ляво	6395
загубиш	6391
живеете	6390
сладолед	6389
гол	6389
кръг	6383
улиците	6382
плановете	6378
смях	6377
принцеса	6376
получавам	6371
случвало	6367
режисьор	6367
трите	6365
кино	6364
хауърд	6364
райли	6361
забелязах	6359
машината	6354
прокурор	6354
докажа	6343
рядко	6342
во	6338
минем	6334
шериф	6330
признавам	6326
дрога	6321
оня	6317
френски	6317
губим	6316
кошмар	6314
дерек	6314
звъни	6314
фен	6313
запад	6309
откажеш	6304
постави	6303
действаме	6301
неудобно	6300
квартал	6297
юг	6296
бети	6286
странна	6284
височество	6282
седи	6281
отвъд	6280
денис	6279
степен	6277
самото	6276
клеър	6276
духа	6267
приключих	6260
започнал	6246
спомня	6243
нужни	6239
бори	6237
подкрепа	6234
успее	6233
полунощ	6233
стани	6233
минаха	6232
правото	6230
фирма	6230
рой	6226
съобщения	6226
завърши	6223
конър	6220
решения	6219
писма	6219
рик	6216
убийци	6216
изстрел	6215
тайно	6211
пуснеш	6211
втория	6210
роджър	6209
дейвис	6208
отнема	6207
лошите	6205
погледнеш	6205
личен	6203
позная	6198
генерале	6198
тъп	6197
проверка	6196
залата	6196
продаде	6195
миличък	6192
труден	6192
собствена	6189
чисти	6185
прибере	6185
собственост	6183
позволете	6176
желанието	6176
искахме	6174
омъжена	6173
висока	6169
кейти	6169
факт	6168
свършено	6167
прибереш	6165
бият	6164
куин	6162
обещай	6159
правете	6158
изключи	6157
бърза	6157
стълбите	6155
досието	6153
станах	6152
мини	6151
роб	6150
сюзън	6148
наем	6144
напуснеш	6144
трупа	6144
ъъ	6143
занимавам	6143
гост	6143
хмм	6142
състезание	6142
яж	6136
отвътре	6134
райън	6134
глупави	6129
пригответе	6129
мазето	6128
скъпо	6126
защити	6125
отведе	6124
телата	6124
дилън	6118
марта	6114
шампанско	6112
вали	6109
прибирам	6105
злото	6102
мечтите	6099
познат	6098
сложиш	6098
обаждам	6095
лельо	6088
стол	6085
хляб	6083
ушите	6082
учиш	6078
коня	6078
включи	6077
обадим	6076
квартала	6070
смени	6067
слаб	6065
получаваш	6065
дадат	6064
космоса	6064
сестри	6062
заслужаваш	6061
наблюдение	6058
влюбена	6057
служител	6051
получихме	6051
казвала	6050
нейт	6049
избягаш	6048
пее	6047
интервю	6046
отец	6043
случват	6040
покажете	6037
теста	6032
двойно	6028
боговете	6028
състоянието	6028
братле	6026
отговоря	6025
кораби	6024
учителю	6022
бет	6021
разходка	6021
нарочно	6020
обърка	6020
миналия	6017
срещнахме	6015
спокойствие	6014
позволиш	6013
пийт	6012
океана	6011
лято	6011
хвърля	6011
джоба	6008
докторът	6008
властта	6003
идвате	6000
приличаш	5999
оставят	5998
нейния	5997
закъснях	5988
собствения	5988
лу	5987
сигнала	5986
джейми	5984
предложението	5983
запознахме	5982
хване	5981
целуна	5977
правилното	5976
управлението	5976
начинът	5975
дишай	5974
идиоти	5973
намерете	5971
пространство	5970
шерифе	5964
отпусни	5962
продължиш	5961
сол	5958
джун	5957
шофьор	5956
съдба	5955
отговора	5954
мосю	5952
уиски	5949
кейси	5947
адвоката	5946
приключихме	5944
стигнахме	5943
весела	5942
еднакви	5941
повърхността	5940
русия	5939
държите	5939
пръстите	5938
едуард	5937
сериозни	5936
прах	5930
бяло	5929
пиле	5925
нападение	5924
действителност	5923
купър	5923
знаела	5919
джонсън	5918
бившата	5917
промениш	5917
фирмата	5916
наричам	5912
лятото	5910
пожар	5908
казваме	5908
ум	5907
шибана	5906
разказа	5903
превърне	5903
бона	5900
влизайте	5897
дълг	5897
накараш	5897
застреля	5893
километра	5890
градина	5889
познато	5887
задната	5885
единият	5884
безплатно	5884
бием	5881
темата	5881
приемат	5880
луси	5879
часовник	5878
вярата	5874
песни	5873
торта	5871
доведи	5868
артър	5866
занимава	5864
радио	5863
водиш	5862
изкара	5861
софи	5858
бари	5852
животните	5848
спечелим	5847
чували	5846
действия	5841
лов	5841
каквито	5840
честта	5836
пътят	5836
започнете	5831
открито	5830
успял	5830
крачка	5830
уреди	5830
копелета	5829
познавах	5827
опитал	5827
бягаш	5826
вятъра	5825
чувствах	5822
решиш	5820
коридора	5815
жестоко	5811
дона	5810
убеди	5808
черни	5808
чанта	5806
билети	5799
гледал	5795
сити	5789
оливър	5783
лек	5779
белия	5777
съберем	5775
карлос	5773
ъх	5772
чете	5768
взеха	5764
загубата	5762
здрав	5760
нервен	5760
контролира	5753
топките	5751
четвъртък	5749
кей	5748
приемеш	5748
станала	5743
хапчета	5743
сали	5742
плаче	5742
страда	5739
покажем	5736
пуснат	5736
пръста	5734
средства	5730
пречи	5727
женени	5726
изкуството	5726
водят	5724
пратя	5721
изпратих	5719
тежък	5715
спокоен	5714
необичайно	5708
кариера	5701
съветник	5700
договора	5699
започнаха	5699
тайните	5698
върти	5697
тайлър	5694
тежка	5694
мари	5691
йонг	5685
храни	5685
хо	5684
реч	5682
лайна	5681
обвинения	5681
прочетох	5677
разделим	5675
тревожиш	5671
дадоха	5669
честна	5668
пуснем	5663
специални	5660
линда	5660
сложих	5660
труп	5652
присъда	5649
играч	5648
големият	5646
трета	5644
хелън	5644
отряд	5643
нуждаят	5642
оставяй	5642
съзнание	5642
престъпления	5641
двора	5639
подходящ	5638
можехме	5638
район	5636
полета	5632
марти	5630
дясно	5624
бърз	5622
наляво	5618
майки	5618
дължиш	5615
отношения	5612
дадено	5611
хитлер	5609
потвърди	5605
променил	5602
лекарство	5599
роклята	5594
андрю	5593
благодарен	5592
лечение	5592
изчакаме	5591
бейби	5591
нейна	5589
седна	5588
главния	5588
нина	5587
изкуство	5586
малкият	5585
идвай	5585
вторник	5580
мене	5578
известна	5576
ключът	5574
умряла	5572
междувременно	5571
оженим	5570
опасявам	5568
подаръци	5567
ръсел	5566
гаража	5565
уилсън	5565
самотен	5564
оливия	5563
линията	5561
оставите	5553
захар	5551
вратите	5549
фреди	5547
сетих	5545
управление	5543
занимаваш	5543
народ	5533
каша	5533
нула	5526
кратко	5523
танци	5523
нещастен	5520
меч	5517
ножа	5516
измъкнеш	5513
създава	5513
плачеш	5511
проба	5509
итън	5509
разбери	5508
стигнеш	5508
благослови	5504
карате	5503
прекрасни	5499
среда	5497
пазар	5494
притеснявайте	5493
народа	5493
мрежа	5490
приеми	5489
дойдем	5489
начини	5489
тоби	5486
невинни	5485
влизам	5484
вестника	5481
оскар	5481
говорех	5476
умения	5472
пробвай	5471
купил	5468
измисли	5467
колене	5466
адски	5463
говорете	5462
рана	5460
свири	5458
измисля	5451
домът	5450
доведа	5446
бандата	5446
показания	5445
бяга	5445
позволява	5444
данните	5442
проверете	5440
огромно	5437
градът	5436
брус	5429
имаха	5427
превръща	5426
знаехме	5424
бала	5417
море	5415
тема	5413
винс	5412
дявола	5412
матю	5410
правителство	5410
устройство	5409
голф	5407
пръстена	5405
процеса	5402
елиът	5402
здраве	5401
лайно	5401
срещал	5398
моста	5392
гибс	5392
пипай	5392
анджела	5390
местните	5390
наказание	5390
защитата	5389
дървото	5388
брато	5386
стрелба	5384
уплашен	5382
бяла	5382
корабът	5381
tова	5380
вярвай	5378
кофти	5372
условия	5370
опитайте	5368
министър	5366
черния	5365
истинският	5363
конете	5354
главите	5353
уикенда	5352
умолявам	5350
съзнанието	5345
полицаите	5341
кретен	5334
чувствате	5334
военен	5333
едновременно	5332
замесен	5329
дъг	5329
сметките	5329
махнеш	5328
сложете	5327
открият	5325
танц	5325
огромни	5324
джесика	5316
лежи	5313
грубо	5311
убиваш	5311
помислиш	5311
линейка	5310
процента	5309
рани	5309
включва	5302
наградата	5301
липсват	5299
страхливец	5298
птица	5298
мъжки	5296
разбираме	5295
футбол	5292
бум	5292
анджелис	5292
изчезнали	5290
камъни	5290
седмицата	5290
почувстваш	5286
дата	5285
вълнуващо	5285
любима	5285
съществуват	5285
носеше	5285
извънземни	5283
мислехме	5282
изгубил	5277
тревога	5275
общество	5274
сестро	5274
управлява	5273
услуги	5273
белите	5271
роман	5271
хванеш	5270
търсене	5258
милър	5256
засяга	5254
принцип	5253
грижиш	5253
пай	5250
басейна	5247
канал	5246
въпросите	5243
книгите	5242
незаконно	5241
срещнеш	5239
потърся	5238
уморена	5238
сметки	5233
маями	5233
затворник	5232
медицински	5231
холи	5231
молба	5227
южна	5225
бъркотия	5225
течение	5225
бо	5224
събудих	5223
лични	5221
източник	5221
победата	5219
скучно	5219
горд	5218
лица	5216
семейства	5216
измислим	5210
отваря	5208
стоим	5206
излизаме	5205
човечеството	5202
политика	5201
удара	5200
ммм	5198
откаже	5194
затворена	5193
подробности	5192
пазара	5189
шапката	5188
вещица	5184
затворен	5182
дръпни	5182
изследвания	5180
франсис	5180
започваш	5178
сума	5177
досие	5177
врага	5177
талант	5172
ооо	5171
чука	5171
войниците	5170
съкровище	5170
истинския	5169
колите	5169
състезанието	5166
инцидента	5166
пощата	5163
представиш	5163
тела	5162
уверявам	5161
казвах	5160
поставя	5160
стоп	5160
лиз	5159
затварям	5158
позволено	5157
внимателен	5157
убивам	5154
италия	5154
пейдж	5152
правата	5148
нелепо	5145
изпраща	5144
могло	5143
заведи	5142
срещне	5138
моника	5138
вик	5137
вида	5136
дала	5135
харви	5134
разбират	5132
душ	5130
цигара	5129
треньор	5126
гадост	5122
живял	5121
забави	5119
напуснете	5117
гроба	5117
експерт	5117
лора	5116
последна	5114
защитя	5113
лидер	5111
рок	5110
приберем	5109
поискам	5108
глупаци	5107
диша	5106
започнат	5105
тексас	5105
версия	5104
започнахме	5103
съседите	5103
автобус	5103
дамата	5098
раната	5097
приключим	5095
прекарам	5095
готина	5094
викат	5090
джес	5089
роднини	5089
разбрали	5087
объркан	5086
свързан	5081
пробвам	5080
топки	5078
довърша	5074
загубихме	5073
седиш	5072
приготвя	5067
джордан	5066
събитие	5066
магията	5065
престъпници	5065
прибра	5064
тон	5063
спомените	5062
професоре	5060
мики	5059
дъх	5056
реша	5053
карън	5052
пустинята	5051
сестрата	5048
стените	5046
задам	5046
натали	5043
длъжен	5042
двореца	5041
отишла	5040
извините	5038
споделя	5036
четирима	5034
меча	5034
търсих	5032
отказвам	5031
танцувам	5029
дъжд	5023
нейният	5021
госпожа	5019
прекара	5018
разговори	5018
удоволствието	5016
стомаха	5014
направено	5012
говорили	5012
опасни	5011
излизат	5010
духове	5010
смел	5010
оставам	5009
травис	5007
памет	5007
участвам	5007
пътува	5005
хиляда	5005
сложил	5003
часовника	5001
стан	4994
празнуваме	4994
призрак	4993
предай	4992
очакват	4992
американците	4987
ашли	4987
грант	4981
пилот	4980
клиента	4980
спа	4980
спенсър	4978
повод	4978
желае	4977
донесете	4977
ходят	4977
ъгъл	4976
пени	4976
брад	4975
предупреждение	4973
фантастично	4973
спомни	4971
временно	4971
харесваше	4969
руснаците	4967
супа	4967
изчезнала	4965
свършиш	4965
тод	4964
облечен	4964
предател	4962
кени	4961
сандвич	4961
приятелче	4959
коне	4958
свещеник	4958
марс	4956
библиотеката	4948
докъде	4948
сигурността	4948
годините	4948
лична	4947
мечтата	4947
кача	4946
секса	4946
канг	4945
сторил	4943
дивана	4942
членове	4940
река	4940
кристина	4940
япония	4939
използвате	4935
изпусна	4934
слухове	4933
забравила	4931
оуен	4930
шанса	4930
отвориш	4925
подкрепление	4925
оженя	4923
надясно	4923
сю	4922
глави	4920
шоколад	4917
настъпи	4915
ядат	4911
кинг	4907
военни	4907
ефект	4906
камерите	4905
дясната	4904
осъзнаваш	4904
червена	4903
оставаш	4897
изяде	4896
помежду	4893
рийд	4891
убедя	4890
пусне	4888
дроб	4888
напуска	4886
непознат	4885
спал	4883
съюз	4882
гордън	4881
технически	4880
пийнем	4879
демон	4875
шарлот	4875
системи	4874
съня	4871
доверието	4871
директора	4870
напрежение	4869
прибрах	4869
дните	4868
зоуи	4868
шибаната	4865
погледнем	4865
заклевам	4864
тъпа	4860
маршал	4858
уили	4857
черната	4856
сторя	4855
омъжа	4853
оказва	4850
изпълни	4848
ходил	4847
прочета	4846
започвай	4844
изпратил	4842
ужас	4839
тревожете	4836
мечти	4836
мерки	4836
науката	4836
отидат	4832
глупако	4832
сид	4829
кости	4829
грей	4828
др	4826
заети	4825
теди	4822
наричай	4817
омъжиш	4817
виктория	4815
гостите	4813
свои	4812
градината	4811
личност	4811
написах	4806
обстоятелства	4805
щата	4805
събития	4801
държеше	4801
джонатан	4801
отрова	4797
пий	4795
мирно	4795
непознати	4794
действията	4793
партньори	4789
пациенти	4786
размер	4786
научил	4786
лекарствата	4784
ели	4784
идеш	4783
докосвай	4782
същи	4782
подходящо	4780
пост	4780
забавна	4779
излъгах	4778
станете	4777
наричаме	4775
заповедите	4772
викам	4771
усилия	4771
боклуци	4768
дълги	4765
врати	4764
извикам	4762
влизаме	4760
склада	4759
техния	4758
премина	4758
смятаме	4757
връщане	4754
проекта	4753
питате	4753
вариант	4752
окаже	4748
одри	4746
шок	4746
главната	4743
стреляйте	4740
уейн	4728
изхвърли	4727
редакция	4725
бягайте	4721
смее	4720
кучетата	4718
мисъл	4717
сравнение	4717
женски	4715
проститутка	4715
празни	4714
нощи	4713
навярно	4712
повярвайте	4709
чия	4709
командире	4708
разстроена	4703
щастливо	4702
напускам	4701
боклука	4692
ранди	4687
приличам	4686
картината	4684
учен	4683
намират	4682
реда	4681
мей	4681
цигари	4680
старият	4678
ад	4676
очила	4675
испания	4674
of	4674
нейно	4670
наше	4670
дотогава	4668
единствените	4664
чуете	4663
танцува	4662
готовност	4661
рита	4659
срещали	4657
пристигнахме	4657
територия	4657
доведете	4657
свършил	4654
сменя	4652
хейли	4650
обир	4649
паднал	4648
наблюдава	4648
заместник	4647
търсех	4645
представлява	4643
задници	4643
задачата	4637
старо	4637
забравим	4637
златото	4636
тече	4633
броя	4633
излязъл	4632
свалете	4631
позицията	4630
прието	4626
москва	4624
служители	4623
дик	4623
флота	4621
кери	4621
капитанът	4621
библията	4620
потърси	4618
буден	4617
спечелих	4614
задръжте	4611
обичал	4611
мич	4610
звучиш	4609
вестник	4606
задължително	4606
познават	4606
гласът	4605
криза	4603
бел	4603
поеме	4603
северна	4600
пея	4600
показанията	4599
уплашена	4598
съгласни	4598
прибери	4597
изгубихме	4595
заповедта	4593
бягам	4593
оттогава	4593
намираме	4592
накарай	4590
разчитам	4588
танцуваме	4588
започни	4587
появява	4586
физически	4585
взехме	4584
птици	4579
со	4579
обаждането	4579
тяхното	4578
реакция	4575
оцелее	4573
вземам	4573
расте	4572
пострада	4571
мая	4570
терапия	4570
правех	4569
всичката	4564
сълзи	4564
запали	4564
убийствата	4563
стъпки	4562
милорд	4560
дженифър	4560
играете	4559
нареди	4558
логика	4556
господаря	4556
трейси	4555
кал	4550
разстроен	4547
фалшиви	4547
помощник	4546
резултати	4545
софия	4542
спомен	4542
истинските	4541
гледна	4541
чули	4540
продължават	4538
уредя	4538
чухме	4537
огледалото	4536
присъствието	4535
никоя	4535
приемем	4534
седнеш	4531
стола	4527
записите	4526
рон	4523
помислил	4522
изпратим	4521
ареста	4520
политиката	4519
затворени	4518
избягам	4516
гаранция	4516
интересен	4514
синьо	4514
впечатляващо	4513
противен	4509
коул	4508
изслушай	4506
заслужавам	4505
тестове	4505
сет	4501
излезте	4501
предлагаш	4499
me	4498
клетка	4496
списание	4496
останал	4494
забранено	4492
шпионин	4492
цветята	4488
вторият	4487
чула	4485
продам	4484
самотна	4483
запазя	4483
интересна	4483
стаи	4482
продават	4482
полето	4481
проучване	4481
записи	4479
поправя	4478
мърдайте	4477
ученик	4476
сенатор	4474
волята	4473
викаш	4473
сряда	4473
майлс	4472
колега	4471
купим	4469
вкара	4468
статия	4466
раждането	4465
намерихте	4464
изчакам	4463
сестрите	4462
котката	4461
известни	4461
мрежата	4460
довърши	4459
нямало	4459
обясниш	4455
бостън	4454
вълна	4454
участъка	4453
лаборатория	4449
военните	4446
организация	4446
търсенето	4446
ърл	4446
шейн	4444
ма	4443
тъжна	4443
барбара	4443
оставила	4440
червен	4440
страхува	4439
поеми	4438
св	4436
спрях	4435
боря	4435
богати	4435
лири	4433
колело	4430
номерът	4429
гола	4426
кражба	4425
изплаши	4425
получат	4424
флорида	4423
присъедини	4423
сняг	4421
греша	4420
докара	4420
всичкото	4419
свършим	4417
водач	4417
донесеш	4417
харпър	4416
обаждания	4415
опасна	4413
закъснявам	4413
бельо	4411
слух	4411
опитваше	4410
приемете	4410
предадеш	4408
безпокой	4406
станем	4406
бебета	4405
ин	4405
студена	4404
гняв	4403
отворени	4402
единия	4402
отдръпнете	4399
решим	4399
тина	4397
мозъкът	4395
реално	4392
увери	4391
теорията	4391
позволявай	4390
тръгнах	4390
тежки	4389
отговаряш	4387
вампир	4385
погрижим	4384
танцуваш	4381
панталоните	4380
недейте	4375
партньора	4373
отговорите	4371
службата	4371
близък	4369
смятах	4366
разбрала	4363
чуят	4361
обвинение	4361
отговарям	4360
тръгнете	4360
старши	4358
сценарий	4357
вдига	4355
лекарството	4353
човешко	4352
прецака	4351
защитава	4351
шампион	4350
публично	4349
заминавам	4346
прозорец	4343
отказва	4343
застрелям	4342
екипажа	4342
морски	4341
абсурдно	4339
наполовина	4338
крия	4337
разкажеш	4336
технология	4333
порно	4331
струват	4329
опашката	4327
убиете	4326
пациентите	4325
празна	4324
семействата	4324
двор	4323
вана	4322
устните	4320
доказателствата	4319
изясним	4319
змия	4319
прибираме	4318
вечеряме	4318
замъка	4318
пушка	4317
арест	4317
сос	4317
напразно	4314
елън	4314
дял	4311
дърветата	4310
клетки	4309
кати	4308
хапнем	4308
антъни	4305
стигнат	4305
актьор	4302
грешката	4301
бонбони	4301
област	4298
тъжен	4298
схванах	4295
материал	4294
старче	4291
изабел	4291
свържете	4290
съвпада	4290
преместим	4289
велики	4288
вярвах	4285
майоре	4285
участва	4284
забавление	4283
скоростта	4282
морис	4281
намерила	4281
наблюдавам	4280
маргарет	4277
второто	4277
нанси	4276
джен	4276
майтап	4276
бас	4273
рамото	4272
забравяйте	4272
публиката	4271
in	4270
намираш	4270
мениджър	4269
гледаше	4269
помагат	4269
полезно	4268
старец	4268
нещото	4267
влязох	4266
нощем	4266
животи	4264
гащите	4264
тост	4263
вдигнете	4262
ясен	4260
нервна	4260
прекъсвам	4260
голи	4260
посред	4258
едното	4257
щастието	4256
преследват	4256
паркинга	4254
кат	4253
книжка	4252
улики	4250
другарю	4249
връщат	4246
реклама	4246
лявата	4246
групи	4245
джейкъб	4243
ходих	4243
линдзи	4241
поща	4241
извършил	4241
възрастни	4241
очакваше	4240
попиташ	4237
йо	4237
хил	4236
интересуват	4236
анна	4235
обадил	4234
полицейски	4233
мръсни	4232
нещастие	4232
отидоха	4230
готви	4230
мислила	4230
поколение	4228
алфа	4228
трудни	4226
герои	4225
прасе	4225
сънища	4225
враговете	4222
страст	4222
господар	4220
знаели	4220
забелязал	4219
заем	4218
бони	4217
нетърпение	4217
пристига	4216
свържем	4216
дължи	4214
излязох	4213
докаже	4213
отворен	4209
войни	4208
опитвайки	4206
ръба	4206
използвах	4205
чек	4205
oh	4202
бягство	4201
уважавам	4200
разби	4198
остатъка	4198
руски	4197
поведението	4196
луи	4196
издържи	4192
скочи	4191
вход	4189
лорън	4188
годишно	4188
разположение	4186
мечка	4186
смисълът	4185
септември	4185
взриви	4185
избрал	4185
асансьора	4184
анализ	4183
прие	4182
опитвал	4181
слез	4180
останаха	4180
развали	4178
формата	4177
младеж	4176
затваряй	4174
съберете	4174
мисис	4174
редно	4172
струваше	4171
чукаш	4171
марко	4171
срещаме	4170
намали	4169
крещи	4169
шансовете	4169
илай	4162
съща	4162
лин	4161
хладилника	4160
my	4159
изкарам	4158
направени	4158
останалата	4158
инспекторе	4156
отношенията	4156
писател	4156
гарантирам	4156
влязъл	4154
изгори	4153
мотив	4153
ризата	4152
друже	4149
собственик	4148
team	4147
линии	4146
реалността	4145
христос	4144
обадиха	4144
чувстват	4141
мъртво	4139
приличат	4138
изостави	4134
вземаш	4134
проклетата	4133
купона	4133
трудна	4131
подготвя	4130
развод	4129
вятър	4125
напуснах	4121
пръсти	4119
пи	4118
отърва	4117
посещение	4117
притеснен	4117
изчезва	4116
празен	4116
глупачка	4113
годишен	4113
нараниш	4112
кода	4112
избрах	4112
труд	4110
харолд	4109
благодари	4109
дяволски	4108
александър	4106
носите	4106
усещаш	4105
багажника	4103
починал	4101
смелост	4101
неприятно	4098
акт	4098
продавам	4096
еми	4096
ваканция	4096
убийте	4095
кейн	4094
събера	4094
маркъс	4092
плача	4091
опашка	4088
възрастен	4088
разкарайте	4087
негодник	4086
влизаш	4085
нападна	4082
уволнен	4082
стрелям	4079
споразумение	4077
плащаш	4076
високи	4075
подобна	4073
грях	4073
държах	4072
берлин	4071
започнали	4069
хрумна	4069
символ	4068
колеги	4067
плъх	4064
приемаш	4064
баня	4063
срок	4063
надеждата	4063
юли	4060
тълпата	4060
иде	4059
арестуват	4058
кома	4057
закони	4056
тренер	4055
брук	4053
наркотиците	4053
лудо	4052
кураж	4051
фалшива	4051
хванали	4050
фермата	4049
йон	4049
ожениш	4046
цар	4044
накараме	4044
клиниката	4042
пияна	4040
отпечатъците	4040
полудя	4038
униформа	4038
късмета	4036
ученици	4035
справедливост	4033
четох	4033
попитай	4031
видове	4031
вики	4030
печелиш	4029
картите	4028
никол	4026
винсънт	4026
оправят	4025
готвач	4022
отказах	4021
питах	4019
оставяш	4018
третия	4017
нередно	4017
издържа	4016
агенция	4015
избери	4014
прочети	4012
минал	4010
репутацията	4010
избера	4010
шибания	4010
рискувам	4008
джена	4006
спят	4004
напуснал	4002
предлага	4002
университет	4000
телевизора	3998
риза	3998
доказва	3998
корема	3997
клер	3997
взаимно	3997
човешката	3997
закъсня	3996
биваше	3996
лошото	3994
доволна	3994
сянка	3994
шибано	3994
дупки	3993
откъдето	3992
младите	3990
онлайн	3990
почувства	3990
ниско	3989
представяш	3988
праща	3988
работех	3987
протокола	3985
гореща	3985
звъня	3981
военна	3980
поканя	3980
агенцията	3979
здравето	3978
рони	3977
дупката	3976
написа	3975
главният	3975
влияние	3974
шибани	3973
мълчи	3972
откриете	3972
ядоса	3971
блейк	3971
фамилията	3968
етап	3968
норман	3967
харис	3967
младши	3965
очакваме	3964
куршума	3962
присъдата	3961
кмета	3960
виното	3960
радва	3959
заплата	3959
платил	3959
справям	3958
тавана	3957
курса	3956
червената	3955
предупредя	3954
костите	3954
станция	3952
пристигне	3952
пътища	3952
чакате	3951
любимите	3950
движат	3947
температурата	3946
стоката	3945
лекс	3942
паника	3942
панталони	3942
обект	3942
мръсна	3940
затворя	3938
връзките	3935
написано	3935
държава	3935
фин	3933
изборите	3933
отидохме	3932
мислел	3931
пазят	3929
миризмата	3926
свърших	3925
щото	3925
ходите	3924
отишли	3924
сърцата	3924
древните	3924
хаос	3923
желаеш	3921
краищата	3918
цента	3917
речта	3916
фактите	3914
храма	3914
работих	3913
рори	3913
усещането	3912
вестниците	3912
отдолу	3908
уроци	3904
маска	3904
скала	3903
любимият	3903
кен	3902
вещи	3902
стойност	3901
граница	3900
медицинска	3900
голямото	3899
уилямс	3899
получават	3898
обърнете	3898
вселена	3896
махам	3895
дървета	3894
холивуд	3894
колегите	3888
операции	3888
гнева	3887
удивително	3886
сляп	3884
хванахме	3882
звяр	3882
провериш	3882
вирджиния	3881
умираш	3881
мразят	3880
молим	3879
груб	3877
пит	3876
помислете	3875
ванеса	3874
бурята	3873
съжелявам	3872
нивото	3872
провал	3869
казвайте	3869
слаба	3868
избереш	3866
предстои	3864
скапан	3863
фийби	3858
извинявайте	3856
лягай	3855
накарах	3854
франциско	3852
казахме	3850
тръгнали	3849
световна	3849
студиото	3849
атаката	3848
диего	3848
обяда	3848
гориво	3848
близко	3848
загубим	3847
плачи	3845
чук	3844
изгубя	3843
енергията	3842
крайно	3842
ток	3842
уенди	3839
обсъждаме	3838
прочете	3837
рут	3836
отворим	3836
чанг	3833
качим	3833
щяхте	3831
долар	3830
скачай	3824
забавляваме	3823
решава	3822
уейд	3821
създал	3820
чарлс	3818
секретар	3817
адвокатът	3817
актриса	3813
габриел	3813
минали	3812
нора	3810
кост	3809
покана	3809
нищото	3808
разпит	3807
лоис	3806
клей	3806
кийт	3806
лесна	3804
костюма	3803
проклета	3803
ударил	3803
облечена	3802
разумно	3802
следвай	3801
слабост	3801
вероника	3799
основа	3799
любим	3799
разкажете	3799
страха	3797
собствено	3790
представете	3789
ааа	3789
кракът	3789
трагедия	3788
премине	3788
меган	3788
джентълмен	3787
дар	3786
мръсно	3785
страхувай	3784
лори	3783
уолт	3781
извиниш	3778
впечатление	3777
питат	3777
погледнах	3776
заключи	3775
художник	3774
бомби	3774
очилата	3771
филмите	3769
празник	3768
испански	3768
приключа	3767
невероятни	3766
предварително	3766
откачено	3766
бориш	3765
чудесни	3764
предпочиташ	3763
платят	3762
сеньор	3762
красотата	3761
дишам	3760
by	3760
предизвика	3759
корея	3759
колелото	3759
открит	3758
отстрани	3757
борим	3756
свърже	3750
падат	3748
простя	3748
янг	3746
говорила	3745
ейнджъл	3745
болестта	3745
трябваш	3742
причинява	3742
благодарността	3741
цици	3740
учени	3739
евро	3733
кристофър	3733
кристин	3732
холмс	3731
налягане	3730
пациента	3727
победим	3726
понеса	3725
перфектен	3724
ползвам	3724
изненадана	3724
вирус	3724
сонг	3723
променим	3721
безсъзнание	3720
романтично	3719
станаха	3719
обръщай	3718
хирург	3717
политически	3714
участък	3712
властите	3712
заведем	3712
чел	3712
спасих	3711
концерт	3709
приятелството	3707
опитвате	3707
справят	3707
саша	3705
педал	3705
ял	3705
съдя	3703
постъпи	3701
заведеш	3700
реалност	3700
зарежи	3698
идвал	3697
хумор	3695
молиш	3695
собствени	3695
единствен	3695
поемам	3694
забавляваш	3690
лекарите	3689
обвинен	3688
предизвикателство	3688
нямахме	3688
останах	3687
феликс	3686
защитавам	3684
мобилния	3683
пазим	3682
съди	3680
съжаляваме	3680
сънувах	3680
поддържа	3678
вълк	3678
малкълм	3677
стрелбата	3676
природа	3676
дебел	3674
гледка	3673
призна	3673
спирай	3671
екипът	3671
събира	3668
затворници	3667
пил	3667
обучение	3666
докосна	3665
изключим	3664
целуни	3664
уест	3663
клои	3660
луна	3659
пушката	3657
признаеш	3654
пееш	3653
джефри	3653
бракът	3653
джулс	3653
предната	3652
водите	3652
професионалист	3652
закуската	3652
избирам	3651
хедър	3649
извика	3649
върнала	3648
стрес	3648
излязат	3647
ралф	3646
ирак	3646
позволите	3646
играчки	3644
освободя	3642
цезар	3641
стрелят	3640
срещам	3640
репортер	3640
смея	3638
стийв	3636
можел	3634
даваме	3632
характер	3630
въжето	3629
пакет	3629
предупреди	3628
ерика	3628
булката	3628
океан	3628
доведох	3627
тревата	3626
научим	3626
спрял	3626
почувствам	3626
граници	3624
бягаме	3624
ричи	3624
стреляш	3624
имай	3623
реагира	3623
въоръжен	3622
кула	3622
канада	3621
телефони	3621
нещастник	3620
объркана	3620
чудовища	3620
чашата	3619
почака	3618
температура	3617
рай	3616
труда	3616
оферта	3615
мейсън	3615
личи	3614
стефан	3612
раздели	3612
падам	3611
извикай	3611
условията	3610
кампанията	3609
колин	3607
пътешествие	3606
глен	3606
хванал	3603
дейзи	3602
кити	3602
портфейла	3602
успокои	3600
плът	3598
задържиш	3597
снимам	3594
борбата	3593
лиза	3593
иън	3592
сектор	3592
допълнително	3592
долината	3587
бени	3586
знаеха	3584
купува	3582
сърдечен	3581
учените	3580
ухото	3580
радваме	3579
соня	3578
играчка	3578
принцесата	3578
клиника	3575
линкълн	3575
учителя	3574
пати	3571
определени	3569
документ	3568
количество	3567
косъм	3567
склад	3567
цвете	3566
влезете	3565
джина	3564
ударих	3563
водка	3562
служби	3561
водим	3561
свържи	3560
скъса	3560
започнала	3560
федералните	3559
продаваш	3559
усети	3559
родена	3557
отваряй	3556
изтече	3552
учил	3552
звездата	3552
ударя	3551
отказал	3550
комисията	3550
евреите	3549
бенет	3549
гарата	3548
видеото	3548
собственика	3545
победител	3545
загубеняк	3543
барни	3543
зимата	3541
империя	3539
полезен	3539
медиите	3539
поли	3538
мърфи	3536
ваши	3536
джил	3535
държавата	3535
граждани	3533
направена	3532
обяви	3532
викай	3531
евреин	3531
мел	3528
пробваме	3526
лицата	3526
искахте	3526
катастрофата	3525
обаждаш	3525
спим	3525
повярвате	3524
изпратете	3523
човешка	3522
нормална	3521
господарят	3519
оставили	3519
щати	3518
спусъка	3517
роза	3515
бившия	3515
минеш	3515
доставка	3515
гора	3513
юни	3513
предава	3512
неочаквано	3511
облека	3511
трик	3511
прекараш	3510
предимство	3510
асистент	3510
удря	3509
зина	3509
отличен	3509
радваш	3508
приказка	3507
смело	3505
саманта	3505
копелето	3505
тъпак	3503
бързай	3503
оператор	3500
гордост	3499
уплаши	3499
детството	3499
стени	3499
скрие	3497
желания	3497
търсеше	3497
забавлявай	3496
размине	3495
мацка	3495
полудял	3494
бутилката	3491
израел	3491
нормални	3491
извинения	3488
даян	3488
напредък	3487
хонг	3483
госпожица	3482
проби	3482
хи	3480
дънкан	3480
законът	3477
that	3473
прекараме	3472
глория	3472
признай	3471
бейли	3471
снима	3470
самите	3469
ловец	3469
краде	3467
тренировка	3466
осигури	3465
почини	3465
повикам	3463
салата	3463
графика	3462
болни	3462
проверявам	3462
служи	3462
уши	3461
тереза	3460
стигнали	3458
проклети	3458
счупен	3458
билета	3457
адвокати	3456
въже	3455
приятелство	3455
рибата	3455
тръгвате	3454
комисар	3453
наречен	3453
отделение	3453
печеля	3452
умрете	3452
отвличане	3452
август	3452
традиция	3451
полека	3451
двойки	3450
отговориш	3450
грийн	3449
станцията	3448
контролирам	3447
омръзна	3447
съдържа	3446
on	3445
обвиненията	3442
хьон	3441
спала	3441
грешен	3441
принцесо	3440
твърдо	3437
векове	3437
черните	3436
искрено	3436
платим	3436
запиша	3435
събират	3434
алармата	3434
намериха	3434
отведете	3433
изпита	3433
техника	3433
колинс	3431
участват	3431
кратък	3430
космически	3430
писано	3429
трето	3429
защитаваш	3429
опитвай	3429
третата	3427
частта	3427
сподели	3427
лейн	3426
немски	3425
перфектна	3424
благодарна	3424
стъкло	3423
щял	3423
липсата	3422
алиби	3422
побързаме	3421
джоузеф	3421
страшен	3421
спирам	3420
крадци	3420
входа	3420
прошка	3419
червени	3419
разходи	3418
навреди	3416
кислород	3415
тара	3415
изхвърля	3414
легенда	3413
бюро	3413
тръгнат	3413
събудиш	3412
уайт	3412
капка	3412
маймуна	3411
идете	3409
забравете	3409
миризма	3409
заряза	3409
победиш	3407
разочарован	3407
бързам	3407
звука	3407
трой	3407
котки	3405
кукла	3405
поправи	3402
двигател	3401
измами	3401
кенеди	3401
камерън	3399
специалист	3399
приключваме	3399
изтича	3399
задържим	3397
вършене	3397
нападнат	3396
дневник	3396
стоун	3396
довериш	3396
националната	3395
пола	3395
усетих	3394
наречено	3394
променило	3393
кали	3393
направен	3393
неловко	3392
кент	3391
бърт	3391
подпишете	3391
вярване	3389
пътувам	3389
заспя	3388
решили	3388
контрола	3387
красавица	3386
богове	3386
спомних	3386
стейси	3385
пристанището	3384
духът	3384
математика	3383
якето	3383
погребение	3383
карал	3383
предупреждавам	3381
влюбени	3380
определя	3380
собственото	3380
сейнт	3379
пробваш	3379
тръгнала	3379
пожара	3379
зоната	3378
скъп	3378
влязат	3377
вълни	3377
фактът	3376
юн	3376
инструменти	3376
пропуснах	3376
плашиш	3375
серия	3374
множество	3373
наел	3373
дребни	3372
избираш	3371
дошло	3370
свързана	3370
треска	3369
китайски	3368
листа	3368
сейфа	3368
извадя	3366
откриха	3366
пеша	3366
театър	3366
плодове	3365
избягаме	3365
виновни	3363
възрастта	3361
американци	3361
родител	3360
убежище	3358
костюми	3358
любимото	3357
приближава	3357
лъжат	3356
задържи	3355
снимаме	3355
марш	3355
интервюто	3355
караше	3354
открити	3354
мръсен	3352
носим	3351
основата	3351
продължете	3350
сещам	3350
верен	3349
настоявам	3345
обещанието	3344
наранил	3343
джоан	3343
фон	3343
правосъдието	3343
общи	3341
уотсън	3340
метрото	3339
факти	3339
раса	3339
смей	3337
статията	3337
омраза	3336
психиатър	3335
облечи	3335
взехте	3334
ън	3333
уокър	3333
кинта	3333
застреляй	3330
изследване	3329
мишена	3328
разделени	3327
роднина	3327
забеляза	3327
любими	3326
небе	3325
шегувате	3323
синове	3323
възстанови	3322
престанеш	3322
дрогата	3321
грим	3321
двигателя	3321
свалиш	3320
действай	3320
нос	3318
деймън	3317
медицина	3317
изгубиш	3317
мъртвец	3315
крият	3315
боец	3314
омар	3314
действително	3314
запознай	3313
шеги	3313
уорън	3312
отказваш	3312
възможностите	3311
тяхна	3311
влизат	3310
милиарда	3310
аа	3310
почива	3310
чудеса	3309
опитахме	3308
хванаха	3308
шерифа	3307
разреши	3306
дразни	3306
харесвате	3305
рамо	3305
стока	3305
американец	3304
белег	3304
дракон	3303
решила	3303
ноа	3302
летя	3301
познати	3301
пуши	3301
преместя	3300
сем	3300
хеликоптер	3300
алиша	3300
хе	3300
евреи	3299
движението	3298
закара	3298
сексуално	3297
рене	3297
детска	3296
кокаин	3296
затворете	3296
съдът	3295
април	3295
използвали	3294
тъпи	3292
несъмнено	3292
министерството	3292
заек	3291
правилния	3290
седнем	3290
работници	3289
прибираш	3289
простиш	3289
доверя	3288
решаваш	3287
гърди	3287
детайли	3286
можеха	3286
пайпър	3285
отсега	3285
кво	3284
мрака	3284
предупредих	3281
антонио	3280
следвам	3279
признае	3277
предчувствие	3276
проследи	3276
занеса	3275
телефоните	3274
допусна	3274
възразявам	3274
мост	3273
подобен	3272
предайте	3272
церемонията	3271
фаза	3271
прозорците	3270
дейл	3270
атмосферата	3269
предаване	3269
ферма	3268
демони	3267
род	3266
мег	3266
позна	3265
погледа	3264
получила	3264
оцелели	3263
печалба	3263
арестувам	3263
частен	3262
промених	3262
посланик	3262
помогнал	3260
изявление	3259
намерен	3259
филмът	3259
готини	3255
семейна	3255
сънищата	3255
изпуснах	3254
миранда	3254
леда	3253
зелена	3251
скрити	3249
следят	3249
бившият	3248
каси	3247
черепа	3246
ем	3246
стрийт	3246
джулиан	3246
журито	3246
лесли	3245
спокойна	3245
свързва	3244
пабло	3244
обикновена	3243
смисъла	3243
заключена	3242
джанет	3241
прост	3241
клиентът	3241
играй	3241
страхуват	3240
спор	3239
реймънд	3238
наблюдават	3237
хектор	3237
компании	3237
учениците	3237
франклин	3235
фабриката	3234
заемам	3234
бедните	3233
абе	3232
касъл	3232
изпитвам	3231
условие	3231
октомври	3231
дузина	3231
местенце	3230
мед	3230
същност	3228
безпокоя	3228
запазим	3228
брои	3226
хаус	3226
процедура	3225
велика	3225
вършат	3224
предал	3224
спирка	3224
санта	3224
взрив	3222
издържам	3222
музея	3222
рода	3222
мотора	3222
гласове	3222
двадесет	3221
задниците	3221
поиграем	3221
изям	3220
доза	3219
минават	3218
годишна	3218
картини	3217
слизай	3216
непременно	3215
замисля	3214
съседи	3214
обвиняваш	3213
стигнах	3211
земи	3211
удариш	3211
пиърс	3210
задния	3209
предавам	3209
глупостите	3208
гаден	3207
намислил	3207
близките	3206
платих	3206
картофи	3205
тортата	3205
отлична	3205
макгий	3203
наречена	3201
писал	3199
контролираш	3199
джунглата	3197
жалък	3197
небесата	3197
кмет	3197
вируса	3196
приближи	3195
пропуснал	3194
дрю	3194
помогнах	3193
уелс	3193
иван	3193
кол	3192
разказва	3192
разполагаме	3190
тъмна	3189
палтото	3189
запознах	3187
копия	3186
стюарт	3186
прострелян	3185
март	3184
прага	3184
участието	3184
божията	3183
покер	3183
плъхове	3183
джърси	3182
определен	3181
бензин	3181
интересни	3180
спести	3178
въоръжени	3177
чифт	3177
проклетия	3177
знаехте	3177
продуцент	3177
напишеш	3176
слагаш	3175
трона	3175
вдигне	3175
чаши	3175
no	3175
изпълнение	3174
съвети	3174
изчезваме	3172
оправям	3171
монк	3170
загрижен	3170
шах	3169
открихте	3169
убедена	3169
експеримент	3168
афганистан	3168
присъствие	3168
здрава	3167
шофьора	3166
събиране	3166
скандал	3164
тръгнаха	3164
оборудване	3163
разруши	3163
търговец	3162
нед	3162
бърк	3162
работник	3161
мхм	3161
впечатлен	3160
залагам	3160
платите	3160
станали	3159
събудя	3158
гимназия	3158
тъмнината	3157
спорт	3155
срещаш	3154
четвърти	3154
променила	3154
блеър	3153
подкрепя	3153
погледне	3152
взлом	3151
наричате	3151
стоеше	3151
потърсим	3148
сляза	3148
работила	3148
личния	3147
следиш	3146
скрил	3146
говорейки	3145
дже	3143
подкрепата	3143
хубавото	3141
зъл	3141
айде	3141
движим	3141
стигнал	3140
гладни	3137
устройството	3136
студент	3136
негови	3136
число	3135
познавал	3134
кръста	3132
докажеш	3131
травма	3131
раните	3131
спрямо	3131
наука	3130
скрий	3130
ноктите	3129
купа	3129
лекари	3128
срещнете	3126
количка	3126
сладурче	3126
слагам	3125
невинна	3124
издаде	3124
обиколка	3122
трупове	3121
скриеш	3120
дъще	3119
ползва	3117
обърне	3117
андре	3116
сгреших	3116
дебела	3115
нелсън	3115
хуан	3113
останала	3113
загубили	3113
ръководи	3112
кутии	3112
личните	3110
подари	3110
добрия	3107
учителят	3107
резултата	3107
слага	3106
къртис	3106
задължения	3106
изкараш	3105
нервите	3105
сменим	3105
прибирай	3105
твърдят	3104
великолепно	3103
самолетът	3103
инфаркт	3102
съобщя	3102
хапчетата	3102
изчакаш	3101
височина	3101
свикнал	3101
албърт	3100
звучеше	3100
ключове	3099
излъгал	3099
повтаря	3099
клара	3097
дейна	3096
деби	3095
танците	3095
чан	3095
самолети	3094
пуснах	3094
затворено	3090
птиците	3090
лечението	3086
предмет	3086
домашно	3085
любопитен	3085
избора	3083
градове	3083
събрали	3082
способности	3082
страници	3081
кандидат	3081
имоти	3081
открадне	3080
проговори	3080
участие	3080
добрият	3079
честни	3078
фалшив	3077
минах	3077
останките	3076
взимат	3076
кг	3074
мани	3074
обещание	3074
персонала	3074
посети	3073
играчи	3072
отговорете	3071
здрави	3070
бижута	3070
избори	3070
майстор	3070
промените	3069
андерсън	3069
отрази	3069
джой	3067
успешно	3067
планините	3066
правих	3064
джу	3064
скок	3064
славата	3064
тона	3063
откриването	3063
поста	3062
старото	3062
любовник	3061
спечелил	3060
поръчка	3060
забележи	3060
прибира	3060
ейприл	3060
будна	3060
желал	3059
самоличност	3059
драма	3058
огледай	3057
таксито	3056
получаваме	3055
вероятност	3055
артур	3054
бряг	3054
проследим	3053
последва	3053
планина	3052
учат	3051
измислих	3050
джуди	3048
пиенето	3047
стоите	3046
опитате	3046
умни	3046
чейс	3045
студио	3044
изкараме	3044
измамник	3044
скоти	3044
черпя	3043
приберете	3042
гай	3042
подготви	3041
ясна	3041
габи	3039
бебче	3039
последствията	3038
ура	3038
внимателни	3038
пожелаеш	3036
недоразумение	3035
избягах	3035
дони	3034
топла	3033
греховете	3033
лидия	3033
наблюдаваме	3033
развитие	3032
стефани	3032
сини	3032
приказките	3030
взимаме	3030
басейн	3029
образ	3029
следя	3028
свършиха	3028
взимай	3028
братовчедка	3027
клетва	3027
рамките	3027
джийн	3027
мислене	3026
машини	3026
долари	3026
лени	3025
см	3025
изборът	3023
неин	3023
навик	3022
болезнено	3022
забравяш	3022
имахте	3022
писмата	3021
сериен	3021
магьосник	3019
отвлече	3018
частици	3018
симон	3018
вечност	3017
планира	3017
ресурси	3016
заминава	3015
милейди	3014
знаейки	3013
имайки	3013
следват	3012
форд	3011
представление	3011
оная	3010
дотам	3008
домовете	3006
жесток	3005
синди	3005
крава	3005
заеми	3004
оцелял	3003
махне	3001
поканих	3001
робот	3000
кари	3000
отдръпни	3000
споменах	3000
нарушение	3000
присъединиш	2998
дим	2998
експлозия	2998
поемеш	2998
убедиш	2998
заслужават	2998
нa	2997
участваш	2997
слезе	2996
светлините	2996
салона	2996
мърда	2996
пушиш	2995
завърша	2995
килията	2995
картичка	2994
задълженията	2993
основно	2993
мади	2992
млъкнете	2991
таен	2991
дойл	2990
унищожим	2990
санди	2990
свириш	2990
кърт	2989
срещала	2987
последвайте	2986
свършат	2984
тай	2984
целите	2984
върнахме	2983
качиш	2983
валентин	2983
успокоиш	2983
напомни	2982
съжалява	2981
лана	2981
губят	2981
пишеше	2980
студен	2979
освободен	2978
кулата	2977
седмично	2977
тежи	2977
куршуми	2977
предложих	2976
американската	2974
сгради	2972
ноември	2971
вървите	2970
страхувах	2968
мик	2968
длъжник	2968
случайност	2968
отсреща	2966
допълнителни	2966
близост	2964
прилично	2964
хич	2963
понасям	2963
говорехме	2962
директорът	2961
хероин	2961
натисни	2961
готвя	2960
риска	2959
свършило	2959
мичъл	2958
умрели	2958
преминем	2957
подписа	2957
законите	2957
слушат	2957
честито	2956
гарсия	2956
гражданин	2955
адвокатите	2954
извърши	2954
излезете	2954
детски	2953
имението	2953
златна	2953
намерения	2953
амбър	2951
отпуск	2951
застреляш	2949
собственикът	2949
момченце	2949
умряха	2948
вкарам	2945
бързи	2944
мо	2943
обстоятелствата	2943
развълнуван	2942
свиря	2941
ейдриън	2940
назаем	2940
същ	2939
червения	2939
австралия	2939
партия	2939
великият	2938
пам	2937
застраховка	2936
забавлява	2936
смешен	2936
съмнения	2935
законно	2935
сърца	2934
молбата	2934
седим	2932
слушате	2931
алек	2928
гас	2927
мъничко	2927
прочетеш	2927
преглед	2926
тотално	2925
нае	2925
образование	2924
кухня	2924
падаш	2924
клетката	2923
раждане	2922
доволни	2922
заминаваш	2921
свидетелства	2921
любовна	2921
чужбина	2920
дюк	2920
организира	2918
рупии	2918
включа	2917
хълма	2917
типове	2917
джеръми	2917
уволни	2916
запазиш	2914
египет	2913
отървеш	2912
тунел	2911
давид	2911
унищожа	2911
отчаяно	2911
тунела	2910
напрежението	2907
запознаеш	2907
достоен	2907
приключение	2907
застрелян	2906
изправя	2906
взето	2905
наближава	2905
прегръдка	2905
терористи	2904
оценка	2903
заплатата	2902
unacs	2902
евън	2901
гарет	2901
all	2901
синя	2901
процедурата	2901
вампири	2900
изрод	2899
култура	2898
наследник	2898
ранени	2896
замине	2896
персонал	2895
съсипа	2895
бруклин	2895
кучката	2895
органи	2895
щети	2893
заподозрени	2893
мелиса	2892
навътре	2891
кейлъб	2891
минат	2891
мотор	2891
пиано	2890
режим	2889
забавлявам	2889
подпиша	2888
осъден	2888
кампания	2887
следователно	2887
спах	2886
полицейска	2886
отървем	2886
вестници	2884
лесен	2883
пускай	2883
обвинението	2882
купувам	2882
успеха	2881
тор	2881
провалих	2881
кристи	2880
способността	2880
чиято	2880
изпълня	2878
избягала	2878
безопасността	2878
държал	2877
зелено	2877
буут	2877
способна	2876
кръст	2876
увеличи	2875
бей	2874
задължение	2874
пият	2874
логично	2873
престъплението	2873
наоми	2872
палмър	2871
аллах	2870
вини	2870
влюбих	2869
изпратиха	2868
дейност	2868
is	2867
смяната	2866
позната	2866
докажем	2865
стратегия	2865
кира	2865
нива	2865
бирата	2864
семеен	2862
бизнесът	2861
екипи	2860
продал	2860
крем	2859
правихме	2858
кони	2858
действат	2857
бойд	2855
журналист	2852
отговорността	2852
фабрика	2851
дамите	2851
заеме	2850
пишат	2850
планети	2850
столицата	2850
седалка	2850
тес	2849
ръкавици	2849
покой	2849
форми	2848
поканата	2848
декември	2846
спешното	2846
ракета	2846
отивайте	2846
заемете	2846
манхатън	2846
насочи	2845
подяволите	2845
отпечатък	2844
рисковано	2844
свършила	2842
донякъде	2842
пътищата	2841
надалеч	2841
чужди	2840
кит	2840
поаро	2840
граф	2839
измислил	2838
тигър	2838
ориз	2838
развода	2838
важи	2838
изберете	2838
главоболие	2837
моргата	2837
торба	2837
поисках	2836
излизайте	2836
сезона	2836
лекарят	2834
легна	2833
репутация	2833
стенли	2832
инженер	2832
обещаваш	2832
богатство	2831
опа	2831
уверен	2831
набързо	2830
крейг	2830
горещ	2830
родината	2829
приятелски	2829
скрит	2829
сетя	2829
източника	2829
жан	2828
способни	2828
давате	2828
починеш	2827
промяната	2827
играл	2826
идеален	2825
пуша	2825
доставя	2824
продукти	2824
кармен	2824
умри	2824
усещане	2823
доусън	2823
зъб	2822
предимно	2822
топ	2822
беки	2820
ваната	2818
грозна	2817
мошеник	2816
преговори	2815
лягам	2815
виетнам	2815
камъка	2814
докторите	2814
устни	2813
колана	2813
строго	2812
лист	2812
изхода	2812
призраци	2811
атакува	2811
познаваше	2810
застрелял	2809
питайте	2808
търнър	2806
средство	2805
чувствал	2805
умът	2805
екрана	2805
послушай	2805
затваря	2805
материя	2804
майките	2803
чип	2803
срещнал	2802
врагът	2802
избере	2802
живееше	2801
млъкнеш	2801
даа	2801
канала	2800
донесъл	2798
професия	2798
покрив	2797
белези	2796
новината	2796
натиск	2796
шибаняк	2795
любимия	2794
местен	2793
звънни	2793
донг	2792
бинго	2791
лас	2791
изпратят	2790
усетиш	2790
опитат	2789
задето	2789
свършили	2788
ян	2788
виждах	2787
доведеш	2787
пускам	2787
принца	2786
нуждаете	2786
победя	2785
богата	2783
свое	2783
часовете	2782
езеро	2782
лойд	2782
емоционално	2781
ставайте	2781
тъмното	2780
председател	2780
разум	2780
еднакво	2779
попречи	2779
загубила	2778
върнаха	2778
идваше	2777
джонг	2777
годишнина	2777
успокоя	2777
синовете	2776
всякога	2775
свиня	2775
празно	2775
грейсън	2775
сиатъл	2773
пуснал	2773
помнете	2773
мигел	2772
убивал	2771
барт	2771
кученце	2770
кърк	2769
авеню	2769
заведете	2769
полк	2769
обажданията	2768
мати	2768
отведа	2767
благодариш	2767
проклятието	2767
пясък	2766
създават	2766
гаджета	2765
запознат	2765
кърви	2765
цвета	2764
търсил	2763
бал	2763
послание	2763
карла	2763
емоции	2762
слаби	2761
кабинет	2761
годеницата	2760
слънчевата	2760
терорист	2760
федерален	2760
обира	2759
яке	2758
шепърд	2758
създание	2758
вдигнем	2757
бенджамин	2757
сънувам	2756
отнесе	2756
служа	2756
избира	2756
харесвах	2755
почна	2755
получили	2755
командването	2754
дневника	2753
настрани	2753
наказанието	2752
изчезването	2752
пратих	2752
жалост	2752
материали	2752
обикновени	2752
благодарност	2751
интереси	2751
рискува	2750
общност	2750
тенис	2749
обвинявам	2749
короната	2749
точното	2748
вътрешен	2747
духовете	2747
обръща	2747
поддържаме	2747
типично	2746
супермен	2745
работили	2744
рецепта	2744
повика	2743
разбиране	2743
купчина	2743
предпазя	2742
тийм	2742
крило	2742
събитията	2741
апетит	2740
мона	2740
диаманти	2740
преструвам	2740
нападението	2739
шансът	2738
килограма	2738
лекува	2738
ходила	2738
продажба	2737
пуска	2736
човешкото	2735
напусни	2735
очаквате	2734
схващаш	2733
верига	2733
казваха	2733
нe	2732
честита	2732
революция	2731
верни	2731
чукам	2730
основание	2730
задава	2729
мръсник	2728
лутър	2728
бавачка	2727
лука	2727
зелен	2725
помислим	2725
стегни	2725
лошата	2724
паднала	2724
масаж	2723
предишния	2721
дъжда	2720
минете	2720
правилната	2719
изпратиш	2719
уолъс	2718
мълдър	2717
офицери	2717
скрия	2716
посетители	2715
научите	2715
събери	2715
детската	2714
таня	2713
слабо	2713
зет	2713
понесе	2712
себастиан	2711
бутилки	2711
тръгват	2711
паднах	2710
другари	2709
гледане	2708
щатите	2707
слоун	2707
чин	2706
обичала	2706
внимаваш	2705
домашното	2705
германците	2704
липса	2704
бесен	2703
свършихме	2703
постигна	2703
гадна	2702
поговориш	2702
вера	2702
шибаните	2702
свалим	2702
обучението	2701
границите	2701
магистралата	2701
пиши	2701
лизи	2700
маската	2699
дръпнете	2699
планирал	2698
партньорът	2698
скалата	2697
яйцата	2697
подходяща	2695
представите	2694
сода	2692
заложник	2692
сузи	2691
вкуса	2691
обиждай	2691
партита	2690
цветове	2690
ромео	2690
чорапи	2689
шофьорът	2689
хранят	2689
фамилия	2688
използвайки	2687
инструкции	2687
загина	2687
помислят	2687
нокти	2686
ситуации	2685
стигат	2685
страшна	2685
уведомя	2684
служителите	2684
отворено	2682
телевизор	2682
спешен	2682
разходите	2681
ъъъ	2681
бележки	2681
билетите	2681
колекция	2681
доброволно	2680
пространството	2680
бойни	2679
операционната	2679
остин	2676
пазач	2675
изоставя	2674
адамс	2673
откачи	2672
очарователно	2672
женска	2671
поздравя	2671
легни	2671
пичове	2670
велико	2670
разговарям	2669
игрички	2668
диск	2668
лампата	2668
откраднат	2667
весело	2666
бека	2666
представях	2665
знай	2665
двойна	2665
справедливо	2665
клоун	2665
публика	2664
татуировка	2664
казиното	2663
люси	2662
напуснем	2662
късметлийка	2661
интересувам	2661
we	2660
горния	2660
пещерата	2660
рекс	2660
албум	2659
посетя	2658
привлече	2658
открила	2658
инструмент	2657
пускат	2657
мода	2657
хол	2655
редник	2654
задължен	2653
греши	2653
душите	2652
възрастните	2652
пийни	2652
достигне	2652
шели	2651
стаите	2650
бягат	2650
влизане	2649
пулс	2649
племето	2648
клаус	2647
отчаян	2647
забавлявайте	2646
нация	2646
вещици	2646
предположих	2646
гръмна	2646
научат	2645
заложници	2644
напиши	2643
разкрие	2642
изпий	2641
заплахи	2640
бейкър	2639
лавджой	2639
намерени	2639
удряш	2639
пиер	2639
лъв	2637
настроението	2637
килера	2637
психопат	2635
леон	2634
довел	2633
атакуват	2632
харисън	2631
дьо	2631
състои	2630
щат	2630
изпратен	2630
повърна	2629
килия	2629
десерт	2629
предадем	2629
купуваш	2629
безполезен	2628
печелят	2628
позволят	2627
бренда	2626
закъснява	2625
частна	2624
лудница	2624
запомня	2623
потрябва	2623
доналд	2622
акцент	2620
ланс	2620
изчезват	2620
вивиан	2619
уморих	2619
ау	2619
комплимент	2618
фей	2618
излекува	2618
блок	2617
федерацията	2616
събере	2616
предаването	2615
вярваше	2615
студенти	2614
бедни	2614
определи	2613
притежавам	2613
изморен	2612
лаура	2612
ставаше	2612
петима	2611
рискуваме	2611
съветвам	2610
мислете	2610
хвърлят	2610
изпращам	2610
осъзнавам	2608
кауза	2606
десетки	2606
почисти	2605
яйце	2603
достатъчна	2603
ча	2602
прочетете	2601
съгласие	2601
жено	2601
харвард	2601
ай	2600
отровата	2600
проста	2599
замълчи	2599
разузнаване	2597
сценария	2597
домашни	2597
представим	2596
петно	2596
лекаря	2596
обвини	2593
пери	2593
мишка	2593
великия	2593
стоях	2593
движиш	2592
заминеш	2592
мига	2592
засада	2590
your	2589
горкият	2589
бизнесмен	2588
предположение	2587
старк	2587
техният	2586
анджи	2586
изкарай	2586
изненадващо	2586
работниците	2586
битки	2585
красавице	2584
признаци	2584
пратил	2583
тайминг	2583
замък	2581
мотел	2581
приемаме	2579
стрелял	2579
позволих	2579
обадите	2578
външния	2577
техен	2577
пенис	2576
флин	2575
щит	2575
корабите	2575
злополука	2575
прегледам	2575
опитаха	2574
ух	2573
снимаш	2573
съсед	2572
гледайки	2572
вятърът	2572
спират	2571
подход	2571
забравям	2570
кора	2570
кърпа	2568
концерта	2567
защитим	2566
марка	2566
орбита	2566
грешките	2565
продукт	2565
проваля	2564
гроб	2564
мобилен	2564
ритъм	2562
тъкър	2562
уж	2562
стрелец	2562
каубой	2561
прекарал	2560
слуга	2560
гейл	2560
размера	2559
основната	2558
насилието	2558
опити	2558
спираме	2557
успяхте	2556
файлове	2556
man	2556
светло	2556
дребен	2556
починала	2555
чи	2555
спомняте	2555
движения	2555
експлозията	2555
промениха	2555
радж	2554
питал	2553
устройва	2553
учителка	2552
поръчам	2552
завърна	2552
пробив	2551
урока	2551
паролата	2550
рози	2550
мощност	2548
молитва	2548
роузи	2548
притеснена	2547
отмъщението	2546
януари	2546
кучки	2545
звуци	2545
уговорка	2544
сестричке	2544
пети	2544
сянката	2544
преминава	2544
модели	2544
комисия	2544
риби	2544
ех	2543
съглася	2543
пристигнах	2543
прегледа	2543
извадим	2543
никита	2543
наследство	2543
самоличността	2542
пиете	2541
емоциите	2541
спасят	2539
спасил	2539
болести	2538
академията	2538
кай	2538
белезници	2537
заболяване	2536
оградата	2535
близнаци	2535
сал	2535
преструваш	2535
театъра	2535
джоб	2534
привлича	2534
изключен	2532
данъци	2531
гледката	2531
петите	2531
повикване	2530
разочаровам	2529
фалшиво	2529
прекъсна	2528
решат	2527
залегни	2527
интересуваш	2526
скрием	2526
губернатор	2526
мълчиш	2526
кап	2525
отвратителен	2525
конрад	2525
повишение	2525
чийто	2525
женя	2523
забележително	2523
съединените	2523
паунда	2522
касетата	2522
бриджит	2521
беден	2521
купуват	2521
немога	2521
кошмари	2520
вдигнеш	2520
връщайте	2520
изгоря	2519
споделиш	2519
началника	2518
летят	2517
флот	2517
don	2515
биете	2515
плащаме	2515
пат	2515
почва	2514
кам	2513
учим	2513
пишете	2512
руби	2512
пиеса	2511
медал	2511
причинил	2511
пътуваме	2510
слуховете	2509
грешите	2509
ейдън	2508
комбинация	2508
откачалка	2508
слушаме	2507
освободим	2507
куфара	2507
аш	2506
ракети	2506
отстъпи	2505
конг	2505
екипаж	2504
сайта	2503
показваш	2502
клаудия	2502
областта	2501
обсебен	2500
ценно	2500
офисът	2500
напускаш	2500
чая	2499
смеят	2497
спок	2497
мацки	2496
бекет	2496
летище	2496
знаци	2495
прокуратурата	2494
извикайте	2494
приех	2494
губернатора	2493
избран	2493
територията	2493
възхищавам	2492
тичай	2491
срещат	2490
счупя	2489
проверихме	2488
изчезвайте	2488
оцеляване	2488
записах	2487
сложна	2487
светлост	2486
подаръка	2485
накратко	2485
прическа	2485
брик	2485
развълнувана	2485
аутопсията	2485
виня	2485
уменията	2485
върхът	2484
чен	2483
арън	2482
задачи	2482
загубите	2480
карах	2480
сделки	2479
грифин	2479
светлини	2478
затворниците	2478
фиона	2478
болки	2478
съвпадат	2477
заплашва	2476
усетя	2475
ски	2475
заспивай	2475
питиета	2475
лъжите	2474
дж	2472
заплаши	2472
училища	2472
датата	2472
грешния	2471
крейн	2471
успели	2470
точен	2470
следим	2470
храм	2469
растат	2469
чиито	2469
смела	2468
съкровището	2468
даяна	2468
достатъчни	2467
ражда	2467
циците	2466
ари	2466
пролетта	2465
барнс	2464
завръщането	2461
рискуваш	2461
представител	2461
бишъп	2461
изчезвам	2460
унакс	2460
мия	2460
тръба	2459
съобщи	2459
обхват	2458
американска	2458
убивай	2458
откраднах	2458
гащи	2458
вон	2457
финала	2457
старт	2457
наранен	2456
сърдиш	2456
влюби	2455
хюстън	2455
хранене	2455
усилията	2455
реджи	2455
мередит	2454
сексуален	2454
сенките	2454
следваш	2454
чий	2454
уволнят	2454
игрите	2454
чудовището	2453
стела	2453
съвестта	2453
грешна	2452
империята	2451
усеща	2451
ентърпрайз	2451
предмети	2450
киното	2449
ва	2449
значката	2449
монети	2448
залива	2447
доказателството	2447
младо	2447
круз	2446
салон	2446
тъмната	2445
предишните	2445
ше	2444
изпит	2443
oх	2443
даден	2443
професионален	2443
забравят	2441
извънземните	2441
числа	2441
симпсън	2441
ангелите	2440
мелани	2440
готвиш	2438
първоначално	2438
хелоуин	2437
грижите	2437
челото	2436
еха	2436
рожденият	2436
арти	2435
качвайте	2433
униформата	2432
лемън	2431
вършим	2431
гласовете	2430
продължите	2430
обиди	2430
определена	2430
родила	2430
далас	2430
срещнат	2430
необходими	2429
облекчение	2429
религия	2429
тока	2429
координатите	2429
шин	2429
мълчание	2429
ревнуваш	2428
чо	2428
прегледах	2428
повярват	2426
вътрешна	2426
мъка	2426
следвайте	2426
хал	2426
погрижиш	2425
аксел	2425
унищожат	2423
клоуи	2422
кръвното	2422
върнали	2422
фенове	2421
прозвуча	2421
длъжна	2420
танцувай	2420
бъфи	2420
умишлено	2420
чужда	2420
груба	2419
инфекция	2418
целунеш	2418
съществуването	2418
продаваме	2418
влакът	2417
изнасилване	2417
мръдни	2417
оставаме	2417
затвориш	2417
излизане	2414
открита	2414
имейл	2414
добавя	2414
поговори	2413
бий	2413
багаж	2412
лорънс	2411
трафик	2410
многото	2410
жилище	2409
андреа	2409
лига	2409
изследванията	2407
излязла	2407
вила	2407
сложен	2407
лестър	2407
организацията	2407
прекарвам	2406
имунитет	2405
калибър	2404
крадеш	2404
отпразнуваме	2404
планини	2404
течност	2404
ползваш	2404
хвърлете	2404
пое	2404
надя	2403
въображение	2403
насред	2402
затворят	2402
златни	2402
бързаш	2401
единствена	2400
завърти	2400
ябълка	2399
лола	2399
наказан	2399
продадеш	2399
дяволът	2398
хънтър	2398
създаден	2398
поколения	2398
французите	2397
отбраната	2397
гледала	2397
говорихте	2396
домашен	2396
облак	2395
менюто	2395
портата	2395
наркоман	2394
марио	2394
видяха	2394
проклетите	2394
акула	2394
горката	2393
въображението	2393
цивилни	2393
редактор	2392
присъединя	2391
изгубим	2391
гардероба	2390
скрита	2389
решите	2389
дел	2389
позиции	2389
борят	2389
график	2389
изненади	2388
помисляй	2388
наех	2387
продадох	2386
човешките	2386
прозорци	2384
срещите	2384
for	2384
обърнеш	2383
вечери	2382
повярвах	2382
избягат	2381
дъглас	2381
използвайте	2381
приключва	2381
начукам	2380
брада	2380
сърди	2380
манди	2379
пипна	2377
куршумът	2377
рунд	2377
разследваме	2376
равни	2376
форт	2375
отразява	2375
третият	2375
изплашен	2375
сексът	2374
съливан	2374
потвърждение	2373
месото	2373
резултатът	2373
пиесата	2372
целувки	2370
разчита	2370
създадени	2370
помагаме	2370
смелостта	2369
изпитание	2368
портър	2368
безсмислено	2368
продадем	2367
докладвам	2367
обич	2367
ра	2366
бунт	2365
спечелихме	2364
сълзите	2364
пеят	2364
гуен	2364
светове	2364
ул	2364
депресия	2364
подпише	2363
звънях	2363
къса	2363
спомниш	2362
членовете	2362
мощ	2362
коментар	2361
патрул	2361
закъснея	2361
живите	2360
номерата	2360
игрището	2360
събра	2358
качества	2357
изпълнена	2356
токио	2356
принуден	2356
окръг	2356
батко	2355
следваме	2354
срамота	2354
продължат	2354
технологии	2353
строя	2353
отмени	2353
шери	2353
бележката	2352
заклинание	2352
заспал	2352
защитник	2351
ген	2351
руди	2350
подготвен	2350
създаването	2350
разделят	2349
препоръчвам	2348
спираш	2348
довършим	2348
приоритет	2348
карсън	2347
крещиш	2347
използван	2347
борис	2347
грабеж	2346
буш	2346
приключил	2346
решен	2346
пресечки	2345
куба	2345
защитиш	2345
ефекти	2345
отговорна	2344
тестовете	2344
легендата	2342
живяла	2342
рицар	2342
алкохола	2342
детайлите	2342
спите	2341
основните	2341
монро	2341
забравили	2339
дадохме	2339
фантазия	2339
чонг	2339
превърнал	2339
същността	2338
съобщенията	2337
дарба	2337
изправиш	2336
палачинки	2336
изпращат	2336
уличница	2336
гуми	2335
подозрително	2335
американските	2335
поръча	2333
пара	2333
страхът	2333
разпада	2332
откажи	2332
закараме	2332
бясна	2331
диксън	2331
управител	2331
подготовка	2330
припадна	2330
национална	2330
разкаже	2330
последни	2330
детективи	2329
свещи	2328
семейни	2328
изгубила	2327
скали	2327
чиния	2326
видение	2325
доклади	2325
достойнство	2325
бевърли	2324
чувстваме	2324
лъжкиня	2324
обяснявам	2324
арестуваме	2323
поръчах	2322
признание	2322
заемеш	2322
широко	2321
начело	2321
възможни	2320
приличаше	2320
предложения	2320
бедствие	2320
разпита	2320
командва	2320
уес	2319
петна	2319
губите	2319
фокс	2319
елвис	2318
вдигаш	2317
приблизително	2317
идеална	2316
прекарва	2316
изчисти	2316
грижат	2316
симптоми	2315
предизвиква	2314
избягали	2313
кметът	2313
съсипе	2312
тео	2311
обвинява	2311
хваща	2310
бекон	2308
започнало	2308
откажем	2308
познах	2308
убийците	2307
магически	2307
отърве	2307
лъч	2307
евтино	2305
карол	2305
променили	2305
богатите	2304
зла	2304
бебчо	2304
коляното	2303
завещанието	2303
миля	2302
оцелеем	2302
предположим	2301
закараш	2301
прощавам	2300
сандвичи	2299
индианците	2299
тв	2299
чад	2298
повтаряш	2298
неправилно	2298
впрочем	2296
присъства	2296
прегърна	2295
смеете	2294
италиански	2293
алан	2293
запомнете	2292
сигнали	2292
напуснала	2292
музей	2292
празника	2291
сергей	2291
деб	2291
напише	2290
контакти	2290
тила	2290
конфликт	2290
войски	2290
отвличането	2290
разгледаме	2290
прозвучи	2289
кръга	2288
мнозина	2288
племе	2288
джорджия	2288
подпис	2287
тих	2287
напуснат	2286
застраховката	2286
пещера	2284
бек	2284
съболезнования	2284
причините	2283
обърнем	2283
немците	2283
типа	2283
фостър	2283
купите	2283
паднеш	2282
вярна	2282
преследваш	2280
мерлин	2279
питаме	2279
обядваме	2278
ангели	2277
консултант	2276
редовно	2276
подкрепям	2275
огледам	2275
личната	2274
изгубили	2274
джобовете	2273
огледало	2273
намирате	2273
китара	2273
конгреса	2273
паспорт	2272
влияе	2272
ефир	2272
наруши	2272
ам	2272
стила	2271
зa	2271
офертата	2271
преследвам	2271
завиждам	2271
метод	2270
израз	2270
схвана	2269
накарал	2269
качество	2269
дъщерите	2269
облечеш	2268
справедливостта	2268
метал	2268
отблизо	2268
скучен	2267
отменя	2266
филаделфия	2266
връзва	2265
крисчън	2265
методи	2265
зелени	2264
спасител	2264
попаднах	2263
очаквал	2263
чандлър	2262
бейзбол	2261
написала	2261
решетките	2260
пистата	2260
елис	2260
създадем	2259
монета	2259
звъниш	2259
мадисън	2259
букви	2259
черният	2259
кредитната	2258
пейтън	2257
можахме	2257
ставаме	2257
трае	2256
надежди	2256
шелдън	2255
решавам	2255
отнасят	2254
шотландия	2254
зарадва	2253
дафни	2253
усмихни	2252
стареца	2252
сун	2251
съучастник	2251
вдовица	2251
вратовръзка	2251
слагат	2250
милиарди	2250
изскочи	2250
златен	2249
be	2249
попадна	2249
свалят	2249
спешна	2248
карайте	2248
колумбия	2248
развива	2248
извънредно	2248
пристъп	2248
майтапиш	2247
търпя	2247
изпитваш	2247
свеж	2244
четирите	2244
греъм	2243
съвест	2243
слушах	2242
командване	2242
осигуря	2241
зомби	2241
усилено	2241
появят	2240
елен	2239
папата	2239
хосе	2239
банки	2239
нащрек	2239
любовница	2239
прояви	2239
аплодисменти	2239
желанията	2238
завършил	2238
забавни	2238
горда	2237
товар	2237
джоел	2236
диета	2236
таймс	2235
заболя	2235
занеси	2235
отговаряй	2235
дороти	2234
професионално	2234
файловете	2233
джулиет	2232
заминем	2232
контролират	2231
твърд	2231
успеете	2231
усмихваш	2231
минавам	2230
раменете	2230
волана	2229
арестува	2228
фонд	2228
хю	2228
подгответе	2227
печалбата	2227
чудиш	2226
посетител	2226
доброволец	2226
свържеш	2226
появяват	2225
нещастна	2225
дадохте	2225
потенциал	2224
пистолетът	2224
мишената	2223
отпреди	2223
император	2222
бисквити	2222
уинстън	2222
спряха	2222
страдаш	2222
мечтая	2221
сандра	2221
четвърт	2221
айнщайн	2221
загадка	2221
галактика	2220
лента	2220
грижим	2220
активност	2220
забравяме	2220
мостика	2220
бебетата	2219
получавате	2219
лейла	2219
брандън	2218
пожарната	2218
смяташе	2218
благодарни	2217
радиация	2216
всичкия	2216
тениска	2216
внимателна	2216
живели	2215
дълбока	2215
бренан	2214
негър	2214
хляба	2214
чувствителен	2214
гравитацията	2213
полезна	2213
сайръс	2212
глух	2212
употреба	2212
показвам	2211
щаба	2211
дърпай	2211
поканиш	2211
джереми	2211
съберат	2210
хънт	2210
лъжата	2210
странното	2209
терена	2208
лесбийка	2208
телефонен	2207
ядете	2206
сети	2206
откачен	2206
батман	2204
шерифът	2204
чека	2203
поръчката	2203
затворим	2203
заговор	2203
проклето	2202
посмял	2202
брет	2202
растения	2202
скапана	2201
бъркаш	2201
създадох	2201
квартира	2201
евентуално	2201
реджина	2201
рейгън	2201
хамънд	2200
японски	2199
замесени	2199
фронта	2199
намина	2199
родни	2199
топлина	2198
убиваме	2198
намерено	2198
задържан	2198
съсредоточи	2197
подпишеш	2196
местни	2195
гордостта	2195
общ	2195
бельото	2194
дрейк	2194
разбие	2194
опиша	2194
летиш	2193
разделя	2193
пристигнаха	2193
появил	2193
управлявам	2193
ценен	2193
ар	2193
ранена	2193
японците	2192
игла	2192
министъра	2191
приятелките	2191
идеите	2191
храниш	2191
почистя	2190
местоположението	2190
гил	2189
церемония	2188
почакам	2188
хлапета	2186
откраднали	2186
парис	2185
профил	2185
ръсти	2184
татенце	2184
шерлок	2184
предпази	2183
изяж	2182
събрание	2182
тренирам	2181
дуайт	2181
хеликоптера	2181
мариса	2181
алфред	2181
сайт	2181
бивши	2180
родени	2180
мафията	2179
щетите	2179
поемем	2179
технологията	2179
справите	2179
гоа	2179
транспорт	2179
силвия	2178
лиам	2178
акции	2178
оставяме	2178
пръчка	2177
спасение	2177
лаптопа	2177
търговия	2177
дишаш	2177
двоен	2177
изпълнен	2177
ив	2176
обичайното	2176
сложни	2176
светия	2176
изморена	2175
отрежа	2175
преоблека	2175
покажат	2175
паркинг	2174
бивша	2174
длъжни	2173
свидетелите	2173
спряхме	2173
адресът	2173
воин	2173
показах	2172
зима	2172
кралството	2172
вълнува	2172
скрито	2172
съпротива	2170
бик	2170
скалите	2170
вдигай	2170
кафенето	2169
декстър	2169
историите	2169
предния	2168
рекламата	2168
освободете	2168
течението	2167
сблъсък	2167
помолим	2167
обещаеш	2167
търговски	2166
завий	2166
кралство	2165
подаде	2165
агентите	2165
уведоми	2164
прекарваш	2164
стигнете	2163
обща	2162
тъпанар	2162
прайс	2162
ловци	2162
споменавам	2162
жестока	2161
електричество	2161
слон	2161
синята	2160
кори	2158
залез	2158
измъкнете	2158
разбия	2158
безполезно	2158
постарая	2157
петър	2157
средно	2157
побъркал	2157
женската	2156
броят	2156
звяра	2156
one	2155
вкараш	2155
изчака	2155
безпокои	2154
зеленчуци	2154
счупена	2154
древни	2154
изкуства	2153
дробовете	2152
червените	2151
жест	2151
компютри	2150
уредим	2150
преживяване	2150
разкараш	2150
клайд	2150
избухне	2150
пращам	2149
кош	2149
тормози	2149
can	2148
появиха	2148
облаците	2148
цивилизация	2148
нечия	2147
сцени	2147
живей	2147
тълпа	2147
описание	2146
рико	2146
извадих	2146
постигнеш	2146
събираме	2145
бялата	2145
шийла	2144
приключили	2144
делата	2144
линейката	2143
булка	2143
пратят	2142
социалните	2142
нежно	2142
разделихме	2142
крила	2142
останки	2141
керъл	2140
белият	2140
правейки	2140
действам	2139
ерин	2139
ханс	2139
казвали	2139
хапнеш	2139
ремонт	2138
царство	2138
отговорни	2138
съли	2138
съдейки	2137
вдясно	2136
откритие	2135
отворих	2135
ефрейтор	2135
завърших	2134
кадри	2134
изберем	2134
наяве	2133
коктейл	2133
газта	2133
раницата	2132
шкафчето	2131
скъли	2131
убихте	2131
лодки	2130
информатор	2130
кан	2130
изчезнат	2130
проститутки	2130
хоби	2130
автомобил	2129
горкото	2129
използвала	2129
бела	2128
боиш	2127
катя	2127
полети	2127
сложила	2127
опасността	2127
великата	2126
мистерия	2126
чакаше	2124
партията	2124
вляво	2123
вътрешни	2123
посоката	2122
силвър	2122
приел	2122
храня	2121
сингх	2121
спасява	2120
тумор	2120
преследване	2120
превоз	2119
острови	2119
ейвъри	2119
винсент	2118
хейстингс	2118
точни	2118
спасите	2118
страстта	2117
бързаме	2117
страдат	2117
змии	2116
хвърлиш	2116
последствия	2116
реванширам	2115
свърза	2115
пуснаха	2115
лейси	2115
площадка	2114
пропуск	2114
прекарахме	2113
гаранцията	2112
млякото	2112
религията	2112
хубавите	2112
стоки	2112
ритуал	2112
произход	2112
хоуп	2111
разследва	2110
поръчки	2110
изгубени	2109
любезен	2109
дреме	2108
самозащита	2107
броуди	2107
вълнувам	2107
заслужаваше	2105
приятни	2105
подпиши	2105
почивката	2104
заведението	2104
правосъдие	2104
движете	2103
споменава	2103
събирам	2103
наведнъж	2103
бойното	2101
прекрати	2101
шефовете	2100
чипс	2100
плод	2100
часовникът	2100
едгар	2100
любимец	2100
изчезнаха	2099
подкрепи	2099
огънят	2099
счупени	2098
сложат	2098
световен	2098
посолството	2098
пропуснеш	2098
лъгал	2098
изядеш	2097
ясни	2096
източници	2096
жал	2096
вкусни	2096
лъжете	2096
загинали	2095
пратим	2095
херкулес	2095
проучвания	2095
финч	2095
компютрите	2095
сейф	2094
фигура	2093
действаш	2093
докосне	2093
антон	2093
императора	2092
стъклото	2092
паспорта	2092
напитки	2092
връх	2092
нападнаха	2091
палто	2089
чили	2089
проклетото	2088
превъзходителство	2088
нечий	2087
включен	2087
бийч	2087
писа	2087
зли	2086
заключен	2086
цирк	2086
успеят	2086
движа	2086
мярка	2085
младежо	2085
челси	2084
отпуска	2084
изплашена	2083
отведи	2082
проследих	2081
структура	2081
избрали	2081
шекспир	2081
диви	2080
дългове	2080
грозен	2080
сочи	2079
късметлии	2079
принцът	2079
пеги	2078
превърнеш	2078
координати	2078
колан	2078
дъската	2077
безкрайно	2076
местната	2076
вкусна	2076
отговарят	2076
шърли	2074
сещате	2074
изведа	2073
повикай	2073
изабела	2072
човешкия	2072
данте	2072
притежаваш	2071
създам	2071
бойци	2070
минала	2070
куршумите	2069
минахме	2069
даваше	2069
къщите	2069
пречка	2068
освободиш	2068
запозна	2068
роки	2067
аризона	2065
афера	2065
ръководител	2065
февруари	2065
главно	2064
съдебна	2064
пристигат	2064
беглец	2063
забавя	2063
жаден	2063
достига	2063
сритам	2063
заспа	2063
очаквахме	2062
харесвал	2062
благословия	2061
подсказва	2061
бири	2061
самоубие	2060
бягството	2060
квит	2060
извънземен	2059
разузнаването	2059
мускули	2059
мъгла	2058
спеше	2057
терапевт	2055
нико	2055
туй	2055
създания	2053
бави	2053
кани	2053
едвам	2053
рече	2053
тормоз	2052
изпитва	2052
оз	2052
наранявания	2052
аларма	2051
санг	2050
куфарчето	2050
алиса	2050
дарил	2050
божи	2050
диска	2049
прецакан	2049
re	2049
вдигам	2048
проверите	2048
братът	2047
целувам	2047
глупчо	2046
излязоха	2045
лампите	2045
писах	2044
елементи	2044
сложили	2044
изпратили	2044
гадни	2043
ползваме	2043
спагети	2043
открива	2042
изгони	2042
хапни	2042
безплатна	2042
откровен	2041
докладва	2041
дъщери	2041
марго	2040
джошуа	2040
тегло	2040
цените	2039
основното	2038
ото	2038
хит	2038
достигна	2037
заслужи	2037
грешната	2037
налягането	2036
томпсън	2036
научила	2036
впредвид	2035
зяпаш	2035
двигателите	2035
измислиш	2035
охайо	2034
шарън	2034
речем	2034
списания	2034
докоснеш	2034
фредерик	2033
домашните	2033
измия	2032
папа	2031
външен	2031
виси	2030
божия	2030
педро	2030
бъд	2029
косми	2029
играеше	2028
ри	2028
айлънд	2028
вал	2028
задавам	2027
шансове	2027
арчи	2027
пасва	2027
подробностите	2026
намирането	2026
оттегля	2025
позволяваш	2024
лиъм	2024
гангстер	2024
плячка	2023
следовател	2023
гледахме	2023
свикнала	2022
вещите	2021
отбия	2021
пениса	2020
чела	2020
предполагах	2020
преместих	2019
напомням	2019
хапна	2019
бандити	2019
диамантите	2018
нужди	2018
la	2018
цени	2018
донован	2018
разваля	2018
студ	2017
успяла	2017
гума	2017
пациентът	2017
последвай	2017
поставим	2016
обикаля	2016
намеренията	2016
престъпленията	2016
доктори	2015
канзас	2015
напълни	2015
пожела	2015
следното	2014
времената	2014
акциите	2013
бъзикаш	2012
планираш	2012
сигналът	2012
красивата	2011
завой	2011
автограф	2010
отнемат	2010
питието	2010
ония	2009
околната	2009
покрие	2009
объркал	2008
уволниха	2007
поправка	2007
оплакване	2007
наса	2007
учителката	2006
цикъл	2005
обясните	2005
измъкни	2005
танцуват	2004
доминик	2003
използвани	2002
изстрели	2002
споменавал	2002
гейбриъл	2002
омразата	2002
качвам	2001
мохамед	2001
делта	2000
нощен	2000
специалните	2000
пали	2000
закъсняваш	1999
успяха	1999
разкрия	1999
напрегнат	1999
разговорите	1998
чуваме	1998
дворец	1998
пристигнал	1997
атмосфера	1997
пожелавам	1996
упражнения	1996
касета	1996
съпротивата	1995
бойна	1994
лампа	1994
гейб	1994
изумително	1994
облекло	1993
конкретно	1993
ботуши	1993
дейта	1993
капана	1993
