να	9569246
το	7460197
δεν	5354999
είναι	5238595
θα	4939701
και	4718628
μου	3566240
με	3186744
για	3083034
την	2966653
τον	2523921
τα	2479800
που	2477071
σου	2464399
σε	2415643
αυτό	2360488
του	2302725
τι	2298379
ότι	2086376
από	1882234
στο	1831681
τησ	1366660
όχι	1365953
ναι	1331107
ένα	1284852
τη	1204489
αν	1193274
αλλά	1185640
εδώ	1151416
μια	1147723
σασ	1137893
τουσ	1129821
ήταν	1128806
μασ	1082495
πρέπει	1017225
είσαι	1001826
είμαι	982319
οι	946218
στην	940013
πολύ	910408
κι	873138
γιατί	844430
πωσ	785242
τώρα	783872
εγώ	778129
εντάξει	754234
κάτι	689123
έχει	683904
ξέρω	682859
τισ	673515
έχω	659512
δε	635503
μην	585442
έτσι	569017
εσύ	555975
καλά	532470
αυτή	531449
θέλω	522362
όταν	507898
στον	494683
στη	482940
μπορώ	479425
ξέρεισ	471631
έχεισ	469137
κάνεισ	460943
μόνο	456432
μαζί	452663
εκεί	448647
σαν	441226
όλα	415449
τίποτα	409387
ευχαριστώ	408824
πώσ	401650
κάνω	395973
απ	386122
τόσο	376398
μπορεί	374596
κάνει	366578
ποτέ	362622
απλά	354760
αυτά	354543
των	345170
έλα	341696
λοιπόν	337757
στα	335695
υπάρχει	330207
ακόμα	329730
μπορείσ	326915
μέσα	322786
πάμε	319167
σπίτι	318719
αυτόσ	315072
τότε	314496
ίσωσ	310279
έχουμε	309993
γι	305078
πιο	304920
παρακαλώ	304767
ένασ	303401
κύριε	302217
πού	301217
μετά	288923
νομίζω	288649
είμαστε	288534
πριν	287939
πάντα	287499
πίσω	284028
γεια	282805
λίγο	280710
πω	279644
όπωσ	274801
δουλειά	256162
αλήθεια	251675
ποιοσ	251401
δύο	246174
είπε	245665
όλοι	239184
είχε	235576
ασ	233013
έναν	232791
λεσ	230749
παιδιά	230153
άλλο	225921
θέλεισ	223039
ζωή	220272
κάνουμε	217884
δω	215484
πάω	212164
μη	208324
έξω	206458
καλό	202908
είπα	201013
μία	199780
έχουν	199189
επειδή	199165
ήμουν	197800
μέχρι	193545
στισ	191608
έπρεπε	190259
κοίτα	190191
ώρα	189034
πάνω	188929
μένα	188541
φορά	188337
χρόνια	188308
σένα	187515
είστε	185390
ήθελα	185019
ούτε	184849
σωστά	184073
ωραία	182810
όμωσ	182573
κάποιοσ	182419
μα	182242
κάθε	180448
πράγματα	180390
πεσ	179186
είχα	177761
καλή	175587
χωρίσ	172747
μέρα	172399
κάτω	172301
γυναίκα	171669
μπορούμε	171250
μόλισ	169179
κανείσ	167823
θεσ	167746
έκανε	166275
μαμά	165347
ακριβώσ	165201
καλύτερα	162205
αυτόν	160249
πάει	159670
σήμερα	159402
αρέσει	159218
θέλει	157641
λέει	152817
πόσο	152642
συγγνώμη	150438
έκανα	150348
φαίνεται	147918
θεέ	147428
φυσικά	147325
λυπάμαι	146958
μέροσ	146383
συμβαίνει	146361
έγινε	146134
πασ	143098
εμένα	141834
πεισ	141589
πολλά	141398
όσο	139403
στιγμή	139042
κάποιον	138596
λάθοσ	136227
οπότε	135746
πράγμα	134901
έχετε	134524
χρόνο	134446
είπεσ	134116
δυο	132682
γίνει	131064
εσένα	130926
κάποια	128160
ωσ	127967
περίμενε	127290
πρόβλημα	127000
παιδί	125303
ειναι	124968
ήσουν	124751
πραγματικά	124385
πάλι	124188
άλλη	124109
απο	123661
έκανεσ	122637
οχι	121035
όλο	120488
χρειάζεται	119674
βλέπω	118413
μητέρα	117929
υπάρχουν	117790
πιστεύω	117487
κυρία	116848
δικό	116726
ίδιο	116200
φίλε	115979
γρήγορα	115945
στουσ	115377
πάρει	115200
σίγουρα	114752
πάρω	114535
αρκετά	114305
μπαμπά	114015
ιδέα	113854
όλη	112703
εσείσ	111952
λένε	110710
λεφτά	110513
γίνεται	110398
νέα	110203
λέω	109995
ξέρει	109611
πήγαινε	107513
νομίζεισ	106568
φορέσ	105960
δει	105528
μάλλον	105385
ήδη	104083
είδα	102712
σημαίνει	102351
εμείσ	102334
ακόμη	102099
όλουσ	102043
πατέρασ	100781
οτι	100342
κάνουν	98983
καιρό	98785
προσ	98633
εκτόσ	97474
κόσμο	96563
βράδυ	96166
μωρό	95498
συγνώμη	95309
όνομα	94929
πατέρα	94865
βλέπεισ	94765
χαρά	94520
αύριο	94465
μπορούσα	93997
σταμάτα	93732
μπορείτε	93582
μόνοσ	93444
αυτέσ	92898
νόμιζα	92003
αγάπη	91877
πρόκειται	91699
τελευταία	91273
άνθρωποι	89427
πρώτη	89368
πει	89013
μεγάλη	89003
τί	88699
καταλαβαίνω	88604
ήξερα	88520
δίκιο	88079
απόψε	88020
κανένα	87981
συνέβη	87343
μακριά	87252
τέλοσ	87152
ποιο	86620
μπορούσε	86492
απλώσ	86455
αμέσωσ	85924
ξανά	85838
πότε	85776
τρόπο	85642
πάρε	85426
θέση	85314
μήπωσ	85299
αυτοί	84969
ξέρετε	84747
αυτούσ	84620
ήρθε	84504
εαυτό	84024
δική	83922
ποια	83105
αυτήν	82618
μάλιστα	82558
κάνετε	82453
περισσότερο	82162
κατά	81082
πόλη	81044
πια	80859
κορίτσι	80783
θέλετε	79216
κάποιο	78582
λεπτό	78537
κοντά	78423
χρειάζομαι	78191
θέμα	78141
μιλήσω	77923
μέρεσ	77854
είχεσ	77778
τύποσ	77704
λεπτά	77291
επίσησ	77276
χέρια	76978
εκείνη	76912
έρθει	76848
βρω	76564
τέτοιο	76361
μερικέσ	75804
πειράζει	75500
βοήθεια	74838
εννοώ	74735
άνθρωποσ	74550
μεγάλο	74465
βρούμε	74197
ανθρώπουσ	73698
δεισ	73635
καθόλου	73544
εννοείσ	73260
ορίστε	72988
αφού	72763
πέρα	72751
όπλο	72679
σίγουροσ	72561
ιστορία	72503
πήρε	72422
δούμε	72219
πρωί	72211
ήθελε	72083
ελπίζω	72023
πόρτα	71820
μάτια	71406
κάνε	71246
δρόμο	71128
όλεσ	70574
πιστεύεισ	70501
ομάδα	69392
μπροστά	69111
κακό	69104
καλύτερο	69090
σχέση	69053
καλόσ	68972
μόνη	68696
ώρεσ	68646
αστυνομία	68389
φύγω	68183
θυμάσαι	67589
ευκαιρία	67572
λόγο	67458
διάολο	67182
βοηθήσω	67151
χέρι	67099
αμάξι	66743
ώστε	66105
νύχτα	66059
χαίρομαι	65602
κεφάλι	65475
πήγε	65452
φύγε	65375
ξέρουμε	65293
γραφείο	65089
βρήκα	65038
καν	64925
τέλεια	64578
γαμώτο	64412
άλλα	64344
ελάτε	64301
δωμάτιο	64028
μιλάσ	63953
ίδια	63946
δώσε	63740
κόρη	63708
φίλοσ	63577
όπου	63542
κανέναν	63169
αγαπώ	62618
πρώτα	62266
ψέματα	61706
οικογένεια	61664
καμία	61644
πάρεισ	61635
χρήματα	61591
vα	61487
δηλαδή	61207
ανησυχείσ	61139
αγόρι	60855
τρεισ	60628
ενόσ	60208
πέθανε	60173
ωραίο	60033
σοβαρά	59827
αλλιώσ	59580
είχαμε	59373
άντρασ	59093
τουλάχιστον	58865
έρχεται	58676
πάνε	58599
μικρό	58467
καρδιά	57846
πήρα	57796
δύσκολο	57633
φύγουμε	57507
πούμε	57484
τηλέφωνο	57251
λέμε	56866
αργότερα	56209
εάν	56207
νερό	56057
σχεδόν	55925
τέτοια	55803
είδεσ	55609
κάπου	55286
μεταξύ	55275
χθεσ	55072
νιώθω	55032
ποιόσ	54870
αντίο	54847
υπόθεση	54799
πέντε	54178
δώσω	54109
μήνεσ	53766
μυαλό	53746
τρία	53667
θυμάμαι	53607
συμβεί	53495
κόσμοσ	53462
θέλουν	53114
ενα	53024
αίμα	52938
μικρή	52830
ρε	52804
πάρα	52789
σχολείο	52316
τρόποσ	52315
σύντομα	52244
γυναίκεσ	52200
καμιά	52187
βέβαια	51983
μπορούν	51887
υποθέτω	51800
θέλουμε	51626
σκατά	51604
ήθελεσ	51523
μπαμπάσ	51292
είχαν	51085
άλλοσ	51001
μιλήσουμε	50976
αυτο	50612
αργά	50608
εμάσ	50350
μερικά	50313
άντρεσ	50242
φίλοι	50188
τρέχει	49801
συνέχεια	49727
φυλακή	49052
σκέφτηκα	48899
φύγει	48818
ήρθεσ	48680
πείτε	48333
εκείνο	48236
αφήσω	48205
όσα	48141
ήρθα	48122
νεκρόσ	47979
πλάκα	47717
έρθεισ	47602
ποιον	47576
σημασία	47538
γύρω	47324
βρεισ	47087
παιχνίδι	47076
καλημέρα	46636
χάρη	46596
καταλαβαίνεισ	46397
έλεγα	46330
κατάλαβα	46283
σκοτώσει	46129
ελα	46117
σημαντικό	46071
άσε	46049
πολλέσ	45966
πάρουμε	45878
όνομά	45875
συγχωρείτε	45870
φύγεισ	45838
άντρα	45730
κατάσταση	45634
σκότωσε	45572
εσάσ	45555
φαγητό	45515
φοβάμαι	45434
κορίτσια	45222
ηταν	45158
κοπέλα	45149
βασικά	45083
εμπρόσ	45060
λόγοσ	44927
αυτοκίνητο	44773
κανένασ	44180
ζωήσ	44119
πρώτο	44082
γονείσ	44062
απόδοση	43922
άλλουσ	43655
θεόσ	43653
αστείο	43555
γλυκιά	43547
πεθάνει	43513
νοιάζει	43413
μείνε	43373
έφυγε	43352
ενώ	43312
σχέδιο	43275
υπήρχε	43239
δολάρια	43185
έτοιμοσ	43095
τύχη	42910
αρχή	42817
πόδια	42739
έρθω	42694
άσχημα	42610
οποίο	42572
σωστό	42427
όμορφη	42400
σίγουρη	42244
τo	42226
νέο	42204
τελικά	42161
άκουσα	42020
προσπαθώ	41793
βοηθήσει	41777
κε	41590
εχω	41454
μοιάζει	41288
φίλουσ	41128
περίπου	41088
μπορούσεσ	40945
αφεντικό	40354
χρειαζόμαστε	40131
δύναμη	40108
κάναμε	40041
καλύτερη	39983
μείνει	39664
γειά	39618
γη	39543
έδωσε	39513
βρήκεσ	39489
περίπτωση	39475
γιοσ	39412
ραντεβού	39206
ακούγεται	39166
πάρτι	39163
επόμενη	39144
φέρω	39027
κύριοι	38842
ακούω	38821
καλώσ	38807
περάσει	38615
περιμένω	38595
έι	38480
μισό	38424
επιλογή	38377
σώμα	38375
τύπο	38323
κύριοσ	38127
βρει	38123
χώρα	38023
νοσοκομείο	38020
μιασ	37911
τζακ	37878
βιβλίο	37870
πλέον	37696
μπράβο	37659
μάθω	37621
μείνω	37612
φίλο	37402
αφήσεισ	37399
περισσότερα	37349
ακούσ	37210
καφέ	37172
έξι	37141
όπλα	36775
μήνυμα	36721
πρόσεχε	36696
γιο	36605
ήμασταν	36604
κα	36241
σχετικά	36239
δεv	36234
δείτε	36160
χρειάζεσαι	36082
διαλόγων	36065
άρεσε	35962
ταινία	35921
εύκολο	35902
αφήστε	35858
αξίζει	35848
πρόσωπο	35779
καληνύχτα	35741
σκέφτομαι	35554
βρίσκεται	35528
οτιδήποτε	35519
άκου	35347
περιμένετε	35346
αρέσουν	35262
άλλον	35249
πήρεσ	35211
πήγα	35189
συμφωνία	35169
σκοτώσω	35047
κρεβάτι	34980
είπαν	34932
μιλάω	34927
άλλεσ	34785
ποτό	34751
προφανώσ	34709
άφησε	34692
ερώτηση	34655
περιμένει	34650
the	34643
σεξ	34625
ηρέμησε	34542
δρ	34461
δίπλα	34418
άλλοι	34246
αυτού	34201
φίλη	34118
σαμ	34108
κάπωσ	34012
ξέρουν	33923
βάλω	33890
σειρά	33827
κοιτάξτε	33754
ήξερε	33613
τελευταίο	33596
τζον	33548
πραγματικότητα	33518
παρά	33505
λέτε	33420
εδω	33361
μείνεισ	33326
τελείωσε	33301
έρχομαι	33267
στ	33208
ήξερεσ	33162
έλεγε	33120
γνωρίζω	33102
γιατρόσ	33082
πέρασε	33057
ακούσει	32951
έκαναν	32913
δουλεύει	32828
ρούχα	32814
λέξη	32759
στοιχεία	32728
κάποιεσ	32467
υπέροχο	32257
παλιά	32230
φωτιά	32228
αδερφή	32114
σημείο	32081
ερωτήσεισ	32007
δεσ	32001
πλευρά	31994
εντελώσ	31963
δώσει	31934
γίνω	31911
δέκα	31899
κομμάτι	31815
άρα	31746
δικά	31656
γίνεισ	31637
περιοχή	31590
φωτογραφία	31556
πουθενά	31516
λίγη	31478
επάνω	31395
μιλάμε	31353
είδε	31351
τελειώσει	31339
εβδομάδα	31292
βρήκαμε	31287
μάθει	31130
δείπνο	31080
υπέροχα	31044
προσοχή	31034
πάτε	30960
οικογένειά	30879
περίεργο	30802
βρήκε	30777
μάθεισ	30719
περίμενα	30622
είδουσ	30563
προβλήματα	30555
πληροφορίεσ	30554
ημέρα	30482
βοηθήσεισ	30476
πόσα	30445
χριστέ	30378
επιμέλεια	30340
κάτσε	30324
μιλήσει	30271
μέλλον	30242
μιλάει	30216
πολλοί	30106
ντε	30004
ταξίδι	29934
φύγετε	29805
ετσι	29764
είτε	29614
άδεια	29611
εχει	29608
άτομο	29535
οποία	29283
προσπάθησε	29162
εχεισ	29141
δείξω	29137
θάνατο	29097
μουσική	29070
σκάφοσ	28977
πόλεμο	28931
σκέφτεσαι	28877
κάποτε	28862
τιμή	28797
σκάσε	28688
καθώσ	28642
γυρίσω	28527
τόσα	28483
γνώμη	28458
επιτέλουσ	28412
παντού	28375
τμήμα	28357
εναντίον	28309
μακάρι	28305
χάλια	28302
υπό	28293
έτοιμη	28244
πάρτε	28243
εκείνοσ	28196
παίρνει	28193
τζο	28189
ρωτήσω	28133
θεού	28085
ασφάλεια	28060
υποτίθεται	27991
μήνα	27843
νιώθεισ	27841
υπόσχομαι	27806
πτώμα	27791
είδοσ	27777
συνήθωσ	27739
έρχονται	27737
μαλλιά	27703
αλλα	27628
σύστημα	27587
ντετέκτιβ	27582
γιατρέ	27490
όντωσ	27459
λίστα	27400
έτοιμοι	27395
αλλάξει	27392
γάμο	27378
κέντρο	27377
αποστολή	27331
φοβάσαι	27308
οκ	27267
φωσ	27262
δώσεισ	27259
λίγα	27210
μάικλ	27178
δώρο	27175
οταν	27109
χρόνοσ	27043
κυρίεσ	27032
κατάλαβεσ	27001
πρώτοσ	26999
μέση	26972
θεό	26963
ενδιαφέρον	26957
συνέχισε	26911
καλύτεροσ	26910
φωτογραφίεσ	26855
άνθρωπο	26763
όμορφο	26735
άνδρεσ	26695
βάλε	26686
είvαι	26679
τρελόσ	26611
ευχαριστούμε	26596
ισωσ	26504
βδομάδα	26478
χρειαστεί	26413
έρευνα	26383
φέρε	26383
τσάρλι	26332
εν	26290
νόημα	26290
δεσποινίσ	26264
λόγια	26076
μπορούσαμε	25932
τέλειο	25890
αδελφή	25790
λείπει	25738
στόμα	25675
καιρόσ	25638
άκρη	25628
ματιά	25624
συγχωρείσ	25596
έμαθα	25584
σταματήστε	25560
σκεφτόμουν	25548
έλεγχο	25541
ακούστε	25473
μυστικό	25374
ίδιοσ	25334
μιλήσεισ	25297
περιμένεισ	25294
άντε	25272
κου	25259
πρώην	25242
παραπάνω	25174
σταματήσει	25119
εξαιτίασ	25042
λιγότερο	25011
κράτα	24978
επίθεση	24935
περιμένουμε	24766
σκοτώσεισ	24688
πλοίο	24665
δίνει	24478
έχασα	24384
συχνά	24341
αφορά	24301
θύμα	24224
παίρνεισ	24182
βάση	24142
ατύχημα	24123
παίζει	24108
τομ	24104
δολοφόνοσ	24065
εκατομμύρια	24036
ξενοδοχείο	24013
βρείτε	24005
ήρθατε	23975
πηγαίνετε	23968
βγει	23928
έπεσε	23904
δείχνει	23868
αέρα	23827
φρανκ	23809
εισαι	23806
μεγάλοσ	23789
βλέπετε	23780
τίποτε	23757
μικρέ	23680
βγάλω	23672
παρελθόν	23642
μένει	23615
πάντων	23592
ειλικρινά	23529
δουλειέσ	23491
δικόσ	23468
ρα	23458
λόγω	23444
ανάγκη	23442
δουλεύω	23415
ξαφνικά	23406
ανάμεσα	23387
άτομα	23350
ειμαι	23187
φεύγω	23135
κάντε	23135
αφήσουμε	23135
σάρα	23126
άκουσεσ	23057
μoυ	23030
γραμμή	23013
μισώ	22978
ψηλά	22964
αδερφόσ	22943
απάντηση	22930
χώρο	22900
έλεγεσ	22850
πόδι	22837
ζωντανόσ	22828
σκηνή	22804
αισθάνομαι	22791
εκ	22780
τελείωσ	22775
νωρίσ	22760
μάνα	22754
πίστευα	22705
δουλεύεισ	22704
παίρνω	22686
γιαγιά	22655
αγόρια	22624
σκέψου	22611
ζήτησε	22592
κάνατε	22565
παράξενο	22542
πιστεύει	22525
αγαπάσ	22523
παρέα	22510
ορκίζομαι	22442
έστειλε	22369
χάρηκα	22349
tι	22339
τραγούδι	22333
μπαρ	22331
τραπέζι	22325
εβδομάδεσ	22239
πήγεσ	22197
ναί	22160
παλιό	22133
σήμα	22133
χιλιάδεσ	22089
συγχαρητήρια	22085
αντί	22065
θανάτου	22036
φωνή	21991
μπάνιο	21988
προσπαθεί	21975
φαίνεσαι	21967
έβαλε	21950
ύπνο	21910
επόμενο	21848
δικαίωμα	21820
λέγεται	21812
τηλεόραση	21805
τέσσερα	21743
κάποιοι	21741
επαφή	21734
κλειδί	21725
κρίμα	21700
μικρόσ	21669
πεθάνω	21668
δώ	21633
σύμφωνα	21613
μάικ	21589
ει	21579
διαφορετικά	21489
λίγεσ	21387
κίνηση	21379
έδωσα	21374
απόφαση	21373
αεροπλάνο	21353
μάχη	21273
τρελό	21227
χάσει	21189
κοιτάσ	21144
ανήκει	21133
εγω	21087
μαγαζί	21079
πρόγραμμα	21076
λιγάκι	21038
φέρει	21033
αρκετό	20996
ειδικά	20989
μείνετε	20983
κύριο	20978
γεγονόσ	20961
έκπληξη	20937
αφήσει	20894
βάλει	20871
δισ	20825
προσέχεισ	20824
πρεπε	20819
κόσμου	20816
ακούσω	20786
δεξιά	20773
ζητήσω	20753
μαλακίεσ	20710
ζει	20710
σταματήσεισ	20696
βασιλιάσ	20679
προσπάθησα	20646
ποιό	20593
συνάντηση	20563
χρονών	20547
νεκρή	20491
φόνο	20476
κινητό	20469
πιστέψω	20456
γύρνα	20404
έφερα	20395
υόρκη	20368
ψυχή	20334
βάλεισ	20326
επιστρέψω	20254
πηγαίνω	20201
γιατρό	20185
πεθάνεισ	20173
άρχισε	20114
μηχανή	20034
ασφαλήσ	20032
προσπαθείσ	20014
γιατι	19973
άνοιξε	19964
ψάχνω	19957
ησυχία	19897
μπει	19854
απόγευμα	19848
μέτρα	19845
προσωπικό	19817
πρόεδροσ	19775
νούμερο	19768
καταλάβει	19757
βασιλιά	19754
καλησπέρα	19748
σκεφτώ	19716
πολυ	19635
αγαπάω	19578
δυνατά	19568
έφερε	19558
αναφορά	19549
σήκω	19543
καταλάβω	19512
τέσσερισ	19480
υπέροχη	19473
δεύτερη	19458
εύκολα	19433
αποδείξεισ	19375
πρεπει	19352
νωρίτερα	19324
γράμμα	19309
πολλούσ	19304
ασφαλείασ	19257
ολα	19256
γυρίσει	19250
χριστούγεννα	19237
βόλτα	19200
γνωρίζεισ	19193
team	19184
περάσω	19175
δικαστήριο	19173
ξέχνα	19158
πράγματι	19158
δυνάμεισ	19150
δώσ	19149
δύσκολη	19137
όνειρο	19119
πρωινό	19114
ποιοι	19066
ήσασταν	19007
είχατε	18978
τσάντα	18966
παίζεισ	18940
χτύπησε	18928
είπατε	18891
ναρκωτικά	18886
αναρωτιέμαι	18877
βλέπει	18853
πάρετε	18850
ντέιβιντ	18845
μεγαλύτερο	18828
γνώρισα	18828
φαντάζομαι	18826
κουτί	18820
νέοσ	18793
δυστυχώσ	18789
βρεσ	18754
εταιρεία	18745
κανόνεσ	18732
διαφορά	18709
μπεσ	18704
δίνω	18688
αλλού	18674
σταματήσω	18654
θεία	18630
απολύτωσ	18609
σκότωσεσ	18585
ελπίδα	18572
τρελή	18446
αληθινό	18398
μόνοι	18397
διαμέρισμα	18361
επιχείρηση	18304
άνδρασ	18303
ξέχασα	18283
ηλίθιοσ	18263
όποιοσ	18236
πήραν	18206
κόλαση	18203
νομίζει	18183
πηγαίνει	18166
σιγά	18148
καταλάβεισ	18144
fbi	18136
χειρότερο	18135
πάντωσ	18122
βγεσ	18102
ποιά	18080
απλό	18050
βγήκε	18041
σα	18037
μάθημα	18028
κρατήσει	17987
παράθυρο	17983
εκκλησία	17974
κρασί	17935
αγώνα	17926
κώλο	17903
ηλικία	17901
αρχίσει	17889
μάθουμε	17850
ωχ	17815
κάποιου	17808
τάξη	17758
απίστευτο	17732
φτάνει	17724
μαξ	17719
τωρα	17719
τσάι	17718
αδερφό	17708
αμερική	17702
λατρεύω	17687
τηv	17686
βίντεο	17657
θάλασσα	17647
μίλησα	17606
αρχεία	17602
μεγαλύτερη	17575
υπήρχαν	17562
κρατήσω	17561
πλάτη	17515
όμορφα	17508
to	17491
κακή	17454
κάρτα	17451
έρθουν	17443
σκοπό	17426
ακούσεισ	17426
κάθαρμα	17423
ζωέσ	17388
νομίζετε	17359
μέσω	17327
χρόνου	17311
σκοτώσουν	17303
έβαλα	17296
δίνεισ	17290
έρχεσαι	17266
μισ	17253
μπήκε	17231
αριστερά	17221
μπεν	17220
πλανήτη	17213
εχουμε	17204
δωμάτιό	17203
ενδιαφέρει	17138
εξηγήσω	17104
όλων	17065
σκότωσα	17046
μάτι	17040
στοίχημα	17039
μείνουμε	17029
δυνατόν	17026
γύρισε	17024
πρόσωπό	17018
σχέδια	16997
χτεσ	16996
μπω	16993
άκουσε	16992
ήρθαν	16960
κάθισε	16933
ξαναδεί	16915
αρχηγόσ	16912
βγάλε	16890
εσυ	16858
αφήνεισ	16844
γλυκό	16818
αχ	16807
κάλεσε	16780
ανησυχώ	16776
χρειάζονται	16771
μέρη	16757
παπούτσια	16743
μισή	16704
λαιμό	16671
τυχερόσ	16661
συζητήσουμε	16623
σκύλα	16616
μίλα	16599
ζήτησα	16592
χαρτιά	16582
πάρουν	16577
φέρεισ	16562
αδελφόσ	16549
βάλουμε	16543
βρέθηκε	16504
πέρασα	16474
κάμερα	16463
βγαίνει	16453
βδομάδεσ	16442
χειρότερα	16431
όποτε	16421
βγούμε	16356
σκληρά	16353
θάνατοσ	16325
βιβλία	16320
φτιάξω	16290
αριθμό	16288
κτίριο	16283
φτάσει	16279
εποχή	16279
αρχηγέ	16277
ετών	16275
χει	16184
συγχρονισμόσ	16163
γλώσσα	16148
τράπεζα	16146
άφησα	16128
τού	16127
σφαίρα	16115
υπηρεσία	16110
πιθανόν	16093
άλογο	16058
φεύγει	15992
πήγαν	15987
φασ	15955
πάρτυ	15951
γυρίσεισ	15942
στρατό	15918
βοήθησε	15914
πραγματικό	15912
διεύθυνση	15911
προσωπικά	15880
δόξα	15878
πηγαίνεισ	15870
χάσω	15835
επιστρέψει	15813
τέρασ	15806
αισθάνεσαι	15805
πόνο	15802
στείλω	15794
σαι	15773
μικρά	15730
κακόσ	15715
εταιρία	15713
σταματήσουμε	15696
τηλεφώνησε	15695
ευτυχώσ	15685
γιε	15679
φάμε	15667
βρήκαν	15660
διάρκεια	15641
μπλε	15631
δουν	15631
μπύρα	15630
βασίλισσα	15615
δάσοσ	15598
κυβέρνηση	15594
πέσει	15586
απαντήσεισ	15583
βόμβα	15576
στάσου	15571
μεγάλα	15557
συζήτηση	15555
βγάλεισ	15541
αλλαγή	15526
χορό	15513
δικηγόροσ	15499
πράκτορασ	15488
σoυ	15482
θεραπεία	15481
βαθιά	15474
φορτηγό	15473
κοινό	15446
μέρουσ	15429
πρόεδρε	15414
κίνδυνο	15413
σημάδι	15389
βοήθειά	15387
εύχομαι	15382
επικίνδυνο	15382
κομμάτια	15361
πονάει	15334
κόκκινο	15332
άλλαξε	15328
φεύγεισ	15306
δείξε	15299
ζώα	15283
ασφαλέσ	15274
σύζυγόσ	15256
πράκτορα	15228
πόλεμοσ	15226
αδερφέ	15224
ήρεμα	15197
σοβαρό	15185
παρίσι	15181
φοβερό	15177
μαχαίρι	15161
έγκυοσ	15142
κλειδιά	15114
καθένασ	15110
διορθώσεισ	15098
διάστημα	15088
διότι	15088
δεύτερο	15071
ειλικρινήσ	15068
τζέιμσ	15056
πόσεσ	15055
βεβαίωσ	15043
γίνονται	15039
γεμάτο	15034
δώστε	15018
νεκροί	14986
εικόνα	14959
ολόκληρη	14937
τελειώσαμε	14899
τζορτζ	14899
πιστεύετε	14895
κουζίνα	14890
διαφορετικό	14883
προσπαθήσω	14873
πιάσει	14838
αυτήσ	14824
περιμένουν	14808
δευτερόλεπτα	14794
προσφορά	14761
σωστή	14757
κει	14748
δυνατό	14731
εξ	14723
βγω	14718
σερίφη	14711
κόλπο	14686
νεκρό	14683
ζωντανή	14680
πόλησ	14657
ζευγάρι	14655
εκτιμώ	14647
ντάνι	14643
μπάλα	14639
τζιμ	14639
έξυπνοσ	14622
χαλάρωσε	14611
σύζυγοσ	14587
βγάζει	14565
άνδρα	14562
πολλή	14553
μού	14547
έχασε	14538
διακοπέσ	14532
λύση	14532
ενασ	14531
γνωρίζει	14521
μέλοσ	14520
θέλαμε	14516
ψάχνεισ	14509
είδατε	14486
ονόματα	14484
βρίσκω	14483
ψάχνουμε	14483
season	14477
αίσθηση	14472
μύτη	14472
βρουν	14461
έγιναν	14460
καλοί	14460
μαίρη	14452
δώσουμε	14450
βήμα	14427
νησί	14414
αρχίζει	14406
τoυ	14404
πίστη	14401
κρατάει	14383
επτά	14382
λειτουργεί	14373
θέλατε	14358
τηλεφωνήσω	14357
μαύρο	14355
κρύο	14351
κάν	14343
ζητώ	14320
εκείνον	14313
έδαφοσ	14299
αίθουσα	14298
αστυνομικόσ	14292
βγάλουμε	14291
επί	14284
λονδίνο	14283
ξεκινήσουμε	14275
δικηγόρο	14263
απόλυτα	14260
δικέ	14255
ίχνη	14242
έφερεσ	14235
χένρι	14233
μυστικά	14226
είπαμε	14220
you	14188
περάσεισ	14174
ήρθαμε	14161
λέξεισ	14152
λογαριασμό	14151
αγαπάει	14139
φάει	14135
ημέρεσ	14121
κλαμπ	14116
εξαφανίστηκε	14077
έδωσεσ	14073
τουαλέτα	14060
αρκεί	14044
ταιριάζει	14026
έπιασε	14007
βάζεισ	14004
γίνουν	13990
σκέψη	13983
έγκλημα	13979
episode	13957
ελεύθεροσ	13954
λι	13953
άσχημο	13952
εξαρτάται	13949
πελάτεσ	13939
ταξί	13937
κοιμηθώ	13924
ηλίθια	13919
οπωσ	13910
μπιλ	13885
πίεση	13880
στρατιώτεσ	13879
έργο	13870
έφτασε	13843
ενέργεια	13841
καλέσ	13810
τρίτη	13793
τρένο	13789
θέσεισ	13781
φεύγουμε	13774
μετάφραση	13755
ολοι	13751
κιόλασ	13748
κοσ	13743
ρέι	13739
μιά	13731
γαμήσου	13725
άφησεσ	13708
συνεχίσουμε	13707
τεστ	13691
συμφωνώ	13670
καλέσω	13655
γαμημένο	13638
μπορούσαν	13638
ανθρώπων	13636
ξεκίνησε	13630
ρωτάσ	13621
φροντίσω	13618
κατι	13615
παππού	13600
παιχνίδια	13598
μαλάκα	13593
μαρκ	13588
βγάλει	13577
κοίταξε	13560
προσπάθεια	13549
κρατήσεισ	13542
εμπιστοσύνη	13535
χωριό	13504
φάω	13471
παράδειγμα	13460
χάσεισ	13454
σταθμό	13451
έτοιμο	13427
πιθανότητα	13420
περάστε	13409
tο	13363
θυμάστε	13359
φταίει	13334
ποιόν	13308
ολόκληρο	13305
τόση	13296
αγαπητή	13286
φοράσ	13242
νά	13240
εμπειρία	13239
εργαστήριο	13238
στολή	13227
ψάχνει	13224
υπεύθυνοσ	13216
ιστορίεσ	13216
πίστεψέ	13212
χρειαζόταν	13205
ευτυχισμένη	13180
αποκλείεται	13166
περνάει	13165
τοίχο	13154
σόου	13139
βρίσκονται	13131
μπεισ	13131
γινόταν	13131
έπαθε	13091
πραγματική	13089
περάσουμε	13076
φώτα	13070
χρυσό	13058
περισσότεροι	13054
θείοσ	13029
δείχνεισ	13024
πρόταση	13017
σκεφτείσ	13010
ηλίθιο	12989
πρόσβαση	12979
λεωφορείο	12976
πάτερ	12967
γλυκέ	12965
κλείσε	12946
βάροσ	12935
τύποι	12934
γυρίσουμε	12925
έχασεσ	12924
apos	12924
τρύπα	12923
πεθαίνει	12919
σεβασμό	12919
γεύμα	12917
αλλάξω	12912
ζω	12904
κλήση	12903
ζήσει	12883
υπόλοιπα	12845
ζεισ	12836
δίκη	12819
προτιμώ	12807
μπα	12802
γνωρίζετε	12787
πoυ	12783
δίκαιο	12783
εννοούσα	12773
διαδικασία	12760
κυβερνήτη	12754
μερικούσ	12747
τω	12743
βοήθησέ	12739
παραλίγο	12733
πάθει	12729
φέρνει	12722
βγεισ	12699
ρίξω	12696
βραδιά	12694
πνεύμα	12683
γκέι	12667
μακ	12666
υπολογιστή	12664
κρατάσ	12663
βοηθήσουμε	12648
ζήσω	12648
πιστεύουν	12637
καπέλο	12628
επεισόδιο	12612
χω	12600
αληθινή	12590
σώσει	12590
γέφυρα	12589
αυτη	12584
σημαντική	12571
βοηθάει	12561
άρρωστοσ	12558
κοριτσάκι	12550
μεγάλε	12538
μίλια	12524
μίλησε	12513
εστιατόριο	12508
συνεχώσ	12501
συμπεριφορά	12491
εργασία	12465
σκοτώθηκε	12464
δικούσ	12451
χα	12447
κατάφερεσ	12436
πάτωμα	12429
λουλούδια	12428
γάμοσ	12428
στοιχείο	12427
αίματοσ	12425
ανησυχείτε	12418
πτήση	12409
ειρήνη	12407
σταμάτησε	12407
ρολόι	12401
ξύπνα	12363
αποτέλεσμα	12348
χάρι	12338
έμεινε	12336
βλέπουμε	12329
σκεφτεί	12313
στόχοσ	12285
πήραμε	12273
ηπα	12243
έμαθεσ	12236
πίτερ	12230
μπομπ	12219
φαίνονται	12212
δουλέψει	12210
δέντρο	12209
ήθελαν	12207
καινούργιο	12197
τελειώσω	12191
καθίστε	12190
δικιά	12185
ζώνη	12185
μερικοί	12160
εεε	12158
φταίω	12157
ζωντανό	12148
μοίρα	12140
σκοτάδι	12133
γωνία	12131
επέστρεψε	12122
δόντια	12116
έπιασα	12109
σπίτια	12097
σκυλί	12088
πηγαίνουμε	12068
καινούριο	12034
πάρ	12030
χρώμα	12024
αγαπημένο	12020
φόρεμα	12016
λεπτομέρειεσ	12014
λεξ	12011
επιπλέον	12001
γίνεσαι	11978
ρώτησα	11972
δέν	11963
συνέντευξη	11958
τζέι	11958
ταινίεσ	11941
φτάσουμε	11912
επίπεδο	11890
ήσυχο	11890
περισσότερεσ	11889
παίξουμε	11877
έβαλεσ	11874
ξερω	11870
μπουκάλι	11865
έρωτα	11863
δολοφονία	11863
κρισ	11857
μπορέσω	11847
dna	11830
ξεχάσω	11815
μαλάκασ	11815
χρειαστείσ	11812
επιτυχία	11805
ρόλο	11804
κανεισ	11790
εξετάσεισ	11783
ράιαν	11776
χαρτί	11771
σον	11760
τζόνι	11759
στo	11759
προστασία	11758
αδελφό	11756
τζίμι	11748
παράσταση	11733
χάσαμε	11732
αρχίσουμε	11726
κοιμάται	11721
κλείσω	11716
σκληρό	11698
πορεία	11697
άκουσέ	11688
ενάντια	11681
έκλεψε	11680
πολέμου	11679
ρίτσαρντ	11651
οποιαδήποτε	11638
πληρώσω	11635
αφήνει	11629
κουβέντα	11628
εκει	11621
έμαθε	11618
ρίξε	11610
συμβουλή	11599
ντάνιελ	11593
βόρεια	11589
λόγουσ	11574
καθαρά	11552
κέιτ	11549
ιδιαίτερα	11539
πήγαινα	11521
όνειρα	11521
ακρίβεια	11516
εξάλλου	11513
κατευθείαν	11507
αλλάζει	11505
καλα	11503
πιάσουμε	11486
αφήνω	11479
τζέικ	11479
χρησιμοποίησε	11478
τέτοιεσ	11463
πιστεύουμε	11454
ευθύνη	11444
μιλάτε	11434
ματ	11427
κατ	11404
μητέρασ	11401
πουλί	11398
εφημερίδα	11394
ελευθερία	11392
κυρίωσ	11380
τηλεφώνημα	11380
κόπο	11373
διαταγέσ	11370
νικ	11356
πολιτική	11351
κέβιν	11344
σκύλο	11339
ηλίθιε	11324
γυναίκασ	11319
συμβούλιο	11317
δύσκολα	11314
φάντασμα	11289
φάνηκε	11269
δούλευε	11264
καριέρα	11261
τελειώνει	11242
επικεφαλήσ	11238
υπήρξε	11231
άλογα	11229
κλαρκ	11219
παίζω	11214
λευκό	11200
γάμου	11177
χαρούμενη	11170
αποτελέσματα	11168
τόνι	11167
σώσω	11147
φέρτε	11144
ρόμπερτ	11143
πρόσφατα	11140
γράφει	11137
τζέιν	11132
εγκλήματοσ	11125
γαμώ	11105
θύματα	11104
δείχνουν	11085
πληρώσει	11082
πιθανότατα	11077
οκτώ	11067
νότια	11065
ξεχάσεισ	11059
παραλία	11056
and	11054
κρίση	11052
στόχο	11049
έλεγαν	11044
αστεία	11042
δαχτυλίδι	11037
βάζω	11034
δολοφόνο	11032
σκοτώνει	11022
υποθέσεισ	11016
τελευταίεσ	11016
μπούμε	11008
στου	10999
καταστροφή	10995
μαρία	10981
πιθανό	10980
αλλάξεισ	10976
δυνατή	10964
κερδίσει	10963
βρήκατε	10954
πηγή	10953
βρίσκομαι	10950
θαυμάσια	10942
γράμματα	10940
ενταξει	10937
τρομερό	10936
γάλα	10926
μπράιαν	10922
τό	10916
ταχύτητα	10910
γύρισα	10903
προχώρα	10898
μένεισ	10894
ελεύθερη	10892
αδύνατον	10885
καρέκλα	10866
όσουσ	10865
υπάρξει	10862
γνωρίζουμε	10853
διευθυντήσ	10846
κάποιουσ	10841
γουίλ	10838
γνωρίσει	10836
απέναντι	10828
απόδειξη	10814
παίξω	10797
πανεπιστήμιο	10792
αριθμόσ	10789
νταν	10788
έφυγα	10785
στήθοσ	10749
χτύπημα	10743
πάρκο	10738
μνήμη	10729
φαινόταν	10726
τεράστια	10722
έρικ	10720
δέρμα	10719
μένω	10702
συνεχίσω	10702
πύλη	10701
γελοίο	10700
είδαμε	10698
επιλογέσ	10691
σύζυγό	10686
παρόν	10675
μαγεία	10671
κουνήσου	10670
διάβασα	10660
βρίσκεισ	10660
χαρούμενοσ	10646
απλή	10641
τελείωσα	10636
στιγμέσ	10624
πυροβόλησε	10623
φύση	10621
σφαίρεσ	10591
μονάδα	10591
ψέμα	10588
σαββατοκύριακο	10584
κλείσει	10581
έρθετε	10576
γνωρίσω	10575
λάθη	10561
ιδέεσ	10556
έξυπνο	10556
αγορά	10552
παρασκευή	10545
κάμερεσ	10539
χρειαστώ	10537
φτάσαμε	10533
οδηγεί	10529
τρώει	10528
πριγκίπισσα	10523
μαύρη	10518
τζιν	10517
εκδίκηση	10517
γιά	10514
αεροδρόμιο	10508
κρέασ	10501
παίξει	10500
έστω	10497
μυρίζει	10493
κατάλληλη	10493
κατάφερε	10493
πιστέψεισ	10492
βρε	10491
σκουπίδια	10485
προτού	10482
καθαρό	10479
θέματα	10478
χτυπήσει	10475
φάρμακα	10475
τύπου	10474
βοηθόσ	10472
γάτα	10469
μάρτιν	10468
μέλη	10461
σύζυγο	10445
απαίσιο	10440
ωστόσο	10438
νοιάζεται	10432
φάση	10431
ήρωασ	10426
προσπαθούσα	10415
ντι	10414
ισχύει	10412
δικοί	10405
πέφτει	10394
κρατάω	10386
καλοκαίρι	10386
υπόλοιπο	10382
μαι	10379
προτείνω	10377
έντι	10370
εισ	10367
εντολή	10366
έγραψε	10364
ονομάζεται	10348
δρόμουσ	10345
απαίσια	10339
πεδίο	10328
νόμο	10319
πήγαμε	10317
απειλή	10307
βάλτε	10305
ακούει	10302
επιστρέφω	10295
καρλ	10288
πιθανότητεσ	10278
γέροσ	10268
σέξι	10264
θεωρία	10259
διασκέδαση	10255
ευχαριστήσω	10253
λοχία	10251
εκατό	10248
εκείνα	10229
στάση	10229
συναντήσω	10229
ζητάω	10224
παίξεισ	10216
σημάδια	10213
γεύση	10212
καθήκον	10208
πράγματά	10202
στραβά	10201
αποθήκη	10193
πόση	10187
νίκη	10180
θά	10179
σπουδαίο	10159
θελω	10157
βγείτε	10156
οδό	10147
κηδεία	10144
κούκλα	10139
θείε	10125
καταλαβαίνετε	10124
χεισ	10118
κατάφερα	10110
μετρητά	10107
τεράστιο	10100
μεγάλεσ	10095
αδύνατο	10092
κουσα	10091
ήσυχη	10086
ποτάμι	10086
όποιον	10085
γράψω	10081
πελάτησ	10078
ωραίοσ	10073
γειτονιά	10049
καινούργια	10049
προσεκτικά	10047
ελέγχου	10047
μαθήματα	10040
παγίδα	10038
καταφέρεισ	10028
ζητάσ	10026
έξυπνη	10019
άνετα	10017
πιάσω	10016
κάνα	10014
σκληρή	10013
γησ	10011
πατρίδα	10004
δρόμοσ	10001
παίρνουν	9989
θαύμα	9986
αγαπημένη	9984
μονο	9980
ουρανό	9974
φόβο	9945
οποίοσ	9932
αρχέσ	9932
ξύλο	9930
ταυτότητα	9927
δοκίμασε	9926
δικέσ	9920
νομίζουν	9916
μπίλι	9897
τριγύρω	9897
πιάσε	9893
συμβαίνουν	9893
έκρηξη	9883
πέτα	9879
φιλαράκο	9866
χρησιμοποιεί	9863
πλήρη	9845
παντρευτώ	9835
σκοτ	9834
σκότωσαν	9833
σπουδαία	9831
διάλειμμα	9815
περήφανοσ	9815
φύγουν	9815
φτιάξει	9808
τοv	9803
αγοράσω	9800
σκυλιά	9799
αγγλικά	9798
μαζι	9795
πόρνη	9794
μπαίνει	9785
διάβολο	9783
καινούρια	9773
μπορούσατε	9772
αυτών	9767
φοράει	9766
διάφορα	9761
βλέπουν	9752
λογική	9751
έφυγεσ	9749
γενέθλια	9749
επιτρέπεται	9736
ουίσκι	9730
ελεύθερο	9720
ξέχασεσ	9708
ποτε	9704
ζήσεισ	9691
ένιωσα	9684
ελήφθη	9681
μάθουν	9681
βιάσου	9670
αποφάσισα	9669
χρησιμοποιήσω	9669
άλλου	9663
βάζει	9662
έστειλα	9654
λίμνη	9652
κοιμηθείσ	9636
περνάσ	9634
πιούμε	9632
δωρεάν	9617
σχολή	9609
ζεστό	9604
ομάδασ	9604
χρειάζεστε	9603
πελάτη	9595
πήτερ	9592
δυνατόσ	9584
σχέσεισ	9578
άφησέ	9574
παντρευτεί	9566
ποτήρι	9561
αξία	9546
καταφέρει	9544
όμορφοσ	9542
ποτά	9526
επιστρέψεισ	9523
πρόεδρο	9521
ναρκωτικών	9516
άσχημη	9501
συ	9495
τυχερή	9492
αφήσετε	9490
κορυφή	9487
φήμη	9482
καταστρέψει	9464
σκέψεισ	9463
ξεχνάσ	9458
πόρτεσ	9444
παντρευτείσ	9440
χάνεισ	9440
απασχολημένοσ	9440
φιλί	9438
πράξη	9424
μπείτε	9420
πέρασεσ	9418
αστυνομικό	9417
σερ	9415
συνεχίστε	9414
καταφέρω	9405
εμπιστεύομαι	9403
λογικό	9398
παππούσ	9397
αναρωτιόμουν	9392
πτώματα	9392
περίεργα	9391
απάντησε	9382
τέρμα	9380
καταφέρουμε	9378
κρατήσουμε	9376
ζουν	9370
nαι	9369
διαφορετική	9368
ανησυχεί	9361
τρωσ	9360
ήσυχα	9356
διάθεση	9352
κάθεσαι	9350
έβλεπα	9343
of	9341
γλύκα	9339
περί	9338
ξαναδώ	9328
απόσταση	9325
εμ	9322
πόσοι	9304
προσπαθούμε	9302
δείξει	9300
βλάκασ	9298
κιμ	9295
κατηγορίεσ	9290
κουνηθείτε	9289
στείλει	9285
τόπο	9272
ανοησίεσ	9265
φοβάται	9258
γεμάτη	9253
βρεθεί	9249
ντροπή	9241
τόμασ	9232
παρ	9230
γεγονότα	9230
ένταλμα	9229
χάπια	9228
έσπασε	9224
τόμι	9221
στρατόσ	9220
μπόρεσα	9216
ενοχλεί	9214
ξεχάσει	9205
μπελάδεσ	9204
καταπληκτικό	9203
ψάχνουν	9193
έκλεισε	9190
κάιλ	9188
σκέφτηκεσ	9185
ληστεία	9177
ημουν	9167
προηγούμενη	9167
θυμωμένοσ	9156
δικαιοσύνη	9150
μπάτσοι	9148
χτυπάει	9139
άρρωστη	9128
ευγενικό	9127
εντολέσ	9126
μπορω	9125
έφτιαξα	9123
ξερεισ	9121
νόμοσ	9118
αλ	9115
γέρο	9113
σκύλοσ	9107
ωω	9103
θελα	9103
μοναδική	9101
ξεκινήσει	9099
αποτυπώματα	9095
βλακείεσ	9090
ακούτε	9081
τζόι	9068
άλλων	9064
εξαιρετικά	9059
βαν	9051
πιεσ	9048
γυαλιά	9046
χμ	9043
γαλλία	9038
πουν	9032
αστυνομίασ	9030
επρεπε	9022
προσωπική	9021
αγαπητέ	9018
εμφανίστηκε	9016
ανοίξτε	9007
αντέχω	9007
ρέιτσελ	9004
ελέγξω	9003
ok	9001
έλεν	9001
ξεκίνα	8995
εννοείτε	8990
ρώτα	8988
μπάτσοσ	8983
ήλιοσ	8979
ιατρική	8975
υπομονή	8964
τήσ	8960
δολοφονήθηκε	8955
κάρτερ	8947
ανοίξω	8942
ζούμε	8935
φοβερή	8933
τρόπουσ	8923
αρκετή	8920
έψαχνα	8909
αυτα	8902
προηγούμενα	8895
hey	8893
ήλιο	8888
πλάσμα	8886
ασε	8884
δευτέρα	8884
μάρτυρασ	8877
δίνουν	8873
νοσοκόμα	8873
αναμνήσεισ	8865
ζώο	8862
φάκελο	8855
πληρώσεισ	8852
αγγλία	8848
σώσεισ	8845
μάρτυρεσ	8837
ζημιά	8832
πέταξε	8826
χάθηκε	8825
βέβαιοσ	8818
ήλπιζα	8815
μοιάζεισ	8807
παντελόνι	8803
χρονιά	8796
βία	8794
είκοσι	8794
αρχίσω	8777
προσέχω	8775
τρίτο	8765
επείγον	8764
τύπουσ	8760
κανονικά	8758
μίλησεσ	8756
στρατηγέ	8755
λουκ	8735
έφυγαν	8734
ανοίξει	8729
σάββατο	8728
κολέγιο	8727
ερχόταν	8724
είσαστε	8720
τσαρλσ	8720
ακίνητοσ	8718
γύρισεσ	8716
γίνουμε	8716
τράβα	8711
αγόρασα	8703
καί	8696
κρατήσου	8693
κιλά	8688
αγόρασε	8687
εξήσ	8687
βάρκα	8686
συνεχίσεισ	8684
δουλεύουν	8682
αιτία	8680
περιουσία	8661
ένοχοσ	8657
κυριε	8654
οικογένειασ	8650
φέρουμε	8646
τoν	8642
ασθενείσ	8638
πληροφορία	8638
κοιτάξω	8621
σύμπαν	8619
ασθενήσ	8615
καθηγητήσ	8612
θυμίζει	8610
ταλέντο	8606
αδελφέ	8598
eίναι	8595
έσωσε	8590
πολύσ	8581
ζήτησεσ	8577
τεντ	8577
αναφέρω	8576
εκπομπή	8573
πιάσουν	8572
τόσεσ	8568
όρια	8568
σπαθί	8560
πωλ	8556
γω	8549
συμβόλαιο	8546
τηλέφωνό	8535
μετα	8533
τζέρι	8526
απαραίτητο	8525
κήπο	8522
συσκευή	8519
περισσότερη	8511
αρέσεισ	8508
δουλέψω	8499
ακούσατε	8494
μιλάνε	8494
όσοι	8492
τρέλα	8491
παράτα	8490
οδηγήσει	8486
ασθενοφόρο	8485
φταισ	8482
ασφαλείσ	8482
βρίσκεσαι	8477
oh	8476
επόμενοσ	8473
πακέτο	8469
μπόμπι	8463
μυρωδιά	8462
τζέισον	8461
αρκετέσ	8453
πέτρα	8438
ρώτησε	8437
κο	8437
επιστροφή	8435
πίστευε	8434
υπόγειο	8433
μηνύματα	8433
παντρεμένοσ	8409
στείλε	8408
πέθαναν	8404
θείο	8401
όροφο	8396
αυλή	8388
οποιονδήποτε	8388
άρχισα	8377
είδαν	8364
χάσουμε	8362
τιποτα	8360
νόμιζεσ	8359
έvα	8358
γιου	8355
πέρασαν	8353
τομέα	8348
σπάσει	8346
οδηγόσ	8343
επιστρέψουμε	8342
εξουσία	8341
τέχνη	8339
ψάρι	8315
έβγαλε	8315
βαρέθηκα	8314
μορφή	8308
πεθάνουν	8306
δείγμα	8305
βοηθήστε	8291
μάθετε	8288
ευχή	8287
δράση	8285
μπήκα	8285
αληθινά	8279
υγεία	8278
διευθυντή	8274
κάντο	8266
ειδήσεισ	8261
φίλεσ	8261
ανθρώπου	8253
μπορέσουμε	8249
μεθυσμένοσ	8246
επιτρέψτε	8243
τζεφ	8234
μωρά	8228
έωσ	8226
άρθρο	8217
δικαστήσ	8215
παρουσία	8211
χαζό	8208
προσπαθούν	8205
αποφάσισε	8202
σκληρόσ	8200
πεινάω	8197
δώρα	8185
γλυκά	8181
καταφέραμε	8178
μιλούσε	8176
φύγαμε	8174
κράτησε	8169
οδηγίεσ	8168
κακά	8166
σκέφτεται	8164
όρεξη	8160
κάθριν	8158
αρχικά	8157
κοιμάσαι	8152
μοναδικό	8147
ευτυχισμένοσ	8146
πιό	8144
άξιζε	8143
τσακ	8139
ανθρώπινο	8135
εντύπωση	8133
μεγαλειότατε	8132
κυριακή	8128
διαβάσει	8126
μάσ	8117
έδωσαν	8096
προάλλεσ	8096
πετύχει	8092
διάολε	8077
ομορφιά	8077
ανέφερε	8072
εκατομμύριο	8063
στομάχι	8061
παιδιού	8057
περάσαμε	8057
φοράω	8056
έγινα	8054
εκατοντάδεσ	8052
μεσα	8052
εκείνοι	8050
επιθυμία	8046
πεθάνουμε	8046
έκθεση	8045
ευτυχία	8044
υπηρεσίεσ	8044
ζέστη	8042
φεγγάρι	8041
εφημερίδεσ	8040
διαβάσω	8034
αυτιά	8032
πιθανώσ	8027
όλοσ	8025
ευχαριστω	8023
χρωστάω	8023
φτιάξουμε	8022
ντον	8018
δικαστή	8016
χρήμα	8016
oι	8015
δόκτωρ	8011
αρχείο	8005
σωρό	8004
επιτροπή	8003
περίεργη	8001
συνθήκεσ	8000
τζέσι	7998
τζοσ	7995
σικάγο	7995
κρατήστε	7990
φανεί	7981
έφτιαξε	7981
ομάδεσ	7978
έπαθεσ	7967
κυνήγι	7967
συναντήσει	7966
καθαρή	7948
δείξεισ	7946
εμπιστεύεσαι	7945
κόψω	7944
στέλνει	7939
μένουν	7938
μάντεψε	7935
λοσ	7934
πυρ	7933
βρισκόμαστε	7933
παμε	7932
μυαλά	7919
λοχαγέ	7919
ξεφύγει	7918
περίμενεσ	7918
νοιξε	7915
πιάνει	7913
κουρασμένοσ	7913
γαμημένη	7905
θέατρο	7902
τρώω	7898
ανυπομονώ	7886
δεκάρα	7886
πάγο	7885
κάθεται	7876
ξεκινάμε	7875
ουσία	7874
έπειτα	7871
έπαιρνε	7869
εντ	7867
αφέντη	7866
ρώμη	7866
υπόλοιποι	7860
γνωστό	7854
διαταγή	7853
προσφέρω	7849
παράδοση	7843
εισιτήρια	7842
ερωτευμένοσ	7841
προκαλεί	7838
ρεύμα	7837
προσπαθήσουμε	7823
τοσο	7818
γουόλτερ	7817
ανάσα	7814
σύμφωνοι	7807
αντίθετο	7806
πιτ	7800
ψωμί	7798
διαδρομή	7797
εχετε	7791
μετράει	7784
αναλάβει	7778
σάντουιτσ	7761
πρόσεξε	7759
κάθομαι	7757
νοιώθω	7757
πράκτορεσ	7751
γιορτή	7738
λοιπον	7735
χρειαστούμε	7734
βοηθήσουν	7731
κυβερνήτησ	7731
πεθαίνουν	7730
νιώθει	7728
χρησιμοποιείσ	7725
παίζουν	7721
διάλεξε	7720
αγκαλιά	7720
κάνοντασ	7709
αληθινόσ	7701
άδειο	7700
κάστρο	7700
αυγά	7697
προσπαθούσε	7690
oχι	7688
ίχνοσ	7686
κερδίσεισ	7684
όχημα	7683
παιδιών	7676
λέσ	7673
τελευταίοσ	7673
ασφαλώσ	7671
ανοιχτή	7667
δώσετε	7662
αλκοόλ	7661
σκοτώσουμε	7660
μεξικό	7660
σπιτιού	7656
ζητήσει	7656
πώ	7654
μοιάζουν	7653
πράσινο	7646
τoυσ	7640
κοίταξέ	7640
ταν	7640
τζάκσον	7635
πέμπτη	7630
αρχίζω	7627
σούζαν	7627
πίνεισ	7626
ζακ	7626
αρχίσεισ	7622
χώροσ	7619
τελειώσουμε	7619
εργασίασ	7616
χρωστάσ	7616
χιλιόμετρα	7615
τεχνολογία	7613
ειδική	7611
ηθελα	7604
αθώοσ	7604
συναντηθούμε	7603
αμφιβολία	7601
μισεί	7596
σημείωμα	7595
σοβαρή	7587
συναντήσεισ	7586
μεγαλύτεροσ	7579
σμιθ	7574
σύνορα	7572
τov	7572
θεώ	7566
άλεξ	7565
πείραζε	7559
φορούσε	7557
καθένα	7545
χρήση	7540
υπερβολικά	7539
ασθενή	7539
εχουν	7533
εχθρόσ	7530
αρχηγό	7529
βγάζεισ	7528
εργοστάσιο	7527
χρησιμοποιήσουμε	7524
νεκρούσ	7522
έτοιμα	7521
υλικό	7518
βλάκα	7514
μπορει	7514
οπουδήποτε	7513
ύποπτοσ	7513
τσιγάρο	7512
έγραψα	7511
καλιφόρνια	7511
διαζύγιο	7507
μέγεθοσ	7507
αστέρι	7506
κοτόπουλο	7505
χάρτη	7499
βροχή	7488
ρωτήσεισ	7488
ρίξουμε	7483
αυτοκίνητό	7477
κρυφά	7477
σαμπάνια	7477
τσέπη	7466
δοκιμάσω	7459
άποψη	7451
ηθοποιόσ	7443
δέντρα	7442
μαλακία	7442
καταλαβαίνει	7436
πισίνα	7436
πιω	7435
δέχομαι	7426
ασφαλή	7420
αυτοκίνητα	7420
εμφανιστεί	7416
ρίξεισ	7412
by	7408
ξέραμε	7404
εε	7403
νου	7403
τέλειωσε	7399
αγαπούσε	7397
φανταστικό	7395
αγάπησ	7388
χαθεί	7381
ένιωθα	7381
έιμι	7380
διάδρομο	7376
εφόσον	7369
τρέξε	7366
βοηθήσετε	7361
στρατιώτησ	7361
απαντήσω	7360
υποσχέθηκα	7359
φρόντισε	7359
ουάου	7355
πηγαίνουν	7353
πίστεψε	7350
σκεφτείτε	7346
αιώνα	7345
μόργκαν	7343
έμοιαζε	7338
στρατηγόσ	7337
λύκειο	7336
αισθήματα	7335
τάφο	7333
ειδικόσ	7327
πολ	7323
είν	7317
γράψει	7314
ανοίξεισ	7313
πλησιάζει	7313
δεξί	7306
δουλεύουμε	7304
βουνό	7300
κανω	7296
γιατροί	7295
καλύτερεσ	7289
άργησα	7288
κατηγορία	7288
τραύμα	7283
εαυτόσ	7282
ψάρια	7278
οποιοδήποτε	7268
it	7268
ρίξει	7268
ενημερώσω	7259
μούτρα	7259
σίγουροι	7254
νέεσ	7254
ανοιχτά	7252
αυτοσ	7250
κερδίσω	7248
γνωρίσεισ	7248
ανθρώπινη	7241
αριστερό	7240
γνωρίζουν	7239
νέασ	7238
λαίδη	7228
συνεργάτησ	7224
φυσιολογικό	7223
βλέμμα	7222
δικαιολογία	7222
κίνητρο	7221
συνέβαινε	7221
φτιάξεισ	7217
έγινεσ	7216
επίσκεψη	7215
αργήσει	7210
στιβ	7208
συν	7206
κλαισ	7204
δόση	7203
κανονίσω	7201
κοιμηθεί	7199
έλεοσ	7193
cia	7192
πόνοσ	7191
ψάξω	7191
πραγματικόσ	7189
χαζή	7188
εξω	7178
έσωσεσ	7177
παρεμπιπτόντωσ	7176
ανοιχτό	7174
μοντέλο	7172
ζητήσεισ	7168
πίνω	7168
πράμα	7167
αστειεύεσαι	7164
εξαφανιστεί	7163
μπάτσουσ	7157
τρομακτικό	7156
τυχεροί	7155
ημερολόγιο	7154
δυό	7144
στυλ	7142
πίνακα	7139
ποινή	7138
ύποπτο	7135
θυμήσου	7133
αδέρφια	7130
παίρνουμε	7123
τέλειοσ	7122
πορτοφόλι	7120
κινείται	7120
πείσ	7113
ανόητοσ	7111
σελίδα	7111
γουρούνι	7111
μάγισσα	7110
πετάξω	7107
αποφασίσει	7107
μεσάνυχτα	7106
υπόλοιπη	7104
προχωρήσουμε	7099
μπορέσεισ	7099
πρόβλημά	7092
γνωριμία	7091
μυστική	7090
βραβείο	7089
χρησιμοποιούν	7085
φήμεσ	7078
αστυνόμε	7077
καταφύγιο	7077
αμφιβάλλω	7072
κέρδισε	7069
κάλεσα	7069
σώσουμε	7066
μιλήσαμε	7065
παλτό	7060
ευρώπη	7057
επομένωσ	7051
τατουάζ	7045
αγαπούσα	7038
έδειξε	7038
κλειστό	7036
παράτησε	7035
γραμμέσ	7028
εξηγήσεισ	7025
διασκεδαστικό	7025
θάρροσ	7024
λα	7017
άρχισαν	7015
προτιμούσα	7012
συναρπαστικό	7007
τοποθεσία	7005
φάρμακο	7004
σύνδεση	7003
φορτηγάκι	6999
είσοδο	6998
φόνοσ	6996
ομωσ	6995
θεωρώ	6995
κατάλαβε	6994
υγειά	6994
λούισ	6992
ήξεραν	6991
κοινωνία	6988
κατάρα	6984
γεννήθηκε	6982
ψέμματα	6981
καναπέ	6978
κανει	6976
έφαγε	6971
βγαίνω	6968
κατάστημα	6968
ακολουθεί	6967
όσον	6964
χαζόσ	6963
αίτηση	6960
ιησού	6955
γκαράζ	6947
τέιλορ	6946
διαβάζεισ	6944
ροζ	6941
βγαίνεισ	6941
ρίσκο	6937
μισά	6932
φάε	6924
φαντασία	6921
προσπαθώντασ	6919
ρωτάω	6918
πολίτεσ	6911
for	6907
θέα	6906
μεριά	6904
φέτοσ	6904
χειρότερη	6898
ζήτημα	6890
επιτέθηκε	6887
χανκ	6887
κατεύθυνση	6884
ουρά	6884
σερίφησ	6882
φέρεσαι	6881
αστέρια	6881
λίρεσ	6879
σημεία	6875
βγάλτε	6872
πίτσα	6871
τζούλια	6867
αλλάξουμε	6866
σάιμον	6861
κάρεν	6860
μαμάσ	6857
άμεσα	6854
σύμπτωση	6852
καταιγίδα	6849
αποδείξω	6844
τυρί	6840
μπήκεσ	6839
συμμορία	6835
δρόμου	6831
tα	6830
καλέ	6830
σταν	6820
πήρατε	6813
δημόσια	6810
σκόνη	6808
ρομπότ	6807
αγοράσει	6803
φαντάσου	6801
πηγαίναμε	6801
επιφάνεια	6796
ευγνώμων	6794
παράδεισο	6794
ακομα	6790
ερχόμαστε	6788
ρότζερ	6786
οικογένειεσ	6785
φανταστώ	6784
γκρέισ	6781
προσπαθήσεισ	6781
γκόμενα	6781
προκάλεσε	6777
χειρουργείο	6776
παρκ	6776
αv	6776
σούπερ	6772
ρόουζ	6772
παρεξήγηση	6771
ηλίθιοι	6769
δουλειάσ	6768
απώλεια	6767
φασαρία	6766
πληρώνει	6763
μιλούσα	6763
ιδιαίτερο	6762
στείλουμε	6762
σίγουρο	6760
ημερομηνία	6759
νεαρόσ	6756
ζούσε	6753
σήκωσε	6752
εξέταση	6749
θυμωμένη	6743
άγρια	6743
θυμάται	6743
αλλάζουν	6741
ζήτω	6737
χτύπα	6734
βγάζω	6729
εκπαίδευση	6718
δεδομένα	6717
κουρασμένη	6708
παρακολουθεί	6708
μπορεισ	6706
πράξεισ	6703
επιταγή	6702
καθηγητά	6702
συναίσθημα	6699
βιβλιοθήκη	6698
εναν	6698
φωνάζεισ	6694
κωδικό	6694
εξήγηση	6691
γράφω	6690
αντάλλαγμα	6690
σταρ	6683
περάσετε	6681
ασφάλειασ	6680
λείπουν	6678
παγωτό	6677
έγγραφα	6677
πέσε	6674
οδήγησε	6673
τρέχα	6668
κανα	6667
πλήρωμα	6660
τελική	6657
καρκίνο	6657
πλήρωσε	6654
κελί	6654
αφότου	6651
χρειαζόμουν	6648
χρησιμοποιήσεισ	6648
βρίσκει	6647
έστειλαν	6643
αφήσουν	6641
μάσκα	6638
φωνέσ	6634
έμμα	6628
παρόλο	6626
γίνετε	6620
βέγκασ	6614
μονοπάτι	6612
εκείνουσ	6609
πάσ	6601
don	6599
δώσουν	6593
λίο	6590
εξοπλισμό	6588
κλινική	6580
ύστερα	6570
τιμωρία	6566
καθηγητή	6564
αγγίζεισ	6564
βοηθάσ	6560
μικρέσ	6554
πλούσιοσ	6542
νεαρή	6540
μπορέσει	6532
φορτίο	6532
μάρτυρα	6531
αποφάσεισ	6527
ιδιοκτήτησ	6524
μηχανέσ	6522
χάνω	6519
τόνυ	6519
νύφη	6517
περίοδο	6516
δούλεψε	6515
κυρίου	6513
ντέιβ	6513
φοβόμουν	6504
σιωπή	6503
ήχο	6499
μεταφορά	6498
νιώσεισ	6495
ξεκινήσω	6493
εφτά	6492
εντυπωσιακό	6492
μεσημεριανό	6491
ασανσέρ	6485
απίθανο	6473
χάνα	6471
in	6470
σκοπόσ	6469
σοφία	6467
χάουαρντ	6466
συναισθήματα	6463
ξέχασε	6461
ποιανού	6460
χιλιάρικα	6460
νέοι	6457
καπετάνιε	6454
τελετή	6446
δηλητήριο	6443
περίεργοσ	6443
αναφορέσ	6442
απλα	6441
προσπαθήσει	6441
καλεί	6441
πιάστε	6438
φτάσω	6434
μπόρεσεσ	6434
τζάκι	6433
εχθρό	6426
διαμέρισμά	6423
μάγκι	6422
αα	6420
τζόουνσ	6420
ανοίγει	6417
εκπληκτικό	6404
λέγε	6402
νέουσ	6401
αυτοκτονία	6401
ηρεμήστε	6400
ευχαρίστωσ	6399
υπέροχοσ	6399
ακτή	6395
σού	6388
νόμιζε	6388
κρύβεται	6387
υποστήριξη	6386
συγκεκριμένο	6384
έριξε	6384
πουλιά	6382
ελεύθερα	6380
σταματήσουν	6376
κινήσεισ	6371
αρχίδια	6370
μείνουν	6366
κάρολ	6363
δωμάτια	6363
καθίκι	6362
κοιτάζω	6362
πολιτεία	6362
προσέχετε	6359
ακολουθήστε	6355
αμάντα	6355
απίστευτα	6354
γουίλιαμ	6353
ωρα	6352
ψάξουμε	6352
μεσημέρι	6350
καλέσει	6347
δοκιμάσεισ	6346
μακρυά	6346
δικαιώματα	6346
οπωσδήποτε	6341
σκεφτούμε	6340
λειτουργία	6340
σύμβουλοσ	6339
ψυγείο	6334
λείπεισ	6333
κλερ	6333
αντικείμενο	6330
στηv	6326
δούλευα	6324
ευγενικόσ	6323
κράτηση	6322
έρθουμε	6320
χίλια	6318
λούκασ	6317
τεσ	6316
έβγαλα	6315
αναλάβω	6314
κάτσω	6312
διαβάζω	6310
τολμάσ	6309
εισιτήριο	6308
οσο	6304
άφησαν	6302
άδικο	6297
μαθητέσ	6297
αντε	6295
πιάσεισ	6294
αμήν	6287
ρικ	6287
ννα	6278
μιλώντασ	6277
παντρεμένη	6275
όποια	6272
αστυνομικοί	6272
γενέθλιά	6272
μπουν	6271
ερώτημα	6270
ούτωσ	6267
φτιάχνει	6267
ακολούθησε	6266
αγώνασ	6265
σπάσω	6262
παίζουμε	6252
βαλίτσα	6250
περάσουν	6248
κατάθεση	6240
προσέξτε	6239
ελίζαμπεθ	6237
λαό	6236
ειμαστε	6235
ξύπνησα	6234
ενέργειασ	6234
φησέ	6232
ιστορίασ	6232
πισω	6232
στηβ	6231
αντίγραφο	6227
χώρασ	6226
μάχησ	6226
θύματοσ	6224
kαι	6224
ακου	6223
χαν	6215
μιλήσετε	6215
απάτη	6214
γράφεισ	6213
έφαγα	6211
έπαιρνα	6209
λιγο	6208
είδη	6207
τοτε	6206
κοστούμι	6203
έβαλαν	6201
εννέα	6201
κενό	6199
επιχειρήσεισ	6196
πάθοσ	6191
κοιτάξεισ	6189
ψώνια	6188
παραμένει	6187
χαρακτήρα	6186
ξέφυγε	6184
πάτρικ	6182
δοκιμάσουμε	6180
κοπέλεσ	6179
χτύπησεσ	6178
τελειώσεισ	6178
προσφέρει	6175
τραγούδια	6175
σπιτι	6175
καταλάβουν	6175
μάγια	6170
φιλενάδα	6167
χρησιμοποιήσει	6163
χτύπησα	6162
εχθρούσ	6159
ποιεσ	6159
αναφέρει	6157
πήγαινέ	6157
κοίταξα	6154
τρώνε	6151
ενισχύσεισ	6146
καλοσύνη	6145
έδινε	6140
συγγραφέασ	6138
βοηθούσε	6135
άγχοσ	6132
φάρμα	6132
παρακαλω	6131
ελικόπτερο	6131
φαντάσματα	6131
διοικητήσ	6130
προσέχει	6130
λέγοντασ	6128
βάλ	6125
περήφανη	6124
πέρσι	6122
ευχαρίστηση	6121
φυσικό	6117
μόνα	6117
τέξασ	6113
δάσκαλοσ	6111
τε	6111
χάνει	6110
περνάω	6109
πετάξει	6108
απασχολεί	6105
λίζα	6101
ντουσ	6098
κανε	6088
άσ	6085
φαίνομαι	6084
θόρυβο	6084
ικανότητα	6075
νεαρέ	6074
σημαντικά	6070
στρατιώτη	6069
βίασ	6069
ποσό	6069
ανόητο	6066
χαμόγελο	6063
περασμένη	6058
συνεργάτεσ	6057
πέρυσι	6054
κλήσεισ	6049
κοιμάμαι	6046
συνάντησα	6046
καταπληκτική	6044
κέρδισα	6043
πιεισ	6042
λάρι	6035
μαστε	6027
ιστορικό	6025
γιόσ	6018
ικανόσ	6014
σκοπεύω	6009
ντουλάπα	6008
πλήρωσ	6008
χαμηλά	6006
τούρτα	6005
σκάλεσ	5998
κεφάλια	5997
συγγενείσ	5995
προφίλ	5993
αλλαγέσ	5993
κόλπα	5990
σοκ	5984
οικονομικά	5983
χειριστώ	5981
ίντερνετ	5978
φτερά	5977
κανάλι	5976
φοβούνται	5967
γύρο	5964
εκείνεσ	5962
κόψε	5962
εθνική	5962
οποιοσδήποτε	5958
κάρτεσ	5956
αέρασ	5955
ουάσινγκτον	5955
σοκολάτα	5952
μυστήριο	5949
μάρσαλ	5942
ήταv	5937
τζούλι	5934
κασέτα	5933
ελέγχει	5932
χάοσ	5931
οχτώ	5926
σήμαινε	5925
εγινε	5924
άλλωσ	5914
φησε	5913
πανέμορφη	5912
σούπα	5910
μισείσ	5909
φώναξε	5908
χαίρετε	5905
αφρική	5905
ανά	5902
έφτασα	5902
δεδομένων	5899
κουμπί	5886
νύχια	5885
τυχαία	5882
αφήνουν	5880
βυζιά	5878
αγοράσεισ	5876
αρχίζεισ	5876
σπάνια	5876
βουνά	5874
πιάτο	5872
σενάριο	5869
ανήκουν	5867
σεζόν	5865
ζωντανοί	5865
κολλήσει	5864
αξιωματικόσ	5863
συνεχίσει	5862
λόισ	5861
καρδιάσ	5860
άμα	5860
ήμαστε	5859
σκιά	5853
χείλη	5850
παντα	5848
δάχτυλα	5847
θεωρείσ	5844
εννιά	5843
γνωστόσ	5841
δίκτυο	5837
πoλύ	5837
μαντέψω	5837
νερού	5834
φιλαράκι	5827
θαυμάσιο	5825
βαριά	5824
μπάσταρδε	5823
ξέρατε	5819
δολλάρια	5816
κουράγιο	5813
παλάτι	5813
περιοδικό	5811
επιστήμη	5808
ανακάλυψα	5806
λέσχη	5801
πληρώνω	5800
μηχάνημα	5799
αγώνεσ	5796
ροσ	5793
γκολφ	5791
κόρησ	5789
υπαρχει	5788
καλύτεροι	5787
φτάσεισ	5782
έχε	5782
βάθοσ	5781
εγχείρηση	5778
γρήγορο	5776
αυτοκινήτου	5773
τρελαθεί	5772
δήλωση	5767
βγήκα	5765
φρεντ	5762
τζουν	5761
εξαιρετική	5760
κλέψει	5754
υπέρ	5753
παράνομο	5750
ακούσουμε	5749
κούπερ	5748
νέιθαν	5738
μονάδεσ	5734
σύλληψη	5732
φυσική	5732
εμφάνιση	5732
διαφορετικέσ	5726
τηλεφώνησα	5723
λούσι	5721
ετοιμαστείτε	5720
κυριολεκτικά	5718
διανομή	5718
ανακάλυψε	5716
συνταγματάρχη	5714
οργή	5714
τίνοσ	5712
ζητάει	5709
ποδήλατο	5708
κέρδισεσ	5705
σενα	5704
τελειώνουμε	5701
δουλέψεισ	5697
αντίδραση	5696
κίνδυνοσ	5695
προκαλέσει	5695
σινεμά	5688
επιθεωρητά	5686
χτυπήσεισ	5682
συνεργασία	5680
τηλέφωνα	5680
συστήσω	5676
αλλο	5672
πρίν	5668
φυλή	5666
πλοία	5655
τζωρτζ	5653
προφανέσ	5653
τράβηξε	5652
μηδέν	5651
χάνουμε	5650
μπράουν	5648
ζάχαρη	5647
εισαγγελέα	5645
πλάσματα	5644
λογικά	5643
στιγμήσ	5636
ασθένεια	5636
χαριτωμένο	5633
απαιτεί	5632
εννοείται	5631
κατάλληλο	5627
έκλεψεσ	5624
έλλειψη	5622
εγγύηση	5618
συνεργάτη	5615
φωνάξω	5614
κίνα	5613
έρευνασ	5610
υπογραφή	5609
δευτερόλεπτο	5607
ημέρασ	5605
μισέλ	5605
ακούσετε	5600
ντιν	5595
γείτονεσ	5592
συνειδητοποίησα	5590
στούντιο	5587
ανάλυση	5583
δίσκο	5581
ικετεύω	5579
τροφή	5578
φαντάζεσαι	5576
ερωτευμένη	5575
ροκ	5573
χάλασε	5572
φιλία	5568
έλειψεσ	5566
άννα	5562
έφεραν	5562
επεισόδια	5562
περιστατικό	5560
τάιλερ	5558
ενδιαφέρεται	5558
μέσο	5558
χρειάστηκε	5554
ελεύθεροι	5554
σπουδαίοσ	5554
τζων	5552
αμοιβή	5551
έψαξα	5550
έρημο	5549
ψάχνετε	5549
ικανότητεσ	5549
βάρδια	5548
υποσχέθηκεσ	5545
μοναδικόσ	5543
πιάσαμε	5542
επικίνδυνη	5542
πιάνεισ	5541
παρακολουθώ	5541
λέγατε	5540
γερμανία	5540
γιορτάσουμε	5538
τελείωσαν	5533
σκοπεύεισ	5533
τρείσ	5533
κερδίζει	5529
περισσότερουσ	5528
παω	5528
αντικείμενα	5524
κυνηγάει	5522
καλέσουμε	5522
κύκλο	5520
καταλάβατε	5520
πρώτον	5518
άμαξα	5518
βολή	5518
περιβάλλον	5514
θυμηθώ	5510
τελείωσεσ	5507
έμιλι	5504
παλιόσ	5503
προειδοποίηση	5500
οδηγήσω	5499
ντόνα	5496
νερά	5496
νύχτεσ	5496
συμβουλέσ	5494
δεχτώ	5486
ρθει	5486
λέγαμε	5486
βρέθηκαν	5479
συλλογή	5477
πάρκερ	5472
συνέπειεσ	5471
έπαιζε	5468
πετάει	5466
έβλεπε	5466
έσκασε	5463
πεθαίνω	5461
ελ	5459
δείξουμε	5456
περιμέναμε	5456
πάντοτε	5455
εξέλιξη	5451
παράθυρα	5451
φαντάστηκα	5450
μπι	5449
χαμένοσ	5449
πίνει	5447
γνώριζε	5447
μαγικό	5443
καλύτερουσ	5442
λογαριασμούσ	5436
κρατούσε	5429
ώσπου	5427
μάθαμε	5427
προσπάθησεσ	5425
χμμ	5422
στρατόπεδο	5422
κλέφτησ	5418
σκοτώνεισ	5415
πατάτεσ	5414
έστειλεσ	5412
αναπνοή	5412
αισθάνεται	5412
φόβοσ	5412
μεγάλωσα	5408
έδινα	5407
διάβασε	5402
εγκλήματα	5399
φροντίδα	5399
κώδικα	5394
έπιασαν	5394
μπαίνεισ	5393
ψεύτικο	5390
άφηνε	5389
καθαρίσω	5388
διαβάσεισ	5387
νέιτ	5386
εμπιστευτείσ	5385
εικόνεσ	5383
στείλεισ	5381
σεφ	5379
δουλεια	5378
κουσέ	5373
ρυθμό	5373
λίντα	5370
γήπεδο	5370
παράξενα	5369
έξοδο	5369
αιμορραγία	5369
νεαρό	5367
φάτε	5367
επαγγελματίασ	5365
καυτό	5365
γνώση	5362
συμπαθώ	5361
γυρίστε	5360
ξεκινάει	5358
μάρκουσ	5356
ιησούσ	5355
χένρυ	5352
κλείσεισ	5351
εαυτούσ	5348
φεύγουν	5345
θάνατό	5345
έπεσα	5341
ενδιαφέρουσα	5341
πιστέψει	5339
τσιγάρα	5339
γάμα	5333
ίδιοι	5330
καλούσ	5328
ξυπνήσει	5325
χτυπήσω	5321
γράψεισ	5320
κατέβα	5316
οίκο	5315
κάρλοσ	5313
γκιμπσ	5308
ρεμπέκα	5307
πιει	5306
συζύγου	5305
λίλι	5304
πιστόλι	5303
αγαπά	5301
ταυτόχρονα	5300
βγαίνουν	5298
όρουσ	5297
μεγάλωσε	5297
τέρατα	5295
παιδια	5294
κερδίσουμε	5292
νιλ	5290
διαφορετικόσ	5289
συστήματα	5288
μίσοσ	5281
ελπίσουμε	5281
φωνάζει	5280
πεινάσ	5278
τζάστιν	5277
υπόσχεση	5277
πρόσωπα	5276
επικίνδυνοσ	5273
ονόματι	5273
πανέμορφο	5271
γνωστή	5271
κουσε	5270
συνεχίζει	5269
πουκάμισο	5267
αναμονή	5267
γιό	5266
τέχνησ	5266
φόνου	5261
βρεθούμε	5261
κακιά	5259
μαύροσ	5255
ήχοσ	5254
ελέγξουμε	5254
κανόνασ	5252
εγκέφαλο	5250
βήματα	5248
πτώση	5247
ξανακάνει	5247
παλιέσ	5246
πλευρό	5245
μενα	5245
σημειώσεισ	5241
βάλουν	5238
δήμαρχοσ	5237
κοστίζει	5237
αστειεύομαι	5231
παντρευτούμε	5231
μπάρι	5228
βάζουν	5223
σκέφτηκε	5223
τζόνσον	5223
ξόρκι	5216
ύψοσ	5216
τρελά	5215
μαύρα	5215
πάντεσ	5215
ρθεισ	5214
εσωτερικό	5211
γριά	5211
βενζίνη	5210
επιστρέφει	5209
νιώσω	5207
εκανα	5205
ειδικό	5203
ντέρεκ	5203
πρώτεσ	5202
σχέδιό	5202
πα	5199
nα	5197
οθόνη	5197
νομιζω	5197
λυπάσαι	5195
ανόητη	5194
φτάνουν	5193
δυτικά	5192
βαρύ	5190
φτιάχνω	5187
φέρουν	5187
γέλια	5183
λευκόσ	5179
σταμάτησα	5177
στάδιο	5176
φέρνεισ	5174
μουσείο	5173
λαν	5169
μπρουσ	5167
αξίζουν	5164
υπουργείο	5163
πάσα	5163
εξηγεί	5162
εύκολη	5162
χορόσ	5159
έλαβα	5157
τζόρνταν	5150
λάβει	5146
έμεινα	5145
εξωτερικό	5145
κλαίει	5140
υπόλοιπουσ	5137
ουάσιγκτον	5135
φωνάζουν	5134
πέφτουν	5132
σκότωνε	5132
μπλούζα	5132
εμπιστευτώ	5131
χειροπέδεσ	5131
θερμοκρασία	5128
φίλου	5127
me	5125
πέτρεσ	5124
κοιτα	5124
καφέσ	5123
βινσ	5118
κατανοητό	5113
ασυνήθιστο	5112
καταραμένο	5109
προσβολή	5105
πείσω	5103
καθαρόσ	5103
σεξουαλική	5101
γεννήθηκα	5095
αρκούδα	5094
απασχολημένη	5093
όλιβερ	5091
κατα	5089
βασίλειο	5086
ντένισ	5082
μαλάκεσ	5081
χιόνι	5081
πόσουσ	5080
κεφάλαιο	5080
μπλέξει	5079
φροντίσει	5076
ενδιαφέρομαι	5076
κανονίσει	5075
έμενε	5074
φράνσισ	5071
μάζεψε	5069
σάσ	5067
υπεύθυνη	5066
αηδία	5065
επρόκειτο	5061
κάλυψη	5061
γουστάρω	5058
πυροβόλησαν	5057
κοιτάω	5056
κόψει	5055
gonna	5055
πουτάνα	5053
παρακολουθούν	5053
ρώτησεσ	5053
πάψε	5050
προαίσθημα	5048
πληγή	5040
κουίν	5038
νταγκ	5038
ψεύτησ	5033
ολίβια	5031
ταιριάζουν	5027
απόλυτη	5026
κατηγορείσ	5022
καζίνο	5022
χρησιμοποιώ	5020
ανατολικά	5019
οδηγό	5015
σάλι	5012
πρόσκληση	5012
συνηθισμένο	5007
έψαχνε	5005
όπλων	5003
κακοί	5002
μπεθ	5002
διαγωνισμό	5001
κόκκινη	5001
αυτί	5000
βόμβεσ	4998
υποτίτλων	4990
πρόβα	4989
περιπτώσεισ	4989
πουλήσω	4988
επέστρεψα	4987
εχθέσ	4987
χτυπάσ	4984
πετάσ	4981
κατέστρεψε	4980
δώδεκα	4979
υόρκησ	4979
κέισι	4979
καθρέφτη	4978
μπόρεσε	4978
ζήσουμε	4977
έπιασεσ	4975
σκάφη	4975
πιασα	4975
κανονικό	4975
φίλιπ	4975
κοιμήσου	4975
διάσημοσ	4974
γελάσ	4972
πέσ	4968
παντρεμένοι	4967
αληθεια	4966
στίβεν	4962
εργαλεία	4958
κέικ	4957
γκόρντον	4954
κοιλιά	4952
ανν	4950
μοιάζω	4944
ξεχωριστό	4943
σαλόνι	4941
συναυλία	4937
αλλάξουν	4933
νεύρα	4932
κέλι	4928
επίδειξη	4928
τρελάθηκεσ	4927
μάθε	4927
γυναικών	4926
πήγαινεσ	4924
μπραντ	4923
θυμήθηκα	4923
εννοεί	4922
μήνυση	4919
ρόμπιν	4919
περνάμε	4918
φιλ	4916
λαόσ	4915
μάγκα	4910
γκάρι	4910
ποδόσφαιρο	4908
άλλαξαν	4906
πετάξεισ	4905
παράξενη	4904
βαθμούσ	4897
τοντ	4895
νικήσει	4894
γρήγορη	4892
τηλεφωνήσει	4892
βλακεία	4892
σταματάσ	4891
συναγερμόσ	4886
προηγούμενο	4886
έλειπε	4886
ανοίξουμε	4885
χώμα	4884
πρώτοι	4884
ηρθε	4883
επισκέπτεσ	4882
μεσ	4881
καθ	4875
μεγαλώσει	4873
αγαπάμε	4872
δημοσιογράφοσ	4871
ωστε	4869
νοιάζεσαι	4869
βαθμό	4869
βίνσεντ	4867
ανέβα	4866
συγκρότημα	4865
δεχτεί	4865
ησουν	4861
χρονια	4860
λου	4855
στείλουν	4855
πυροβολήσω	4848
αυτοκτόνησε	4845
νόμου	4845
τούνελ	4844
τέρι	4844
κάλεσεσ	4843
τζέιμι	4843
όριο	4842
ευθεία	4842
ομιλία	4840
αργήσω	4837
κλοπή	4835
δάχτυλο	4835
επέμβαση	4835
γνώρισεσ	4834
πουλήσει	4832
πάρκινγκ	4828
ντέιβισ	4827
καλο	4819
γκραντ	4815
έλεγχοσ	4813
ξεπεράσει	4812
ζόμπι	4808
επίπεδα	4808
πλήθοσ	4807
άμεση	4806
λιζ	4805
συντομότερο	4805
επιθεωρητήσ	4803
ανάγκησ	4803
προστατεύει	4803
ατμόσφαιρα	4798
επίσημα	4797
εξακολουθεί	4797
ίδιεσ	4796
αηδιαστικό	4796
σκότωσέ	4794
ερχόμουν	4794
φρικτό	4793
αδυναμία	4791
κλείσουμε	4788
διοικητή	4787
γκρεγκ	4786
μπράντον	4786
γλυκόσ	4786
ψάξε	4784
όργανα	4784
πέρνα	4784
καλέστε	4782
νταμ	4782
παραμείνει	4780
ζωντανά	4778
ακρόαση	4777
πίστεψα	4773
λιμάνι	4772
φορέσω	4772
κοιμήθηκεσ	4772
τζίνι	4771
ελπίδεσ	4763
άφηνα	4761
σιχαίνομαι	4760
τρέχεισ	4760
σάρλοτ	4760
κέιτι	4759
σακάκι	4759
πρίγκιπα	4759
κοινή	4756
χαίρω	4755
εμφανίζεται	4748
όσκαρ	4744
έτοσ	4739
χίτλερ	4738
κανά	4738
τιμ	4738
μάτσο	4736
νοιάζομαι	4735
διαμάντια	4735
φτάσουν	4734
βοηθό	4734
δασκάλα	4733
μίλερ	4731
τελειώσουν	4723
γνωριστήκαμε	4720
καταστρέψεισ	4716
ανάκριση	4715
επικοινωνία	4713
σκάλα	4710
έρωτασ	4710
διπλό	4709
μήκοσ	4707
φράνκι	4707
εγκληματίεσ	4706
σκοτώνουν	4701
τζέσικα	4700
συγκεκριμένα	4697
συνταγή	4695
έλιοτ	4692
τηλεφωνήσεισ	4690
υπόψη	4689
ξεκάθαρα	4688
νίνα	4688
φίδι	4683
φέρ	4679
υποσχέσου	4678
μπέιζμπολ	4677
προστατέψω	4676
μπότεσ	4675
αποτελεί	4673
συμφωνείσ	4673
σάρκα	4671
υπαστυνόμε	4670
ανάμεσά	4670
τρέξτε	4670
έλεγξε	4670
βίκτορ	4668
ποιοί	4664
ευτυχισμένοι	4663
ντρέπομαι	4661
πύργο	4661
ιταλία	4658
φόνουσ	4657
αστείοσ	4657
άλλοθι	4657
ευτυχισμένο	4657
κοιτάζει	4656
χριστόσ	4654
απαγωγή	4652
χιούμορ	4652
συζητήσω	4651
κλείστε	4650
επανάσταση	4650
πιστέψτε	4649
τέταρτο	4641
γκασ	4640
βγουν	4639
γυμναστήριο	4639
λίγουσ	4637
δεί	4634
προέρχεται	4634
υποφέρει	4632
αδέλφια	4628
αμάξια	4627
στρατού	4626
πολύτιμο	4625
ωραια	4624
κυρά	4620
έφαγεσ	4619
επίτηδεσ	4617
αποκαλείσ	4616
ακούσουν	4616
θεωρεί	4615
κρύβει	4615
πρίγκιπασ	4615
μπροσ	4613
σώματοσ	4611
γνώριζα	4610
κόρεσ	4610
αποτυχία	4608
τρελοί	4607
χρήσιμο	4607
υγρό	4607
θεε	4606
σχολείου	4602
αντέξω	4600
δαίμονεσ	4599
βοήθησεσ	4599
γυρίζει	4597
ολο	4597
john	4595
δεύτεροσ	4595
mε	4594
οργάνωση	4591
ψυχέσ	4591
αθώα	4590
γεμάτοσ	4588
κάτσεισ	4587
στέκεσαι	4587
συνηθίσει	4586
σωστόσ	4586
έννοια	4583
πληροφοριών	4581
ίδρυμα	4581
κατασκήνωση	4577
επαναλαμβάνω	4576
ινδία	4575
πρόκληση	4574
τριάντα	4574
δείσ	4573
απαγορεύεται	4571
κοινότητα	4571
αμέ	4570
πυροβολήσεισ	4567
σκάσει	4566
κρατά	4565
τοσ	4564
γιέ	4564
υπηρεσίασ	4563
πέτυχε	4563
ανάποδα	4561
φέρνω	4561
ακριβό	4560
σκοτωθεί	4559
επόμενεσ	4558
ραδιόφωνο	4557
δύναμή	4556
αναφέρεισ	4556
ετοιμάσου	4555
δοκιμάσει	4553
κουνηθείσ	4552
κλείνει	4551
κρατάμε	4549
κόστοσ	4548
παιδική	4547
κότσια	4544
άρχοντα	4543
κατοχή	4542
τετάρτη	4541
έργα	4541
χλόη	4538
καταλάβετε	4536
προ	4535
διοίκηση	4535
that	4533
μπισκότα	4530
εγκεφάλου	4529
υπερβολική	4528
προδοσία	4527
πλάι	4526
δίνουμε	4525
σπένσερ	4525
πλούσια	4524
ξύπνιοσ	4522
δικαιοσύνησ	4518
υπάλληλοσ	4517
προέδρου	4516
ξεκίνησα	4511
ανακαλύψει	4511
γόνατα	4511
πρόθεση	4509
ξερα	4507
δεύτερον	4506
βλάψει	4506
διαδίκτυο	4505
περίπλοκο	4505
μπαρτ	4502
ειπε	4500
χρέοσ	4499
προτιμάσ	4498
κατέληξε	4497
θλίψη	4497
άλλαξεσ	4496
στρατιωτική	4495
κοιμήθηκα	4494
φοίβη	4492
φωτόσ	4491
σταθείτε	4491
φόρμα	4491
αποκαλούν	4490
εύα	4489
στροφή	4488
τίτλο	4488
μόλι	4488
σάλτσα	4485
ζήτα	4485
πούτσο	4484
μάρθα	4484
υγείασ	4483
επιτρέπει	4483
γάτεσ	4483
ντρέπεσαι	4483
γουίλσον	4480
γίνομαι	4480
έξοδα	4480
ρεπό	4479
πιάτα	4479
ζωη	4476
φύλακασ	4475
ευγενική	4474
αντέξει	4470
παντρεύτηκε	4470
ζόρι	4465
ενδιαφέρεσαι	4464
παίρνετε	4463
αιώνεσ	4462
ελένα	4461
κοινωνική	4452
ονομάζομαι	4452
καρδιέσ	4451
παρακολούθηση	4450
εξοχότατε	4450
νίκι	4449
ξεχάσουμε	4449
εμπορικό	4449
dr	4449
μαϊάμι	4448
κτήριο	4447
δεκαετία	4446
μανούλα	4444
μιλούσαμε	4444
σταματάει	4442
πίστευεσ	4442
προαγωγή	4441
κωδικόσ	4439
αγωγή	4439
πήγατε	4438
βαρετό	4437
φροντίζει	4436
δόλωμα	4435
ακούγεσαι	4435
μερα	4434
αδερφέσ	4434
πληρώνουν	4433
ωκεανό	4433
τριών	4429
κοσμήματα	4428
τρίχεσ	4425
χαλάσει	4425
πιείτε	4425
ένδειξη	4423
παρόλα	4422
θυσία	4422
ανταλλαγή	4421
ράσελ	4418
εκλογέσ	4418
θεοί	4417
έβγαλεσ	4414
καλέσεισ	4413
ναυτικό	4413
μισθό	4411
δάσκαλε	4411
τζεσ	4410
θελεισ	4409
καθαρίσει	4408
λευκή	4407
τζένι	4406
κλουβί	4404
ακούσαμε	4404
μαθαίνω	4404
καπετάνιοσ	4404
σκέφτεστε	4402
όνειρά	4402
εταιρείασ	4401
αύξηση	4399
μπαμπάκα	4398
σημαία	4398
νταντά	4397
διάβολοσ	4396
άγνωστο	4395
άγγελοσ	4395
καταστρέψω	4394
αγοράκι	4393
ρίχνει	4392
επιτρέψω	4390
ιδιωτικό	4388
λειτουργούν	4388
θεούλη	4386
συνταγματάρχησ	4385
τρώμε	4383
καυτή	4381
πήγαιναν	4380
γαλλικά	4377
αξίζεισ	4377
παν	4376
μπάντα	4374
ιερό	4373
αριθμούσ	4371
καταστραφεί	4371
χρηματοκιβώτιο	4370
άλλαξα	4367
αρχίζουν	4367
έκλεψα	4367
γαμάτο	4365
παράλογο	4365
λατρεύει	4363
χαμένη	4362
πόλεισ	4362
ουσιαστικά	4359
συμφωνήσαμε	4359
σχήμα	4357
ενοχλώ	4357
χόρτο	4355
εισαγγελέασ	4354
προμήθειεσ	4351
τοίχουσ	4347
δοκιμή	4346
συζητήσεισ	4345
έβλεπεσ	4344
θάλαμο	4344
υπολοχαγέ	4342
παραδέχομαι	4342
υποθέσουμε	4341
έκφραση	4340
βλέποντασ	4340
ευχάριστη	4339
αναζήτηση	4336
μαθηματικά	4335
έμειναν	4335
on	4335
περιοχέσ	4334
πέστε	4332
γίνε	4331
αηδίεσ	4330
δουλέψουμε	4330
μαρί	4330
νούμερα	4327
άρεσαν	4326
βιαστείτε	4326
κατέβασε	4326
κατηγορώ	4325
ακουστά	4325
γερμανοί	4324
ρομαντικό	4323
αστυνόμοσ	4323
βρισκόταν	4323
κατω	4322
aυτό	4321
μεχρι	4319
αδύναμοσ	4318
κοιτάτε	4314
τρομερά	4313
απόλυτο	4311
ευρώ	4311
σκέφτονται	4308
πεπρωμένο	4307
καλλιτέχνησ	4307
έγραψεσ	4305
συνταγματάρχα	4305
μπο	4304
εσώρουχα	4303
έχοντασ	4302
δίνετε	4302
λεγα	4301
λη	4301
δον	4301
γάντια	4300
βρώ	4300
ζόι	4297
χειμώνα	4295
μάγοσ	4295
μαλακό	4293
ώμο	4292
έκοψε	4291
όρο	4289
ρωτήσει	4289
ρον	4288
εξάσκηση	4287
εμπόδιο	4286
κόουλ	4286
στέλνω	4285
ερχόσουν	4285
προχωρήστε	4285
αρχίσαμε	4285
ψάξει	4284
κατάσκοποσ	4284
ξεφύγεισ	4283
οικογενειακή	4283
επιρροή	4282
κύμα	4277
τζόναθαν	4277
ριντ	4270
σκεφτόσουν	4268
εφιάλτησ	4267
my	4265
γραμματέασ	4263
σκοτώθηκαν	4260
άδειά	4259
στρατηγό	4258
ισχυρό	4257
ουτε	4255
πιάνο	4253
συζητάμε	4253
πουλάει	4252
κανονική	4251
αγενήσ	4251
γενναίοσ	4250
συγκέντρωση	4248
μοναξιά	4247
κόψεισ	4247
μόνον	4247
κώμα	4244
μπαίνω	4242
επιστολή	4242
ακούμε	4240
ρίξτε	4239
έπεσαν	4238
γυμνάσιο	4237
πέσω	4236
παίξε	4236
μπύρεσ	4234
ίσα	4233
δείγματα	4233
βοηθάω	4230
άργησεσ	4230
ενδείξεισ	4228
αναγνώριση	4228
βάλετε	4227
ξύπνησε	4225
δυνατότητα	4224
στυλό	4223
ντύλαν	4221
εμμονή	4217
κρανίο	4217
ξενοδοχείου	4217
πρόθυμοσ	4217
κάθισμα	4216
κοιτάει	4216
πανω	4215
ακτίνα	4214
οπτική	4213
χάρολντ	4213
σηκωθείτε	4211
βοήθησα	4208
τζένιφερ	4207
γρήγοροσ	4207
αμερικήσ	4206
συνέβησαν	4206
έκλεψαν	4204
σημαντικόσ	4202
στέκεται	4202
μεγαλώνει	4201
πέιτζ	4201
κλόουν	4200
τηλεφωνήματα	4200
στοιχηματίζω	4199
οφείλω	4199
αρέσω	4196
δάκρυα	4193
δεδομένου	4192
πέσεισ	4192
κινδυνεύει	4187
οδόσ	4186
φέρεται	4185
χε	4184
μαντάμ	4183
ελέγχω	4182
λιγότερα	4182
σιγουρευτώ	4181
μμμ	4179
απίστευτη	4179
ανατολή	4178
καίει	4177
λοχαγόσ	4177
επικίνδυνα	4174
ααα	4174
δειλόσ	4172
φοβάστε	4172
αστυνομικούσ	4172
τίμημα	4171
ποιουσ	4171
δείχνω	4171
κοστίσει	4171
χορέψουμε	4170
μπελ	4170
χαμένο	4170
νευρικόσ	4168
μάιλσ	4166
ελέγξει	4165
καθάρματα	4165
τεχνική	4165
κρέμα	4163
χάρισ	4163
τήν	4163
σοβαρόσ	4163
πείραμα	4162
κατάστασή	4161
ξεκάθαρο	4161
μέγκαν	4161
απαντήσει	4160
παρακολουθείσ	4158
νο	4158
ελπίζουμε	4158
προσέλαβε	4156
πρόποση	4154
κόνορ	4154
κολλέγιο	4153
άλλωστε	4153
καταστάσεισ	4153
ειχε	4152
πέρασμα	4151
συγχώρεσέ	4151
μεγαλύτερα	4151
βράδια	4149
ασ	4149
σταματήσετε	4148
φτιάχνεισ	4148
ρωσία	4147
τακτοποιήσω	4146
τρομερή	4145
πυρά	4143
περιγραφή	4142
μπαίνουν	4141
φροντίζω	4141
αντίθετα	4140
φυσιολογικά	4139
ασύρματο	4138
πιλότοσ	4138
πληγέσ	4137
καλώ	4134
πυροβολήσει	4132
διάβασεσ	4130
πάσο	4130
χρόνων	4128
ειπα	4127
σκοτώστε	4127
πλανήτησ	4127
δημιούργησε	4127
οικογενειακό	4125
τραβήξει	4125
τηλεφώνησέ	4125
πιστόσ	4123
εαν	4122
νομίζαμε	4121
χάλι	4121
ήρωα	4118
προπόνηση	4118
ιό	4116
δύση	4113
στησ	4112
καταλάβουμε	4112
αποδείξει	4111
κρύβεισ	4110
ένταση	4110
ισχυρή	4110
σκοτεινά	4109
κασ	4109
φανταστείσ	4106
πάτο	4105
όνειρό	4103
ρόι	4102
τέτοιου	4101
μέτωπο	4100
ξανασυμβεί	4097
έκλεισα	4097
άστο	4096
έτυχε	4095
εϊ	4094
ναό	4091
ακούστηκε	4090
χιλ	4087
τρόποι	4087
ξεκινήσεισ	4085
δολοφονίασ	4082
μόνικα	4082
υπάρξουν	4082
άσπρο	4081
ρισκάρω	4081
κλειστά	4079
εγκληματίασ	4079
ξανθιά	4077
χέιλι	4076
μιλά	4075
δύσκολεσ	4075
βγάζουν	4073
παρατήσεισ	4073
δεύτερα	4072
εκπλήσσομαι	4070
πίτα	4069
προειδοποιώ	4068
πενήντα	4066
μάθιου	4066
δαίμονασ	4065
είδηση	4065
σκοτεινό	4065
συμπαθεί	4064
ένωση	4064
κόλλησε	4064
άνταμ	4063
επίσημη	4061
κλέβει	4061
συγκεκριμένη	4060
χορού	4057
νικητήσ	4057
απλόσ	4055
βάλτο	4054
βγήκαν	4054
εργάτεσ	4053
σακούλα	4053
σι	4052
φάνε	4051
γυναικα	4048
άντι	4043
κεντρικό	4042
πηγέσ	4041
άβολα	4041
βεβαιωθώ	4040
δημιουργήσει	4038
χρονικό	4038
διορθώσω	4035
πρόσεξα	4035
σπηλιά	4035
έσωσα	4034
ελέγξεισ	4034
έλεγξα	4032
νιώσει	4032
ιδιοκτησία	4032
όραμα	4030
έφτιαξεσ	4024
ήμουνα	4023
ολη	4023
απόπειρα	4022
γερουσιαστή	4022
αμαρτίεσ	4022
ρθω	4021
νόμισα	4020
τόμπι	4019
χάρπερ	4018
ιερέασ	4018
σύμβολο	4018
απαραίτητα	4018
διοικητά	4017
διαβάζει	4017
νομική	4016
ρεκόρ	4015
σκοτεινή	4014
διαφήμιση	4012
τράβισ	4010
γραφείου	4009
εξαιρετικό	4007
ανάθεμα	4005
πώληση	4002
ράιλι	4001
κανουμε	4000
ιδιαιτέρωσ	4000
νόμουσ	3999
κάλτσεσ	3999
αρχίσουν	3998
κακέσ	3998
χρησιμοποιώντασ	3993
ίαν	3993
φόρα	3993
επιθέσεισ	3992
υπεύθυνο	3991
ερχεται	3990
περιπέτεια	3988
ξεκίνησαν	3987
ήπια	3986
τραύματα	3986
ρίτα	3985
στέγη	3985
μπάρμπαρα	3981
οποίεσ	3981
ακολουθήσει	3980
άσκηση	3979
ανθρωπότητα	3979
οδηγείσ	3978
ακολουθήσω	3973
βέρα	3971
ενημέρωση	3970
προσευχή	3969
ψάρεμα	3969
εαυτού	3968
αποφασίσεισ	3968
πλούσιοι	3968
έκδοση	3967
καταστράφηκε	3967
μαγικά	3966
ακολουθούν	3966
φορα	3963
διαλέξεισ	3962
γνώρισε	3962
κάρι	3961
αντιμετωπίσω	3961
ισχύ	3958
πυρετό	3955
καρδιακή	3954
μαθαίνεισ	3954
εκανε	3951
εντόσ	3951
μάρκο	3948
ταξίδια	3948
περιέχει	3948
πούλησε	3948
ηλικίασ	3947
ξεχωριστή	3947
σόφι	3946
κουτιά	3946
ύπνοσ	3946
φοβερόσ	3945
αμαρτία	3945
πε	3943
μητρώο	3941
γιανγκ	3939
κόκκινα	3939
αξίασ	3939
παρατήσω	3938
ακριβά	3937
τηλεφώνησεσ	3935
αφήνουμε	3932
έρχεστε	3932
ψάχνοντασ	3930
τρέχουν	3930
φρέσκο	3929
σκασμό	3929
πλευρέσ	3927
διακόπτω	3925
απομείνει	3924
φρουροί	3923
ρίχνεισ	3918
υποσχέθηκε	3918
συναγερμό	3917
στρατηγική	3917
όλον	3915
ντουλάπι	3915
βλάβη	3909
περίφημα	3908
ιατρικό	3906
λείψει	3905
παραγωγή	3904
μιλούν	3904
αντιμετωπίσει	3903
βραδινό	3903
φάτσα	3902
λόφο	3902
βγάλουν	3902
γκρέι	3901
μεγάλοι	3901
αντιμετωπίσουμε	3901
τρομοκράτεσ	3899
έθνοσ	3898
πλεονέκτημα	3897
φρικιό	3896
επιστήμονεσ	3896
ωραίεσ	3895
χάπι	3893
στείλτε	3893
επέστρεψεσ	3892
ειχα	3892
καλύψει	3891
αυτον	3891
κλέφτεσ	3890
μάργκαρετ	3889
ήρωεσ	3888
ακολουθείσ	3885
ανήκεισ	3885
χρειαστείτε	3884
αγίου	3884
ιδιωτική	3878
διαρροή	3877
νοιώθεισ	3876
αέριο	3875
φρανσίσκο	3874
καίγεται	3874
εργάζεται	3874
λίσα	3873
όμορφεσ	3872
σκανδάλη	3872
τζούνιορ	3872
κοιλάδα	3872
ανάγκεσ	3871
νύχτασ	3866
λέγομαι	3865
ξυπνήσεισ	3865
ηρθα	3865
χουμε	3864
εκραγεί	3863
αιώνια	3862
αγγίξεισ	3859
θέαμα	3856
εσωτερική	3856
μεταφέρει	3856
γενικά	3854
αναγνωρίζεισ	3851
πινακίδα	3849
τελικό	3848
βιρτζίνια	3848
συγκεντρώσου	3848
εκρηκτικά	3848
τραγωδία	3847
πρόοδο	3846
ευχάριστο	3846
τέτοιοσ	3845
χάθηκαν	3844
νεκροταφείο	3844
παγκόσμιο	3844
έφτασαν	3840
όροσ	3839
φυσιολογική	3839
πονάσ	3837
ζώων	3836
χρήματά	3834
αθώο	3834
καρφί	3832
λεει	3830
ανεβαίνει	3830
πληρώνεισ	3830
μιλήσουν	3830
γουίλι	3828
ακριβή	3827
δημοκρατία	3826
τρύπεσ	3826
μέλι	3825
τζέρεμι	3824
αρνήθηκε	3824
τσούλα	3823
πεθαίνεισ	3822
πλήρωσα	3822
καθημερινά	3822
ναζί	3821
κεντρική	3820
ιαπωνία	3820
βρώμικο	3820
επιτέθηκαν	3819
άρωμα	3819
μπήκαν	3818
γυμνή	3817
χρησιμοποιούμε	3817
γραφεία	3811
χτυπήθηκε	3809
γενεθλίων	3808
παρόμοιο	3806
κύρια	3802
ενθουσιασμένοσ	3801
χήρα	3801
ρεντ	3800
βερολίνο	3798
καθε	3798
αντίσταση	3798
γραβάτα	3797
απατεώνασ	3796
προτείνεισ	3796
συμπτώματα	3796
καλη	3795
τάξησ	3794
σημαίνουν	3794
σελίδεσ	3792
ευκαιρίεσ	3792
παντρεύτηκα	3791
δημιουργεί	3790
σημερα	3790
ασχολείσαι	3789
στολέσ	3787
κρατάνε	3787
αρρώστια	3785
συνέδριο	3784
μπάσταρδοσ	3784
χωρίσει	3784
εχθροί	3783
υπολογιστέσ	3782
κορμί	3781
καταλήξει	3781
χάσιμο	3780
συνεχίζεται	3778
τίνα	3778
κρατήσουν	3777
πάθεισ	3777
χώρεσ	3776
άν	3775
έβρισκα	3773
διαθήκη	3772
προφορά	3772
λεπτομέρεια	3772
σπασμένο	3770
πνεύματα	3770
μελέτη	3769
αδελφέσ	3769
αντιμετωπίσεισ	3768
καριόλη	3768
άκουγα	3767
κεράσω	3763
μαζέψω	3762
σταθερή	3762
βγαίνουμε	3762
καλύβα	3759
θυμηθείτε	3758
ηρεμήσεισ	3755
πέοσ	3753
νόρμαν	3751
τόν	3751
παραγγελία	3751
δια	3751
τόποσ	3751
λίνκολν	3751
νικήσουμε	3749
κυνηγόσ	3747
θρησκεία	3745
ένσταση	3745
βρίσκουν	3742
έξτρα	3742
τελείωνε	3742
χυμό	3741
βγήκεσ	3740
πυροβολήθηκε	3738
φορέσεισ	3738
αποφάσισεσ	3738
αεροπλάνα	3738
ένορκοι	3738
τησ	3737
κέρδοσ	3737
θυμό	3736
λύκοσ	3735
ακολουθήσουμε	3734
δολοφόνοι	3734
ρωτάει	3733
νέλσον	3731
πείσεισ	3727
σούπερμαν	3726
ξεκινά	3725
εκανεσ	3724
ζευγάρια	3724
πόκερ	3723
οδηγούν	3723
υπουργόσ	3722
κόμμα	3721
μηχανικόσ	3721
αποτύπωμα	3719
συντεταγμένεσ	3719
τρέχω	3718
ειστε	3718
μωρού	3716
όουεν	3716
κέιν	3715
μπάσκετ	3712
πουλάσ	3711
μέ	3710
αλλη	3709
ξυπνήσω	3709
μερίδιο	3708
θεωρείται	3707
επαγγελματική	3703
χρυσή	3702
παει	3700
έρευνεσ	3699
ισπανία	3699
καθίσω	3697
κέρδη	3697
φτιάχνουν	3696
χειρότεροσ	3695
ειδικέσ	3695
απευθείασ	3695
σταθμόσ	3694
φοβήθηκα	3694
αγνοείται	3693
μπουθ	3693
φράγκα	3689
πιάνω	3689
αποδεικνύει	3685
γενιά	3685
γιατρούσ	3685
γυρίζω	3683
γεννηθεί	3683
τυφλόσ	3682
τελευταίουσ	3682
τζ	3681
φανταστικά	3681
υπόθεσησ	3679
μένουμε	3677
δέχτηκε	3675
έριξα	3675
πτέρυγα	3673
μάρτι	3672
εταιρίασ	3671
βρίσκουμε	3670
φλόριντα	3669
περνάνε	3668
πειράξει	3668
γκόμενεσ	3668
μοτέλ	3665
τυχαίνει	3665
φύλλα	3664
αισθήσεισ	3662
αναγνωρίζω	3660
κατανόηση	3660
προσπάθησαν	3658
επιτρέπετε	3658
κινδύνου	3657
υπογράψει	3657
προσεκτικόσ	3656
ντικ	3656
αμάν	3653
άνεμοσ	3651
λεγεσ	3650
φύλακεσ	3650
καθυστέρηση	3650
we	3649
χρυσάφι	3649
τά	3648
αρχιφύλακα	3647
βιάζεσαι	3647
επηρεάζει	3646
φούρνο	3642
χόμερ	3642
ζούγκλα	3640
ψεύτικη	3640
παιχνιδιού	3639
κανενόσ	3637
καλύπτει	3637
τζούλιαν	3635
δολαρίων	3635
πρωτάθλημα	3634
δέχεται	3633
φάρσα	3633
ξαναδείσ	3633
έλαβε	3633
φταίξιμο	3632
αυγή	3630
λείψεισ	3630
φύσησ	3628
τραβάσ	3627
τροχιά	3626
κρύψει	3625
υπήρξαν	3624
επιστρέψουν	3624
οξυγόνο	3621
ένεση	3619
κληρονομιά	3619
τολμήσεισ	3619
περιέργεια	3619
λαμβάνεισ	3618
κοροϊδεύεισ	3616
πείνα	3615
ανακοίνωση	3615
τούσ	3613
καθόμαστε	3613
αποφασίσαμε	3613
is	3612
παραδεχτώ	3612
βρείσ	3610
μούρη	3610
λόγκαν	3610
σχεδίου	3610
βοηθά	3607
μπελάσ	3606
δημόσιο	3604
όποιο	3603
άλαν	3603
φανταζόμουν	3601
βοήθα	3601
δανειστώ	3601
γυρίσουν	3599
παναγία	3599
προσώπου	3596
αναλαμβάνω	3595
σαφήσ	3593
οδηγούσε	3593
έπαιζα	3589
καλέσατε	3587
σχοινί	3587
βιαστούμε	3585
χρώματα	3585
λασ	3585
μιλούσεσ	3585
καυγά	3584
κουλ	3583
ρίτσι	3583
κύματα	3582
δώστο	3582
αρνητικό	3581
κράτησα	3581
fight	3580
φανταστική	3578
δώσαμε	3578
αγαπούν	3578
έδειχνε	3577
υψηλή	3577
πεί	3576
τόνο	3576
τραίνο	3575
φωλιά	3575
σκεφτόμαστε	3575
νέου	3575
στέλνουν	3574
ζεστή	3572
σύγκρουση	3572
σημερινή	3571
αγαπημένοσ	3570
ψηλόσ	3568
δοκιμασία	3567
ξεκουραστείσ	3567
ζηλεύω	3566
φέρνουν	3565
κανόνισε	3564
τιμέσ	3564
αγόρασεσ	3564
φρέντι	3562
αρχαία	3562
μήνυμά	3561
αφήνετε	3560
χαλί	3560
πόρνεσ	3559
γνωριζόμαστε	3559
βαλίτσεσ	3559
μιλώ	3558
θέληση	3557
πολίτησ	3556
εννοούσε	3556
αγγίξει	3556
όργανο	3556
μίλι	3555
κανονίσουμε	3554
συνηθισμένη	3554
γου	3552
χωρισ	3551
θαύματα	3551
πισινό	3551
μάντι	3547
επ	3547
αμερικανοί	3546
έχασαν	3546
εξηγήσει	3544
σιντ	3540
πρώτησ	3540
κρέιν	3540
νόστιμο	3540
μισούν	3539
προστατεύσω	3537
ηρακλή	3537
συνείδηση	3537
λισ	3537
τιμήσ	3537
βρέχει	3536
επιθεωρητή	3535
γυναικεία	3534
περιοχήσ	3532
δημιουργία	3532
σύνταξη	3532
ψάξεισ	3530
σηκώστε	3530
συνέβει	3529
ευτυχήσ	3529
δαίμονα	3528
ακίνητοι	3526
λειτουργήσει	3525
τζίνα	3524
αξίζω	3523
μίτσελ	3522
βγάλ	3521
μασάζ	3520
κίτρινο	3520
συνεχίζεισ	3519
γουστάρει	3518
θέσ	3518
σπάει	3516
οδηγήσεισ	3516
κυβέρνησησ	3513
κουράστηκα	3513
φιλήσω	3512
εξίσου	3510
τραβήξω	3510
χρημάτων	3508
μωρέ	3507
ταγματάρχη	3505
πουλήσεισ	3504
πρωτόκολλο	3502
πάτα	3502
πολεμήσουμε	3502
εκδήλωση	3502
δολάριο	3501
ντζελεσ	3501
πραγματα	3500
σταμάτησεσ	3500
ιδιοκτήτη	3499
φοβερά	3499
φέρετε	3498
βερόνικα	3497
παρα	3496
γρηγορότερα	3495
ακολουθήσεισ	3495
λοχίασ	3493
δεσμό	3492
μόδασ	3491
ανθρώπινα	3491
μαμα	3490
ερχομαι	3490
άλισ	3489
γαμημένα	3489
πετσέτα	3489
ανέλαβε	3486
κοιτάζεισ	3486
σπάσεισ	3485
προσωπικού	3485
γλυκειά	3483
σύνολο	3482
ανάμνηση	3481
χαίρεσαι	3480
ώπα	3479
πιστωτική	3479
ηθική	3477
άνοιξη	3475
πληρώσουμε	3475
michael	3475
προστατέψει	3475
αγελάδα	3474
ανησυχούσα	3474
σέβομαι	3474
ανέφερεσ	3474
παραδώσω	3469
φροντίσουμε	3469
μουνί	3467
έμενα	3465
τσίρκο	3464
νόρα	3464
έβγαινε	3464
νικήσεισ	3463
είμασταν	3463
καλυτερα	3462
έβαν	3462
χρυσόσ	3462
αλυσίδα	3462
καθάρισε	3462
κεντ	3461
πυροβολισμό	3461
λίαμ	3460
κάπτεν	3460
μέρασ	3458
ντάνυ	3457
λυπηρό	3456
ντάνκαν	3455
σωστα	3455
άγριο	3454
κυβερνήτα	3450
όρκο	3450
λάσπη	3450
συστήματοσ	3448
γέλιο	3448
αγάπησα	3448
σκοτώσετε	3445
μεγάλησ	3445
περνά	3444
κλείνω	3442
σεντ	3441
διπλά	3440
σαιζόν	3439
θελεσ	3438
δρα	3437
κλαιρ	3436
χαρακτήρασ	3433
φανταστείτε	3432
χο	3430
απόφασή	3430
δραστηριότητα	3429
σταθερά	3428
κιθάρα	3428
τζι	3428
φωτιάσ	3427
πιθανή	3425
γούστο	3424
σεθ	3423
νάταλι	3423
διάλεξεσ	3423
επόμενα	3422
βικ	3422
πονοκέφαλο	3420
υψηλήσ	3420
επιβάτεσ	3420
παγκόσμια	3420
κανεσ	3420
άμμο	3419
δεχτείσ	3419
μέλιτοσ	3416
αδερφού	3416
κακία	3416
ενημέρωσε	3415
ερλ	3415
ομολογία	3414
αναλάβεισ	3412
σφιχτά	3409
supporters	3409
μέι	3407
εξαφάνιση	3407
χάρυ	3404
προπονητή	3404
καταλήξεισ	3403
πίπα	3403
βάλαμε	3403
λίγοι	3403
έϊ	3402
κρεβατοκάμαρα	3401
κολιέ	3400
γουέιν	3400
παρατάσ	3400
συνδέεται	3399
δρόμοι	3398
δίωξη	3397
έμιλυ	3397
ιράκ	3396
ταγματάρχα	3396
καμπίνα	3395
κατάθλιψη	3394
βάζουμε	3394
έγραφε	3394
αργήσεισ	3393
μηv	3392
δάνειο	3392
ξεχάστε	3392
κυρίασ	3391
ιδιαίτερη	3391
αρχήσ	3390
κάθησε	3390
παραμύθι	3389
συνεχίζουμε	3389
αυτοκρατορία	3387
απαντάσ	3387
αναπνέει	3386
δωσ	3386
προσέξει	3386
μυρίζεισ	3384
κατέστρεψεσ	3383
μπρουκ	3383
πλατεία	3382
ράντι	3381
προπονητήσ	3381
γράψε	3379
ανήκω	3379
περιμένοντασ	3378
ευχαριστημένοσ	3377
παραμονή	3375
κλέι	3375
έντουαρντ	3374
καύσιμα	3374
χονγκ	3373
σκεφτήκαμε	3372
πήδα	3371
κατάστρωμα	3371
συλλάβουν	3369
θυμηθείσ	3368
χαρούμενο	3367
οδηγώ	3367
αυγό	3366
άρχισεσ	3365
συμπέρασμα	3363
τρέισι	3361
εμετό	3360
φιλμ	3358
τραβάει	3357
ζήσουν	3357
ακολούθησα	3357
no	3356
κριστίνα	3355
μέισον	3355
θλιβερό	3355
κρύα	3354
οποίουσ	3354
όβερ	3354
προδότησ	3353
sam	3353
ανέφερα	3353
απαντάει	3351
κοιτάξει	3349
τουαλέτεσ	3349
σωλήνα	3349
χοντρό	3348
δουλεύετε	3348
ξεκαθαρίσουμε	3348
χριστουγέννων	3347
χτύπησαν	3346
αγοράσουμε	3345
πρωταθλητήσ	3345
λάνα	3344
ετοιμάσω	3344
δωματίου	3344
επαφέσ	3343
σώσε	3343
βότκα	3343
παπούτσι	3342
ποσο	3340
φυτά	3340
οστά	3339
ανησυχία	3338
άλισον	3337
υποθέσω	3337
περπατάσ	3336
ευγενικά	3336
τσιπ	3336
επισκέψεισ	3335
ξύπνια	3335
ποσότητα	3335
φρούτα	3334
σέιν	3334
ξανακούσει	3334
μπουφάν	3334
στιούαρτ	3333
χρησιμοποίησα	3333
καλάθι	3332
ψητό	3332
τρομάζει	3332
μπρέντα	3331
εντοπίσουμε	3330
αλάτι	3330
νικόλ	3329
χρησιμοποίησεσ	3329
κινητά	3328
ρουθ	3326
εκδοχή	3326
τζεν	3325
κουσεσ	3324
εξαφανίστηκαν	3324
κατάλογο	3324
τόσουσ	3323
ρόνι	3322
μακρύ	3322
σταμάτησαν	3321
έβαζε	3320
σκάφουσ	3320
σκέτη	3319
γουόκερ	3319
μπόνι	3317
μετοχέσ	3317
χέδερ	3317
τρόφιμα	3317
τζέικομπ	3317
λουλούδι	3316
ψάξτε	3315
παίζετε	3314
ανόητε	3314
κρυφό	3313
προϊόν	3313
αποφασίσω	3313
εvτάξει	3311
γκλόρια	3311
περίοδοσ	3309
κλέβεισ	3309
μπένετ	3307
ενοχλητικό	3306
θυμώσει	3305
ελέγξτε	3304
φαίνεστε	3303
δέχεσαι	3302
κουνιέσαι	3302
διπλή	3302
παρακολούθησησ	3302
φοβόταν	3301
ξεκινήσαμε	3301
φιλαράκια	3301
μηνών	3300
θρόνο	3300
καλώδιο	3299
γουρούνια	3299
jack	3298
λύσουμε	3297
στοπ	3296
γκλεν	3296
κάμερον	3295
αρχηγείο	3294
πέταξα	3293
λλη	3293
ανατολική	3293
δράστησ	3293
υπόσχεσαι	3291
ξεκινήστε	3291
ζηλεύεισ	3290
ταράτσα	3289
κινγκ	3289
οροφή	3286
διαλέξω	3285
κόψουμε	3285
ακολουθώ	3284
αμφιβολίεσ	3284
λέοναρντ	3284
ζήνα	3284
καθίσεισ	3283
ήρεμοσ	3282
διέταξε	3281
κόκα	3279
πολιτείεσ	3276
είσοδοσ	3276
σπάνιο	3276
ανάγκασε	3275
αυτοκτονίασ	3273
χρέη	3273
εγκατέλειψε	3272
σαλάτα	3272
δυτική	3271
κτήνοσ	3270
καταραμένη	3269
παραβίαση	3269
μανχάταν	3269
αρνείται	3268
αληθεύει	3265
συναντηθήκαμε	3264
οικονομική	3263
φρικάρει	3263
θεωρούν	3262
ηγέτησ	3261
επιτεθεί	3261
αυτοκινήτων	3260
υπολογιστήσ	3259
προθέσεισ	3259
κουστούμι	3259
συνελήφθη	3259
φεύγετε	3259
καθόταν	3258
μέρι	3257
ηρεμία	3257
μαϊμού	3257
αντίθεση	3256
μαθητήσ	3256
μέτρο	3256
μπανιέρα	3255
δώσατε	3254
ετοίμασε	3254
ψεύτη	3253
φτιάξε	3252
κότα	3252
ρθουρ	3251
προχωρήσει	3251
φέραμε	3251
κώλοσ	3250
νεα	3250
κοπελιά	3250
πληρώσουν	3249
πλήρησ	3248
υπεράσπιση	3246
απώλειεσ	3246
άμυνα	3245
ξένοσ	3245
αφοσίωση	3244
ύπαρξη	3243
σκάσεισ	3243
μεταφέρω	3243
κάλι	3242
κεντρικά	3240
διαβατήριο	3240
πείσει	3239
καταθέσει	3239
κουδούνι	3238
σύννεφα	3238
φύλακα	3237
απειλέσ	3237
παγωμένο	3236
πρακτικά	3236
καταθέσεισ	3236
all	3236
προστασίασ	3234
ανέβει	3233
ζητά	3229
άλμα	3229
άντζελεσ	3226
σχολεία	3226
άχρηστοσ	3225
μπλέικ	3225
αλίσια	3224
ύφοσ	3224
μονάχα	3223
φιν	3222
μετρό	3221
φέρετρο	3220
βασίζεται	3220
ιόσ	3219
προλάβω	3217
μιτσ	3217
συγχωρέστε	3216
ήλιου	3216
ενοχή	3213
έφευγε	3212
ενθουσιασμένη	3211
ισχυρίζεται	3209
έρευνά	3207
διευθύντρια	3206
αρεσει	3206
λεωφόρο	3204
σουίτα	3203
τετράγωνα	3203
περπατήσω	3203
εκτέλεση	3202
έξοδοσ	3202
συμφώνησε	3200
γενναία	3200
ραλφ	3199
κόλλα	3199
τιμόνι	3199
εκκλησίασ	3198
στόουν	3198
βγάλετε	3197
ξίφοσ	3197
πετάω	3196
δίπλωμα	3196
κλέψεισ	3196
γεμάτα	3195
γουάιτ	3195
κάvεισ	3194
περαιτέρω	3194
εισβολή	3194
καταλαβαίνουν	3193
ζεστά	3193
πάγκο	3193
χεράκι	3191
ανακαλύψω	3191
μπαταρία	3190
σχεδιάζει	3189
τρόμαξεσ	3188
τακτική	3188
χρησιμοποιείται	3188
ονομα	3188
πέθαινε	3186
ήτανε	3185
τράπεζεσ	3184
άθλια	3184
μπλουζάκι	3182
απάντησέ	3181
νεντ	3180
στέκομαι	3180
καπνό	3179
ιστοσελίδα	3178
στήλη	3178
λόρα	3177
πυροβολισμούσ	3174
μεθυσμένη	3173
αποδεικτικά	3173
άρρωστο	3172
subz	3172
δοθεί	3172
συνέλαβαν	3172
ξεκούραση	3171
ζητήσατε	3171
προτεραιότητα	3170
πρεσβεία	3170
φρουρά	3170
επίθεσησ	3169
δίχωσ	3168
φωνάζω	3167
χάσου	3165
λισον	3165
τοισ	3163
πληρωμή	3162
χτυπήματα	3162
επικοινωνίασ	3162
γερά	3162
φανώ	3161
ξένο	3161
προηγουμένωσ	3160
κοιμούνται	3160
απείλησε	3159
έπιπλα	3158
βαμπίρ	3157
καναδά	3154
ρώσοι	3153
περιλαμβάνει	3153
καπνόσ	3151
πορνό	3150
μαξιλάρι	3150
mike	3149
μόσχα	3149
συνήθιζε	3149
συρτάρι	3148
ένστικτο	3147
ρέιμοντ	3146
καποιοσ	3146
ξανακάνω	3144
θεούσ	3144
πύλεσ	3143
γονιών	3141
ντέιμον	3141
υλικά	3140
παρθένα	3140
ράντσο	3140
χρήσιμοσ	3140
εμπιστεύεται	3140
ισορροπία	3139
λαού	3139
κακούσ	3139
βρωμάει	3139
γραμματέα	3139
αναρωτιέσαι	3138
επιστήμονασ	3137
γροθιά	3136
αυτοπεποίθηση	3136
αρχική	3134
επείγοντα	3133
κόφτο	3133
γκριν	3132
θελει	3131
ξένουσ	3131
τρέχοντασ	3130
νεκροτομείο	3130
πλησιάζεισ	3130
αμερικανόσ	3130
μπορουμε	3130
πεθάνετε	3129
τοπική	3129
σύντομη	3129
κεν	3128
χάσετε	3128
εγκαταστάσεισ	3128
ερωμένη	3127
συνήθεια	3126
μάνατζερ	3126
καημένο	3125
πέσουν	3125
σίντνεϊ	3124
ζήτησαν	3123
πάρτο	3123
άρθουρ	3122
ρωτήσουμε	3121
ορυχείο	3120
φυλακέσ	3120
παρακολουθούμε	3120
τζένα	3120
μήλο	3119
εφιάλτεσ	3119
πoύ	3117
eίσαι	3116
λεφτα	3115
καημένη	3115
πινακίδεσ	3114
περασμένο	3113
ηρωίνη	3109
πολλα	3109
χοντρόσ	3108
ακαδημία	3107
επέλεξε	3105
άχρηστο	3104
νομίζουμε	3104
κοριτσιού	3102
δοκίμασα	3101
παρακαλούμε	3101
παιδικό	3101
κυρια	3100
καμμιά	3099
επιβιώσει	3099
σαv	3095
όπα	3095
καλώδια	3094
πίνακεσ	3094
μάχεσ	3093
επίσημο	3090
ποντίκι	3088
καλ	3088
πρόδωσε	3088
προβλήματά	3087
τρέξιμο	3087
παραμικρή	3086
συνάντησε	3086
λάδι	3084
δικηγόρουσ	3083
χι	3083
πυροβόλησεσ	3083
σήκωσέ	3083
david	3083
ψεύτρα	3083
τετράγωνο	3082
φτιάξουν	3080
μετακόμισε	3079
σταρκ	3077
θόρυβοσ	3076
εποχήσ	3075
κυνηγούν	3075
γερουσιαστήσ	3074
γεμίσει	3074
σκοινί	3073
εργασίεσ	3072
πήδηξε	3072
ένοχη	3072
κείνη	3071
πρόσεξεσ	3071
δισεκατομμύρια	3071
κριστίν	3070
θαυμάζω	3070
σκηνέσ	3068
τμήματοσ	3067
μεγάλουσ	3066
βαθύ	3065
σκοτώνω	3065
θησαυρό	3063
um	3063
γυρεύεισ	3063
λάμψη	3063
οικονομία	3062
έζησε	3061
στοιχείων	3061
ασχολείται	3061
ανακαλύψουμε	3061
αποστολήσ	3060
σκυλάκι	3060
ενδιαφέρουν	3059
δουλεία	3057
επιχειρήσεων	3057
σονγκ	3057
ειρήνησ	3056
βασίλη	3055
καφετέρια	3055
συμβουλίου	3054
δικηγόροι	3053
πέθανεσ	3051
τσέπεσ	3051
μόνεσ	3049
σκέτο	3049
συνεχιστεί	3049
ικανή	3048
συλλάβω	3048
πετάξουμε	3048
μπίλυ	3048
κανγκ	3047
γινει	3047
πυροβολισμοί	3047
freedom	3046
στενή	3046
μπλα	3045
βίβλο	3045
παρατήσει	3045
σο	3045
πουλάω	3045
ευθύνεσ	3045
επηρεάσει	3043
μπουκάλια	3043
διακοπή	3042
κοκτέιλ	3042
βορρά	3042
μεγάλου	3041
ξάπλωσε	3040
κοιτάξουμε	3040
aν	3039
κιτ	3038
κρίνω	3037
γουόλτ	3037
έπεσεσ	3036
έσπασα	3035
δολοφονίεσ	3034
ιερέα	3032
έμποροσ	3032
εκπληκτική	3031
κάρλα	3031
πάιπερ	3030
προστατεύσει	3030
χτυπά	3029
όσεσ	3029
λέσλι	3027
χριστού	3027
χρησιμοποιούσε	3027
εκστρατεία	3026
φυτό	3026
γιατρού	3026
ανησυχούμε	3026
εμπόριο	3025
tώρα	3024
δόθηκε	3024
μμ	3023
χαρούμενοι	3022
γελοία	3022
γουστάρεισ	3021
εκτίμηση	3020
κερδίζεισ	3019
κόπανοσ	3019
μόλυνση	3019
νοσοκομείου	3018
ομολόγησε	3017
όρθιοσ	3017
συνεργείο	3017
ποντίκια	3017
οχυρό	3017
χρησιμοποιηθεί	3016
υπηρέτρια	3016
ζητάμε	3016
σίτι	3014
σχεδιάσει	3014
καταστρέψουμε	3013
έβαζα	3012
χαμένα	3011
εργαλείο	3011
αναστατωμένη	3011
νόμιμο	3010
τρίχα	3010
έφευγα	3010
τάρα	3009
ντιέγκο	3008
μοιραστούμε	3007
μόνουσ	3007
κουβέρτα	3007
χάρισμα	3007
κινέζικο	3006
οντισιόν	3005
πιά	3005
χοντρή	3005
ξεφύγω	3004
αρνηθώ	3004
ζούσα	3004
σταυρό	2999
κανόνα	2998
ανακατεύεσαι	2997
αντίρρηση	2996
ταχυδρομείο	2996
αγία	2996
αφέντησ	2995
σταματά	2994
γρηγορα	2993
παρατήρησα	2993
κρατάτε	2992
καμια	2992
κράτοσ	2991
εθνικό	2989
αποκτήσει	2989
αλλάζεισ	2989
κουμάντο	2988
εξαίρεση	2988
μπάτσο	2988
επάγγελμα	2985
ζαν	2984
ακουσα	2984
απόρρητο	2983
υπέθεσα	2983
τράπεζασ	2983
νοίκι	2983
παράνομη	2982
φροντίσεισ	2982
ισπανικά	2981
υπέγραψε	2980
γουέστ	2980
κεί	2979
σέ	2979
κλάρα	2979
ξέχασέ	2978
τραγικό	2978
αρκετούσ	2978
τερέζα	2976
πυρομαχικά	2976
απέτυχε	2975
κάρα	2975
στόχουσ	2974
σταθερό	2974
βαρεθεί	2973
κλειδαριά	2973
λεγόταν	2973
κόφ	2972
άγαλμα	2971
τζάμπα	2971
λόρι	2971
ζωντανούσ	2969
ηθικό	2969
προσπαθείτε	2968
παράξενοσ	2968
παρουσίαση	2967
ακίνητη	2967
ξεκουράσου	2966
περιοδεία	2966
αφήσαμε	2966
εβραίοσ	2965
παράδεισοσ	2963
your	2963
υπολοχαγόσ	2962
σεξουαλικά	2962
έγκριση	2961
μιλήστε	2961
σχόλιο	2961
επανορθώσω	2960
παραδέξου	2960
james	2958
ποσοστό	2958
ακοήσ	2956
λέιζερ	2955
γραμμένο	2955
λύσεισ	2953
μνήμησ	2953
ξανακάνεισ	2953
ότου	2953
συλλαμβάνεσαι	2953
λεω	2952
κέρτισ	2951
έγγραφο	2951
ελέγχεισ	2949
παιδάκι	2949
συλλάβει	2949
οδόν	2947
χαριτωμένη	2947
παίκτεσ	2946
κατάφεραν	2946
κατασκευή	2945
κόβει	2945
ανάπτυξη	2945
νιώθετε	2945
εκπλήξεισ	2943
πολεμιστέσ	2942
πυρήνα	2941
σάντα	2941
greektvsubs	2941
πίνακασ	2941
πλούσιο	2940
μέντιουμ	2940
σαμάνθα	2940
ραντάρ	2939
περνούσε	2939
προσπαθήσαμε	2937
κάλεσαν	2937
τρέξει	2936
διάρρηξη	2936
κρύβεσαι	2935
mα	2935
παιδι	2935
γαμημένε	2934
εγκέφαλοσ	2934
θετικό	2933
σαφέσ	2930
υπόθεσή	2928
βάσει	2928
κλείδωσε	2928
ξανα	2928
ξεπεράσεισ	2928
ανακούφιση	2928
υπογράψω	2927
σόνια	2926
χάρβεϊ	2925
γαλαξία	2924
διαφυγήσ	2923
αξιοπρέπεια	2922
παντρεύτηκεσ	2922
άλμπουμ	2922
κλαίω	2921
τρομάζεισ	2920
κρεγκ	2920
αναγνώρισε	2920
μυστικόσ	2920
μπίσοπ	2919
τρίτοσ	2919
καταδίκη	2919
κινούνται	2918
κυνηγήσει	2917
υπογράψεισ	2916
πολεμιστήσ	2915
πληγώσω	2915
ξαναπάρω	2915
μοίρεσ	2915
τυχερό	2914
ανθρωποκτονία	2914
αναστατωμένοσ	2912
ενοχέσ	2911
παντρεύεται	2911
δούλεψα	2911
ταγματάρχησ	2909
ομίχλη	2908
αναστολή	2907
ακριβωσ	2906
κλείσουν	2906
μπέικον	2904
παράτησα	2904
αργήσουμε	2904
κλειδωμένη	2903
προσωπικότητα	2903
πιστέψουν	2903
μπαστούνι	2902
βιομηχανία	2902
κόστισε	2902
χλμ	2902
άραγε	2902
δύναμησ	2900
βασικό	2900
υγιήσ	2899
συμφωνούμε	2899
κρίστοφερ	2898
μυρίζω	2898
δράσησ	2897
άρπαξε	2896
ευλογία	2896
σπρώξε	2896
σφυρί	2896
προειδοποιήσω	2895
μπαμπα	2894
νευρική	2894
δολοφόνου	2894
ποτήρια	2893
σεντσ	2893
ερωτική	2893
χωρίσαμε	2892
άνω	2891
φασαρίεσ	2890
νικήσω	2890
σύμπαντοσ	2889
χρονιάσ	2889
επειδη	2889
σηκωθείσ	2888
λατρεύουν	2888
διάθεσή	2888
ακουστεί	2888
ανέβηκε	2887
ανήκε	2887
συλληφθεί	2887
επιθυμίεσ	2886
πετρέλαιο	2885
αρα	2885
προχωράμε	2884
μουσικήσ	2884
πιασεσ	2883
de	2883
πλυντήριο	2882
βρώμικα	2881
βανέσα	2881
συμπεριφέρεσαι	2880
βούτυρο	2880
ενόχληση	2880
προειδοποίησα	2879
αρχίζουμε	2879
αναγνωρίσει	2878
φεστιβάλ	2877
στρατιωτικό	2877
κυκλοφορίασ	2876
μολισ	2875
άνεμο	2875
παρών	2875
απομόνωση	2874
καταστρέψουν	2874
αισθητήρεσ	2873
διαφορετικοί	2873
αγαπημένα	2873
καθόμουν	2872
παίκτησ	2871
μενού	2871
φροντίζεισ	2868
φέρατε	2867
περιοδικά	2867
άθλιο	2867
καθαρίσεισ	2867
ιατρείο	2867
uh	2866
καθαρίσουμε	2865
κατευθύνεται	2864
αποκάλυψη	2863
όταv	2863
πάλμερ	2863
γραφτό	2862
κοιμήθηκε	2862
υποσχέσεισ	2861
ου	2861
επιστρέφουμε	2859
δωσε	2859
αδύναμη	2859
αντίγραφα	2858
βράχο	2858
αίτημα	2857
ασχοληθώ	2857
γοητεία	2857
θεά	2857
πάπια	2856
συνδέονται	2854
σερβιτόρα	2853
βιετνάμ	2853
δείξτε	2852
περιμενε	2851
εφιάλτη	2851
τόσοι	2850
δεσποινίδα	2850
κονγκ	2850
φράση	2849
δημοφιλήσ	2848
ρισ	2846
στρώμα	2846
ήσυχοσ	2846
συγνωμη	2845
σουν	2844
κύκλοσ	2844
ανοιξε	2842
ανδρών	2842
ταινίασ	2841
χουν	2841
αξιωματικό	2840
αρνούμαι	2840
ελάχιστα	2840
τζάνετ	2837
εσεισ	2837
άσυλο	2836
κοιμόταν	2835
δεκαπέντε	2835
γελάει	2835
ιδιοφυία	2835
γυαλί	2834
δάγκωσε	2834
ρασ	2834
μεγάλωσεσ	2834
καταστρέφει	2832
τρέξω	2832
λευκά	2832
αφγανιστάν	2831
φιλήσεισ	2830
ταυτότητά	2830
μπαμ	2830
καταφέρνω	2830
πλάνο	2830
απήγαγαν	2830
αρκετόσ	2830
διάλεξα	2829
kι	2828
εταιρείεσ	2828
κρατήσετε	2827
κέλυ	2827
what	2826
πηγαινε	2825
σοβαρολογώ	2825
ντο	2825
αδιέξοδο	2824
πέτυχα	2824
πείνασ	2824
τρόι	2823
διάβασμα	2820
μεγαλύτερεσ	2817
ληστέσ	2817
ρωτάτε	2816
αποκλειστικά	2816
χορεύεισ	2816
συμβάν	2813
συγχώρεσε	2813
γνώριζεσ	2811
ξεκαθαρίσω	2811
παραισθήσεισ	2811
απέγινε	2810
κερί	2810
γουόρεν	2807
κρατούν	2806
γνωρίζοντασ	2805
διαφορέσ	2805
δάχτυλά	2805
ελευθερίασ	2805
βρίσκεστε	2805
λάστιχο	2805
άνθρωπε	2804
καλωσήρθατε	2804
σύσκεψη	2803
συμφωνήσει	2803
πατ	2803
μεταφραση	2803
χόλι	2802
άφηνεσ	2801
αντέχει	2801
μαθαίνει	2799
χριστουγεννιάτικο	2799
μετανιώσεισ	2799
χάσατε	2798
γιαγιάσ	2798
ομολογήσω	2798
φρουρούσ	2797
ντίλαν	2797
χαρεί	2796
πλησιάσει	2796
διαβεβαιώνω	2796
εμενα	2795
επαγγελματίεσ	2793
αντιθέτωσ	2792
πτήσησ	2791
απόψεισ	2790
μέρφι	2789
ξαναβλέπω	2788
έπαιξε	2787
κρυμμένο	2787
βόρειο	2787
αποδείξουμε	2786
fβι	2785
νεκρά	2785
ενήλικεσ	2784
άρχοντά	2783
κολλάει	2782
δάσκαλο	2782
δίκαιη	2781
συναισθήματά	2781
κόλινσ	2780
τίγρη	2780
λιν	2780
αγαπούσεσ	2779
μπάρμαν	2778
σηκώσω	2778
ασχολούμαι	2778
αιτίασ	2778
κάτσουμε	2777
χορεύει	2776
ποίημα	2776
μπέιλι	2776
επαγγελματικό	2776
σημαντικέσ	2775
μόδα	2775
πόντουσ	2774
φιλιά	2772
τέλειωσα	2772
μπρούκλιν	2770
πλησιάζουν	2770
ένοιαζε	2769
σύνδρομο	2769
μεροσ	2769
νάνσι	2769
τζιλ	2768
τελειώνουν	2767
τοπικό	2767
πυροβολείσ	2767
la	2767
λιοντάρι	2766
σπέρμα	2766
μεγκ	2766
κοινά	2766
απαλά	2766
κάθονται	2765
σκι	2765
αφησέ	2765
επιστρέψετε	2763
περνούν	2763
παράνομα	2763
χάουζ	2762
δικαιολογίεσ	2762
πλησίασε	2761
χάρτησ	2761
υγείαν	2761
παράτησεσ	2761
συζητήσαμε	2761
μπακ	2760
ήσαστε	2760
λεσβία	2760
ταμείο	2760
ευκολότερο	2759
πούλησα	2758
αποσκευέσ	2758
τραβήξεισ	2758
θετική	2758
κατέβω	2758
άγιοσ	2756
τρέξεισ	2756
μπόμπυ	2755
παρουσιάζει	2755
υποβρύχιο	2754
μάρκα	2754
πιρσ	2754
εραστήσ	2753
βιβλίου	2753
ανοησία	2753
ουρανόσ	2753
γκαρσία	2752
αυτοκράτορα	2752
επικοινωνήσω	2751
ίσια	2750
θυμάτων	2750
ένιωθε	2749
αλληλογραφία	2748
ιβάν	2748
κόλιν	2748
βέβαιη	2748
προσεύχομαι	2748
κούπα	2747
μίασ	2747
νιώθουν	2746
χαμογελάσ	2746
έρικα	2745
επιθυμείσ	2744
κίρα	2744
στέλνεισ	2744
βλάκεσ	2742
τομέασ	2742
φακό	2742
προσεκτικοί	2740
δωσ	2740
πρόγραμμά	2740
ακριβήσ	2739
εγγυώμαι	2738
λάμπα	2738
χαράσ	2738
ωωω	2737
γουίλιαμσ	2736
πυροβόλησα	2736
βαλ	2735
σκάνδαλο	2735
σκιέσ	2734
καπνίζεισ	2734
κοπέλασ	2733
μιλήσατε	2732
ρέστα	2732
ρύζι	2731
κλέφτη	2730
μαζέψουμε	2729
κουβέντεσ	2729
πλησιάζουμε	2729
τζετ	2728
υποτροφία	2728
προσόντα	2727
κράνοσ	2727
καμμία	2726
μοιραστώ	2726
ανησυχούν	2726
ψυχραιμία	2725
λαχανικά	2723
διάσημη	2723
πιστέψετε	2723
συκώτι	2723
gps	2722
έμεινεσ	2720
αποστολέσ	2720
ακολούθησέ	2720
τύψεισ	2720
πιάνουν	2719
θέσω	2719
βασίλησ	2719
δίνε	2719
τρελάθηκε	2718
παρόμοια	2718
χρωστάει	2717
επιθυμεί	2717
σχέδιά	2717
ντριου	2717
έξυπνοι	2717
λίλυ	2716
νιου	2716
έφτασεσ	2716
συγχώρεση	2716
οποίου	2715
κυκλοφορεί	2715
προσευχέσ	2714
πρακτική	2714
ασφάλειά	2714
λείπω	2714
φόστερ	2714
joe	2714
ήσουνα	2713
φακέλουσ	2712
καταπληκτικά	2711
συχνότητα	2711
στέφαν	2711
ξεφορτωθώ	2711
βελόνα	2710
σκεφτόταν	2710
σαράντα	2709
καλεσμένουσ	2709
αι	2708
μέρλιν	2708
γυρίσετε	2707
κεριά	2707
man	2707
στό	2706
φοράνε	2706
κόουτσ	2706
τσάρλυ	2705
ηξερα	2704
φοβισμένοσ	2704
σεμπάστιαν	2702
παντελόνια	2702
alex	2701
πίστα	2701
καρολάιν	2700
πονάω	2698
μέρεντιθ	2698
ντοκ	2698
δοχείο	2697
ψεύτικα	2697
διαρκώσ	2697
γεννήθηκεσ	2696
ναόμι	2695
τηλεφώνου	2695
έμαθαν	2695
βρικόλακεσ	2695
αγοράζει	2694
προσπαθήστε	2693
κάπνισμα	2693
μαζέψει	2692
ειλικρινείσ	2692
εντιμότατε	2691
eίμαι	2691
μιράντα	2691
λαμβάνω	2690
πτυχίο	2689
πόνεσε	2689
μπέτι	2689
φάκελοσ	2689
χορεύω	2689
δυσκολίεσ	2689
κομπιούτερ	2688
θράσοσ	2686
ρωτήστε	2686
έπαιρνεσ	2686
χολμσ	2684
μπριζόλα	2684
ηρεμήσω	2683
φορώντασ	2682
γαλοπούλα	2682
τάση	2681
υψηλότατε	2680
jimmy	2679
μαγαζιά	2678
κόμη	2677
τρελαίνομαι	2677
ελπίζοντασ	2677
ανοίγω	2676
ανησύχησα	2676
κυνηγάσ	2676
διαμάντι	2675
μαρτζ	2673
παρακάτω	2673
okay	2673
κάθι	2672
ταξιδεύει	2672
κύκλουσ	2672
μουστάκι	2671
jim	2671
ντα	2669
συνεργαστούμε	2669
έιντζελ	2669
κοιμηθούμε	2667
απαντήστε	2667
σάντι	2666
φορτηγά	2665
ολεσ	2665
κορέα	2665
υποσχεθείσ	2664
αναφέρεται	2664
έτοιμεσ	2664
χαριτωμένοσ	2663
ράδιο	2663
πάλη	2661
διασκεδάσουμε	2661
θρύλοσ	2661
ρομπ	2661
φιλε	2661
ncis	2660
ανακάλυψη	2660
πηδήξεισ	2660
αγαπήσει	2659
μάνασ	2658
χαλαρώσεισ	2657
λλο	2657
καλωσόρισεσ	2656
αγγλίασ	2656
σταθεί	2655
ελέγχουν	2655
λέιν	2655
εναλλακτική	2654
τραγουδάει	2653
σήματα	2653
κίτι	2653
δολοφόνουσ	2653
κριτική	2653
τεχνολογίασ	2652
πολεμήσω	2652
ξεφορτωθείσ	2652
κακού	2650
μείναμε	2650
πετάνε	2650
αλήτη	2650
κιθ	2650
κρατώ	2649
σχεδιάζεισ	2649
τέντι	2648
προδότη	2647
μεγαλειοτάτη	2647
ιδού	2647
λουίζ	2645
διάσωσησ	2645
κάvω	2644
στρίψε	2644
αποφασίζεισ	2644
γαμημένοσ	2643
πίστευαν	2643
φασόλια	2643
πυροβολείτε	2643
κώδικασ	2643
χρονο	2642
χτυπήσουμε	2642
εποχέσ	2640
άνοιξα	2640
αισθάνεστε	2639
στέμμα	2639
επιχειρηματίασ	2639
προσέχουμε	2639
μάθατε	2638
απαίσιοσ	2637
κλέψω	2636
μικρότερο	2635
πητ	2635
κοιμόμουν	2634
συλλάβουμε	2633
σκότωνα	2633
πουλήσουμε	2630
αριθμοί	2629
καινούργιοσ	2629
λενε	2628
υπερβολικό	2628
γέμισε	2628
μυστικέσ	2627
λήψη	2627
πέταξαν	2627
σοβαρολογείσ	2626
μαλλί	2626
παίδεσ	2625
δήμαρχο	2624
κοπάδι	2624
παλι	2624
αντόνιο	2623
εγκαίρωσ	2623
πλοίαρχε	2623
μπάφυ	2622
σηκωθώ	2622
αμερικάνοι	2622
πρότεινε	2622
τηλεφωνώ	2621
γιουν	2621
διάφορεσ	2621
ποινικό	2619
ξύπνησεσ	2619
eίvαι	2618
μι	2618
συναισθηματικά	2618
συντροφιά	2618
χαλαρά	2618
μο	2617
αφήσατε	2617
μύθοσ	2617
πάτησε	2615
προσέγγιση	2615
αδελφού	2614
αποτύχει	2613
φίσερ	2613
πρόσφερε	2613
κτίρια	2613
βραχιόλι	2612
τάγμα	2612
νότο	2611
τέτοιουσ	2611
mr	2611
subzteam	2611
σώματα	2610
πλοίου	2610
ντυμένοσ	2610
έβγαζε	2610
μμε	2609
δικαστηρίου	2608
χαρώ	2608
πρωτότυπο	2607
καρκίνοσ	2606
παρουσιάσω	2606
λεπίδα	2606
φράχτη	2606
πωλήσεισ	2605
τείχοσ	2605
μίκι	2603
κερδίσαμε	2603
γαλλικό	2603
παμ	2602
άλογό	2602
χειριστεί	2602
ντέηβιντ	2601
λευκοί	2601
ακουμπάσ	2600
έλθει	2599
εμποδίζει	2599
πέταξεσ	2599
ζητήσουμε	2599
τζίμυ	2598
έκτακτησ	2597
μένετε	2597
λάβαμε	2596
χόμπι	2596
έβρισκε	2596
δικαστά	2595
φέρονται	2595
βρεί	2595
eγώ	2594
τέρνερ	2594
μπέκα	2594
έξυπνα	2594
μάγισσεσ	2593
σύμβουλο	2592
ειδοποιήσω	2592
γιονγκ	2592
ηλεκτρικό	2592
new	2590
εντοπίσει	2589
ανέβω	2589
δεκάδεσ	2588
κόνι	2588
ανάλογα	2586
μωράκι	2586
μπερδεμένοσ	2586
ήρεμη	2585
κούκλεσ	2584
τζόαν	2584
εννοούσεσ	2584
ντέιλ	2584
βάζο	2583
εφαρμογή	2583
ξεπεράσω	2583
επισήμωσ	2583
αδελφότητα	2582
έντονη	2582
νευρικό	2581
πίνουν	2581
έντονα	2581
συμφωνεί	2581
αίσθημα	2581
επιτεθούν	2580
ακούγονται	2580
εθνικήσ	2579
αυτοι	2576
υπότιτλοι	2576
γυμνόσ	2574
ασπίδα	2574
συγγενήσ	2573
πετάξτε	2573
υπηρέτησ	2572
μικροί	2571
κερτ	2571
υποψίεσ	2571
μώλντερ	2570
κάηκε	2570
σχετικό	2568
σέλντον	2568
εξακολουθώ	2568
σκουπίδι	2567
καεί	2567
σπορ	2567
ναυτικού	2566
τζάκ	2566
βρίσκετε	2566
έσπασεσ	2565
προσφέρεισ	2565
ευχαριστείσ	2565
ενδιαφέροντα	2565
οικογένειάσ	2564
προέκυψε	2564
κούρσα	2564
παίζαμε	2563
μπέρδεμα	2563
καταλαβαίνουμε	2563
κατάστασησ	2562
εβραίοι	2561
γουέντι	2561
επίδραση	2561
φόρουσ	2560
τσεκάρω	2560
συμμαχία	2560
τζόζεφ	2559
σόδα	2558
βέλοσ	2558
μπάσταρδοι	2558
μπαίνουμε	2557
σάκο	2556
ψάξουν	2556
πρότεινα	2555
πληρώσετε	2554
δυνατοί	2554
πέθανα	2553
κοιτούσα	2553
πετύχεισ	2553
πηδήξω	2552
ανακαλύψεισ	2551
ώμουσ	2551
ονειρεύομαι	2551
μπλερ	2551
κάρσον	2551
άνθρακα	2550
σετ	2550
εκατομμυρίων	2549
πράσινη	2549
τζούντι	2549
αγαπη	2549
επικοινωνήσει	2548
διαλέξει	2548
μπροστινή	2547
θυμούνται	2547
ξένη	2546
κρίστιαν	2546
γρασίδι	2546
μητέρεσ	2545
εγκεφαλικό	2545
φίλων	2545
προϊόντα	2544
ενέδρα	2543
ντόνι	2543
up	2543
είθε	2542
σόι	2541
ισόβια	2541
έπεισε	2540
πειράματα	2540
χάρισον	2538
μπάουερ	2538
αναμφίβολα	2538
γνωρίζατε	2537
φρέιζερ	2537
αρσενικό	2537
αντ	2537
προκαταβολή	2536
χωρίσουμε	2536
σουτιέν	2535
υπ	2535
φλασ	2535
έιπριλ	2534
χαρακτηριστικά	2534
μικρού	2534
πατάσ	2534
κουβαλάσ	2534
επιβεβαίωση	2534
φοβισμένη	2533
γυρνάσ	2533
μυαλού	2532
γκάμπριελ	2532
δεχόμαστε	2532
στήβεν	2532
μεγαλώνουν	2532
one	2531
θάλασσασ	2531
μαγική	2531
επιδόρπιο	2531
go	2529
πραγμα	2529
συναισθηματική	2528
έφερνε	2528
γκολ	2528
ανοίγεισ	2527
ινδιάνοι	2527
μικ	2527
μπίρα	2526
ετοιμάζεται	2525
πονέσει	2523
μπερδεμένη	2523
σάμι	2522
ευχέσ	2522
μπήκαμε	2522
αποκτήσεισ	2521
σβήσε	2520
πατήσει	2519
διεύθυνσή	2519
χαλ	2519
προχωρήσω	2518
καστλ	2518
έκοψα	2517
αποκτήσω	2517
μετάλλιο	2517
μελ	2517
χορέψω	2516
μεταφέρουμε	2515
καμ	2514
καλύψω	2514
φοιτητέσ	2514
υποχρέωση	2513
κύτταρα	2512
with	2512
όπλου	2511
έριξεσ	2511
αυτοκτονήσει	2511
φράνκ	2510
στε	2510
κολύμπι	2509
σύντροφε	2509
ατάκα	2509
ρχισε	2509
φιόνα	2509
ειλικρίνεια	2507
κρύψω	2507
κάvει	2507
ξεχνάω	2506
μπερκ	2506
re	2506
χαντ	2506
γνώσεισ	2506
παραγωγόσ	2506
παλιότερα	2505
αισθάνονται	2505
οποίοι	2505
χαμόσ	2505
tότε	2505
ειδοποίησε	2505
χαίρεται	2504
βιασύνη	2504
ξαναπούμε	2503
όπερα	2503
φίδια	2502
όντα	2502
διάσημο	2501
προστατεύεισ	2501
έπαθα	2499
ακολουθήσουν	2499
σωθεί	2499
φύλλο	2499
γενική	2498
ομολογώ	2498
τραυματίστηκε	2498
φιλαδέλφεια	2497
ήθαν	2497
εσενα	2497
δελτίο	2496
περάσατε	2496
ντην	2495
τζέφρι	2495
ασπίδεσ	2495
αισθήματά	2494
γκαλερί	2494
φαΐ	2494
απάντησή	2494
φυλακήσ	2493
μακγκί	2493
βούλωσέ	2492
χαμηλό	2492
χρήσιμη	2491
κυνηγάνε	2491
γενικό	2490
λόρδε	2490
σκύλου	2489
ξεφορτωθούμε	2489
ροή	2488
ευλογεί	2487
κατόπιν	2487
προσφέρουμε	2487
όσων	2485
σεντόνια	2484
μπλεξίματα	2483
καινούριοσ	2482
ζητούσα	2482
καταλάβαμε	2482
ρισκάρεισ	2482
λώρα	2482
θυμώνεισ	2481
αγελάδεσ	2481
συνηθισμένα	2481
αυριο	2481
γερμανικά	2480
ποιότητα	2480
βαρύτητα	2480
δολοφόνησε	2479
επιμένω	2479
αφήνοντασ	2478
γιορτέσ	2478
μαχαίρια	2478
έιναι	2478
πολιτείασ	2477
σημασίασ	2477
νίκησε	2477
απειλεί	2477
πυροβολούν	2476
νταϊάν	2474
χάρβαρντ	2474
αγωνία	2471
εραστή	2471
ευγνωμοσύνη	2471
μουν	2471
φόρεσε	2470
eλα	2470
εγκαταλείψει	2469
νεκρών	2468
σεισ	2468
απέμεινε	2468
ενδιέφερε	2468
tom	2466
διάβολε	2466
δράμα	2466
οποτε	2466
βίκτωρ	2466
άνοιγμα	2465
ηλεκτρική	2464
συγχωρώ	2464
αλήθειασ	2464
εντερπράιζ	2463
κήρυγμα	2463
σηκωθεί	2463
ντέινα	2462
περπατάει	2462
εκδρομή	2461
χάνουν	2460
ψηλό	2460
εξοχή	2460
βιάζομαι	2459
μπέτυ	2459
συμπαθείσ	2458
διαβόλου	2457
ισραήλ	2457
χαλάσω	2457
φλόγα	2457
άκουγε	2456
κατέβει	2456
πρόστιμο	2456
μπάσταρδο	2455
πάρισ	2455
σερίνα	2454
ψιλά	2454
καθαρίζει	2454
μισούσα	2454
πρόβατα	2453
μάλκολμ	2453
στείλετε	2453
λόρδοσ	2452
συνεχίσετε	2452
δούλευεσ	2451
αλήτησ	2451
αποδείχτηκε	2450
πουλόβερ	2450
έτη	2450
σοφίτα	2449
προέρχονται	2448
σκοτωθείσ	2447
άγγιξε	2447
τσέισ	2446
κανόνισα	2446
πηδήξει	2446
σφαγή	2445
κατουρήσω	2445
λογαριασμόσ	2445
θείου	2444
αποβάθρα	2444
ρι	2444
ρόλοσ	2443
επιπέδου	2443
εμεισ	2443
σύγκριση	2442
λάπτοπ	2442
πλαστικό	2442
φαινόμενο	2442
ειπεσ	2442
παρω	2441
φυσικα	2441
μπερτ	2440
νότιο	2440
κινείσαι	2437
υγρά	2437
ευγένεια	2437
γαλήνη	2436
φώναζε	2436
δυνατότητεσ	2436
βασική	2436
γουέλσ	2436
παρουσιάζω	2436
ονείρων	2435
δόντι	2434
τένισ	2434
μεγαλώσεισ	2434
βόλτεσ	2434
συμμετοχή	2434
συνειδητοποιείσ	2434
τόξο	2434
πείραξε	2432
τρομακτική	2431
αναγκάσεισ	2431
νοσοκομεία	2431
αποφεύγεισ	2431
οδήγηση	2431
θαυμαστήσ	2430
γκρι	2430
κλείσ	2430
άντριου	2429
σταγόνα	2429
τραγουδάσ	2428
νηλ	2428
ομήρουσ	2428
γελοίοσ	2428
ιουλίου	2427
γράφουν	2427
george	2427
άρχοντασ	2426
εραστέσ	2426
λέστερ	2424
δημοτικό	2424
συναντήσουμε	2424
κέφι	2424
συμβαινει	2424
καθηγήτρια	2423
μεταφοράσ	2423
ντ	2423
εξήγησε	2421
οργανισμό	2420
ομοσπονδιακοί	2419
εκτιμούσα	2419
παραιτούμαι	2418
σχετίζεται	2418
βασιλική	2418
γκρουπ	2418
ανιψιά	2418
χρειαζόσουν	2417
διώξει	2416
τρόμου	2416
περνάτε	2415
υποψήφιοσ	2415
μπουμ	2414
πλανήτεσ	2414
ιππότησ	2413
οδήγα	2413
κλάουσ	2413
παρακολουθούσε	2413
φωτιέσ	2413
κόντρα	2412
αιμορραγεί	2411
αστυφύλακα	2411
οδήγησησ	2410
λύσει	2410
πίστεψεσ	2409
βγάζουμε	2409
συνεχίζω	2407
κρίνεισ	2406
κόμησ	2406
βαρετή	2406
αντιμετωπίζουμε	2405
συνεδρίαση	2405
καλεσμένοι	2405
τηγανίτεσ	2404
φίλα	2404
διαταραχή	2404
μοντέλα	2404
πράσινα	2404
ετοιμάσει	2404
επιτρέπεισ	2403
βλεπω	2402
γελάω	2402
κάτσει	2402
καθίσουμε	2402
gr	2401
υποχρεωμένοσ	2401
ένιωσεσ	2401
αδερφήσ	2401
καθυστερήσει	2400
πατερα	2399
άντζελα	2398
έδειξα	2398
δικο	2398
έκπληκτοσ	2398
ευχαριστεί	2397
dvd	2397
ον	2397
κερνάω	2396
φλιτζάνι	2396
χώρισε	2394
γκουέν	2394
έληξε	2393
καταπληκτικόσ	2393
δοκίμασέ	2393
στενά	2392
τσάντλερ	2392
έβγαλαν	2392
ενωμένοι	2392
αστυνομική	2392
τωv	2391
εκατοστά	2391
ρεπόρτερ	2391
γιουσ	2391
αρρώστησε	2390
φίλτρο	2390
κοκαΐνη	2389
υπαλλήλουσ	2388
τυχαίο	2386
σίλα	2386
ποταμού	2386
ορισμένα	2385
κοινωνίασ	2385
απάντησεσ	2384
κόπηκε	2384
απήγαγε	2384
αφορούν	2384
ρόζι	2383
χαμογέλα	2383
στάχτεσ	2383
δήμαρχε	2382
εφυγε	2382
peter	2381
δράστη	2381
σαφώσ	2381
αριστερή	2380
τάκερ	2380
εβδομάδασ	2380
eυχαριστώ	2379
ηρεμήσει	2379
εισόδου	2379
δίδυμα	2378
πουλάκι	2378
δοκιμάστε	2377
άσχημοσ	2377
βγήκαμε	2377
ανεξάρτητα	2377
στιγμη	2377
κτιρίου	2376
βάζετε	2376
gmteam	2375
κατέληξα	2375
charlie	2375
οξύ	2375
κάρμεν	2374
άλφα	2374
μπάτλερ	2374
σταματήσαμε	2373
συρροή	2372
κατάλληλοσ	2372
μπρετ	2372
εργάζομαι	2372
έντεκα	2371
επένδυση	2371
σάρον	2371
καρτέλ	2371
μπλακ	2371
ντάγκλασ	2370
μπάλεσ	2370
ξένοι	2370
σφραγίδα	2369
έτρεξα	2369
νόμισμα	2367
τηλεγράφημα	2367
γκάμπι	2367
σκάκι	2367
συλλάβετε	2366
έδειξεσ	2366
τηλεφωνείσ	2365
δυσκολία	2365
μπάτμαν	2365
αρραβωνιαστικιά	2364
πολιτικά	2363
πραγμάτων	2363
κραγιόν	2362
ξανάρθει	2362
εξωγήινοι	2361
συμβούν	2360
λύτρα	2360
κράτησεσ	2360
έστησε	2359
αμερικανική	2359
οπου	2359
συναδέλφουσ	2359
frank	2359
προσωρινά	2357
τίτλοσ	2357
θησαυρόσ	2357
χρειαστούν	2356
ρίξουν	2355
πιστοποιητικό	2354
παίξετε	2354
παιδάκια	2354
αρκετοί	2354
γουέιντ	2354
σλόαν	2354
αρνηθείσ	2352
μαφία	2352
δραπέτευσε	2352
πρώτου	2352
σπασμένα	2351
φίλησε	2351
απολύεσαι	2350
χριστό	2350
απαιτήσεισ	2350
αιωνιότητα	2350
χαμηλή	2350
ισχυρόσ	2349
σιγουριά	2349
στέλλα	2348
μπάντι	2348
μαύροι	2348
έτρεχε	2348
επισκέπτη	2348
τζουλσ	2348
ενόρκουσ	2348
ντουζίνα	2346
χωράφια	2346
νόλαν	2346
προτάσεισ	2345
cd	2344
τσανγκ	2344
επιδρομή	2344
αποφύγω	2343
eντάξει	2342
διαστημόπλοιο	2342
τσεκούρι	2342
αγοράζεισ	2341
ζείτε	2341
υπηρέτεσ	2340
αναίσθητοσ	2340
τραγουδήσω	2339
ράνταλ	2339
περνούσα	2339
σκατό	2339
φαρμακείο	2336
περίμετρο	2336
σκηνοθέτησ	2336
σατανά	2335
μονκ	2335
μπέκετ	2335
καλωσορίσατε	2334
πολιτικό	2334
χαιρετίσματα	2333
κλείνεισ	2333
γκάρετ	2333
λαθοσ	2333
απόλαυσε	2332
κρατηθείτε	2332
κουβεντούλα	2332
τεχνικά	2332
ευχαρίστησή	2332
επείγουσα	2332
κλειστή	2332
άνοιξέ	2331
φαινεται	2331
ρίκι	2331
γυμνό	2329
νησιά	2328
πυροβολεί	2328
συμπεριφοράσ	2328
επικοινώνησε	2328
ορισμένεσ	2327
ολουσ	2327
be	2327
ραβδί	2326
πρόλαβα	2326
τροχόσπιτο	2326
μίλησέ	2325
πληγωθεί	2325
πετάξουν	2325
ασκήσεισ	2325
κερδίζω	2324
γαμπρόσ	2324
μπρέναν	2324
καμπάνια	2324
μπολ	2323
λύσω	2322
μεταφέρουν	2322
γάλλοι	2322
νικίτα	2321
φλόγεσ	2320
κατεβάστε	2320
συμφωνίεσ	2320
προστατεύω	2319
λλωστε	2319
this	2319
εταιρίεσ	2319
επαρχία	2319
δεξαμενή	2318
νίκολασ	2318
καπέλα	2317
πλησιάσεισ	2317
δάχτυλό	2317
παρτίδα	2316
παραδεχτείσ	2316
σκηνικό	2316
τζένη	2315
τζιπ	2314
χρυσά	2314
χάντερ	2314
εξαφανίζεται	2313
κασέτεσ	2313
ετοιμάστε	2313
άννι	2313
έζησα	2313
ρισκάρουμε	2313
προκαλούν	2312
ευχαριστίεσ	2312
έλενα	2311
αυστραλία	2310
εμπιστοσύνησ	2310
σούζι	2310
διώξω	2309
παραμείνεισ	2309
σίλβερ	2308
ποπ	2307
επιστημονική	2307
σέρλοκ	2306
σύγχυση	2306
αμερικάνικο	2306
συνάντησεσ	2305
λόρεν	2305
απομακρυνθείτε	2305
μοναστήρι	2304
ήττα	2303
νταϊάνα	2303
ρχοντα	2302
ιδιοκτήτεσ	2302
γκρίφιν	2301
απόσπασμα	2301
πούλησεσ	2301
ψάχναμε	2300
χαλάσεισ	2300
καποια	2299
έναρξη	2299
κρατούσα	2299
ανταμοιβή	2299
σωλήνεσ	2299
παραδώσει	2298
θυμόμαστε	2298
ξεχνάμε	2298
τσάντεσ	2298
ζημιέσ	2297
όση	2297
μετάδοση	2297
βολικό	2297
επιτρέψει	2297
πόρουσ	2297
epoca	2296
έμπνευση	2296
έφταιγε	2295
αποκαλεί	2295
ιατροδικαστήσ	2295
γαλλική	2293
βρέθηκα	2293
ποίηση	2293
πάτσι	2293
τηλεφωνεί	2292
προλάβουμε	2291
ψάξαμε	2291
συνειδητοποιήσει	2291
συνεχίζουν	2290
κόνραντ	2289
εχθρού	2289
πρέσβη	2289
έντομα	2287
συζύγουσ	2287
σκότι	2286
σάσα	2286
μπoρώ	2286
αρνείσαι	2285
γινεται	2285
στμ	2285
ονειρευόμουν	2284
ξεκινάσ	2283
άγνωστη	2283
γκιλ	2283
αυτοπροσώπωσ	2283
λανσ	2282
χιούστον	2281
μισούσε	2281
σιν	2281
ευαίσθητοσ	2280
φονικό	2280
μωρή	2280
λάμπει	2279
σύνταγμα	2279
νάτοσ	2279
παραγωγήσ	2279
κρύψεισ	2278
επιβίωση	2278
εξετάσουμε	2278
ήπιεσ	2278
σκάστε	2277
νομικά	2277
ντέξτερ	2276
jane	2276
ολόκληροσ	2275
βαθμού	2275
τουρνουά	2274
έτρεξε	2274
εμπειρίεσ	2274
σιάτλ	2273
φτωχόσ	2272
παραιτηθώ	2272
ταυτότητεσ	2272
βεράντα	2271
επιχείρησησ	2271
σιγουρα	2271
ιδιο	2271
περίσταση	2271
δημοσιότητα	2271
μαν	2270
ντελ	2269
μικρόφωνο	2269
προσωρινή	2269
φορντ	2269
χίλιεσ	2268
σχόλια	2268
προήλθε	2268
κάνσασ	2268
επέτρεψε	2267
πολλών	2267
παρέχει	2267
χωριστούμε	2266
κέιλεμπ	2266
τέταρτη	2266
φαντασίασ	2265
ολοκληρώθηκε	2264
μητερα	2264
ξεπεράσουμε	2263
όγκο	2263
παρέλαση	2263
σαπούνι	2263
επέστρεψαν	2263
αποκαλώ	2263
τομάρι	2263
ακούνε	2262
προσπαθούσεσ	2262
άλι	2262
θεωρίεσ	2261
κόκαλα	2261
επέζησε	2261
νόμιμη	2261
αγγίξω	2260
πεζοναύτεσ	2260
πόρτερ	2259
νέων	2259
παρε	2258
ντόναλντ	2258
ιδιοφυΐα	2258
απόδραση	2258
σιμόν	2258
παραμικρό	2258
μικρότερη	2257
πίστησ	2257
ποδοσφαίρου	2256
έψαχνεσ	2255
φράνκλιν	2255
δάφνη	2254
κατεβείτε	2254
μπελά	2253
καροτσάκι	2253
μίνι	2252
πάμπλο	2252
λέμον	2252
σκοπευτήσ	2252
περιπολικό	2252
ντένι	2252
κοιτούσε	2251
παίξουν	2251
κερκ	2251
μπουνιά	2250
τίπoτα	2250
κρεβάτια	2250
βικτόρια	2250
πιάσ	2249
ψυχοπαθήσ	2249
danny	2249
χτυπούσε	2249
καλέσετε	2249
μάντισον	2249
γυρίσαμε	2248
κομματάκια	2248
ελέγχουμε	2248
κάμπελ	2247
σώσουν	2247
φονιάσ	2246
μπρόντι	2246
θέλησή	2246
αρνηθεί	2245
ελκυστική	2245
do	2245
προγράμματοσ	2243
απουσία	2243
ημερών	2243
πιέζεισ	2243
μπογιά	2242
πάτι	2242
κέι	2242
πάγοσ	2241
κουρτίνεσ	2240
φτάνουμε	2240
απογοήτευση	2240
μερίδιό	2239
γύρισμα	2239
λόγου	2239
πιείσ	2239
σπιτικό	2238
ανοίξουν	2237
χαβάη	2237
σκοτώσατε	2237
νομιζεισ	2237
σενιόρ	2237
κατηγορεί	2236
σηκώσεισ	2236
φλέβεσ	2235
τζαζ	2235
κένι	2235
αντιμετωπίζει	2234
κρίσιμη	2234
συμφωνείτε	2234
φτιαγμένο	2233
κοιτάνε	2233
ζητούν	2232
εκπλήσσει	2232
παράπονα	2232
περίμενέ	2232
πολη	2232
ανθρωποι	2231
ανεβείτε	2231
έχανα	2231
τρέβορ	2230
χορωδία	2230
λιμουζίνα	2229
άκρα	2229
εύχεσαι	2228
κοντινό	2228
ξεχάσετε	2228
οχήματα	2227
μιν	2227
σκορ	2226
τζου	2226
μπλέξεισ	2225
καρπό	2225
φράγμα	2224
ξεχωριστά	2224
δοκιμέσ	2224
ντίξον	2224
αντιπρόεδροσ	2223
διαφημίσεισ	2223
δραστηριότητεσ	2223
κάθεστε	2223
γκράχαμ	2223
νόμιμα	2222
αλλάξετε	2222
γερμανούσ	2222
γκι	2222
ινδιάνουσ	2222
εισαγωγή	2220
φυλήσ	2220
ερώτησή	2220
χημικά	2220
αθώουσ	2219
ολοκληρωθεί	2219
πηδάσ	2218
συνηθισμένοσ	2217
αγαπημένε	2217
πιάσατε	2217
συνοδεία	2217
αφησε	2217
καλύτερή	2216
αποκλειστική	2216
πέφτεισ	2216
διαφωνώ	2216
επιχείρησή	2216
ανόητοι	2216
πρωθυπουργόσ	2214
περιμένατε	2214
κινηθούμε	2214
υψηλό	2213
τέλειωσαν	2213
ρεπορτάζ	2211
λαιμόσ	2211
σεπτεμβρίου	2211
καταυλισμό	2211
κυνηγοί	2210
χρησιμοποιήσετε	2210
τόμσον	2210
μιγκέλ	2209
συνεχίσουν	2209
αργήσαμε	2208
ηδη	2208
κόκκινοσ	2208
σύννεφο	2208
λεν	2208
ακολούθα	2208
προσωπικέσ	2208
βιαστικά	2207
ερωτεύτηκα	2207
επιστρέφουν	2207
διατροφή	2207
ηθελε	2207
γάμησέ	2206
πιo	2206
γουάλασ	2205
ειδών	2205
ονόματά	2205
πόσων	2204
μαύρουσ	2204
διατάζω	2203
σκόπευα	2203
φαγητού	2203
γάντι	2203
πειρατέσ	2203
πολεμήσει	2202
μπράντι	2201
ερωτευτεί	2201
προσπάθειεσ	2201
καταφέρνεισ	2200
λίγοσ	2200
συνθήκη	2200
συμπεριφέρεται	2199
κορόιδο	2198
χαιρετισμούσ	2198
προστατέψεισ	2198
αποφύγεισ	2197
περηφάνια	2197
πουαρό	2197
περίμεναν	2196
επιτροπήσ	2196
άγιο	2195
αθώοι	2195
απογοητεύσω	2195
πετσέτεσ	2194
γαμήσω	2194
ησύχασε	2194
μοιραζόμαστε	2193
paul	2193
επιβεβαίωσε	2192
μαρσ	2192
καβγά	2191
ήλθατε	2191
γαλλίασ	2191
στενό	2191
ξύλα	2191
επιζώντεσ	2191
ρενέ	2191
θελήσεισ	2191
κρεββάτι	2190
χειριστείσ	2190
αυτην	2190
απαιτώ	2189
αποφασίζει	2189
φυλάει	2188
αυτοκράτορασ	2187
φτάσετε	2187
αναμονήσ	2187
υποστηρίζει	2187
καθήκοντα	2186
συνδυασμό	2186
γωνιά	2185
υποτιτλισμόσ	2185
υπεύθυνοι	2185
προκειμένου	2185
κάλυψε	2185
αφελήσ	2184
λόιντ	2184
ράφι	2181
πρωτεύουσα	2180
ιατρικά	2179
πορτοκαλί	2179
πετύχω	2178
πουλάνε	2178
επέτειο	2178
ράμματα	2178
εξωτερική	2178
μπαλάκια	2177
θήκη	2177
πατερασ	2176
λίζι	2176
κλέβουν	2176
καταστροφήσ	2176
παίζεται	2176
διασκεδάζεισ	2175
χαλάει	2175
δυνάμεων	2174
καλεσμένοσ	2174
εμφανίζονται	2174
κατάλληλα	2173
πάθω	2173
ξαναγίνει	2172
πιστευω	2172
κάσι	2172
συγχωρέσεισ	2171
εφ	2171
δικαιοδοσία	2170
βιασμό	2170
διευθυντά	2170
κρατώντασ	2170
πέιτον	2170
συνηθίσεισ	2169
σέπαρντ	2169
μετέφερε	2169
πολίτη	2169
τρώτε	2169
φούστα	2168
αχυρώνα	2168
δάση	2167
ίθαν	2167
διαδικασίεσ	2167
αντέχεισ	2166
ιδανικό	2166
δυστυχία	2166
ξεκίνησεσ	2165
δομή	2165
ενοχλείσ	2165
φρουρόσ	2165
δυσκολεύομαι	2165
βασιλικό	2164
λάιλα	2163
συναντηθεί	2163
κυνηγήσω	2163
φιντσ	2162
ήλθε	2162
μετανιώνω	2161
σταματα	2161
λυπαμαι	2161
θυσίεσ	2161
ξέροντασ	2160
επιστροφήσ	2159
σύντομο	2159
αφου	2159
μισόσ	2159
ηλίθιουσ	2158
βιογραφικό	2158
εξοχικό	2158
καλλιτέχνεσ	2158
χρυσού	2157
κάτοικοι	2157
ηρακλήσ	2156
πολύτιμη	2156
διάσταση	2156
καθήστε	2155
καποιον	2155
ξεπληρώσω	2154
φορέσει	2154
εξώφυλλο	2154
παραμύθια	2153
ήπιε	2153
πιστέψουμε	2152
τυφλή	2152
αυτουσ	2151
ρόμπι	2150
ελάχιστο	2150
φιλική	2149
σηκώνει	2149
τελειώνω	2149
κοινού	2149
ρόζα	2149
τόνουσ	2149
χάρεσ	2149
πηδάει	2148
πιάστηκε	2148
ξεχνάτε	2148
κοριτσι	2148
μηχανήματα	2148
φτιάχνουμε	2148
ύλη	2147
tην	2145
τεσσάρων	2145
έκλεισαν	2144
λειτουργίασ	2144
συσκευέσ	2143
ακολουθούμε	2143
αντρεσ	2143
μόρισ	2143
νθρωποι	2142
ικανοποιημένοσ	2142
μπόουλινγκ	2142
καπετάνιο	2142
ξαπλώσω	2142
ντυμένη	2141
μεγαλώσω	2141
χαιρόμαστε	2140
αγοριού	2140
χουάν	2140
περήφανοι	2139
παιδικά	2139
υπαστυνόμοσ	2139
μάγκεσ	2138
σπιτάκι	2137
μαθευτεί	2136
κρυφτείσ	2136
κελάρι	2135
νόμιζαν	2135
πλάνα	2135
κοιτά	2135
ντόιλ	2135
γοητευτικόσ	2135
επιπτώσεισ	2133
δίσκουσ	2133
τυχόν	2133
ρούμπι	2132
τέσσερεισ	2132
φταίνε	2132
αδύναμο	2131
φυσιολογικόσ	2131
γίναμε	2131
πόσοσ	2130
φυσικήσ	2130
φτωχό	2130
διάβαζα	2130
κατεβαίνει	2129
πλήρωσεσ	2129
αλλάζω	2128
τριαντάφυλλα	2128
συνωμοσία	2127
σφάλμα	2126
διάολοσ	2126
μάσκεσ	2125
σύνελθε	2125
συγγραφέα	2125
ματια	2125
κοιτάμε	2125
τσάμπα	2125
συμφέρον	2125
σέξυ	2125
προβλημα	2125
ντζελα	2124
ερωτευμένοι	2124
έτρωγε	2124
πνευματική	2124
κλάψω	2124
σβήσει	2124
νοιάζονται	2124
υψηλά	2123
σπάσουμε	2123
συγχωρήσω	2122
love	2121
φτωχή	2121
εμπιστέψου	2121
κλειδωμένο	2121
παρούσα	2120
μαύρεσ	2120
δεκαετίεσ	2120
πίνουμε	2120
έπαιξα	2120
διαφορετικούσ	2120
καταλήγει	2119
ψυχίατροσ	2119
ακριβέσ	2119
οφείλεται	2119
μήλα	2119
άλλαζε	2118
βοστώνη	2118
πανέμορφα	2118
αρχικό	2117
φαγητά	2116
μπιγκ	2116
συνέλθει	2116
στοιχήματα	2116
ζητάτε	2115
λόγοι	2115
ξανακάνουμε	2115
ενδιαφέρονται	2114
μολύβι	2114
εξαφανίσου	2113
δημοπρασία	2113
μαγείασ	2112
γυμναστική	2112
πυροβολήσουν	2112
φανταστεί	2112
ομοσπονδιακή	2111
εύκολοσ	2111
εγκατάσταση	2111
σιγουρέψου	2110
θέσει	2110
προορισμό	2110
χαλαρώστε	2109
παλικάρι	2109
annie	2108
εντόπισε	2108
ντρέικ	2108
ρομαντική	2108
σωστέσ	2108
χάσουν	2108
στρατεύματα	2107
ηνωμένων	2106
τσι	2106
γεννήτρια	2106
στεκόταν	2106
απασχολημένοι	2105
σίμσον	2105
διαθέσιμοσ	2105
νάιλσ	2105
παρατήρηση	2105
χρησιμοποιήθηκε	2105
πηγάδι	2104
μιχαήλ	2104
ανθρωπότητασ	2104
ξεφύγουμε	2104
γυρίζουμε	2104
κοριτσιών	2104
καλήσ	2103
αληθινέσ	2103
πολιτισμό	2103
αντρών	2103
καλύτερό	2102
ρίχνουν	2102
καταλάβαινε	2101
μαρτύρων	2101
βοηθούσα	2101
καλωσήρθεσ	2101
καημένοσ	2100
βίκυ	2100
θηλυκό	2099
will	2099
τρελαίνει	2099
παρακολουθούσα	2099
κρίστι	2099
αλεξάντερ	2099
εμπλέκεται	2098
χόλιγουντ	2097
ρίζεσ	2097
απέχει	2097
έλι	2096
κρύβονται	2096
ζούσαν	2096
δίδαξε	2096
φτηνό	2096
στρεσ	2095
ρωτήσετε	2095
εξωτερικών	2095
θαυμαστέσ	2094
λίντσεϊ	2093
βολεύει	2093
αντέξεισ	2092
φάγαμε	2092
βάλατε	2092
λύπη	2090
πέθαινα	2090
φαν	2090
αποφύγουμε	2090
θυμίζεισ	2090
διδάξω	2089
παλεύω	2089
άμπι	2089
κλάιντ	2089
υποδοχή	2089
μόνιμη	2088
ποταμό	2088
βρεθείσ	2088
εσωτερικά	2088
φοβόμαστε	2088
βαριέμαι	2087
έβγαινα	2087
προσεκτική	2087
ll	2087
γενναίο	2087
δούκα	2087
ξερει	2086
μοτίβο	2086
βασίλισσασ	2085
μαλιστα	2085
στόλο	2084
επιλέξει	2084
αναγνώρισα	2084
σάλιβαν	2084
εμποδίσει	2083
απορώ	2083
κοίταξεσ	2083
καταρρεύσει	2082
ετοιμότητα	2082
λονδίνου	2081
επικοινωνίεσ	2080
καρέκλεσ	2080
βλέπαμε	2080
πάvτα	2079
ήσυχουσ	2079
φορούσα	2079
σοβαρέσ	2078
αθλητικά	2077
σκάσω	2077
δεκτή	2077
ομοσπονδιακό	2076
ελάφι	2076
επιταγέσ	2076
ετοιμοσ	2076
φτιάξαμε	2076
σάντρα	2075
συνοδεύσω	2075
ρομπέν	2075
πολεμήσεισ	2074
διάγνωση	2074
λόφουσ	2074
βλεπεισ	2073
μουσικό	2073
τρόμαξα	2073
αφεντικά	2073
κανάλια	2073
κάλεν	2072
πόλο	2072
αντρέ	2072
μέτρων	2071
μεθόδουσ	2071
αρκετα	2071
καταγγελία	2071
παλέψω	2071
σκουλήκι	2071
τράβηξα	2070
μέλισσεσ	2070
έδινεσ	2068
βγάλαμε	2068
παλέψεισ	2067
άσχετα	2066
προνόμιο	2066
στείλαμε	2065
κατανοώ	2065
γύρισαν	2064
μάνι	2064
χαμένοι	2064
ειδα	2063
σταθώ	2063
μενταγιόν	2062
στoν	2062
έκπτωση	2062
ετυμηγορία	2062
όμηρο	2062
αργοτερα	2062
βρώμικη	2062
γιαυτό	2062
επιτεθούμε	2062
απεργία	2062
συνομιλία	2061
έφταιγα	2061
εκτοσ	2061
διάσωση	2060
δέχτηκα	2060
πεζοδρόμιο	2060
όφελοσ	2059
λάστιχα	2059
ξεκίνημα	2059
εκπαίδευσησ	2059
εργάζονται	2059
χορέψεισ	2058
γείτονα	2058
θέλημα	2058
ζωολογικό	2057
συνήθιζα	2057
χρησιμοποιήσουν	2057
δράκοσ	2057
παιχνιδάκι	2057
συνδυασμόσ	2056
συνεδρία	2056
χαλάσ	2056
πιάσετε	2055
ένστικτό	2055
τοίχοσ	2054
προκαλείσ	2054
ρίξετε	2054
αριζόνα	2053
μπέντζαμιν	2052
χωράφι	2051
εξετάσω	2051
χρειαζόμασταν	2050
υπόλοιπεσ	2050
μαζέψεισ	2050
άχρηστη	2049
μπορέσαμε	2049
επέμενε	2049
εγκληματία	2049
κρίσησ	2048
πιστωτικέσ	2048
βρικόλακασ	2048
αναγκαίο	2048
δέξου	2048
απολαύστε	2047
λίποσ	2047
κουμπιά	2047
ατυχήματα	2047
ξενοδοχεία	2045
ίζαμπελ	2045
φθινόπωρο	2044
γκου	2043
σημερινό	2043
απαντά	2043
ευαίσθητη	2042
φρούριο	2042
πιλότο	2042
καιρο	2042
μάθαινε	2042
ξόδεψα	2041
subs	2041
γεμίζει	2041
επιτήρηση	2040
κόβεισ	2040
κενά	2040
διάνοια	2040
