que	15044152
não	12169729
de	10121551
você	7817147
eu	7212622
um	5737691
para	4775301
está	4183976
uma	3917542
se	3775219
com	3737277
por	3383830
ele	3369826
isso	3323679
em	3046025
do	2816967
me	2786395
mas	2523053
como	2345682
bem	2278717
da	2126812
no	1967593
os	1966884
ela	1908784
na	1840924
sim	1839153
aqui	1798698
mais	1776468
tem	1653979
meu	1612386
seu	1585531
muito	1568458
foi	1548592
as	1497099
vai	1491347
sua	1479690
estou	1449759
vamos	1420644
tudo	1353946
minha	1230694
só	1216595
então	1211428
pode	1197179
agora	1181210
vou	1140600
ser	1082215
quando	1061663
fazer	1055940
sei	1053771
eles	991711
nós	985079
tenho	935890
te	929668
estava	919095
certo	918318
quer	908089
sabe	868139
já	862736
era	855399
nos	848359
quem	828918
ou	828081
ao	826692
nada	816543
disse	806689
há	794020
lá	789183
onde	787679
quero	783981
bom	774538
ter	766268
sou	765228
são	745118
dizer	741447
posso	740678
acho	735638
sobre	734703
mim	730004
porque	711704
mesmo	699330
coisa	669387
todos	655568
estão	640889
algo	636337
até	625305
tempo	621951
assim	620622
nunca	608898
vocês	608468
esse	605824
casa	600389
quê	599493
essa	595261
ver	582702
também	582225
pra	563223
ainda	558497
tão	551951
dos	546444
cara	531856
favor	521946
ir	521133
melhor	520581
noite	514681
sem	510910
temos	510149
obrigado	503071
dia	495684
talvez	490918
pai	487553
estamos	483757
esta	474728
deus	468950
alguém	468942
mãe	458810
vida	456588
senhor	453553
este	453034
isto	452993
sempre	449587
anos	449517
vez	438847
verdade	435669
seus	434114
dele	426614
ficar	424486
parece	424214
oh	417857
claro	416979
depois	411019
tinha	406994
falar	406564
coisas	405017
antes	404707
pessoas	403648
pouco	402632
pelo	393949
preciso	393375
apenas	385267
homem	383305
deve	381544
nem	380156
boa	380027
dois	378982
fazendo	374216
todo	366012
lugar	365584
faz	365096
acha	361688
fez	360039
aí	356470
fora	352879
estar	352830
qual	351298
disso	349418
trabalho	348067
precisa	339447
das	336365
hoje	335062
ninguém	330982
novo	327125
queria	322107
ei	321202
comigo	320834
mundo	315223
saber	313726
alguma	310457
dar	308480
podemos	304299
grande	302177
sinto	302174
seja	301818
nossa	301627
poderia	300177
dinheiro	296405
suas	295079
será	294002
nome	289740
quanto	284657
qualquer	283792
pela	283044
outro	282121
vá	278304
lhe	277605
dela	276842
nosso	276632
oi	273705
meus	273208
desculpe	268618
filho	267642
certeza	262701
vão	262556
hora	258209
ok	256383
outra	253337
sair	241982
toda	239382
volta	238641
problema	237965
obrigada	236384
olá	233623
tipo	233417
realmente	232993
sabia	232259
aconteceu	230961
menos	230759
mulher	230503
algum	229208
diga	226150
falando	225075
espere	224491
ótimo	218571
carro	217940
vezes	215892
amigo	214659
primeiro	214074
deveria	213644
seria	211006
venha	210165
três	209744
entre	209163
daqui	206026
sério	204028
diz	203268
voltar	200945
ah	200861
parte	200135
amor	199565
feliz	197259
às	196273
viu	193973
embora	192388
família	192013
olhe	191301
deixar	190410
atrás	189476
tenha	189070
faça	188657
pensei	188161
ajudar	187791
todas	187391
olha	184048
aquele	183619
duas	183434
querida	181748
frente	180391
vi	179875
indo	178129
alguns	177552
dias	176804
fui	176706
vem	175957
lado	174756
podem	172903
fiz	172788
merda	171084
nas	170753
pare	169805
tarde	169685
gosto	169631
precisamos	169166
caso	168838
fique	167217
dentro	166996
cidade	165665
momento	165133
pegar	164895
foram	164748
nenhum	164611
gente	163727
somos	163139
amanhã	162442
fosse	162426
cabeça	161507
gostaria	161412
amigos	159251
mal	158673
enquanto	156514
homens	155377
logo	155159
deles	154942
desde	154598
tanto	154098
garota	153950
pessoa	153920
legal	153361
amo	153007
rápido	152583
algumas	152471
cada	152335
jeito	151950
tentando	150938
meio	150787
outros	150574
têm	150503
medo	149569
minhas	149064
importa	147783
irmão	147268
errado	146252
história	144741
primeira	144548
quase	144341
horas	144177
encontrar	143651
nova	142510
essas	142292
pessoal	141711
dá	141698
difícil	141480
forma	141405
contra	140747
matar	140732
semana	140660
dizendo	139892
perto	139350
demais	139005
entrar	138656
esses	137418
deu	137004
achei	136837
deixe	136721
vejo	136691
polícia	136473
espero	136327
sido	134537
juntos	133805
ajuda	133530
ano	133439
caminho	132885
nisso	132871
elas	132715
quiser	132500
crianças	132498
manhã	131838
for	131698
aquela	131082
sorte	131022
morte	131003
pensar	129699
papai	129449
aos	129263
ali	128787
veja	128774
fica	128765
teve	128686
quarto	128047
levar	127299
filha	126797
feito	126740
minutos	126705
morto	126021
porta	125738
tive	125666
entendo	124645
cima	124265
acabou	124190
tá	124136
chegar	123890
num	123619
veio	123287
água	122397
mesma	122368
dê	122099
significa	121562
teria	121439
pronto	121186
esposa	120840
vir	120576
acredito	120491
ouvir	120219
gosta	118631
morrer	117738
nossos	117365
olhos	117197
garoto	117095
última	116717
coração	116476
contar	116342
importante	116341
jogo	116288
acontecendo	115909
razão	115775
mãos	115576
devo	115374
ideia	115356
consigo	114885
idiota	114632
passar	114587
havia	113652
problemas	113369
parar	112758
senhora	112327
fim	112144
corpo	111546
chefe	111526
poder	111160
mamãe	110962
ia	110907
cuidado	110889
começar	110856
espera	110669
ficou	110169
conta	110148
exatamente	110048
arma	109719
longe	109588
escola	109580
tentar	108293
pois	108028
terra	107896
droga	107699
ontem	107458
pensando	107444
única	107358
devia	107350
sendo	107229
causa	107218
guerra	105845
chance	105170
usar	104604
marido	103987
mão	103699
tal	103391
numa	102968
trabalhar	102858
sangue	102853
música	102282
esperar	102159
querem	101749
uns	101113
nenhuma	100716
tivesse	99424
digo	99268
estranho	98945
maior	98905
velho	97946
faço	97526
boca	97426
houve	97160
festa	97006
estavam	96837
fala	96434
mulheres	96266
conhece	96022
ouvi	95878
tirar	95803
esperando	95351
podia	95312
licença	95301
capitão	95181
preocupe	95115
comer	95065
fácil	94781
deixa	94652
novamente	94399
além	94391
irmã	94345
meses	94008
eram	93945
suficiente	93699
pais	93390
segundo	93200
sabemos	92908
muitas	92871
cinco	92861
bebê	92825
matou	92526
querido	92414
muita	91944
idéia	91898
saia	91810
muitos	91329
número	91003
vê	90844
deixou	90756
conseguir	90551
lembra	90357
dessa	90327
morreu	90302
tomar	89968
the	89783
bastante	89253
neste	89011
maneira	88865
quatro	88802
filhos	88774
acontecer	88150
criança	87732
dormir	87732
durante	87664
possa	87555
desse	87508
vindo	87004
certa	87002
café	86806
possível	86537
casamento	86479
irá	86259
acordo	85957
quis	85900
equipe	85657
conheço	85576
ruim	85371
culpa	85194
jantar	85011
provavelmente	84899
consegue	84724
telefone	84247
esteja	84185
mil	84062
forte	83276
sentir	83212
viver	83083
chegou	82948
diferente	82754
sozinho	82408
prazer	82355
pergunta	82124
procurando	81788
iria	80975
terá	80970
conseguiu	80832
outras	80788
final	80619
minuto	80590
sala	80375
chega	80153
único	79997
nossas	79871
falta	79616
desta	79504
aquilo	79400
incrível	79391
devemos	79389
direito	79366
nessa	79187
vivo	79164
mudar	79150
faria	79103
porra	79014
perder	78895
falou	78291
segurança	78219
pagar	78043
plano	77778
descobrir	77707
conversar	77698
achar	77442
próxima	77416
sabem	77265
comida	77226
pegue	76959
diabos	76730
trás	76179
jovem	76149
trouxe	76059
acreditar	76055
olhar	75621
cama	75528
ponto	75489
passado	75482
pena	75418
colocar	75338
tchau	75293
nesse	75109
fale	74987
ouça	74891
nele	74764
calma	74528
filme	74508
pedir	74492
paz	74449
sente	74322
louco	74120
palavra	73947
cá	73866
pequeno	73777
john	73562
caras	73358
ouviu	72785
próximo	72783
médico	72650
pensa	72626
ligar	72450
pior	72383
força	71776
mostrar	71727
país	71279
acontece	71231
fogo	70925
entende	70194
baixo	70154
sob	69986
acabar	69931
continuar	69813
estiver	69749
lembro	69360
dizem	69210
srta	68970
vendo	68912
luz	68816
jogar	68467
livro	68430
adeus	68420
perguntar	67772
existe	67737
manter	67695
fazem	67683
cedo	67612
querer	67516
desculpa	67373
jack	67339
semanas	67215
vim	67116
estes	66759
começou	66725
hospital	66634
atenção	66547
seis	66434
linda	66389
último	66261
chamar	66128
escritório	65864
rei	65683
falei	65546
estávamos	65527
especial	65499
comprar	65212
após	65202
resto	65168
fiquei	65124
alô	65013
saiu	64897
ganhar	64819
controle	64686
fico	64450
brincando	64250
volte	64170
si	64130
nesta	64071
garotas	64047
queremos	63747
presidente	63744
pegou	63610
real	63517
devem	63381
aonde	63320
precisar	63126
negócio	62899
doutor	62894
esteve	62540
encontro	61992
pelos	61887
escute	61801
finalmente	61742
estado	61486
pé	61168
cuidar	60836
ama	60809
armas	60763
rua	60529
sam	60493
aqueles	60466
umas	60448
dólares	60344
fato	60323
sentido	60127
pequena	60086
prisão	59752
casar	59639
trabalhando	59425
escolha	59391
puta	59377
amiga	59231
sozinha	58969
próprio	58945
cabelo	58805
deste	58773
estivesse	58642
engraçado	58544
policial	58388
ai	58304
perfeito	58262
passou	58164
alto	58111
palavras	57935
livre	57552
mente	57490
seguro	57329
menina	57270
própria	57216
bonito	57038
futuro	57038
pro	56913
entendi	56702
esqueça	56687
respeito	56606
tio	56450
entender	56334
uh	56245
estará	56161
visto	56158
estas	56035
agente	55946
sinal	55795
grupo	55772
andar	55660
presente	55514
milhões	55448
rosto	55388
mesa	55306
dor	55231
foto	55156
preso	54749
leve	54602
partir	54587
consegui	54528
sexo	54244
voz	54239
assassino	54216
pense	54184
chamado	54116
daí	53703
sai	53684
pediu	53657
jesus	53601
situação	53568
olhando	53530
perdeu	53524
you	53509
ar	53494
tom	53441
voltou	53299
grandes	53253
modo	53213
viagem	53073
sistema	53013
rapazes	52842
simples	52840
linha	52776
achou	52739
entendeu	52613
estive	52582
salvar	52568
boas	52377
conhecer	52374
estaria	52374
emprego	52363
chama	52320
bonita	52234
conosco	52213
melhores	51885
dez	51848
mensagem	51731
michael	51721
contou	51635
idade	51552
crime	51531
questão	51399
trazer	51393
usando	51335
local	51263
simplesmente	51031
lindo	50868
tente	50856
encontrei	50725
ficará	50701
acredita	50699
levou	50583
precisam	50489
farei	50464
doente	50444
natal	50358
professor	50230
odeio	50168
rapaz	50099
motivo	49971
disseram	49941
fizeram	49708
seguir	49671
ótima	49267
programa	49216
campo	49189
normal	49078
continue	49035
vontade	48919
graças	48859
menino	48818
chão	48790
sol	48741
hey	48679
soube	48473
acabei	48448
perguntas	48393
surpresa	48375
lista	48356
sonho	48276
olho	48164
terminar	48158
irei	48002
resposta	47991
beber	47952
ordem	47897
encontrou	47847
senhores	47680
peguei	47670
hotel	47633
caixa	47615
quente	47494
povo	47397
acidente	47250
erro	47127
precisava	46959
diria	46959
advogado	46927
us	46885
mortos	46853
aniversário	46803
joe	46732
inferno	46641
ataque	46533
david	46407
charlie	46343
vale	46236
frank	46182
fotos	46043
show	45951
abrir	45916
parabéns	45842
fome	45793
voce	45793
tiver	45727
ficando	45655
totalmente	45644
morta	45526
loja	45495
naquela	45457
energia	45308
conversa	45100
pelas	45048
espaço	45045
serviço	45044
monte	44907
assassinato	44903
lei	44767
negócios	44707
banco	44685
reunião	44648
estarei	44636
completamente	44585
george	44577
divertido	44407
ligou	44372
segunda	44288
perdi	44276
fundo	44248
lutar	44238
pudesse	44232
explicar	44219
fomos	44177
tome	44029
notícias	44006
céu	43915
trabalha	43886
exército	43832
mês	43826
mike	43819
parecia	43788
passa	43763
fará	43718
continua	43673
dei	43532
tire	43484
olhada	43320
tivemos	43215
carta	43203
lembrar	43179
roupas	43142
contato	43114
detetive	43095
passada	43088
fizemos	43067
papel	43059
área	43038
governo	43031
abra	42906
interessante	42884
horrível	42871
luta	42846
ben	42845
dando	42839
beleza	42812
certamente	42701
apartamento	42654
banheiro	42638
mudou	42603
capaz	42320
metade	42116
penso	42109
funciona	42089
tentei	42087
procurar	42050
tradução	41994
velha	41976
triste	41973
prometo	41853
prova	41752
barco	41712
bons	41690
tentou	41637
hein	41616
quantos	41596
senti	41547
decisão	41450
tenente	41421
bebida	41275
teremos	41256
tv	41245
através	41236
conselho	41208
avião	41195
juro	41160
saindo	40892
ler	40873
nela	40850
tocar	40829
breve	40788
pronta	40722
ligue	40702
frio	40701
bar	40577
anda	40498
missão	40465
chave	40172
lamento	40148
tinham	40080
impossível	40065
peça	40062
igreja	40029
namorado	40010
terrível	39973
maravilhoso	39963
namorada	39874
haver	39736
maioria	39724
tendo	39713
segredo	39705
leva	39648
verdadeiro	39600
viva	39581
naquele	39560
saiba	39512
roupa	39400
sete	39299
vítima	39249
drogas	39171
nave	39054
assunto	39029
mandou	38856
imediatamente	38798
diferentes	38760
ajude	38658
cair	38640
tu	38628
fazemos	38625
ouro	38621
loucura	38592
time	38497
vidas	38448
pobre	38412
ouvindo	38298
mar	38283
né	38262
faremos	38194
puder	38175
vista	38104
começa	38039
alma	38030
aposto	37959
desses	37915
fazia	37901
paul	37813
general	37765
mestre	37748
adoro	37680
senhorita	37670
celular	37657
oficial	37617
cavalo	37526
companhia	37495
somente	37474
esquecer	37455
james	37452
peter	37448
parecer	37425
serão	37423
padre	37404
começo	37360
louca	37209
buscar	37200
esperava	37174
mau	37164
dito	37097
centro	37084
época	37053
estrada	37051
carne	37029
vestido	36836
posição	36697
cheio	36694
fugir	36637
meninas	36596
teste	36594
entrou	36575
maldito	36528
chamada	36492
ligação	36481
saúde	36476
diferença	36472
junto	36445
planeta	36378
duro	36366
passo	36365
bela	36334
teu	36262
proteger	36231
longo	36184
cachorro	36173
chegando	36173
embaixo	36133
coloque	36111
max	36066
delas	36037
guarda	36020
escrever	36020
conheci	36017
cliente	35962
igual	35954
mandar	35873
bater	35842
falo	35839
pensou	35818
basta	35786
gostei	35779
encontramos	35776
porquê	35746
costas	35740
provar	35703
segundos	35689
lugares	35673
esquerda	35670
ambos	35670
coronel	35633
chame	35566
pés	35558
direita	35536
acredite	35532
aprender	35413
correr	35355
empresa	35262
dessas	35260
últimos	35189
cérebro	35151
informação	35075
perigo	35058
bola	35012
acham	34986
relação	34977
doce	34962
desculpas	34938
garotos	34909
destino	34900
sentindo	34766
deixei	34672
branco	34655
quais	34649
gostar	34578
cerca	34431
cerveja	34428
resolver	34371
serei	34357
regras	34297
cena	34285
creio	34259
norte	34233
público	34198
caiu	34196
sentar	34185
tiro	34176
oportunidade	34155
to	34125
cozinha	34049
ficaria	34008
tia	34000
inteligente	33976
poderíamos	33918
toque	33742
propósito	33716
chá	33714
várias	33657
base	33624
york	33607
faculdade	33583
humano	33583
graça	33571
ordens	33564
lidar	33506
direto	33459
sul	33384
comandante	33342
cantar	33227
henry	33221
honra	33197
and	33139
trem	33018
ação	32982
importo	32979
senhoras	32976
prontos	32953
depressa	32951
direção	32877
perigoso	32867
confiar	32807
sargento	32789
existem	32687
oito	32658
animais	32648
cheiro	32588
experiência	32554
clube	32545
mary	32531
queira	32523
volto	32495
sonhos	32469
esqueci	32453
estúpido	32420
justo	32416
janela	32390
rio	32381
corte	32329
saco	32304
sucesso	32219
quantas	32186
lixo	32163
desejo	32084
aceitar	32075
pedi	32054
deveríamos	32005
quão	31998
escuta	31911
vinho	31894
necessário	31886
terei	31775
preocupado	31751
saída	31743
dançar	31733
poderá	31722
rainha	31701
comum	31675
liberdade	31591
pega	31465
entendido	31423
disto	31387
tempos	31382
tanta	31357
dormindo	31346
tribunal	31274
chamou	31266
verão	31258
repente	31191
tua	31187
steve	31168
parecem	31041
vender	31036
belo	31035
máquina	30869
silêncio	30819
tínhamos	30793
informações	30773
receber	30753
meia	30730
passei	30714
mentira	30688
paris	30616
exemplo	30586
contrário	30575
raiva	30554
aula	30548
conseguimos	30528
ora	30504
socorro	30431
la	30413
lhes	30387
liga	30304
escolher	30272
tornar	30261
cadê	30250
humanos	30185
ligo	30148
preocupar	30141
dou	30135
venham	30132
uau	30114
atirar	30083
azul	30061
lua	30051
pressão	30027
série	30002
perdido	29973
jamais	29970
vermelho	29959
exceto	29947
colocou	29933
legenda	29932
inteiro	29922
comando	29909
harry	29863
cartão	29844
paciente	29820
diretor	29772
esperança	29765
ilha	29739
câmera	29690
notícia	29679
errada	29660
sarah	29630
danny	29626
revisão	29606
devagar	29598
parem	29531
achamos	29493
banho	29461
américa	29434
traga	29380
conte	29364
bolsa	29339
usa	29337
excelente	29324
andando	29280
alta	29278
jimmy	29196
bob	29175
aquelas	29069
bomba	29030
adam	29027
preço	28984
iremos	28974
alex	28969
vive	28933
esconder	28921
jim	28912
arte	28893
começando	28858
jovens	28818
passando	28766
ocupado	28704
bill	28691
jane	28638
pedido	28572
cão	28568
sequer	28439
parceiro	28415
suspeito	28410
pele	28406
nível	28405
opinião	28396
pista	28342
emergência	28340
computador	28288
seguinte	28247
planos	28212
policiais	28201
irmãos	28195
daquele	28190
ônibus	28182
batalha	28151
nick	28133
rádio	28130
acaba	28126
prefiro	28100
tony	28081
fiquem	28071
perdão	28063
haverá	28034
livros	28031
apesar	28016
justiça	28015
dança	27998
braço	27951
costumava	27906
will	27851
líder	27831
cale	27821
má	27709
pego	27677
vergonha	27654
criar	27646
almoço	27624
coragem	27608
risco	27585
som	27578
pude	27565
roubar	27559
vários	27547
roubou	27545
negro	27506
espírito	27480
cansado	27349
defesa	27337
gostou	27302
principal	27285
novos	27263
fbi	27254
bunda	27249
especialmente	27196
peço	27140
cartas	27139
enorme	27120
funcionar	27107
imaginar	27106
inimigo	27050
ganhou	27002
brilhante	26995
entra	26990
londres	26981
julgamento	26953
cheia	26951
pernas	26871
don	26862
aparecer	26851
longa	26831
trata	26788
tirou	26785
juiz	26781
estrela	26777
ficam	26747
segura	26731
gay	26637
piada	26631
mora	26594
felizes	26581
inteira	26515
realidade	26486
procura	26428
relatório	26419
dizia	26375
saiam	26360
sapatos	26253
irão	26213
estação	26213
falamos	26205
restaurante	26199
responsável	26199
merece	26178
diante	26165
flores	26163
carros	26143
billy	26103
novas	26102
viram	26073
percebi	26070
dúvida	26030
conhecemos	26024
provas	26014
sejam	26014
evitar	25994
alvo	25970
tenham	25937
nomes	25894
pedaço	25842
destruir	25817
gato	25788
classe	25759
apareceu	25749
cheguei	25719
subir	25714
brincar	25712
buraco	25711
ido	25706
meninos	25658
infelizmente	25593
soldados	25552
gentil	25549
herói	25541
usou	25486
cadeia	25484
filmes	25393
morrendo	25372
it	25371
acima	25335
gelo	25313
corrida	25301
xerife	25295
caramba	25262
busca	25246
suponho	25244
visão	25241
estás	25236
richard	25212
investigação	25192
yeah	25184
pedindo	25180
limpar	25164
árvore	25146
mentindo	25128
soubesse	25081
inglês	25068
eua	25058
estranha	25047
vídeo	25045
início	25040
fizer	24997
correndo	24940
endereço	24902
prédio	24898
tommy	24887
tamanho	24857
praia	24767
vieram	24750
nervoso	24737
havendo	24710
laboratório	24708
parede	24704
brincadeira	24677
amar	24667
cortar	24628
entrada	24608
cor	24601
super	24592
johnny	24580
descobriu	24576
vemos	24570
matei	24564
natureza	24560
metros	24530
ray	24520
idiotas	24458
testemunha	24446
projeto	24375
carreira	24351
deixando	24349
navio	24347
limpo	24321
comecei	24314
código	24280
responder	24278
gostava	24277
movimento	24258
ridículo	24257
estilo	24253
bravo	24229
jornal	24193
terminou	24160
bêbado	24152
pedra	24147
animal	24126
inocente	24119
toma	24100
fé	24073
mudança	24071
escreveu	24060
dados	24036
poderiam	24031
peixe	23995
jake	23989
americano	23988
velhos	23950
memória	23944
departamento	23901
pergunte	23885
contigo	23882
confiança	23882
estrelas	23881
absolutamente	23872
afinal	23866
contas	23810
adoraria	23806
floresta	23791
total	23784
dirigir	23752
obviamente	23739
episódio	23705
vimos	23690
major	23672
pescoço	23651
mark	23634
olhem	23623
preparar	23622
mantenha	23595
amy	23590
grávida	23588
vejam	23584
processo	23549
clientes	23526
entregar	23502
temporada	23449
diabo	23404
cadeira	23396
maria	23389
soldado	23386
esperem	23376
pôr	23372
tira	23352
assistir	23345
agradeço	23339
coma	23323
agradecer	23321
eddie	23254
chris	23186
férias	23180
desafio	23180
monstro	23156
histórias	23139
redor	23016
sentimentos	23015
menor	22997
virar	22971
perna	22965
operação	22948
esqueceu	22944
chegamos	22899
of	22889
visita	22888
caro	22887
imagem	22861
escapar	22860
bala	22854
cristo	22818
apresentar	22814
conhecia	22796
distância	22795
chorar	22777
faca	22722
van	22707
vencer	22704
definitivamente	22702
particular	22692
amava	22669
nariz	22660
par	22658
fantástico	22627
milhares	22616
pontos	22610
braços	22604
branca	22603
dado	22601
nove	22594
perfeita	22594
perguntou	22576
beijo	22576
quieto	22557
prestes	22494
decidir	22472
troca	22459
ficarei	22418
verde	22418
seguida	22405
universo	22400
uso	22395
virá	22365
abaixo	22351
antigo	22337
li	22334
madame	22316
passe	22309
apoio	22307
robert	22249
moça	22229
mercado	22211
imagino	22189
escuro	22181
bolo	22179
conhecido	22160
banda	22159
use	22140
detalhes	22101
sr	22092
valor	22085
recebi	22072
doença	22051
relógio	22048
caminhão	22030
médicos	22013
rico	21954
espécie	21926
sabendo	21922
culpado	21919
presa	21909
perdendo	21889
dentes	21844
barulho	21842
tornou	21829
ryan	21823
cavalos	21814
agradável	21813
arrumar	21804
poucos	21799
baby	21760
parou	21729
máximo	21728
política	21726
majestade	21719
gostam	21673
parque	21657
kevin	21654
ponha	21650
leite	21643
quebrar	21639
concordo	21631
discutir	21600
desistir	21586
comprou	21572
levantar	21570
perdemos	21531
salvou	21517
daquela	21515
velocidade	21457
éramos	21453
bobby	21438
comece	21429
avó	21411
cirurgia	21356
milhão	21351
acesso	21343
chaves	21340
machucar	21315
marca	21301
dever	21280
cinema	21274
vêm	21259
nao	21232
relaxe	21221
hum	21216
livrar	21204
mesmos	21201
vento	21191
chamam	21190
preocupada	21159
encontrado	21134
ajudou	21122
depende	21104
ficamos	21075
verdadeira	21071
acabado	21070
recebeu	21056
portanto	21053
sobreviver	21047
ti	21035
fechar	21023
ganha	21017
permissão	21016
jogando	21001
noites	20965
levando	20926
princesa	20902
maldição	20895
disser	20869
vadia	20869
ruas	20865
possamos	20863
briga	20858
manda	20842
pensava	20840
desapareceu	20812
vítimas	20807
bateu	20805
anel	20797
pago	20781
maldita	20778
normalmente	20761
parado	20707
dono	20696
descansar	20664
palco	20663
maravilhosa	20633
come	20629
km	20622
tiveram	20601
ponte	20580
noiva	20557
termos	20557
casado	20487
língua	20466
ouvido	20457
peso	20445
trocar	20438
debaixo	20437
fugiu	20430
lee	20407
unidos	20392
estaremos	20391
in	20381
tomou	20358
comprei	20351
correto	20327
relacionamento	20320
obter	20293
controlar	20291
daniel	20277
humana	20251
calças	20238
martin	20219
matt	20145
orgulho	20130
der	20087
acordar	20045
daria	20041
interesse	20038
garrafa	20019
mostre	19989
estados	19984
façam	19958
mentir	19939
dedos	19902
eric	19899
contrato	19889
salvo	19884
charles	19871
sentado	19856
dna	19849
aberta	19842
ameaça	19818
deveriam	19809
esperto	19771
corpos	19761
americanos	19744
conheceu	19741
descer	19710
vovó	19694
perguntando	19658
deram	19642
casos	19636
decidiu	19624
futebol	19612
camisa	19611
odeia	19581
forças	19581
lar	19580
aparentemente	19567
avô	19560
descobri	19550
querendo	19549
brian	19541
maiores	19540
central	19533
nacional	19490
sociedade	19458
táxi	19457
voar	19406
luzes	19406
agir	19393
enviar	19387
teoria	19370
veremos	19363
oferta	19337
cansada	19326
frança	19284
inglaterra	19280
preto	19279
ligado	19265
mr	19261
resultado	19248
profissional	19237
direi	19218
antiga	19215
rachel	19213
responda	19207
traz	19192
perda	19187
fantasma	19184
altura	19174
dan	19161
calor	19155
devíamos	19140
maluco	19126
assistente	19096
contei	19081
vitória	19079
perguntei	19073
números	19065
feita	19064
adorável	19057
chapéu	19056
divertir	19027
kelly	19022
morar	19016
jardim	19002
colega	18995
verá	18989
senão	18986
verificar	18985
príncipe	18978
scott	18973
porco	18962
mostra	18921
pessoalmente	18914
natural	18900
decidi	18874
terão	18865
serem	18814
enfim	18806
cai	18803
fonte	18792
motorista	18781
confie	18777
escolheu	18769
visitar	18755
diversão	18742
universidade	18727
terceiro	18725
juntar	18712
unidade	18705
responsabilidade	18689
firme	18688
artista	18685
deixado	18679
liguei	18671
pesquisa	18665
pressa	18663
rapidamente	18658
momentos	18649
consertar	18629
legendas	18627
anna	18626
próximos	18615
servir	18576
okay	18564
usado	18545
cala	18533
quebrou	18529
voltei	18489
al	18472
escrito	18429
ficaram	18398
casal	18390
simon	18376
casas	18368
oeste	18361
tantas	18334
larry	18314
interessado	18287
tô	18275
casaco	18264
aberto	18254
encontre	18250
lisa	18244
canção	18243
chuva	18241
quisesse	18240
espada	18238
pequenos	18234
bordo	18233
voltando	18226
demorar	18213
ensinar	18187
achava	18170
mata	18133
acabamos	18120
mentiu	18113
jeff	18108
acaso	18093
portas	18090
valeu	18073
pensam	18071
modelo	18070
dedo	18063
sábado	18059
pertence	18056
baile	18031
pegamos	18018
geral	17989
atrasado	17946
parada	17944
viemos	17929
torna	17919
ajudando	17901
my	17895
chegaram	17877
entanto	17863
dão	17859
seguindo	17801
proteção	17774
fita	17764
armário	17760
chamando	17733
thomas	17732
washington	17727
kate	17716
santo	17702
crédito	17687
segure	17659
jogos	17654
dói	17653
imprensa	17645
jason	17635
honesto	17631
aviso	17613
acampamento	17604
atirou	17603
serve	17590
coloquei	17590
vovô	17583
queriam	17565
interessa	17563
objetivo	17547
grana	17544
construir	17541
inimigos	17513
sensação	17498
mande	17493
competição	17492
militar	17482
paga	17452
funcionando	17436
corra	17413
morre	17386
orgulhoso	17353
tenta	17341
besteira	17341
nasceu	17328
propriedade	17325
darei	17324
partido	17317
enfermeira	17315
rir	17307
enviou	17304
encontraram	17297
roubo	17293
apaixonado	17288
membro	17286
chocolate	17279
internet	17253
domingo	17225
segredos	17193
mandei	17186
deseja	17182
corredor	17177
sinais	17161
material	17153
sexual	17126
devido	17098
smith	17085
acorde	17079
lance	17079
ovos	17072
lago	17044
atacar	17041
primo	17038
toca	17028
felicidade	17028
saí	17020
levante	17010
partes	17008
membros	17006
presos	16990
pão	16981
carona	16973
montanha	16969
passagem	16968
prefeito	16967
confusão	16966
peito	16957
rock	16957
venho	16940
inútil	16933
vingança	16933
topo	16915
contente	16901
invés	16886
ferido	16882
humor	16879
curso	16875
lição	16850
aeroporto	16839
original	16786
sentiu	16784
caralho	16782
prêmio	16778
exato	16772
júri	16771
homicídio	16767
impedir	16766
copo	16752
jerry	16747
foder	16744
começamos	16728
tens	16705
completo	16689
nota	16680
falso	16666
anjo	16665
soa	16647
vossa	16647
arquivos	16632
chamo	16605
cavalheiros	16592
tempestade	16589
josh	16589
pôde	16584
útil	16583
los	16565
emily	16538
recuperar	16521
chorando	16515
posto	16515
explosão	16508
cuide	16506
admitir	16504
cabo	16503
melhorar	16479
andy	16465
ha	16464
explodir	16464
venda	16456
acontecido	16456
oferecer	16443
fortes	16436
crescer	16413
aprendi	16412
matando	16401
presença	16377
pete	16371
amigas	16367
tecnologia	16362
ultimamente	16357
voltarei	16350
avisar	16349
via	16334
preparado	16324
mapa	16324
ouve	16310
viajar	16308
neve	16302
walter	16301
perceber	16292
pacientes	16283
lutando	16270
ciência	16269
grace	16256
funcionou	16245
morreram	16231
golpe	16227
efeito	16223
feche	16219
discurso	16212
entrevista	16204
complicado	16202
direitos	16201
dave	16200
gás	16187
mel	16181
rosa	16175
ganhei	16172
tantos	16170
william	16162
prometeu	16140
câncer	16125
reino	16121
primeiros	16115
teatro	16089
rose	16088
falam	16074
estarão	16067
tratamento	16063
data	16047
aceito	16043
alice	16039
canto	16037
óbvio	16030
comendo	16021
ladrão	16020
ações	16004
tentativa	15984
juntas	15976
deixem	15969
francês	15969
leste	15956
importantes	15895
luke	15890
impressionante	15883
necessidade	15850
resultados	15842
cães	15834
conhecimento	15834
apresentação	15830
assustador	15829
bolas	15802
fundos	15791
segurar	15786
intenção	15781
gritar	15776
atire	15771
garantir	15742
sexy	15735
evidência	15727
familiar	15727
prato	15724
muda	15720
jogou	15719
europa	15718
respostas	15717
imbecil	15702
on	15700
tolo	15700
aulas	15699
agentes	15688
claramente	15685
mate	15683
favorito	15670
cheque	15641
poderoso	15634
perfeitamente	15630
vivendo	15629
século	15620
vinte	15612
tomando	15608
vazio	15606
carter	15590
respirar	15578
opção	15576
pergunto	15575
vivos	15562
passamos	15558
amizade	15544
suicídio	15528
gênio	15513
exame	15510
emma	15493
fingir	15474
roma	15437
registros	15434
talento	15429
extra	15424
clara	15413
social	15408
confio	15408
médica	15402
comunidade	15391
atender	15381
erros	15374
deuses	15358
tido	15351
solução	15347
laura	15346
claire	15345
ruins	15337
chances	15317
fechado	15314
comeu	15293
fossem	15288
confortável	15285
centenas	15273
chato	15269
corre	15255
kyle	15252
presentes	15252
mandado	15243
aparece	15231
testes	15221
interior	15204
fraco	15201
rede	15190
terceira	15160
ato	15160
famoso	15159
seremos	15157
geralmente	15156
magia	15155
aconteça	15144
solte	15138
poderes	15134
nisto	15118
pegando	15112
fazenda	15109
identidade	15108
consciência	15095
últimas	15091
esquece	15089
annie	15079
new	15070
começaram	15055
porcaria	15055
treinador	15048
carteira	15047
estudar	15029
queijo	15017
colegas	15016
comportamento	15014
mexa	15010
coloca	14999
pequenas	14997
siga	14981
bagunça	14968
registro	14966
nervosa	14963
saberia	14953
alegria	14946
violência	14916
transar	14906
vestir	14904
árvores	14890
és	14888
prender	14886
assinar	14886
próprios	14878
inspetor	14874
mexer	14872
chicago	14855
anteriormente	14852
conhecem	14845
envolvido	14834
crimes	14827
tratar	14811
mano	14802
conseguia	14800
truque	14776
vantagem	14775
arquivo	14775
star	14773
virou	14765
lucy	14739
entrei	14733
roger	14724
contando	14711
notas	14698
pau	14695
puxa	14671
passeio	14667
porém	14665
recentemente	14665
famílias	14652
carl	14645
leo	14636
entrando	14608
costa	14605
documentos	14591
imagine	14591
câmeras	14578
condições	14575
incêndio	14567
impressão	14556
pagou	14544
dará	14542
pizza	14524
sono	14514
zero	14512
votos	14507
desgraçado	14486
bando	14486
pensamos	14478
ocupada	14475
gritando	14474
demônio	14460
mostrou	14458
preocupa	14447
mataram	14437
babaca	14420
sozinhos	14404
fábrica	14396
méxico	14393
piloto	14392
ed	14384
abre	14382
deixarei	14363
choque	14361
mundial	14360
joga	14358
nojento	14357
completa	14357
instante	14334
louis	14333
temo	14329
trabalhou	14326
queda	14321
inteligência	14315
escondendo	14306
susan	14301
levaram	14297
óculos	14283
vermelha	14282
fã	14278
limpa	14272
criou	14266
gary	14264
qualidade	14261
rápida	14259
trabalhava	14241
guardas	14235
daqueles	14231
humanidade	14219
mágica	14217
estejam	14198
corda	14188
huh	14186
difíceis	14179
sinta	14177
clark	14169
ted	14163
alan	14160
tim	14158
taylor	14155
conversamos	14135
sujeito	14128
pânico	14128
santa	14123
phil	14112
surpreso	14090
sujo	14088
tipos	14086
amante	14070
dura	14060
padrão	14060
ensinou	14059
bate	14057
bolso	14052
entrem	14052
raio	14039
levo	14037
lavar	14028
deixaram	14026
quebrado	14025
sorriso	14019
sincronia	14018
devolver	14016
gigante	14012
motor	14010
testemunhas	14004
funeral	14002
montanhas	13985
voltará	13977
parecido	13975
secreto	13972
dormiu	13958
razões	13952
sean	13952
sofá	13943
arthur	13943
pegaram	13931
jackson	13925
estranhos	13923
ficava	13922
apresenta	13917
estúpida	13915
consiga	13913
permitir	13908
zona	13905
tomei	13902
fila	13899
convidado	13883
rindo	13875
joey	13874
negra	13863
alerta	13852
basicamente	13849
televisão	13840
solo	13830
neles	13826
voltem	13813
arriscar	13812
evento	13807
that	13780
sumiu	13768
piscina	13761
duvido	13760
deserto	13754
desculpar	13751
sir	13750
vôo	13743
miss	13741
matado	13732
cuido	13731
folga	13724
san	13720
bobo	13706
grave	13695
imagens	13667
enfrentar	13658
massa	13652
pensado	13649
amei	13644
promessa	13641
imaginei	13640
regra	13632
esperamos	13617
antigos	13607
balas	13604
checar	13599
califórnia	13598
alemães	13596
voltamos	13591
campanha	13590
sentia	13585
encontra	13573
blake	13573
fantasia	13562
confuso	13558
angeles	13553
delegacia	13541
desligar	13538
escondido	13538
convidados	13526
moda	13523
mover	13521
pedaços	13519
aceita	13512
frango	13507
ligando	13500
tirando	13484
mala	13476
torre	13473
professora	13461
kim	13445
cigarro	13402
arranjar	13402
fumar	13391
percebe	13378
mentiras	13376
gerente	13376
iguais	13375
mentiroso	13372
companheiro	13345
versão	13344
confia	13344
milagre	13342
voo	13342
fronteira	13330
apostar	13318
limite	13302
noel	13300
hei	13298
revista	13296
jornais	13285
fizesse	13281
china	13279
sede	13278
pesadelo	13270
beba	13265
pesado	13257
placa	13247
deva	13242
hã	13232
ficado	13230
conexão	13229
digitais	13219
chef	13216
conto	13215
inverno	13211
praticamente	13206
madeira	13204
bebês	13202
beijar	13195
conversando	13192
castelo	13189
sentimento	13184
dirigindo	13172
covarde	13171
elizabeth	13169
estômago	13168
escutar	13167
pareceu	13142
mensagens	13133
inacreditável	13126
morgan	13117
ossos	13115
mantém	13112
passaram	13096
falava	13078
ligações	13068
bebendo	13064
bebidas	13061
cavalheiro	13058
big	13053
compras	13036
armadilha	13026
jenny	13019
divórcio	13003
casada	12994
ministro	12992
ouvidos	12987
especiais	12985
fatos	12978
mínimo	12973
selvagem	12973
pedras	12971
pássaro	12963
acharam	12959
jesse	12952
cantando	12950
evidências	12948
percebeu	12931
deixaria	12929
levado	12927
superior	12927
bilhete	12921
alemanha	12916
peguem	12914
calmo	12914
amanda	12907
rato	12904
desculpem	12903
traseiro	12889
divertindo	12887
digamos	12879
próprias	12873
assumir	12868
pára	12863
carga	12851
pouquinho	12843
vaca	12842
caça	12837
loucos	12829
receio	12829
podíamos	12824
roubado	12775
solta	12773
levei	12759
bobagem	12757
tocando	12757
irmãs	12751
fred	12751
negros	12751
período	12745
karen	12709
guardar	12697
treinamento	12696
garganta	12691
pagamento	12681
terem	12672
bruxa	12670
doces	12667
marinha	12663
tarefa	12659
alemão	12653
condição	12649
entrega	12644
iorque	12637
dama	12630
sabiam	12628
acontecerá	12616
cem	12603
recompensa	12596
maravilha	12594
maggie	12591
músicas	12589
limites	12589
aparência	12571
cruel	12567
is	12567
adora	12563
espelho	12562
paixão	12562
poderemos	12559
principalmente	12552
céus	12543
haja	12542
julie	12542
areia	12536
página	12533
malas	12532
escrevi	12531
relaxar	12531
caindo	12520
quadro	12516
estúdio	12516
voto	12514
cozinhar	12513
conseguem	12509
baixa	12507
pareço	12496
senso	12496
uniforme	12487
abriu	12484
largue	12484
victor	12484
adorei	12481
cofre	12475
perde	12471
tento	12464
chateado	12456
dividir	12454
certas	12452
abaixe	12443
cura	12434
defender	12433
remédio	12430
sabes	12427
urso	12423
leu	12417
porão	12411
hank	12407
pede	12396
aprendeu	12391
ambulância	12390
levará	12383
quiserem	12381
honestamente	12369
perdoe	12360
escuridão	12352
agência	12351
academia	12346
vila	12333
viria	12328
equipamento	12323
passos	12312
vizinhos	12296
peças	12295
criatura	12279
diretamente	12272
destes	12269
jogada	12264
marcas	12243
acordado	12242
canal	12241
terminamos	12230
leia	12226
possibilidade	12225
incluindo	12223
terminei	12210
legais	12208
ande	12205
aluguel	12202
papéis	12201
garagem	12196
jogue	12192
tiros	12188
governador	12186
seres	12181
morra	12180
artigo	12179
sorvete	12178
compromisso	12175
vivem	12173
aposta	12171
usam	12170
sopa	12131
ideias	12129
educação	12115
facilmente	12110
acusação	12108
saudável	12104
oficiais	12101
chuck	12090
aliança	12088
bairro	12086
causar	12083
oceano	12080
dom	12078
pobres	12067
tesouro	12067
jogador	12054
donna	12040
áfrica	12039
pacote	12037
leis	12036
cia	12032
criminoso	12021
pensamento	12019
americana	12018
gasolina	12016
diário	12014
vírus	12011
barry	12011
sexta	12010
jones	12010
estragar	12004
acabaram	11997
botão	11989
convencer	11972
hmm	11963
tribo	11958
acertar	11952
vidro	11944
ilegal	11935
vencedor	11916
enganar	11916
superar	11914
gordo	11908
federal	11901
prefere	11900
houver	11900
reserva	11898
cuidando	11893
rick	11889
motivos	11887
más	11886
bicicleta	11881
ouço	11879
adiante	11873
alarme	11864
conheça	11856
entenda	11852
atitude	11846
índia	11843
deixam	11842
feio	11834
vire	11834
all	11831
mudei	11823
custa	11822
excelência	11805
assistindo	11802
rabo	11797
prometi	11794
mina	11788
hollywood	11779
tirei	11775
pensamentos	11768
lendo	11767
lados	11763
julia	11757
verei	11757
disposto	11756
fase	11751
colégio	11749
ferro	11731
ouviram	11721
disco	11717
desastre	11697
acreditam	11694
so	11692
batendo	11684
partida	11677
campeão	11674
salão	11665
cópia	11662
hitler	11660
babá	11657
fechada	11653
noivo	11640
deixo	11638
devesse	11631
fuga	11629
falado	11617
ódio	11611
explicação	11607
aldeia	11603
cuida	11602
possam	11602
coincidência	11597
abby	11585
física	11582
stan	11579
ouçam	11575
escada	11570
we	11569
love	11558
bebe	11548
suba	11546
torta	11545
olhou	11532
respire	11529
álcool	11527
açúcar	11524
câmara	11516
infância	11504
veneno	11500
st	11491
corta	11487
uísque	11481
meritíssimo	11479
fugindo	11476
paciência	11475
brava	11463
engano	11446
dorme	11443
assassinos	11442
procure	11439
mato	11435
pulso	11429
lady	11428
esforço	11427
brancos	11420
mudando	11418
ficaremos	11415
cobertura	11413
explica	11411
decisões	11405
assuntos	11386
horário	11352
quartos	11350
mesmas	11350
lábios	11347
sombra	11330
jackie	11330
cego	11329
quilômetros	11312
ricos	11312
milhas	11306
assustado	11301
queríamos	11299
garotinha	11294
escutem	11289
reputação	11279
baseado	11276
reação	11273
acusações	11271
alunos	11270
habilidade	11261
mágico	11255
locais	11254
dúvidas	11254
mistério	11249
péssimo	11242
quantidade	11235
pular	11233
olhei	11220
tentamos	11220
teríamos	11216
festas	11215
poucas	11212
declaração	11199
adivinhar	11195
imagina	11192
esquecido	11192
secreta	11191
obra	11183
perdida	11177
texas	11167
paraíso	11162
greg	11159
vejamos	11157
biblioteca	11156
advogados	11154
sara	11154
desaparecer	11153
your	11151
região	11150
bastardo	11144
superfície	11143
telhado	11138
permite	11136
linhas	11133
prostituta	11132
desligue	11124
combate	11123
clínica	11119
cheira	11115
torno	11112
elevador	11105
vegas	11100
compra	11098
entendendo	11089
patrick	11087
howard	11086
cobra	11083
ferida	11078
portão	11072
nação	11071
transporte	11068
formas	11060
importância	11060
pintura	11046
reais	11038
ciúmes	11035
fria	11033
transformar	11032
casou	11023
tocou	11020
popular	11020
terras	11019
crise	11017
proposta	11016
cabeças	11013
participar	11006
saberá	11001
queimar	10992
extremamente	10988
seriam	10984
cela	10978
molho	10969
conseguiram	10966
johnson	10958
katie	10957
metal	10957
molly	10957
paredes	10957
ambiente	10956
resgate	10953
habilidades	10945
dean	10934
fortuna	10931
tyler	10925
lágrimas	10924
vais	10919
seguros	10917
burro	10911
terno	10907
piores	10894
chegue	10882
park	10879
macaco	10866
salário	10862
ache	10855
dragão	10852
estacionamento	10847
usava	10846
usei	10836
entregue	10836
lembre	10835
teriam	10830
depósito	10829
literalmente	10823
apaixonada	10821
brown	10817
deviam	10817
livres	10810
incomoda	10809
helen	10803
senador	10797
cometeu	10797
amém	10796
lily	10794
trabalhei	10780
gordon	10779
morrido	10756
city	10753
preocupação	10750
fumaça	10742
imaginação	10738
robin	10724
certos	10723
médio	10704
moto	10703
sessão	10702
goste	10701
judeus	10693
audiência	10688
põe	10682
saímos	10682
peixes	10681
alcance	10679
nadar	10678
tripulação	10665
brigar	10661
terapia	10656
termina	10653
sal	10646
naturalmente	10631
enganado	10616
acalmar	10606
caixas	10605
glória	10601
mac	10597
opções	10591
tropas	10585
irmos	10581
red	10579
eis	10574
mães	10572
garanto	10570
alimentar	10566
bruce	10565
terry	10559
curto	10558
pó	10539
michelle	10538
romântico	10535
orgulhosa	10531
favorita	10529
votar	10523
clima	10513
palácio	10506
recado	10504
prisioneiros	10501
feitos	10494
pôs	10493
rebecca	10490
medicina	10485
ganho	10485
dona	10482
chamamos	10481
mencionou	10478
templo	10476
aproveitar	10473
ritmo	10472
amamos	10454
relações	10446
barato	10437
primavera	10433
dava	10432
eh	10428
especialista	10419
aliás	10408
abrigo	10406
doug	10405
histórico	10402
museu	10388
carlos	10385
anne	10365
joelhos	10359
dirá	10358
assalto	10334
edifício	10331
acabe	10330
carregar	10324
andrew	10322
conseguiria	10306
sally	10299
sofrimento	10298
convidou	10296
acusado	10293
dylan	10291
criado	10270
mudanças	10264
infeliz	10261
poderei	10254
chamei	10254
jamie	10246
estudante	10245
jordan	10243
ator	10240
teto	10239
bombas	10238
divisão	10235
aumentar	10232
carol	10226
nathan	10224
ouvimos	10223
ross	10223
jay	10220
secretária	10211
danos	10208
acabo	10200
queres	10197
atraso	10197
partiu	10195
avise	10191
matéria	10175
lembranças	10175
onda	10156
sofrer	10155
senta	10137
remédios	10136
barriga	10133
king	10132
be	10125
serviços	10120
lucas	10120
almoçar	10114
território	10111
importar	10109
circunstâncias	10099
raça	10096
retorno	10088
perdoar	10081
cruz	10073
vizinho	10068
falha	10066
farão	10064
deixamos	10055
jornada	10053
pássaros	10052
atraente	10052
chateada	10048
lobo	10044
romance	10030
pura	10011
peitos	9998
provável	9997
delicioso	9996
estudo	9987
autoridade	9983
doutora	9961
podiam	9961
atacou	9952
assustada	9948
segurando	9947
febre	9944
convite	9932
sugiro	9929
união	9929
fantasmas	9924
investigar	9906
parker	9902
agindo	9902
capazes	9902
justin	9895
sentimos	9890
machucou	9887
voando	9887
tela	9885
digam	9882
soltar	9882
compartilhar	9874
virgem	9874
íamos	9873
colar	9872
ihe	9871
moral	9871
nessas	9867
lorde	9857
moro	9853
papo	9853
correio	9851
saudades	9851
idéias	9851
camarada	9849
malditos	9844
cultura	9833
cresceu	9826
prisioneiro	9817
distante	9817
acompanhar	9809
organização	9804
re	9802
assassinado	9799
betty	9798
veículo	9795
espacial	9782
cores	9781
maconha	9769
sanduíche	9768
esquisito	9767
revolução	9764
francisco	9760
temperatura	9757
fio	9753
tivessem	9751
resta	9748
mínima	9745
champanhe	9741
marcus	9735
colocando	9730
go	9729
top	9728
máscara	9727
corações	9722
planejando	9718
perca	9717
disponível	9713
bilhões	9710
possivelmente	9710
escadas	9702
bata	9700
memórias	9695
óleo	9691
maneiras	9688
máquinas	9686
precise	9680
saído	9680
russo	9677
papa	9675
cerimônia	9675
comunicação	9673
recebe	9656
animado	9654
flor	9651
ricky	9651
urgente	9647
atrasada	9645
ta	9645
capital	9631
can	9630
roy	9629
sofreu	9628
personagem	9623
aguentar	9622
causou	9622
nesses	9617
quieta	9617
segue	9613
amam	9611
ponta	9606
fresco	9601
corrente	9601
tranquilo	9595
casados	9594
porto	9592
piano	9591
el	9584
discussão	9583
separar	9581
west	9578
vincent	9575
suco	9570
ratos	9569
chloe	9567
nascer	9567
ficarão	9565
incomodar	9564
lenda	9559
pênis	9555
afastar	9554
vendeu	9553
brinde	9545
abençoe	9543
ficha	9539
forem	9532
absurdo	9532
continuem	9529
capa	9528
mataria	9526
nasci	9522
filhas	9518
anterior	9517
tina	9509
pública	9504
construção	9500
incidente	9499
levanta	9499
traidor	9497
vinha	9494
escrevendo	9493
alcançar	9492
trabalhos	9492
hannah	9482
marie	9466
capacidade	9464
respondeu	9462
preparando	9459
face	9457
saíram	9454
escapou	9453
criminosos	9447
helicóptero	9447
suspeita	9446
doido	9438
puro	9437
janelas	9434
continuo	9433
times	9429
gastar	9423
vendendo	9423
coroa	9417
suportar	9417
falsa	9415
gangue	9414
fãs	9408
valer	9405
amado	9403
estudos	9400
botas	9392
turno	9392
negativo	9391
criaturas	9388
parei	9386
charlotte	9383
oliver	9380
boston	9379
profundo	9377
desça	9371
civil	9366
dissesse	9366
cumprir	9360
cobrir	9352
título	9339
exames	9332
sabíamos	9331
galinha	9328
atravessar	9328
bonitas	9317
podes	9316
péssima	9315
campos	9313
ooh	9303
ocorreu	9298
pretende	9295
reconhece	9293
geração	9288
bíblia	9288
man	9283
comi	9282
adultos	9281
trabalham	9280
quinta	9279
estranhas	9265
cargo	9255
custódia	9253
derrubar	9248
trabalhamos	9247
império	9244
kenny	9244
recursos	9242
tema	9242
mortal	9241
souber	9240
atirador	9236
sós	9228
túnel	9226
maluca	9226
vira	9225
retirar	9218
terminado	9216
montar	9215
chamas	9208
trato	9208
inclusive	9207
amostra	9207
maus	9206
ansioso	9206
chegada	9191
potencial	9183
abraço	9183
ovo	9176
batatas	9175
multidão	9174
descubra	9171
esquina	9169
pastor	9167
positivo	9161
acordei	9155
retornar	9155
ensino	9154
caridade	9154
aproveite	9153
haviam	9149
curioso	9143
vigilância	9142
grupos	9141
companheiros	9141
interromper	9134
matemática	9133
iam	9128
engraçada	9128
lou	9128
guarde	9125
experimentar	9115
destruição	9110
instruções	9108
nina	9106
técnica	9102
cidades	9097
repetir	9096
bateria	9096
japão	9091
concorda	9090
militares	9089
sinceramente	9087
eva	9086
imperador	9085
cole	9085
culpar	9084
barba	9083
artistas	9081
oscar	9081
inocentes	9075
localização	9073
andou	9071
mortes	9068
osso	9068
adorar	9065
significado	9061
continuam	9059
jeremy	9057
pecado	9053
site	9051
ombro	9050
progresso	9048
rota	9047
resolvido	9046
frankie	9045
todd	9045
desaparecido	9041
personalidade	9041
vc	9040
acertou	9037
cooper	9035
recebendo	9033
acabando	9027
levarei	9023
turma	9016
casey	9011
relaxa	9008
mudaram	8995
recebemos	8991
libras	8989
virem	8985
vivemos	8983
considerando	8980
asas	8978
almirante	8975
dormi	8970
sentem	8966
pessoais	8965
russos	8965
ondas	8964
considerar	8959
bandeira	8957
mental	8954
destas	8953
marty	8953
ladrões	8952
plantas	8948
acorda	8944
produção	8942
cientistas	8942
procuro	8942
escolhi	8938
resistência	8935
feitas	8932
caminhar	8927
combustível	8922
brandon	8916
cabana	8911
randy	8911
esperei	8909
atual	8899
miller	8897
limpeza	8895
prata	8891
durar	8886
abandonar	8883
foda	8883
graus	8880
invasão	8880
pagando	8873
promotor	8871
nate	8869
atrasar	8863
dispositivo	8860
feia	8859
confirmar	8858
esquerdo	8854
caçar	8852
internacional	8843
escreve	8842
assassinatos	8842
wilson	8837
canta	8832
desejos	8823
falaram	8820
religião	8816
concordar	8811
jess	8805
durma	8805
steven	8804
refeição	8803
cartões	8793
centavos	8789
gostosa	8788
davis	8788
condenado	8777
palhaço	8774
emoções	8770
tanque	8761
acordou	8759
sentada	8759
ficasse	8758
compreendo	8755
nascimento	8752
subindo	8750
cabelos	8743
beth	8737
ataques	8734
calar	8725
heroína	8722
albert	8718
aventura	8717
poderosa	8716
nobre	8714
almas	8710
acontecem	8709
traiu	8701
assustou	8699
biscoitos	8695
responde	8686
chegarmos	8685
aceite	8684
egoísta	8684
guerreiro	8680
imunidade	8676
puxar	8676
angela	8669
chegará	8666
devolva	8664
dupla	8662
estudantes	8662
demônios	8659
iriam	8658
rússia	8655
judeu	8653
piadas	8651
meter	8648
comercial	8640
privada	8639
street	8634
robô	8634
itália	8632
moeda	8631
letra	8631
eventos	8629
solitário	8624
cadáver	8620
tenhamos	8618
começam	8617
boneca	8608
encarar	8608
mude	8607
gostamos	8607
aviões	8601
lealdade	8587
harvey	8583
black	8582
sensível	8580
dançando	8576
câmbio	8575
cortou	8575
vier	8574
entretanto	8574
anúncio	8574
vazia	8572
keith	8571
calça	8570
entendem	8566
círculo	8559
envolver	8557
confissão	8555
respiração	8554
concentrar	8548
procuramos	8545
enviado	8535
corajoso	8534
sapato	8530
exterior	8523
ian	8520
seção	8514
comitê	8513
correu	8509
catherine	8507
rica	8507
pudéssemos	8506
jessica	8504
contado	8503
satisfeito	8497
abram	8494
chinês	8489
perigosa	8486
tinta	8485
pistas	8484
ferrar	8483
normais	8479
tivéssemos	8474
salva	8474
frota	8471
monstros	8470
prazo	8467
frase	8462
permanecer	8462
decente	8462
marcar	8458
saio	8456
pausa	8455
creme	8453
convidar	8452
roubando	8448
decide	8447
encher	8435
importaria	8434
quarta	8426
novidade	8421
virão	8421
jennifer	8421
gatos	8417
pratos	8415
visual	8412
brad	8409
ofereceu	8400
espetáculo	8397
expressão	8394
gostoso	8394
lata	8388
receita	8386
colocado	8379
lindas	8377
adulto	8377
ótimos	8375
impostos	8373
despedida	8371
cinto	8367
usamos	8356
heróis	8355
tênis	8351
estiverem	8350
menti	8348
oxigênio	8347
traição	8347
demorou	8342
sophie	8337
grant	8336
destruiu	8333
eliminar	8333
princípio	8330
emoção	8328
oficialmente	8324
sistemas	8315
caverna	8312
acreditamos	8307
ambas	8307
vaga	8306
feitiço	8301
impacto	8297
produto	8297
golfe	8287
one	8286
faltando	8285
bêbada	8284
gravação	8283
estratégia	8279
cometer	8276
jean	8275
wayne	8273
adolescente	8269
houvesse	8268
avisei	8262
curar	8261
poço	8254
unidades	8253
acreditava	8253
joseph	8250
identificação	8246
derek	8246
cavaleiro	8245
salto	8244
visitas	8237
edward	8237
jaqueta	8234
desejar	8233
ethan	8221
up	8220
interessada	8218
cigarros	8213
duplo	8209
destruído	8206
calado	8205
lewis	8204
dick	8203
decidimos	8202
apagar	8201
produtos	8200
daquelas	8193
medida	8189
tradição	8189
assustar	8189
nicole	8183
enganou	8182
esquadrão	8181
possui	8180
rodas	8176
fofo	8173
conde	8171
tava	8166
descanso	8161
tentaram	8156
espião	8156
queixa	8152
amável	8152
jo	8145
operações	8143
coelho	8139
besta	8139
achando	8135
contratou	8134
passam	8132
coleção	8128
gostando	8124
média	8117
nuclear	8114
stephen	8107
setembro	8103
lidando	8102
esperta	8099
olivia	8098
análise	8097
recepção	8094
russell	8094
estivemos	8091
tristeza	8085
patrão	8082
cancelar	8081
miami	8080
autoridades	8078
maquiagem	8071
apuros	8069
índios	8063
escolhido	8061
desenho	8059
gostaríamos	8057
morrem	8052
vizinhança	8048
aérea	8042
voltaram	8039
emocionante	8038
nancy	8034
influência	8033
marco	8025
guia	8025
salada	8025
martha	8024
dente	8023
gata	8017
faltam	8016
ann	8014
apoiar	8014
jacob	8008
shawn	8004
esperam	8003
aceitou	8002
observando	7996
raios	7993
largar	7991
comissário	7984
dificuldade	7983
arroz	7980
tirem	7978
ashley	7976
atriz	7975
negar	7972
toby	7970
alteza	7963
perderam	7960
países	7960
prática	7960
rude	7957
ganhando	7957
dívida	7957
população	7955
levaria	7955
comemorar	7950
infantil	7946
dirige	7946
objeto	7942
cidadãos	7941
fingindo	7940
agenda	7936
mova	7936
incríveis	7933
seguiu	7932
nelson	7931
honesta	7930
deitar	7929
identificar	7928
by	7927
vince	7927
adianta	7925
teus	7920
aumento	7916
encontrará	7912
escritor	7907
ajudaria	7904
desconhecido	7903
bandidos	7898
conferência	7895
sangrando	7894
descobrimos	7893
amanhecer	7893
laranja	7893
natalie	7892
espanhol	7888
existência	7885
damos	7885
negociar	7877
venceu	7876
atividade	7873
matthew	7871
ellen	7866
genial	7866
drama	7865
espanha	7865
treinar	7862
demos	7861
realizar	7860
apressar	7856
efeitos	7847
solar	7845
miserável	7843
assusta	7843
próximas	7843
lançamento	7839
adivinha	7839
petróleo	7833
símbolo	7825
caos	7812
caneta	7806
mortas	7801
curta	7799
trabalhadores	7797
informar	7797
holly	7797
descanse	7797
dano	7795
sagrado	7793
manteiga	7793
sobrinho	7781
geladeira	7774
sofrendo	7770
deixará	7769
verifique	7761
suja	7760
atingido	7756
salve	7754
conjunto	7753
primeiras	7751
parentes	7750
cerebral	7746
fraude	7742
comissão	7742
condicional	7741
tecnicamente	7739
testemunhar	7738
prepare	7734
professores	7732
demora	7732
caia	7729
chegado	7729
haveria	7725
cabine	7724
séculos	7722
prima	7722
meias	7721
confessar	7717
despedir	7716
saibam	7713
liz	7709
solteiro	7709
aguento	7706
terror	7706
tragédia	7705
cadela	7704
leão	7701
planejado	7701
parecendo	7697
armado	7697
levam	7694
funcionários	7693
compre	7691
sócio	7689
ron	7689
ex	7686
treino	7685
castigo	7684
dose	7683
lama	7674
assinatura	7669
abertos	7658
combinação	7657
encontraremos	7655
ótimas	7653
criação	7647
festival	7646
ensaio	7646
jonathan	7643
miles	7639
movimentos	7638
gus	7637
túmulo	7637
cachorros	7634
tentado	7625
julgar	7621
suspeitos	7620
teddy	7620
caroline	7616
voltaremos	7612
ás	7609
intervalo	7608
bruxas	7604
resistir	7603
usada	7602
animada	7599
doc	7585
juventude	7583
sacrifício	7583
falarei	7579
procurei	7577
diamantes	7577
político	7575
musical	7574
únicos	7573
perfil	7569
ficarem	7563
amigão	7563
demitido	7560
policia	7558
doze	7558
técnico	7550
velhas	7544
sabor	7535
foco	7534
inveja	7530
grátis	7526
francis	7526
mencionar	7522
cemitério	7515
mandando	7515
devêssemos	7515
viesse	7513
sermos	7513
testar	7511
cientista	7504
diane	7501
paguei	7498
protesto	7498
margaret	7497
mereço	7495
namorados	7495
chore	7490
sairá	7487
berlim	7487
ferramentas	7486
tratado	7486
suave	7485
lentamente	7485
vestindo	7481
pedimos	7480
maio	7472
aconteceria	7471
procedimento	7470
gorda	7469
anjos	7467
lançar	7466
fotografia	7464
cometi	7462
nuvens	7462
bancos	7458
julho	7457
spencer	7453
vêem	7446
folha	7446
viveu	7437
cocaína	7436
francamente	7431
logan	7430
culpada	7429
águas	7429
jogadores	7427
estupro	7427
leitura	7425
vozes	7422
sincero	7419
terreno	7418
banheira	7417
whoa	7415
espíritos	7415
what	7411
pílulas	7409
trinta	7405
parceiros	7405
grama	7403
brinquedos	7400
gentileza	7399
bebeu	7391
ganhamos	7389
lois	7387
owen	7386
italiano	7383
representa	7382
mostrando	7380
indústria	7377
terroristas	7375
larga	7375
ken	7369
termine	7366
formar	7365
investigando	7359
sra	7358
abandonou	7357
autorização	7349
liam	7347
aaron	7346
saem	7344
rotina	7342
famosa	7337
química	7334
lauren	7334
hill	7331
crescendo	7328
promete	7324
luvas	7322
arrancar	7320
fascinante	7318
escutando	7314
estrutura	7312
cinzas	7308
terrorista	7304
elena	7302
grau	7301
sue	7300
pecados	7300
empresas	7298
xixi	7296
dennis	7292
mama	7292
folhas	7292
ho	7291
williams	7287
dobro	7285
concurso	7282
conhecida	7281
imploro	7275
questões	7273
trânsito	7268
álibi	7266
reverendo	7263
arruinar	7262
circo	7260
felizmente	7259
importam	7257
notou	7255
tais	7251
arrepender	7248
elegante	7243
reconhecer	7242
peru	7240
incomum	7239
pedro	7239
xícara	7234
ma	7229
escreva	7224
chamava	7221
centavo	7221
perdidos	7220
know	7216
doentes	7214
marshall	7209
ficarmos	7204
visse	7204
apertar	7203
sammy	7203
malcolm	7200
reclamar	7199
confusa	7199
sentença	7197
ocasião	7194
clássico	7192
conselhos	7183
azar	7183
plástico	7181
esperado	7179
descoberta	7174
repórter	7173
escravos	7170
rocha	7169
advogada	7164
maçã	7163
combinado	7162
vende	7161
exposição	7158
escondeu	7151
gabinete	7148
gene	7148
ideal	7144
contratar	7143
ingressos	7141
patrulha	7141
mídia	7141
quilos	7140
existir	7136
líderes	7134
carrie	7131
notei	7125
entregou	7125
sonhando	7122
independente	7122
joguei	7121
séria	7121
custo	7121
células	7119
protegendo	7118
louise	7118
viajando	7117
linguagem	7111
rezar	7111
impressões	7108
precisará	7108
preste	7100
beco	7098
roubei	7096
tatuagem	7096
rodada	7094
irritado	7092
caçador	7090
perdedor	7090
vivia	7088
passaporte	7085
walker	7084
pouca	7084
seios	7081
riley	7078
computadores	7077
letras	7076
unhas	7075
setor	7074
antigas	7072
tecido	7069
origem	7065
colocaram	7065
grato	7064
cansei	7063
little	7062
escolhe	7061
aço	7060
rob	7057
empregada	7057
frequência	7051
desagradável	7050
pretendo	7044
preocupados	7040
emprestado	7035
crer	7034
formos	7033
acreditei	7032
selva	7032
trago	7028
diana	7028
aproximar	7019
privacidade	7014
prometa	7012
desista	7007
boba	7002
truques	7001
pintar	7001
cardíaco	6995
sobrou	6993
odiar	6991
acordada	6989
movendo	6984
reuniões	6984
roteiro	6983
detetives	6982
coluna	6978
morrerá	6977
just	6976
shane	6974
ll	6973
solto	6972
amarelo	6969
igualmente	6969
entramos	6962
chamadas	6960
aguente	6956
velas	6956
preparados	6953
ciente	6949
mudado	6948
civis	6948
profundamente	6947
tapete	6947
pesada	6944
separados	6942
gravidade	6942
vomitar	6941
esclarecer	6941
mickey	6941
ruth	6935
junho	6934
viagens	6933
trouxeram	6932
entendemos	6926
relatórios	6924
depoimento	6921
trazendo	6920
ignorar	6916
gatilho	6916
naves	6916
sobe	6914
posse	6910
passageiros	6909
assine	6909
atualmente	6905
tomada	6902
white	6902
conseguirá	6902
piedade	6898
sugere	6898
gritos	6897
voltaria	6888
harold	6887
fiança	6885
rumo	6881
batida	6881
secretário	6880
mason	6878
transmissão	6874
tivermos	6871
raro	6870
jurados	6869
tragam	6869
reunir	6868
recente	6867
lê	6867
bati	6859
selvagens	6856
transformou	6853
aproximando	6852
prometer	6850
filmar	6850
alegre	6848
docinho	6837
troco	6837
altos	6836
las	6831
riscos	6831
mandaram	6831
janet	6825
lembrança	6823
nora	6823
atenda	6820
abril	6816
apostas	6811
gays	6810
escala	6809
abertura	6808
muro	6807
palpite	6804
luto	6803
brinquedo	6803
colocamos	6799
gado	6798
enterrado	6798
federais	6798
soco	6797
risos	6796
firma	6795
celebrar	6792
craig	6791
fantástica	6788
luxo	6787
suficientes	6782
anthony	6780
telefonema	6779
puxe	6778
planta	6771
quinn	6770
portal	6769
tornando	6768
derrotar	6767
parto	6766
harris	6765
pudermos	6762
machucado	6759
gravata	6759
taxa	6759
figura	6757
fecha	6752
finais	6752
raymond	6751
libertar	6749
custar	6748
earl	6742
drinque	6741
pague	6740
confiante	6740
barbara	6738
meta	6737
seca	6735
atingir	6733
solteira	6732
queimando	6731
voltado	6730
sexuais	6730
horríveis	6727
recusar	6721
christina	6721
seco	6720
radiação	6714
estudando	6709
imaginando	6707
green	6705
trazido	6700
victoria	6699
físico	6699
rumores	6697
admito	6697
franceses	6696
achado	6694
encontros	6689
odiava	6687
vampiros	6687
tiroteio	6685
buracos	6684
vos	6682
cresci	6681
explodiu	6681
faziam	6679
transferência	6678
dica	6676
descendo	6675
sobremesa	6675
beisebol	6673
capitã	6671
porcos	6669
concordou	6668
neil	6667
amada	6665
meios	6665
atende	6658
house	6655
machuque	6651
capítulo	6650
alienígena	6650
baleado	6639
falhou	6638
travis	6637
with	6634
senha	6632
lane	6631
concordamos	6631
like	6626
lindos	6626
vampiro	6625
dólar	6620
outubro	6616
iniciar	6614
estiveram	6610
acreditou	6606
economia	6604
distrito	6604
encontrada	6603
entraram	6601
proibido	6600
manteve	6600
crânio	6594
revelar	6594
esconde	6591
samantha	6586
psiquiatra	6585
repito	6581
caminhada	6578
zoe	6576
preparada	6573
exercício	6573
connor	6573
escutei	6572
estaríamos	6569
costume	6568
gibbs	6568
explique	6568
mudam	6567
mochila	6566
patético	6564
couro	6561
sombras	6554
levem	6552
trilha	6552
atmosfera	6550
angel	6548
tensão	6544
preta	6544
deter	6543
elliot	6539
novidades	6537
dorothy	6536
terríveis	6536
menores	6529
consequências	6527
escolhas	6526
audição	6526
objetos	6524
testemunho	6516
testamento	6515
mentes	6512
razoável	6511
canalha	6509
prioridade	6505
lincoln	6504
carla	6504
emocional	6504
joan	6503
fracasso	6500
wow	6498
pasta	6497
contagem	6496
bondade	6495
azuis	6494
poderão	6491
tubo	6491
sobrevivência	6490
amostras	6486
marte	6486
but	6485
trauma	6484
eleição	6483
sujeira	6481
moedas	6477
voltarmos	6476
lojas	6474
ira	6469
profissão	6466
traficante	6464
aguarde	6460
insetos	6457
gravar	6456
navios	6450
roubaram	6449
páginas	6447
viúva	6443
vingar	6442
empregados	6441
basquete	6433
apertado	6433
sobreviveu	6431
esperanças	6429
criada	6428
divertida	6428
nº	6428
evan	6427
quebrada	6424
empréstimo	6423
esporte	6423
aguenta	6417
megan	6416
allison	6416
pareça	6415
alicia	6413
jogado	6412
importava	6412
kit	6411
documento	6411
vendedor	6406
descoberto	6405
barra	6402
trono	6401
confiável	6398
caixão	6397
atingiu	6394
saberemos	6391
encontrarmos	6389
zangado	6389
criando	6386
notar	6379
aparelho	6376
virei	6376
convencido	6371
jóias	6368
interrogatório	6366
perfume	6366
embaixador	6365
álbum	6361
neto	6361
termo	6358
paige	6357
namorando	6354
excitante	6353
funcionam	6352
carregando	6350
britânico	6349
satélite	6343
monsieur	6341
passear	6341
stanley	6340
brigando	6337
tracy	6333
this	6331
namorar	6329
conceito	6328
warren	6322
penny	6321
postos	6321
disparar	6320
ferir	6316
barcos	6313
gabriel	6306
processar	6305
canadá	6305
descrição	6303
von	6303
solitária	6301
perseguindo	6301
rolando	6293
chip	6292
queens	6292
liderança	6290
mistura	6289
prossiga	6288
turnê	6287
artes	6283
emprestar	6281
dificuldades	6280
shopping	6280
quinze	6278
escolas	6276
jornalista	6276
sentiria	6274
lo	6273
mantendo	6272
lutou	6271
janeiro	6271
instinto	6271
políticos	6269
complexo	6266
age	6265
violento	6263
praticar	6258
criminal	6257
chegam	6256
fígado	6253
invadir	6252
lógica	6250
morando	6250
entenderam	6249
incrivelmente	6245
feridas	6244
estivessem	6241
tortura	6237
seth	6236
escrita	6235
comentários	6234
rosas	6231
tremendo	6230
prove	6227
maya	6225
tomo	6225
interesses	6224
cuidarei	6221
conspiração	6219
morava	6218
ocupados	6215
feminino	6215
rostos	6213
surpreendente	6212
norman	6211
quintal	6210
brilho	6209
vosso	6207
andei	6207
formação	6207
ajudem	6205
apanhar	6203
níveis	6202
fraca	6201
flórida	6200
sydney	6197
feira	6196
ombros	6193
surgiu	6192
doenças	6192
conforme	6192
sábio	6191
falhar	6190
ajudará	6188
cabe	6186
trailer	6184
combina	6184
bart	6182
descobriram	6179
jersey	6176
experiências	6175
parente	6171
envolvida	6169
nua	6169
áreas	6168
sentados	6168
eli	6168
vestidos	6167
loira	6165
agosto	6165
long	6165
votação	6163
fiel	6161
deverá	6160
função	6160
contatos	6158
viciado	6155
bagagem	6154
dirija	6153
willie	6152
curiosidade	6152
preocupo	6145
ramo	6140
irem	6139
julian	6138
colin	6136
subiu	6132
reconhecimento	6131
batata	6131
pescar	6130
impressionado	6130
equipes	6129
kitty	6128
congresso	6128
edição	6128
fama	6128
pagam	6127
mostram	6126
sortudo	6124
considerado	6123
publicidade	6123
orelhas	6118
vendas	6117
ana	6115
envie	6115
sorrir	6115
decidido	6114
christine	6113
toalha	6111
dance	6109
candidato	6108
corram	6108
chutar	6108
nascido	6106
civilização	6105
cidadão	6105
isca	6105
digital	6104
francesa	6102
parceira	6101
cento	6101
daremos	6100
sobrenome	6098
mando	6097
iraque	6097
got	6096
poeira	6093
atreve	6093
hall	6092
invisível	6092
frutas	6091
cenas	6091
promoção	6090
dissemos	6089
adrian	6089
quanta	6088
gwen	6086
chegarem	6086
estátua	6085
atirando	6084
atrasados	6083
caído	6082
orelha	6078
recusou	6078
garçom	6072
feridos	6071
autópsia	6071
tigre	6069
pato	6065
alternativa	6063
informado	6062
consulta	6060
mira	6055
mitch	6054
sonhei	6050
adorava	6046
lento	6046
fraqueza	6039
eventualmente	6038
sorrindo	6038
sandy	6037
vela	6037
organizar	6037
roda	6036
conflito	6031
aperte	6027
israel	6026
execução	6021
clay	6020
audrey	6020
conseguido	6017
comuns	6016
inconsciente	6012
juízo	6010
stone	6010
online	6009
césar	6008
bonitos	6006
gina	6004
novembro	6000
milho	6000
restos	6000
estresse	5999
bebo	5998
debbie	5996
cola	5995
rita	5992
colegial	5990
traje	5984
estragou	5983
cante	5983
sabedoria	5983
heather	5983
jenna	5982
tiras	5980
karl	5977
apropriado	5976
desaparecida	5974
conclusão	5970
segui	5967
sairmos	5966
out	5965
compreender	5963
down	5962
custou	5960
estável	5959
adoram	5959
global	5958
esposas	5957
harper	5954
vigiando	5953
bonnie	5952
cria	5951
misericórdia	5950
prestar	5950
wendy	5945
armazém	5943
vinda	5941
monica	5941
esportes	5937
april	5936
reféns	5936
profunda	5934
privado	5932
substituir	5932
noah	5931
shh	5930
detalhe	5928
get	5920
garantia	5920
bacana	5919
pediram	5915
sintomas	5914
ando	5912
convenceu	5911
comprando	5909
contanto	5909
pop	5908
zack	5908
sejamos	5906
extraordinário	5905
leslie	5904
dêem	5902
apos	5897
horror	5896
recorde	5888
eternidade	5886
seguido	5886
apareça	5885
procurou	5885
ídolo	5881
taco	5880
profissionais	5880
doer	5878
leonard	5877
incomodando	5876
guerreiros	5876
pensem	5876
presumo	5873
miguel	5870
agressão	5870
bo	5869
belas	5865
boy	5865
quebra	5864
alison	5863
juramento	5862
supostamente	5861
enormes	5860
galera	5859
diego	5858
motel	5853
desistiu	5849
permitido	5848
murphy	5847
caráter	5846
administração	5845
amou	5845
ja	5844
motores	5843
andem	5842
observar	5841
comem	5838
furioso	5831
cobre	5830
procurado	5829
sobrinha	5827
pinto	5827
reis	5825
falaremos	5823
imaginava	5821
homer	5817
joelho	5816
precisaremos	5816
merecem	5813
cheios	5811
cujo	5810
estariam	5809
daquilo	5806
disfarce	5805
lido	5804
plataforma	5804
infecção	5803
mexendo	5803
direta	5801
desesperado	5800
conforto	5800
março	5797
ajudo	5797
espiritual	5795
continuou	5793
cantor	5793
sotaque	5792
noção	5791
intenções	5790
aluno	5789
metrô	5787
promotoria	5785
dores	5784
cavaleiros	5784
padrões	5782
brasil	5777
bandido	5777
modelos	5772
pistola	5769
ousa	5767
lobos	5765
estarmos	5760
beijou	5757
ford	5757
casei	5756
máxima	5755
correta	5753
caminhos	5753
ameaçou	5752
rancho	5751
xadrez	5751
respirando	5750
inventou	5750
esconderijo	5747
estarem	5745
aprecio	5744
demitir	5743
dúzia	5742
recuperação	5742
sorria	5741
cuidados	5739
terça	5739
forçar	5738
precisaria	5736
eletricidade	5735
macacos	5733
munição	5732
blue	5732
tentarei	5731
adolescentes	5731
músculos	5730
terminando	5725
amantes	5723
abandonado	5722
cenário	5722
justa	5721
misterioso	5718
colher	5717
dieta	5717
walt	5715
hábito	5712
elétrica	5711
vindos	5707
ameaças	5707
fitas	5707
desenhos	5706
acabam	5706
ferimentos	5700
felix	5700
pornô	5697
atividades	5697
crane	5694
façamos	5692
produtor	5690
tiraram	5690
unir	5689
jill	5684
garrafas	5684
recebo	5681
familiares	5681
construiu	5680
hércules	5680
graham	5679
desconfortável	5675
tomado	5675
telefones	5673
rastrear	5671
discutindo	5670
juan	5661
japoneses	5661
saltar	5661
saudações	5659
atos	5659
escândalo	5659
fontes	5658
escravo	5658
vanessa	5656
caí	5656
errados	5654
alienígenas	5653
cirurgião	5651
protocolo	5647
chata	5647
gêmeos	5646
aproximadamente	5643
bens	5642
franklin	5642
dana	5641
vic	5641
explorar	5641
fariam	5636
aranha	5634
pulmões	5633
formatura	5631
philip	5630
paramos	5630
radar	5629
empregos	5628
bombeiros	5626
cordas	5626
alívio	5626
dezembro	5624
iríamos	5623
brinca	5623
ve	5621
necessidades	5618
piratas	5616
quietos	5616
beira	5614
colina	5612
macho	5610
brenda	5610
surra	5606
suporte	5606
fechou	5606
paula	5605
exceção	5604
leal	5603
cópias	5603
chase	5602
detesto	5602
rolar	5602
perspectiva	5600
dada	5599
controla	5596
mitchell	5593
apetite	5589
informante	5589
acostumar	5587
ritual	5583
altamente	5583
ferimento	5581
deusa	5580
cristal	5579
tentava	5575
condado	5574
texto	5573
principais	5573
corretamente	5568
generoso	5568
kong	5567
gloria	5567
experimente	5566
escutou	5561
colapso	5560
servem	5559
queimado	5559
aliados	5559
nervos	5557
when	5557
programas	5556
lucro	5556
desenvolvimento	5556
absoluta	5556
pat	5555
veem	5555
mm	5554
método	5553
diamante	5549
parados	5549
batman	5547
concerto	5544
ronnie	5543
ellie	5543
importe	5542
cruzar	5541
wade	5540
aprendendo	5538
campeonato	5537
adivinhe	5537
tubarão	5534
orçamento	5532
caçadores	5531
chute	5531
precisei	5530
outono	5528
pesquisas	5526
ralph	5524
jules	5524
lembrei	5522
conversas	5522
atores	5521
dignidade	5520
moças	5520
canções	5519
prontas	5513
assassina	5512
equilíbrio	5510
arriscado	5508
trancada	5502
planeja	5500
twitter	5498
bloco	5496
revistas	5494
damas	5494
ajudei	5493
fechados	5493
oposto	5491
let	5489
collins	5488
poesia	5486
constante	5484
estelar	5483
remover	5481
gota	5478
levamos	5477
terapeuta	5474
hunter	5473
doctor	5471
pensão	5470
tara	5467
quentes	5467
meteu	5466
liberar	5465
celeiro	5463
christopher	5463
ilhas	5461
réu	5461
república	5461
veria	5460
island	5458
bacon	5455
nu	5454
prendeu	5453
moderna	5453
desgraça	5452
praça	5451
medalha	5450
ministério	5448
medidas	5447
enviando	5447
gravidez	5443
elementos	5443
poema	5441
franco	5441
escondida	5440
mia	5440
cocô	5437
massagem	5436
percebo	5435
papelada	5433
nuvem	5432
alimentos	5431
praga	5429
amigável	5428
acontecesse	5421
altas	5420
manual	5419
ligarei	5417
sugestão	5416
assegurar	5416
moscou	5414
japonês	5414
irritante	5412
criei	5410
hector	5409
valores	5408
cinza	5402
tirado	5402
carrinho	5400
embaixada	5399
arruinou	5398
marcha	5397
nestes	5397
kent	5397
indica	5396
estrangeiro	5395
brilhantes	5395
ala	5391
retrato	5388
mansão	5388
stuart	5388
transando	5387
chuveiro	5386
mexe	5383
drew	5382
dale	5382
move	5382
ingleses	5380
junior	5379
verdadeiros	5374
melissa	5373
típico	5372
ned	5371
diziam	5369
russa	5368
ilusão	5367
encantador	5367
gordura	5365
doida	5364
empurre	5364
coberto	5362
yo	5359
bang	5359
partindo	5359
blusa	5358
vestida	5357
christian	5355
proprietário	5353
abrindo	5353
galáxia	5350
fizermos	5350
fazerem	5347
cadeiras	5347
curva	5343
preferia	5341
observação	5337
explosivos	5336
holmes	5335
envolvidos	5334
faixa	5333
inteligentes	5332
andrea	5331
novato	5331
assinou	5329
chamados	5329
mísseis	5328
jen	5327
escura	5327
eterna	5324
acostumado	5323
barney	5323
encaixa	5321
fuja	5321
duncan	5321
becky	5320
chineses	5315
forçado	5314
minas	5313
united	5312
ligada	5312
daisy	5311
conseguirmos	5310
inspiração	5309
coisinha	5308
atira	5307
arrume	5306
rosie	5303
trabalhado	5302
mundos	5300
sumir	5296
forno	5295
arrogante	5292
mentirosa	5292
he	5290
enviei	5290
trair	5290
específico	5287
ri	5286
joy	5284
ninho	5282
judy	5280
zach	5278
recolher	5277
reforços	5276
nojo	5273
dane	5272
discos	5271
piorar	5270
reconheço	5268
magnífico	5266
coordenadas	5266
case	5265
vendido	5263
martelo	5262
máfia	5261
virando	5260
comércio	5255
curtis	5252
there	5251
saudade	5251
mo	5251
now	5249
queridos	5246
atacado	5244
chinesa	5243
ridícula	5241
punição	5240
phoebe	5239
nâo	5235
abuso	5229
botar	5229
boate	5229
cameron	5228
allen	5227
fadas	5225
sabrina	5225
turner	5225
agulha	5224
comunicar	5222
apontar	5221
culpo	5220
camiseta	5217
caminhonete	5216
cretino	5215
country	5214
may	5214
matam	5212
argumento	5212
mancha	5211
falsas	5209
brooke	5208
erradas	5208
possibilidades	5203
competir	5198
atirem	5195
brancas	5195
garotinho	5195
grito	5192
alfa	5190
durão	5186
estradas	5181
andam	5178
órgãos	5178
josé	5173
feriado	5173
avançar	5172
erva	5172
le	5171
rifle	5171
esqueçam	5171
machuca	5166
donald	5164
puto	5163
troy	5161
permanente	5160
educado	5158
passava	5157
delegado	5157
sebastian	5154
estraguei	5152
refém	5151
tentam	5150
vaso	5149
compaixão	5144
desaparece	5144
engenheiro	5143
vivi	5141
encontrarei	5141
opa	5139
ângulo	5138
odeiam	5138
tornei	5138
manhattan	5135
biscoito	5134
blá	5134
planetas	5133
aplausos	5130
cantora	5124
estando	5121
deem	5121
tomamos	5119
pneus	5117
sonhar	5117
renda	5116
bosta	5114
doloroso	5114
trabalhe	5114
lembram	5113
descrever	5113
simpático	5112
caleb	5111
sino	5108
hóspedes	5106
rebeldes	5105
destruída	5105
conseguiremos	5104
duelo	5104
conhecesse	5103
experimento	5101
preocupem	5101
obras	5100
promessas	5099
acabará	5096
anderson	5095
precisou	5095
ópera	5094
legista	5094
vídeos	5090
tola	5090
baixar	5089
salvei	5087
pilha	5083
examinar	5081
pierre	5080
mi	5079
tonto	5079
repita	5076
levantou	5076
buck	5075
minta	5074
kurt	5074
assento	5073
hm	5072
homicídios	5070
sensores	5064
fracos	5064
torneio	5062
quebrei	5061
garçonete	5061
brooklyn	5060
kirk	5060
gaveta	5058
inferior	5057
wallace	5056
comecem	5056
avaliação	5052
requer	5052
chamaram	5050
considere	5047
oração	5046
taça	5046
cassino	5045
avisando	5045
assassinada	5045
entram	5044
sons	5044
pacífico	5042
grite	5041
touro	5040
leon	5036
verdes	5033
personagens	5032
carinho	5032
focar	5031
evolução	5028
provou	5028
bigode	5027
costuma	5027
empregado	5025
aspecto	5023
pesadelos	5022
fluxo	5021
respeitar	5021
torres	5019
avenida	5019
crítica	5018
falsos	5013
estivermos	5013
desperdício	5012
deitado	5011
diretora	5011
desfile	5010
avisou	5007
cresce	5006
interna	5005
fáceis	5005
espécies	5005
tanques	5004
alvos	5002
oferecendo	5001
precisarei	5001
abri	5000
shows	5000
bingo	5000
pesca	5000
vagabundo	4999
bêbados	4999
preencher	4999
tiverem	4997
ansiosa	4996
barata	4995
alimento	4993
dizemos	4992
oriente	4991
prá	4988
prostitutas	4988
dívidas	4987
rochas	4987
completar	4986
lanterna	4984
pensaria	4982
armados	4982
sociais	4980
conselheiro	4977
miranda	4976
santos	4973
virginia	4973
guerras	4972
tarefas	4972
cacete	4972
apelido	4971
lembrou	4968
booth	4965
recebido	4965
interessantes	4965
mentor	4965
esquema	4964
durmo	4964
surpreende	4963
denise	4962
cobrar	4961
queimou	4956
demasiado	4954
hong	4954
encantado	4953
palmas	4952
sobreviventes	4950
comemos	4949
kennedy	4947
mikey	4947
pam	4944
cuja	4944
temer	4944
confidencial	4944
trevas	4942
sequestro	4942
seattle	4938
oficina	4937
merdas	4937
precisamente	4934
cavar	4934
macarrão	4934
acalme	4932
coloco	4929
pareciam	4928
ácido	4927
compreende	4925
lute	4925
abraçar	4924
suprimentos	4924
espalhar	4923
arrumou	4923
flash	4922
empurrar	4921
residência	4919
greve	4918
extras	4917
conquistar	4917
encontram	4916
submarino	4912
apaixonar	4910
elogio	4909
imediato	4909
princípios	4908
padrinho	4907
cervejas	4907
campus	4906
limpe	4904
amber	4903
houston	4902
voltas	4901
sacos	4899
bruno	4897
águia	4895
merecia	4895
reabilitação	4893
bife	4892
expressar	4889
noivado	4887
sharon	4886
enterrar	4886
lança	4884
reed	4883
pegarei	4883
ajudado	4881
procuram	4881
limpando	4879
nikki	4871
sugerindo	4870
pratas	4870
trevor	4866
gigantes	4865
lutador	4865
riqueza	4863
derrota	4862
chego	4861
instituto	4856
tumor	4855
banana	4855
propaganda	4853
refrigerante	4851
egito	4851
austrália	4849
duque	4849
placas	4847
herança	4846
jura	4845
marcado	4844
lenço	4842
possíveis	4842
presas	4842
chegaremos	4841
localizar	4840
simpson	4839
incapaz	4839
armadura	4838
responsáveis	4838
continuamos	4837
enfiar	4837
aéreo	4835
distintivo	4835
situações	4833
casamentos	4832
empresário	4832
francos	4830
mordida	4830
mmm	4829
armada	4828
executar	4826
dentista	4825
ni	4825
impressionar	4824
permanece	4823
fundação	4823
sid	4821
vagina	4820
produzir	4818
galeria	4816
colônia	4816
perigosos	4816
estágio	4815
fogueira	4812
analisar	4812
lanche	4812
duke	4809
microfone	4808
caminhando	4806
vagabunda	4805
pus	4804
toneladas	4804
depressão	4804
gelado	4803
recusa	4801
vietnã	4801
posições	4800
onze	4797
perseguição	4797
psicopata	4797
representante	4795
are	4794
vacas	4792
crescimento	4790
errou	4788
pressentimento	4786
lawrence	4786
editor	4784
dr	4783
alugar	4782
década	4781
ivan	4781
antonio	4780
gonna	4779
guy	4778
toquei	4778
receberá	4777
móveis	4777
usaram	4776
faminto	4776
voltam	4775
obrigação	4775
doendo	4774
convidada	4774
digno	4773
estrangeiros	4773
jessie	4771
serviu	4768
investimento	4768
jazz	4768
enfermaria	4766
rápidos	4765
vós	4764
neal	4759
quisermos	4758
lavanderia	4758
pudessem	4757
diminuir	4757
nestas	4757
nelas	4756
necessária	4755
comédia	4752
benny	4751
disposta	4749
chamem	4746
associação	4744
eliminado	4743
precioso	4742
precisando	4742
equipamentos	4741
angie	4740
rory	4738
admiro	4738
procurava	4737
fisicamente	4736
objeção	4736
ausência	4735
lâmina	4734
finja	4733
coitado	4733
cuidadoso	4730
insiste	4730
alexander	4729
aprende	4728
cindy	4728
rastro	4727
concentração	4727
adequado	4727
mantenham	4727
apresentou	4724
carrega	4724
complicada	4723
kg	4717
valioso	4717
woody	4716
testa	4715
elefante	4714
atrair	4713
vindas	4710
expulso	4708
watson	4708
damon	4708
tomara	4706
varanda	4706
lindsay	4705
núcleo	4703
masculino	4695
estabelecer	4695
nicky	4692
impulso	4692
bud	4691
trancado	4691
solidão	4691
casais	4688
benjamin	4685
day	4683
construindo	4683
cúmplice	4682
copos	4680
shaw	4677
chefes	4674
sementes	4672
queima	4672
consideração	4669
conhecidos	4668
canhão	4668
quartel	4665
preocupações	4662
maneiro	4662
recomeçar	4661
frágil	4659
beijos	4657
gerações	4656
lord	4655
clã	4655
lex	4655
cortes	4653
salvador	4653
dj	4652
tratando	4651
engenharia	4650
halloween	4649
celulares	4648
ame	4648
esperou	4648
demissão	4648
necessariamente	4648
moderno	4646
fantasias	4645
liberado	4644
significar	4644
ciclo	4643
determinar	4642
compensar	4641
robbie	4640
otário	4640
acreditaria	4640
alguem	4639
agradeça	4638
carruagem	4636
debate	4636
bailey	4633
conheceram	4630
capacete	4629
world	4624
órbita	4623
fotografias	4622
randall	4621
cega	4620
atração	4619
aah	4616
anunciar	4615
estupidez	4615
connie	4613
surpresas	4613
joão	4610
desaparecimento	4609
estúpidos	4607
honrado	4605
causando	4605
vendi	4605
encrenca	4603
pilotos	4602
tranquila	4600
democracia	4599
escolar	4598
teresa	4598
científica	4597
preferiria	4597
girl	4596
pátio	4596
aparecem	4595
madison	4594
relacionamentos	4590
fechando	4589
sandra	4586
cicatriz	4586
consciente	4585
obedecer	4584
juízes	4584
bloqueio	4583
inicial	4583
lola	4579
britânicos	4578
ocidental	4575
corrigir	4575
reta	4574
some	4574
aquí	4571
sapo	4570
nã	4569
encantadora	4569
superiores	4568
comido	4567
levava	4566
podre	4566
funcionário	4564
obcecado	4563
feminina	4563
cleveland	4562
guitarra	4559
fusão	4559
cortado	4558
decidiram	4558
molhado	4557
khan	4554
finn	4554
she	4553
desespero	4553
oportunidades	4552
atirei	4551
acender	4550
fôssemos	4550
lésbica	4547
injusto	4546
matamos	4545
fevereiro	4545
passagens	4545
mantido	4545
desligado	4544
jeannie	4544
disposição	4543
falem	4543
talentos	4542
poderosos	4540
pulou	4540
bosque	4539
achas	4537
pimenta	4536
beverly	4532
favoritos	4532
pervertido	4532
balde	4527
desce	4526
anotações	4525
if	4524
chique	4523
mocinha	4523
amendoim	4522
aproxima	4522
lloyd	4521
insubstituível	4521
conveniente	4520
métodos	4518
comportar	4518
dourado	4518
bebi	4518
retirada	4516
deixava	4510
robôs	4510
sacola	4510
envelope	4509
contém	4508
harrison	4505
desconto	4504
arranjou	4504
observe	4504
expor	4503
humilde	4503
bell	4502
naomi	4500
capturar	4500
indiana	4500
incomode	4500
chamaria	4499
baker	4499
envolve	4499
testando	4498
fatal	4498
comentário	4498
donos	4498
ligados	4495
despesas	4495
young	4494
sentirá	4492
perante	4492
sobra	4489
fox	4488
protetor	4488
certificar	4487
graves	4486
fede	4481
resolveu	4481
tráfico	4480
limão	4479
andava	4478
tiramos	4478
erica	4477
gritou	4476
fórmula	4476
modos	4475
insubs	4475
perry	4474
sentidos	4474
rouba	4472
únicas	4471
aprovação	4469
tornado	4469
nazistas	4462
mijar	4462
sigam	4461
poeta	4460
gps	4459
algemas	4459
zoológico	4458
mcgee	4456
invadiu	4455
constantemente	4454
suma	4454
buscando	4452
drake	4452
foguete	4451
ego	4449
valerie	4448
tucker	4448
fazermos	4447
líquido	4447
gatinho	4447
conseguindo	4446
mergulho	4443
stephanie	4441
distração	4441
notado	4439
gesto	4439
freddie	4438
cabra	4438
morri	4437
hambúrguer	4435
exige	4434
brinque	4434
filosofia	4434
afeganistão	4434
partículas	4434
aprenda	4434
eve	4432
interno	4430
particularmente	4429
operar	4429
ganham	4428
disputa	4428
lógico	4427
contador	4426
enganando	4425
prosseguir	4425
helena	4424
barão	4422
inventar	4422
volume	4421
convidei	4421
calcinha	4419
ofensa	4418
loucas	4418
veronica	4416
morris	4414
queixo	4414
meg	4413
perseguir	4413
considera	4413
gostariam	4411
jon	4411
envergonhado	4411
autor	4411
blair	4411
machado	4411
esquecendo	4410
matem	4410
corajosa	4409
escudo	4408
laser	4408
daphne	4406
mensageiro	4405
ruby	4405
gripe	4405
claudia	4403
caminhões	4401
marinheiro	4401
admita	4400
precisávamos	4400
pirata	4398
carmen	4396
aves	4395
cesta	4394
cal	4393
performance	4392
carson	4392
vulnerável	4391
contarei	4390
stark	4389
multa	4389
colo	4386
austin	4385
lydia	4383
charme	4380
descobre	4379
serena	4376
jogamos	4376
filhotes	4374
quantia	4374
cobertor	4372
sagrada	4372
anteriores	4371
dominar	4371
hemorragia	4370
esforços	4368
fôlego	4366
telegrama	4365
euros	4365
correntes	4364
santuário	4362
demonstrar	4362
phillip	4362
determinado	4361
salvação	4360
bispo	4359
patty	4358
intenso	4356
tristes	4356
atrapalhar	4356
mortais	4354
atacando	4353
way	4351
pensaram	4350
desliga	4350
elvis	4347
privilégio	4347
cano	4345
justamente	4345
roubada	4344
veste	4342
enlouqueceu	4341
desperdiçar	4339
existia	4338
conduzir	4336
metro	4335
bonitinho	4334
nerd	4330
isabel	4328
comprimidos	4326
lápis	4325
joel	4324
mudamos	4324
entro	4320
stella	4319
transou	4318
interferir	4317
terminaram	4317
ordenou	4314
candidatos	4314
life	4313
chover	4313
torcida	4312
harvard	4311
desapareceram	4311
richie	4310
noticiário	4310
balcão	4310
adams	4310
churrasco	4309
tolos	4309
alemã	4307
alí	4305
oferece	4305
cuidou	4305
escuto	4305
pneu	4303
estadual	4303
afaste	4301
sindicato	4301
entenderia	4300
ida	4300
leilão	4299
bilhetes	4298
quinto	4298
malvado	4298
desesperada	4294
voice	4293
xena	4293
fera	4292
protegido	4292
raramente	4292
fios	4292
inocência	4291
tess	4289
necrotério	4288
apresse	4283
dobra	4283
mole	4283
cantou	4282
pântano	4280
junta	4280
caíram	4280
pararam	4278
valente	4276
marrom	4276
bolsos	4271
coloquem	4271
fritas	4271
orleans	4270
vizinha	4269
elemento	4268
nações	4268
adulta	4267
fins	4266
dallas	4266
vapor	4266
ninja	4265
cassie	4264
mosca	4264
apaixonados	4264
mesas	4263
tímido	4262
projetos	4262
vermelhos	4261
fumo	4260
zumbi	4260
hope	4257
materiais	4254
parecida	4252
surdo	4250
códigos	4249
cozinheiro	4248
mecânico	4247
ocorre	4247
corri	4246
potência	4245
exagerando	4244
saírem	4243
percebido	4242
piso	4242
val	4242
visitantes	4241
aumenta	4241
sócios	4238
comunista	4237
voa	4235
ave	4235
cooperar	4234
rebelde	4234
mick	4233
sóbrio	4230
passará	4230
lana	4228
aceitei	4227
corridas	4225
profundidade	4224
planejar	4224
construído	4223
perímetro	4223
puxou	4222
travesseiro	4220
tradicional	4219
trouxemos	4218
campbell	4214
reduzir	4211
discutimos	4211
beach	4209
chora	4209
lavagem	4209
wyatt	4208
dormia	4208
namoro	4205
dirijo	4203
morro	4201
escrevo	4201
resgatar	4200
correspondência	4200
sasha	4200
ameaçando	4199
alec	4198
violação	4198
katherine	4197
roll	4195
gracinha	4195
niles	4194
bocado	4194
registrado	4191
facebook	4191
jr	4190
avisado	4189
painel	4189
tuas	4188
pule	4186
palmer	4186
trará	4185
barreira	4182
décadas	4181
cody	4180
melanie	4179
wa	4178
carroça	4176
afeta	4176
rex	4175
agradar	4175
quaisquer	4172
verifiquei	4170
susto	4169
confessou	4168
samuel	4168
telefonar	4167
destruindo	4163
estudou	4162
tráfego	4162
diferenças	4161
básico	4161
sofre	4160
comprado	4159
quadros	4159
significava	4158
orgulhosos	4158
despedido	4158
ciências	4156
peggy	4156
sms	4155
sobretudo	4155
elite	4151
lava	4150
levantem	4148
ficção	4148
durou	4147
continuará	4146
hal	4146
carvão	4144
winston	4143
artigos	4142
verdadeiramente	4141
especificamente	4139
implorando	4138
grita	4137
vigiar	4137
machucando	4136
burke	4136
sugerir	4136
atuar	4136
pelotão	4135
fodido	4135
eleições	4134
injeção	4134
vera	4133
rodovia	4132
foster	4132
factor	4131
crítico	4130
compramos	4129
trocou	4128
cortinas	4126
galinhas	4126
seda	4125
escolho	4125
choro	4124
sophia	4120
monk	4119
melhorando	4116
cd	4116
fumando	4116
min	4116
traseira	4115
freddy	4113
sullivan	4113
tenda	4112
protege	4111
fuma	4111
chad	4110
postal	4110
kathy	4107
cristão	4106
desenhar	4106
escócia	4105
propriedades	4104
hanna	4104
manny	4103
impede	4101
arco	4101
feijão	4101
cometendo	4099
estudei	4099
queiram	4098
perderia	4096
farsa	4096
voltasse	4096
separação	4095
castle	4094
herr	4091
largou	4091
boyd	4090
bastão	4090
kira	4089
ursos	4089
sheila	4088
estações	4088
boneco	4087
fogos	4086
rocky	4086
zangada	4086
garcia	4084
douglas	4082
inevitável	4082
referência	4081
filmagem	4081
essencial	4080
grand	4079
bastardos	4079
deixasse	4078
espadas	4077
suporto	4076
índio	4076
tóquio	4074
terrivelmente	4073
usados	4072
cortesia	4070
have	4070
véspera	4064
eo	4064
tartaruga	4064
estivéssemos	4064
boom	4064
pedidos	4063
honestidade	4062
voluntário	4062
thompson	4059
jonas	4057
cliff	4056
sótão	4054
medicamentos	4054
hugo	4053
engolir	4052
instrumento	4051
teimoso	4050
fruta	4049
extremo	4049
pros	4047
acidentes	4047
longas	4046
etc	4046
cauda	4045
prefeitura	4044
dali	4044
quarenta	4042
bolinhos	4038
abelhas	4036
usaria	4036
vivas	4036
começaremos	4034
permita	4034
matará	4034
morreria	4033
pinturas	4031
coca	4030
gancho	4028
mona	4028
ancestrais	4027
pablo	4025
filadélfia	4024
abaixar	4024
causado	4023
substituto	4021
perco	4021
raj	4019
tanner	4018
seriamente	4017
doyle	4016
arnold	4016
armou	4015
tampa	4015
cuba	4014
poupar	4014
take	4014
bônus	4014
boliche	4013
not	4012
derrubou	4012
disparou	4010
vazamento	4010
ii	4010
jeffrey	4010
vital	4010
hospitais	4009
ensina	4008
avery	4008
margem	4006
longos	4006
bicha	4005
cadáveres	4005
mexeu	4004
aprendemos	4003
interessados	4003
ria	4001
gratidão	4000
disciplina	3999
guardião	3999
técnicas	3998
tornaram	3998
ajudante	3997
inglesa	3995
darrin	3995
jeans	3995
milagres	3993
delicado	3991
goku	3991
treinando	3990
farto	3989
encarregado	3988
informe	3988
mito	3986
home	3984
dimensão	3984
brigas	3984
enterro	3984
clyde	3983
inclui	3980
mario	3978
anéis	3977
olham	3976
atendo	3976
matarei	3976
isaac	3976
dai	3975
asilo	3975
romano	3973
sutiã	3971
club	3970
panquecas	3969
bonitão	3969
morder	3968
aborto	3967
cheques	3966
convenção	3965
inúteis	3965
brilhar	3964
planejou	3962
falecido	3962
fardo	3962
criador	3962
instintos	3961
abertas	3961
visões	3961
ovelhas	3961
urina	3960
reconheceu	3960
evans	3959
contratado	3957
falasse	3956
enche	3956
naturais	3955
american	3955
reservas	3953
refere	3952
retornou	3950
pegam	3949
coco	3948
campainha	3948
safado	3948
tomem	3948
curiosa	3947
back	3945
botões	3945
pôquer	3943
am	3943
selo	3943
reclamando	3942
famosos	3941
apareceram	3939
instável	3938
possuem	3938
raízes	3938
estória	3938
apresento	3937
punho	3937
maleta	3936
lâmpada	3935
caros	3935
cercado	3935
diagnóstico	3934
reese	3933
moradores	3929
assistência	3929
grata	3927
caçando	3927
assinado	3926
legado	3925
mordeu	3925
lenta	3924
marcou	3924
cortina	3924
drogado	3922
assustando	3921
fotógrafo	3921
cortando	3921
desligou	3920
borracha	3920
legalmente	3919
pia	3917
tolice	3917
careca	3917
hipótese	3917
desfazer	3915
was	3914
insistiu	3914
desafios	3911
manutenção	3911
maldade	3910
bishop	3910
er	3909
aumentando	3908
restante	3907
murray	3907
levada	3906
set	3906
continente	3906
familia	3905
cristãos	3905
sermão	3904
caçada	3903
boo	3902
cause	3901
good	3900
espetacular	3898
kansas	3896
conseguirei	3895
precisavam	3895
manchas	3894
lençóis	3892
conduta	3892
volante	3892
faleceu	3891
ny	3891
ra	3890
indivíduo	3889
malucos	3889
fugiram	3888
irritar	3887
ilegais	3887
proteja	3886
preços	3884
encontrem	3884
ansiedade	3883
leio	3882
conteúdo	3882
lutamos	3880
ventos	3878
vence	3878
salsicha	3878
voltarem	3876
pierce	3876
meredith	3876
sofia	3875
frasier	3874
responsabilidades	3873
fada	3873
enterprise	3872
seguimos	3872
sincera	3871
circuito	3871
voces	3871
apaixonei	3870
tomaram	3870
belos	3867
einstein	3867
balão	3866
buddy	3865
courtney	3864
road	3863
vigia	3862
cobras	3861
fêmea	3860
senhoritas	3860
vilão	3860
vistos	3856
colocam	3854
podermos	3853
culpe	3853
orfanato	3853
começarmos	3852
encontrados	3852
broadway	3851
instrumentos	3851
suíte	3850
vazias	3850
fresca	3849
reagan	3849
nazista	3847
temporário	3844
perdedores	3843
bico	3841
acusar	3841
glenn	3841
besteiras	3839
essência	3839
melhorou	3838
doçura	3838
agiu	3836
fúria	3836
executivo	3835
olhava	3835
stevie	3835
comerciais	3834
atuação	3832
demonstração	3832
lesão	3832
mudo	3831
bote	3831
esquecerei	3831
alfred	3830
erin	3830
torne	3827
valem	3826
transferido	3825
näo	3824
calada	3824
compro	3823
moleque	3822
insano	3821
defeito	3821
combater	3820
ow	3820
desisto	3820
night	3820
homenagem	3819
torcer	3819
círculos	3819
pegadas	3818
ferrado	3818
estoque	3816
divina	3816
dera	3815
pá	3815
exercícios	3814
right	3813
east	3812
lanchonete	3812
desenvolver	3812
chamarei	3811
questionar	3809
herdeiro	3809
ka	3807
especialidade	3807
ginásio	3806
treinado	3805
desmaiou	3805
fiona	3803
cheias	3802
sonny	3801
consultório	3801
assustadora	3800
delta	3798
aconteceram	3797
camaradas	3796
suspeitas	3796
jan	3796
filhote	3796
misteriosa	3795
cheryl	3794
aquecimento	3794
foge	3793
zumbis	3792
costelas	3791
gerador	3790
cheirar	3790
bay	3789
jogam	3789
farmácia	3788
scotty	3787
confirmou	3786
entrevistas	3786
acidentalmente	3785
benefícios	3785
nicholas	3785
especialistas	3784
grego	3780
erik	3776
agrada	3776
tornozelo	3776
madre	3775
notável	3775
cu	3775
bandas	3775
recuar	3774
magoar	3774
provocar	3774
supremo	3773
jato	3772
criados	3772
ambição	3772
reynolds	3772
maravilhas	3771
saberei	3771
lucros	3770
dezenas	3769
tapa	3768
marge	3767
hamilton	3765
item	3764
falhas	3762
batom	3761
sairia	3761
categoria	3759
quebrando	3758
aguardando	3758
loteria	3756
manga	3756
fu	3755
cansados	3755
mostro	3754
envergonhar	3754
boxe	3753
shakespeare	3753
gostado	3753
declarar	3751
lutas	3746
pazes	3746
reggie	3744
gangues	3744
griffin	3743
baixas	3743
mandarei	3743
espiões	3742
burra	3740
recibo	3739
ty	3738
stefan	3738
trabalhador	3736
sacrificar	3735
mercadoria	3734
beijando	3732
funcione	3731
silver	3731
bernard	3730
presta	3729
facas	3729
cometa	3728
fundamental	3728
queen	3728
encarando	3728
rapidinho	3727
superman	3727
encontraria	3727
wo	3726
gole	3726
suíça	3726
óptimo	3726
haley	3726
ligaram	3725
soro	3725
preciosa	3724
arizona	3724
bancar	3724
instituição	3721
dificilmente	3720
cueca	3717
elaine	3715
colete	3715
condessa	3715
cavernas	3714
tornam	3714
gelada	3714
vermelhas	3712
subs	3712
chiclete	3711
reid	3711
brutal	3711
pretendia	3711
ganhe	3708
eterno	3707
verme	3707
checando	3707
shirley	3707
hogan	3706
começado	3706
escova	3705
camarão	3705
entradas	3704
metido	3702
representar	3702
quadra	3702
sanduíches	3701
agradecemos	3701
entrado	3699
suposto	3698
resolvi	3697
contudo	3697
terremoto	3696
colheita	3696
irritada	3696
síndrome	3693
lenny	3693
maré	3692
acompanhante	3691
tentem	3690
andares	3689
retiro	3689
fabuloso	3689
maravilhosas	3688
encerrado	3688
transforma	3688
barnes	3687
dee	3687
survivor	3687
costumávamos	3686
quebre	3686
baleia	3685
integridade	3685
adoção	3684
agarrar	3681
pote	3680
mandy	3679
cunhado	3678
medicação	3676
servo	3674
penas	3673
havaí	3672
errei	3672
dwight	3671
fugitivo	3670
at	3669
hills	3669
literatura	3669
tubarões	3666
coral	3666
preferido	3665
drink	3665
escondidos	3665
monroe	3664
madrugada	3664
comparado	3660
mostrei	3659
south	3659
roman	3659
see	3658
esqueço	3658
dawson	3658
atacaram	3657
moram	3657
grey	3657
dawn	3656
trate	3656
flynn	3656
aventuras	3653
romântica	3653
enganada	3652
boatos	3652
baseada	3651
contam	3649
spock	3649
edgar	3645
filmando	3645
desisti	3645
rios	3644
wes	3643
sairemos	3642
ga	3641
assumiu	3641
relacionado	3641
divino	3640
chan	3639
rim	3639
restam	3638
permitiu	3638
publicar	3637
chequei	3637
hans	3636
conter	3635
vara	3635
gaiola	3634
suor	3634
pedirei	3633
peruca	3633
concreto	3631
obsessão	3631
bush	3631
atendeu	3630
kane	3629
remoto	3629
romanos	3628
girar	3628
mudará	3626
hammond	3625
genética	3624
vício	3624
saberão	3624
algodão	3624
batalhas	3623
burt	3622
restaurantes	3622
presunto	3622
toco	3622
soar	3621
resolve	3621
senado	3620
tornará	3620
aids	3619
piper	3618
aberração	3618
atiraram	3618
esperávamos	3617
salvando	3617
ataca	3617
ofender	3617
ativa	3614
forçou	3614
cam	3613
cordeiro	3612
inseto	3612
fisher	3611
perfeitos	3611
hudson	3609
exata	3609
lena	3609
del	3608
gênero	3608
considero	3606
danielle	3605
benefício	3605
barras	3604
antigamente	3604
casamos	3604
respondendo	3604
cory	3603
moore	3602
enlouquecendo	3602
kara	3602
improvável	3601
opiniões	3600
comunicações	3600
pijama	3600
cooperação	3599
barraca	3598
recentes	3598
baixos	3597
supervisor	3596
implorar	3593
sequência	3593
veículos	3592
robinson	3592
fenda	3591
violão	3591
oriental	3590
absoluto	3589
bênção	3589
racista	3589
fuzileiros	3588
seguem	3588
embaraçoso	3587
desconhecida	3587
apaixonou	3586
tona	3586
garras	3585
chorou	3585
retardado	3584
costumo	3584
brett	3582
estádio	3582
sérios	3582
fugi	3581
altar	3581
expedição	3579
traindo	3576
han	3575
massacre	3574
ohio	3573
culto	3572
desapontado	3571
neta	3570
violet	3570
wells	3569
roubados	3568
beija	3566
fraternidade	3565
piquenique	3565
rastros	3564
paisagem	3561
art	3561
traficantes	3560
deixaremos	3560
surpreender	3560
pouso	3559
marc	3558
excitado	3557
políticas	3555
troféu	3554
pagamos	3553
extraordinária	3553
inventei	3551
status	3551
conversei	3551
dadas	3551
ceder	3551
serpente	3550
espertos	3545
cortada	3544
di	3543
sugeriu	3543
never	3542
teorias	3542
pobreza	3541
desceu	3540
lester	3537
ativo	3537
ohh	3537
carbono	3536
chupar	3535
contatar	3533
formulário	3533
expulsar	3532
reforço	3532
pertencem	3531
pearl	3531
acharia	3531
more	3529
levaremos	3528
mexicano	3528
rudy	3528
denny	3527
lsso	3526
lake	3525
srª	3525
adicionar	3525
marina	3524
gostasse	3524
bota	3524
porter	3523
tambem	3523
significam	3522
precisasse	3522
culpados	3521
derrotado	3521
say	3520
criaram	3520
grayson	3519
acompanhe	3519
want	3518
liderar	3518
sirva	3518
sumido	3517
laços	3517
netos	3516
aliviar	3516
pacto	3515
joshua	3515
regina	3515
orações	3515
pesos	3514
banquete	3514
ensinei	3514
ensinando	3513
marcada	3511
omar	3511
machuquei	3511
itens	3510
adiar	3510
drive	3509
cápsula	3509
happy	3508
magro	3507
voluntários	3505
entusiasmo	3505
envia	3504
pousar	3504
capturado	3503
golpes	3503
detenção	3502
batalhão	3502
apague	3501
high	3501
chovendo	3501
blanche	3499
flecha	3499
aceitaria	3498
colocaria	3498
guardando	3498
perdem	3498
noturno	3497
evitando	3496
semelhante	3496
vicky	3496
covardes	3495
resfriado	3495
brilha	3494
compreensão	3493
finanças	3491
luis	3491
pílula	3490
sustentar	3489
procurador	3489
músico	3488
comboio	3488
britânica	3487
cardíaca	3485
suprema	3484
ahh	3484
lizzie	3483
irmãozinho	3483
misturar	3482
pegaremos	3481
they	3481
gol	3480
fortaleza	3480
organizado	3479
independência	3478
toalhas	3478
legítima	3477
aposentar	3476
puderem	3476
raposa	3473
integral	3472
expectativas	3472
verificando	3471
laptop	3470
sentimental	3469
tampouco	3468
assisti	3468
delicada	3468
perícia	3467
coberta	3467
esperma	3467
plateia	3466
chocante	3466
pares	3465
muitíssimo	3465
trens	3464
talentoso	3463
aperto	3463
acertei	3462
gastou	3462
avanço	3461
falaria	3460
gravando	3460
congelado	3460
delícia	3459
árabe	3458
brincadeiras	3458
portões	3457
dançarina	3457
deprimido	3457
yang	3456
maçãs	3456
nasa	3456
convincente	3455
pagarei	3453
mercedes	3453
acessar	3452
prisões	3452
singh	3452
phoenix	3451
prenderam	3451
turistas	3450
soubemos	3449
naqueles	3447
miséria	3446
lida	3446
pendurado	3441
artie	3439
prenda	3439
túneis	3437
encontrarem	3436
definição	3436
archer	3436
cérebros	3436
exibição	3435
comparar	3434
sentirei	3434
overdose	3433
prédios	3431
seleção	3431
estejamos	3429
putas	3427
escudos	3427
errar	3425
everything	3424
passarinho	3424
aproxime	3423
deb	3423
bennett	3422
gostaram	3421
seguidores	3421
malditas	3420
trágico	3420
furacão	3420
caem	3419
invenção	3418
imortal	3418
rever	3417
iniciativa	3417
enfermeiras	3417
trarei	3416
agitado	3416
gatinha	3415
batido	3414
silencioso	3414
viaja	3412
financeiro	3412
primos	3411
paro	3411
kung	3410
hulk	3410
amarrar	3409
sun	3409
traços	3408
maridos	3408
tirada	3406
marilyn	3406
bleep	3404
frequentemente	3403
mostrarei	3403
bares	3402
sangramento	3401
transferir	3399
fechadas	3398
formal	3397
célula	3396
preferir	3395
apresentações	3395
marvin	3393
julgado	3393
canais	3390
orientação	3389
saía	3388
enganei	3387
stewart	3386
máscaras	3385
vivian	3384
prejudicar	3383
otto	3382
acabaria	3382
corredores	3381
semestre	3380
escolheram	3378
ash	3377
brennan	3376
puderam	3375
corporal	3375
contos	3375
elenco	3374
hunt	3374
tenso	3374
humanas	3373
balanço	3373
or	3372
camas	3370
inesperado	3370
dani	3369
clássica	3369
rodney	3368
klaus	3368
servido	3367
incômodo	3367
cinquenta	3366
cathy	3366
dedicado	3366
encoste	3366
fazíamos	3366
rafael	3365
soubessem	3364
cortei	3364
chegaria	3364
ruínas	3363
enxergar	3363
disponíveis	3363
feriu	3362
matty	3361
aposentadoria	3360
agradecido	3359
guardado	3359
pátria	3359
servindo	3359
fina	3358
maurice	3358
rara	3358
temia	3357
barril	3357
defendendo	3357
manhãs	3357
irlandês	3357
amarela	3357
autorizado	3355
satisfação	3354
veias	3352
estúpidas	3351
eficiente	3350
zelador	3350
fechadura	3350
crença	3349
indicam	3349
chocado	3347
engana	3346
jared	3345
missões	3345
make	3344
asa	3343
joias	3342
crescem	3342
cruzeiro	3342
ciúme	3341
meritíssima	3341
andre	3341
trancar	3341
bolsas	3341
admite	3340
pagará	3340
teme	3339
andado	3339
theo	3339
design	3338
chelsea	3337
ervas	3337
luva	3336
menu	3336
cuidadosamente	3336
sinos	3336
roberts	3336
satisfeita	3336
aja	3335
agressivo	3335
envergonhada	3334
apagou	3334
tática	3333
currículo	3333
demitiu	3332
missa	3332
taxi	3332
doeu	3331
negociação	3331
internos	3329
reconheci	3329
confirmado	3329
vitais	3327
vermes	3327
substância	3326
schultz	3326
salvos	3325
encontrando	3324
fran	3322
salas	3321
disfarçado	3320
mulder	3319
supermercado	3318
sangrar	3318
nolan	3317
pólvora	3315
latas	3315
nozes	3314
preparei	3314
estrague	3314
amiguinho	3314
cachorrinho	3310
insisto	3310
faríamos	3309
monitor	3309
esforçar	3309
favores	3308
ferramenta	3307
cometido	3307
narcóticos	3305
borboleta	3304
sidney	3304
here	3304
passageiro	3303
viajou	3303
pegos	3302
acreditem	3302
amarrado	3300
uniformes	3300
tocava	3299
páscoa	3299
mudaria	3298
andré	3298
abandonada	3297
sabão	3297
empurrou	3296
enlouquecer	3296
ajustar	3295
prever	3292
restou	3292
transa	3291
desafiar	3291
gasto	3290
jurar	3290
sobrevivente	3290
míssil	3288
pintor	3288
dobrar	3288
cheirando	3287
ella	3286
abigail	3286
rusty	3285
gorjeta	3285
mandam	3285
palhaços	3285
exausto	3284
entretenimento	3284
nucleares	3284
marcos	3284
gastei	3284
falcão	3283
hóquei	3283
apreciar	3281
centímetros	3281
ativar	3281
kat	3280
lucky	3280
cancelado	3279
perderá	3279
terrorismo	3279
respira	3276
wally	3276
sensual	3274
esgoto	3273
fornecer	3273
desiste	3273
elétrico	3273
limpos	3273
radical	3272
lutei	3272
plena	3272
falhei	3272
trazem	3271
unido	3270
bond	3268
brody	3267
positiva	3267
entediado	3267
auxiliar	3266
ram	3266
ganharam	3266
diverti	3266
voltarão	3265
fazendeiro	3265
laço	3265
lote	3265
maravilhosos	3264
vadias	3264
perfeição	3263
anual	3263
cm	3262
ari	3261
sugar	3260
toa	3259
diploma	3258
ajudam	3258
equipa	3258
pariu	3257
seríamos	3256
afetar	3256
judicial	3256
team	3256
baía	3256
dormido	3255
impediu	3255
berço	3254
pipoca	3254
suicida	3253
admira	3252
brady	3252
dispostos	3252
perdidas	3250
desempenho	3250
ética	3250
corrupção	3248
acharmos	3246
investigador	3244
cavalaria	3244
perigosas	3243
cozinhando	3243
puxando	3243
kid	3242
sozinhas	3241
ditado	3239
esconda	3239
tratou	3238
freqüência	3237
perdoa	3236
reflexo	3235
bobagens	3235
verem	3234
terminal	3234
necessita	3233
vodka	3232
preparou	3232
precisão	3231
litros	3231
furiosa	3228
pudemos	3228
devon	3227
risada	3227
descobrirem	3225
sacerdote	3224
retire	3224
conrad	3224
desgraçados	3223
conectar	3223
definir	3223
tequila	3218
fino	3217
pano	3216
irlanda	3216
brilhando	3215
estacionar	3215
esquisita	3215
sólido	3215
gerald	3214
dragões	3214
executado	3212
hábitos	3212
receberam	3211
júnior	3210
roxo	3210
beije	3209
girando	3207
jefferson	3207
investir	3206
gravado	3206
emboscada	3206
públicas	3206
acostumada	3204
vocãª	3204
companhias	3203
joyce	3202
cowboy	3202
esmagar	3200
doação	3200
aleluia	3199
grosso	3198
desvio	3197
imposto	3196
refúgio	3196
leito	3196
veado	3195
precaução	3195
honestos	3194
calibre	3193
calendário	3192
condenados	3192
emocionalmente	3191
irmandade	3191
archie	3190
au	3190
paulo	3188
contaria	3187
instalação	3186
how	3185
jornalistas	3185
rapariga	3185
religioso	3185
irrita	3185
irene	3184
perguntado	3183
tramando	3182
recuperou	3182
avançado	3181
render	3181
excesso	3181
from	3179
sheldon	3178
ré	3176
falará	3176
bicho	3175
cintura	3175
leões	3175
ultima	3174
telefônica	3174
donovan	3174
sumiram	3173
calvin	3173
lareira	3172
abordagem	3172
combinar	3171
claude	3171
dificil	3171
confiei	3170
reforma	3169
eca	3169
sherlock	3168
italianos	3168
etapa	3167
pisar	3167
dexter	3167
stacy	3166
frito	3166
contratos	3166
aproveitem	3165
cat	3165
sombrio	3164
guiar	3164
guardei	3164
noivos	3163
animar	3163
semente	3160
heart	3160
negras	3160
afundar	3159
aspectos	3159
reagir	3159
liv	3158
tigela	3158
colocarei	3158
mestres	3158
pontas	3156
extensão	3154
gira	3153
eliminação	3153
frasco	3153
acelerar	3153
dixon	3152
paus	3152
casando	3151
grandão	3150
medos	3149
aquecer	3149
criamos	3149
refeições	3148
gray	3148
whitney	3147
denver	3147
pulando	3146
estuprou	3146
gabrielle	3146
fraldas	3145
preparem	3144
bernie	3142
artificial	3141
transplante	3140
coletiva	3140
trilhos	3140
imenso	3140
pulmão	3139
psicologia	3139
católica	3138
assista	3138
detroit	3137
deliciosa	3137
georgia	3136
molhada	3136
mccoy	3134
vivido	3134
reparar	3134
voou	3133
atiro	3132
combinamos	3132
pornografia	3132
suéter	3132
necessários	3132
falas	3132
sujas	3131
hotéis	3130
pudim	3128
who	3128
spike	3128
sexto	3127
demitida	3127
fronteiras	3126
atreva	3126
sylvia	3125
chumbo	3123
bizarro	3122
anoitecer	3121
bauer	3120
celebridade	3119
chapa	3119
capela	3118
asseguro	3117
quites	3116
ricardo	3116
mapas	3116
bandeja	3116
casca	3115
whoo	3114
calçada	3114
avós	3114
river	3113
confirmação	3113
willy	3112
gil	3111
domínio	3111
instalações	3111
bradley	3110
jorge	3110
americanas	3109
conhaque	3108
programação	3108
baxter	3107
bones	3107
exposto	3106
legítimo	3106
pedem	3105
bonzinho	3105
arruinado	3104
boris	3103
idosos	3102
secretos	3102
conectado	3102
retorna	3100
vendem	3099
curtir	3099
comunistas	3099
limpas	3099
agüentar	3099
acusando	3098
brisa	3098
fichas	3097
enviada	3097
colorado	3096
futura	3095
coelhos	3095
qualidades	3093
êxito	3091
cap	3091
construída	3090
recomendo	3090
sexualmente	3090
rogers	3090
envolveu	3090
gilligan	3090
atlanta	3089
enchendo	3089
fugido	3089
camisas	3088
contaram	3088
anton	3087
achará	3087
burns	3087
ajudaram	3087
investigações	3086
perguntam	3085
beckett	3085
marta	3085
ares	3084
deveres	3084
mago	3083
estimação	3081
superou	3080
adequada	3079
profeta	3079
lembrando	3078
inteiramente	3078
quarteirão	3077
contratei	3077
camille	3077
químicos	3077
ernie	3077
acerca	3077
desviar	3076
havido	3076
cogumelos	3075
auto	3075
farol	3073
soviética	3073
mentores	3071
soltem	3071
fratura	3069
serra	3069
regular	3069
originais	3069
perpétua	3068
relevante	3067
lateral	3067
nó	3066
entrarem	3066
afogar	3065
charmoso	3065
mandato	3064
imigração	3064
lições	3064
antecedentes	3063
comprador	3063
crê	3062
correm	3062
colchão	3061
morfina	3060
shelly	3059
músicos	3059
tate	3059
encerrar	3059
conquista	3058
congelando	3056
june	3056
pressionar	3055
cuidei	3055
eletrônica	3054
perturbado	3054
parecidos	3052
despertar	3052
acampar	3052
enviaram	3052
consolo	3051
quadrinhos	3051
wall	3050
estuprada	3049
imperial	3048
pondo	3048
chi	3047
harmonia	3046
jaula	3046
bonecas	3044
envolvimento	3044
colinas	3044
galo	3043
violenta	3043
maníaco	3043
tesão	3042
ruído	3042
granada	3041
objetivos	3040
olhamos	3039
genes	3039
metendo	3038
round	3038
tropa	3038
vacina	3038
levados	3038
crucial	3036
respeita	3035
jerusalém	3035
ally	3034
acrescentar	3032
distrair	3032
tumba	3031
mencionei	3029
tomarei	3029
spa	3029
redes	3029
assumo	3028
enfrentando	3028
transformação	3028
tortas	3027
afastado	3027
arrumando	3027
dicas	3027
estuda	3026
pertencia	3025
pediria	3025
pesa	3025
gavin	3023
camada	3023
juntou	3022
preguiçoso	3022
impressionada	3021
insuportável	3020
inspeção	3018
vencedora	3018
carinha	3018
lembrava	3018
lesões	3018
identificou	3017
constituição	3017
plantão	3016
doar	3016
mergulhar	3016
esquecemos	3015
federação	3015
indiano	3014
agnes	3014
críticas	3014
alterar	3014
ganhará	3014
astro	3013
borda	3013
prepara	3013
gabe	3013
habitantes	3012
rich	3012
panela	3011
jogava	3011
sacou	3010
bastidores	3010
plantar	3010
falência	3010
sujos	3009
viverá	3009
laurie	3009
dvd	3009
an	3009
chandler	3008
stevens	3007
eleito	3006
procurem	3006
evidente	3006
atleta	3005
pendurar	3004
astronautas	3004
gentilmente	3004
artilharia	3002
religiosa	3002
finge	3002
cálculos	3001
honrar	3001
conferir	3001
ressaca	3001
cera	2998
decoração	2998
ya	2998
consultar	2997
regimento	2997
tronco	2997
decepção	2997
verdadeiras	2996
hilário	2996
roland	2996
mecanismo	2996
atacada	2995
receba	2994
atrai	2994
punk	2993
viciada	2993
rebanho	2993
fenômeno	2993
carregamento	2992
bye	2992
industrial	2991
ellis	2991
piranha	2990
aumentou	2990
banheiros	2990
convés	2990
celebração	2990
visitou	2990
lagosta	2990
nasce	2990
romper	2987
domingos	2987
negado	2987
boato	2986
nigel	2986
arrependido	2985
grécia	2984
garotão	2983
whisky	2981
bella	2981
parando	2981
juíza	2980
escolhemos	2979
carregado	2979
vó	2979
queimada	2978
cicatrizes	2977
chen	2977
raiz	2976
doses	2975
chapado	2975
demorando	2973
moscas	2972
imaginou	2971
off	2971
tanya	2968
arrependo	2967
cunhada	2963
chantagem	2963
ki	2963
gêmeas	2962
faltava	2961
começará	2960
judith	2958
shannon	2957
prêmios	2957
rum	2957
disparo	2957
carlo	2956
melhora	2955
vulcão	2955
companheira	2951
bode	2951
shelby	2951
cyrus	2950
pegarmos	2948
participantes	2948
traduzido	2947
dinamite	2947
cova	2947
financeira	2946
piscar	2944
tomate	2943
audições	2943
cartel	2942
walsh	2942
mereceu	2942
maddie	2942
safar	2942
saint	2942
darão	2941
cubra	2940
repetindo	2940
tranqüilo	2940
anormal	2939
depor	2939
vergonhoso	2939
revólver	2938
ugh	2938
documentário	2938
transmitir	2938
old	2938
jade	2937
peg	2936
param	2936
game	2936
ferrou	2935
interrogar	2935
peterson	2934
recurso	2934
vestígios	2933
look	2933
dirão	2932
telefonou	2931
trocando	2931
violino	2930
garrett	2929
bombeiro	2929
furado	2929
sairei	2929
avançada	2929
light	2929
tribos	2928
perito	2928
tour	2928
hostil	2928
cristã	2927
naruto	2927
saísse	2926
pegarem	2925
lutam	2924
beijei	2924
formigas	2924
assuma	2924
lilly	2923
ninguem	2921
tiffany	2921
cynthia	2921
boné	2921
morrerão	2920
afirma	2919
gilbert	2918
insulto	2918
finalistas	2916
estourar	2915
caderno	2915
carolina	2915
lançado	2915
captura	2914
registrar	2914
arena	2913
episódios	2913
poirot	2912
buffy	2912
brick	2912
odiaria	2911
tesoura	2911
convento	2911
revelou	2911
chapéus	2910
ironia	2909
parlamento	2909
conversou	2908
samurai	2908
price	2907
ivy	2907
declarou	2906
cuzão	2906
nega	2905
jin	2905
discreto	2903
escondi	2903
lenha	2902
mandamos	2902
ringue	2902
oz	2901
enforcado	2901
andamento	2901
burton	2901
iate	2901
baratas	2900
iniciais	2900
freira	2900
arrasar	2899
