не	4334804
что	3552532
ты	2723798
это	2640455
на	1655351
он	1283590
мы	1214875
как	1174339
вы	1159742
да	1142662
мне	1077059
нет	1049935
меня	1010408
так	995583
но	990116
его	752429
все	722378
она	713014
тебя	702607
если	631191
за	598915
бы	594884
тебе	588450
они	534808
чтобы	479027
же	469511
есть	450986
просто	450715
из	446361
для	427940
ну	427366
когда	421340
хорошо	420527
здесь	410266
по	397721
был	393771
знаю	389247
то	385315
только	383956
всё	373088
было	371183
вас	357146
может	357142
нас	351238
вот	340913
от	339856
быть	313741
кто	299982
будет	298842
почему	295613
вам	289733
их	287229
очень	281777
могу	280691
уже	278258
спасибо	273631
или	272568
нам	269029
еще	268978
там	264211
нужно	255361
сейчас	254448
где	254081
чем	253382
хочу	252103
ничего	248396
этого	247989
была	237832
мой	234913
ее	232065
ладно	229994
знаешь	228414
до	221120
этом	220811
потому	218628
теперь	216086
думаю	205407
больше	202968
её	201916
со	196362
раз	193840
ему	189816
надо	189178
время	189069
этот	184623
ли	180914
ещё	179679
пока	179122
даже	178504
привет	177992
сказал	174338
себя	172907
должен	169695
тоже	167958
хочешь	166264
давай	165828
никогда	161918
эй	161851
того	161739
тогда	159343
него	155644
ни	155085
тут	154726
были	154615
конечно	154334
правда	154307
об	153646
моя	146670
пожалуйста	140855
тобой	139908
сказать	139229
сегодня	136912
один	135623
лучше	132478
можешь	131596
сюда	130931
мной	130107
значит	127095
сделать	126604
всегда	126030
дело	123228
можно	123056
ей	123047
должны	120950
порядке	120906
без	119843
день	118088
том	117709
буду	115292
делать	112020
хотел	111407
чего	111052
эти	109769
много	109541
после	109028
этим	108025
всего	107074
во	106627
твой	105811
ним	105636
лет	102100
боже	101843
них	101466
сэр	101299
ведь	100777
мистер	99992
жизнь	99632
потом	99575
ней	99204
такой	99052
который	96989
всех	96974
через	96333
им	95992
возможно	95943
немного	95662
такое	95496
слишком	94429
себе	94381
зачем	93100
должна	91680
моей	90410
люди	90224
знаете	90164
этой	89526
думаешь	88899
свою	88160
точно	86897
человек	86853
твоя	86378
под	86143
сказала	85749
назад	85317
эту	84553
можем	83944
случилось	83486
мама	82770
мог	82624
вместе	82533
отец	82443
сделал	82144
мои	81329
кажется	81004
друг	80587
куда	80441
никто	80070
поэтому	78189
эта	78060
которые	77613
два	77008
тот	76641
сколько	76611
понимаю	76298
снова	76265
жизни	76144
нравится	75431
людей	74207
помочь	73512
видел	73501
люблю	72412
хочет	71846
место	71757
знать	71476
прости	71336
отлично	71243
похоже	71157
парень	70820
домой	70755
всем	70745
деньги	69831
иди	69293
времени	68876
дома	68664
именно	68567
доктор	67918
думал	67701
говорил	67335
делаешь	67069
будем	67057
прямо	66757
стоит	66587
поговорить	66462
найти	66209
разве	66146
слушай	65986
своей	65823
лишь	65808
ага	65490
можете	65480
простите	65257
хотела	64824
сам	64565
тем	63890
будешь	62961
прошу	62593
три	61773
деле	61675
хотите	61597
говорить	61591
давайте	61413
совсем	61240
знал	61058
знает	60683
какой	60477
моего	60363
скажи	59989
дом	59974
дела	59642
вами	59524
свои	59099
говорит	58596
несколько	58492
должно	58386
про	58180
ваш	57938
происходит	57892
жаль	57474
туда	57308
действительно	57152
папа	56693
завтра	55928
оно	55655
черт	55607
одна	55083
перед	54678
наш	54529
уверен	54464
отсюда	54249
нужна	54088
самом	53967
тех	53671
нужен	53454
свой	53410
мою	53267
кого	52950
верно	52791
работу	52788
каждый	52005
твоей	51719
будут	51653
хватит	51483
понял	51455
нее	51307
уж	51283
имя	51199
против	50836
пор	50034
чём	49969
раньше	49196
говорю	49137
более	49014
надеюсь	48947
итак	48940
при	48916
ваша	48891
вообще	48657
пошли	48631
мать	48327
нельзя	48309
наверное	48158
нами	48110
твои	47716
могли	47497
дай	47298
ради	47155
всю	46925
ребята	46567
ко	46404
хотя	46068
понимаешь	45672
идти	45654
этих	45596
откуда	45596
такая	45222
ясно	45154
другой	45087
извините	45074
вижу	44264
видеть	43923
над	43810
могут	43706
равно	43637
мисс	43522
скоро	43513
будто	43328
зовут	43158
виду	42951
наши	42884
думала	42823
послушай	42732
между	42378
своего	42110
вопрос	41857
этому	41856
почти	41718
года	41673
человека	41539
которая	41129
подожди	41101
руки	41048
нормально	41029
такие	41025
возьми	40938
минут	40938
извини	40699
вещи	40557
могла	40427
смотри	40426
хоть	40250
работа	40211
пару	40153
сын	40105
ваше	40075
дня	39982
пора	39964
неё	39900
жить	39785
видишь	39742
достаточно	39644
господи	39600
быстро	39448
твою	39431
весь	39373
убить	39356
ночь	39231
говоришь	39074
собой	38686
скажу	38603
готов	38243
слышал	38200
какая	37614
посмотри	37605
первый	37559
самое	37558
видела	37537
пусть	37504
месте	37488
нашли	37459
сказали	37445
плохо	37383
смогу	37048
ваши	36984
отца	36934
детей	36917
знаем	36911
рад	36727
прав	36686
никаких	36401
имею	36205
миссис	36111
иногда	36085
смерти	36077
своих	36071
пойду	35987
брат	35930
вроде	35897
рядом	35793
мир	35680
произошло	35440
которую	35389
сделала	35372
говорила	35203
знала	35121
мое	35030
одного	35004
таким	34912
помощь	34858
такого	34827
кем	34757
насчет	34635
вчера	34622
случае	34622
увидеть	34406
нашей	34339
говорят	34188
правильно	33991
убил	33957
одно	33920
пойти	33908
друга	33663
сама	33642
долго	33607
работать	33587
дверь	33577
делает	33556
женщина	33537
важно	33534
кроме	33324
будь	33311
собираюсь	33276
вашей	33160
нужны	33154
здорово	33129
номер	33102
проблема	32987
проблемы	32933
денег	32919
чёрт	32881
хороший	32663
твоего	32521
одну	32351
дальше	32290
вернуться	32265
давно	32247
последний	32206
ночи	32162
узнать	31995
уверена	31958
машину	31911
права	31879
пять	31874
моих	31857
также	31756
тому	31700
вечером	31577
дети	31434
опять	31397
серьезно	31361
работает	31339
своим	31279
сначала	30957
две	30938
одной	30898
моим	30760
те	30751
жена	30704
думаете	30544
помнишь	30417
глаза	30370
ними	30238
чувак	30222
ночью	30220
чувствую	30161
взять	30141
сразу	30132
утром	30109
часть	30091
придется	29877
стать	29711
идея	29633
дорогая	29606
прекрасно	29598
слова	29524
сделали	29485
видели	29384
наша	29157
сердце	29016
помню	28916
парня	28852
момент	28780
утро	28764
здравствуйте	28754
стал	28724
скорее	28682
ох	28668
большой	28409
часов	28334
год	28330
друзья	28282
сильно	28217
говори	28147
смысле	28050
которой	27890
уйти	27794
которого	27621
капитан	27555
работы	27516
любовь	27505
дочь	27412
новый	27283
боюсь	27122
имеет	27056
стой	27040
дней	27036
той	27008
голову	26985
ах	26890
столько	26881
понятно	26878
дать	26825
девушка	26756
довольно	26733
доме	26620
вечер	26612
оба	26584
пойдем	26531
увидимся	26481
шанс	26416
хорошая	26414
прежде	26389
сделаю	26336
какого	26272
быстрее	26238
понять	26226
рассказать	26144
вашего	26034
бог	25920
интересно	25919
затем	25898
умер	25893
обо	25824
никого	25759
парни	25749
самый	25746
твое	25730
вон	25698
пришел	25628
чтоб	25591
поверить	25583
слово	25563
будете	25439
нашел	25320
милая	25304
странно	25261
какие	25256
ой	25188
та	25034
однажды	25033
сможешь	24846
получить	24831
обычно	24821
ума	24813
полагаю	24799
алло	24674
посмотреть	24666
иначе	24647
наших	24616
тело	24547
хотели	24483
свое	24180
пришли	24179
моё	24178
другие	24173
выглядит	24168
подумал	24085
лицо	24022
приятно	23961
мам	23933
говорите	23914
обратно	23776
нашего	23734
телефон	23675
мире	23657
честь	23657
господин	23619
доброе	23575
план	23550
другом	23547
час	23538
джон	23444
пути	23386
делал	23365
типа	23350
посмотрим	23340
насколько	23299
пытался	23296
правду	23266
решил	23256
поздно	23235
нем	23163
работе	23151
любит	23082
хотят	23061
кому	23048
сестра	23033
места	22996
скажешь	22911
следующий	22874
других	22782
получил	22761
кстати	22754
говорили	22754
пришла	22711
безопасности	22658
рада	22651
город	22582
внимание	22551
кофе	22518
которое	22513
вся	22447
семья	22392
конец	22370
позже	22329
дал	22272
думать	22270
спать	22161
вернулся	22160
остаться	22135
некоторые	22086
кровь	22028
оружие	22008
пришлось	22005
хуже	21993
дорогой	21901
полиция	21832
сможем	21727
понимаете	21722
четыре	21692
которых	21675
ужасно	21660
ждать	21611
способ	21588
делаю	21490
готовы	21457
совершенно	21452
смотреть	21445
вернусь	21428
большое	21424
единственный	21401
вперед	21361
часа	21254
муж	21149
идет	21080
таких	21062
ребенка	21021
машина	21008
стороны	20908
смог	20850
сына	20812
играть	20812
сами	20794
верю	20779
честно	20747
нашла	20731
звучит	20728
угодно	20705
руку	20693
начала	20681
перевод	20654
какое	20573
взял	20550
станет	20522
пытаюсь	20408
внутри	20397
знали	20311
новости	20286
добрый	20267
подождите	20244
скажите	20224
ребенок	20198
вашу	20167
мальчик	20166
осталось	20160
делаете	20132
году	20102
мере	20011
поняла	19966
отношения	19864
далеко	19854
вокруг	19795
хотим	19732
слышала	19711
двух	19680
приятель	19662
никому	19631
мужчина	19534
неделю	19463
вернуть	19439
смерть	19437
сих	19435
ту	19391
сможет	19381
the	19330
дайте	19312
двое	19304
видите	19290
долларов	19289
крови	19247
решение	19240
путь	19228
следует	19163
неужели	19139
около	19138
готова	19108
семьи	19085
идем	19064
смотрите	19063
круто	19057
история	19002
вдруг	18999
спросить	18993
твоих	18934
второй	18915
вина	18899
джек	18894
женщины	18875
нашу	18853
заткнись	18797
минуту	18795
собираешься	18783
твоим	18759
шоу	18718
прощения	18716
больно	18711
машины	18695
пап	18644
трудно	18639
постоянно	18564
поможет	18549
проблем	18524
например	18517
дерьмо	18510
полиции	18504
начать	18483
знают	18461
лучший	18458
добро	18435
спасти	18427
рождения	18325
оставить	18304
чарли	18273
любишь	18240
конце	18211
забыл	18152
месяцев	18137
часто	18114
мило	18110
комнате	18106
нему	18082
матери	18059
милый	18034
полностью	18026
школе	17971
леди	17964
серьёзно	17942
убили	17935
случай	17881
джо	17861
убийство	17824
послушайте	17824
посмотрите	17821
пошел	17805
никакого	17797
сделаем	17710
говоря	17706
неплохо	17704
использовать	17700
прошлой	17671
иду	17665
узнал	17626
прекрати	17612
чуть	17579
держи	17571
невозможно	17552
господа	17497
слушайте	17487
наше	17483
машине	17453
сэм	17428
свет	17428
образом	17396
иметь	17380
другое	17249
другого	17215
шесть	17214
людям	17191
погоди	17170
имени	17139
детка	17134
недели	17131
меньше	17109
легко	17101
крайней	17066
девочка	17044
придётся	17025
мало	16966
ненавижу	16929
you	16919
последние	16887
насчёт	16864
выглядишь	16859
сообщение	16854
думает	16780
друзей	16769
обещаю	16761
агент	16748
вместо	16738
последнее	16711
самого	16704
настолько	16699
ответ	16697
детектив	16648
понятия	16639
родители	16617
показать	16613
поехали	16559
стало	16551
мэм	16539
своими	16539
всей	16534
очевидно	16532
помогите	16531
маленький	16519
школу	16443
пожаловать	16443
твоё	16442
либо	16417
забрать	16381
прошло	16378
особенно	16373
имеешь	16326
истории	16299
эм	16287
вопросы	16278
большая	16234
минутку	16206
пол	16199
остановить	16180
чему	16159
свидания	16155
обязательно	16143
городе	16128
убийца	16102
сделай	16056
ваших	15996
любви	15971
спокойной	15961
своё	15931
мадам	15916
идите	15911
выйти	15884
делают	15870
немедленно	15866
делай	15740
возможность	15739
человеком	15728
бывает	15707
ужин	15699
моем	15670
купить	15632
позвонить	15605
наконец	15577
стала	15536
любой	15488
клянусь	15460
смешно	15407
абсолютно	15405
всему	15371
переводчики	15370
забудь	15367
секунду	15353
выбор	15343
тысяч	15241
потерял	15218
майкл	15199
волнуйся	15190
ноги	15166
таком	15137
настоящий	15134
означает	15121
встретиться	15064
известно	15037
работаю	15037
замечательно	14990
любом	14963
оставь	14960
связи	14956
боль	14955
выпить	14948
представить	14926
убийства	14915
малыш	14914
умерла	14910
воды	14910
окей	14902
речь	14896
хорошие	14834
поводу	14821
перестань	14814
увидел	14802
повезло	14795
президент	14778
мужик	14777
которым	14736
прошлом	14732
дам	14707
десять	14695
умереть	14677
поговорим	14674
отцом	14665
искать	14662
тихо	14656
оставил	14649
пистолет	14643
начал	14629
сложно	14579
города	14559
неделе	14538
хотелось	14506
принять	14496
историю	14490
босс	14469
держать	14456
пойдём	14453
подумала	14450
фильм	14446
слышишь	14445
рано	14411
удачи	14402
еду	14401
словно	14393
причина	14391
пришёл	14385
компании	14320
спокойно	14315
работал	14290
подумать	14276
вести	14251
вещь	14238
брата	14224
конца	14200
получится	14199
блин	14164
право	14134
ввиду	14114
бога	14108
подарок	14060
комнату	13991
мира	13978
успокойся	13977
позволить	13971
моему	13963
идёт	13962
самая	13947
рассказал	13887
курсе	13871
намного	13854
мистера	13853
женщин	13846
тяжело	13822
ух	13758
предложение	13757
одним	13738
счет	13724
улице	13718
другим	13681
уходи	13599
майк	13584
среди	13571
помоги	13568
получилось	13543
месяц	13537
проверить	13535
генри	13529
голос	13514
позвольте	13500
стороне	13464
вероятно	13461
случится	13454
уверены	13431
мужа	13406
питер	13397
провести	13387
людьми	13386
неважно	13341
нашёл	13324
доктора	13307
месяца	13286
игра	13285
идём	13283
нём	13261
джордж	13260
познакомиться	13242
возьму	13242
слышали	13234
пошла	13224
корабль	13202
чувствуешь	13165
позволь	13156
сторону	13138
игры	13065
согласен	13052
письмо	13039
вниз	13035
молодец	13017
наверняка	12996
утра	12990
вашим	12952
нечего	12942
встречи	12914
вид	12908
никакой	12883
связь	12863
список	12853
такую	12799
весело	12782
сидеть	12779
гораздо	12771
собирался	12763
впервые	12754
находится	12748
объяснить	12720
полицию	12699
решили	12695
семью	12644
свидание	12627
отличная	12627
остальные	12606
прийти	12591
руках	12585
фбр	12578
чувство	12562
котором	12560
решила	12554
понадобится	12548
сынок	12524
найду	12516
фрэнк	12515
школы	12499
чувства	12471
дядя	12434
стали	12412
ушла	12400
первым	12396
поверь	12377
расскажи	12357
хочется	12309
девушки	12304
сон	12288
имел	12268
каким	12263
парнем	12252
многие	12246
части	12176
ехать	12171
считаю	12163
никуда	12155
голове	12147
старый	12124
оттуда	12099
называется	12085
вопросов	12080
фото	12074
пройти	12072
заниматься	12047
другу	12016
вернулась	12013
пара	12013
никак	12008
девочки	12007
благодарю	12005
своем	12003
недавно	12002
приехал	11987
глаз	11981
могло	11966
становится	11962
пыталась	11952
является	11947
брось	11929
богу	11916
нашим	11906
помощи	11900
волосы	11899
невероятно	11895
одном	11863
ушел	11861
джейн	11831
to	11828
тела	11811
недель	11794
собирается	11786
защитить	11780
всеми	11780
существует	11768
жив	11761
первая	11743
позвоню	11742
благодаря	11730
вперёд	11729
навсегда	11723
помните	11722
земле	11722
делу	11716
вполне	11706
пытается	11693
будущее	11685
семь	11678
своему	11651
ок	11648
идиот	11632
слава	11587
стоило	11586
удалось	11582
делаем	11579
команда	11578
главное	11567
огонь	11539
дэнни	11533
замуж	11526
начали	11513
мужчины	11501
силы	11487
семье	11485
шеф	11485
суд	11483
слышу	11478
тюрьме	11466
попробовать	11458
друзьями	11443
алекс	11440
вашем	11437
новая	11429
маленькая	11410
черта	11399
придет	11384
страшно	11364
услышать	11361
новые	11340
общем	11337
звонил	11331
купил	11306
понравится	11281
близко	11278
самой	11268
смысл	11257
хорошее	11227
любил	11189
сара	11185
единственная	11179
делали	11172
макс	11163
мэри	11150
жду	11146
получается	11145
хорошего	11136
эми	11131
дамы	11113
жену	11113
гарри	11101
неправильно	11096
стоять	11061
плевать	11059
ключ	11057
верить	11037
лично	11035
слышать	11034
взяли	11024
поздравляю	11015
пить	11002
заставить	11000
получили	10995
рот	10985
делала	10980
преступления	10976
двери	10971
землю	10968
разумеется	10967
очередь	10967
первой	10959
разговор	10954
видимо	10954
звонок	10951
джеймс	10945
менее	10937
нового	10930
получила	10923
хм	10923
подальше	10909
сможете	10878
похож	10848
состоянии	10841
необходимо	10838
адвокат	10829
касается	10812
секунд	10810
стоп	10807
дали	10771
оставаться	10767
сделает	10756
ходить	10756
помощью	10741
хватает	10726
изменить	10725
король	10717
народ	10681
новую	10660
девушку	10654
живет	10651
секс	10637
сделаешь	10630
думали	10609
нашем	10606
попасть	10596
каждого	10593
другую	10585
просил	10584
пошёл	10578
войны	10578
случайно	10547
игру	10546
мертв	10541
держись	10534
забыла	10512
цель	10508
минуты	10499
месье	10497
выше	10496
однако	10495
женщину	10489
раза	10489
мысли	10483
выход	10470
платье	10468
вовсе	10457
пришло	10434
женой	10425
ребёнка	10418
сожалею	10410
твоем	10393
осторожно	10376
смогла	10373
этими	10351
стану	10349
маме	10329
парней	10314
нравятся	10311
покое	10284
поехать	10275
садись	10271
миллионов	10261
отличный	10257
ребёнок	10230
дочери	10207
дороги	10204
ого	10204
ха	10184
нечто	10164
первое	10164
выяснить	10162
ник	10152
информацию	10149
офис	10145
записи	10143
лучшее	10139
течение	10130
вечеринку	10108
убью	10107
годы	10087
забыть	10083
правила	10070
сожалению	10064
слов	10055
джимми	10054
дни	10036
дала	10035
жизнью	10034
совет	10023
занят	10021
попробуй	9994
подруга	9991
расскажу	9989
целый	9981
красивая	9975
попросил	9965
вышел	9958
удар	9952
вещей	9950
адрес	9947
дэвид	9924
оставьте	9920
сержант	9905
увидишь	9899
виноват	9858
разница	9854
открыть	9851
написал	9851
ждет	9851
новое	9838
счастлив	9833
вау	9823
выбора	9821
продолжай	9821
задницу	9816
покажу	9815
единственное	9801
доверять	9785
встреча	9780
убивать	9779
концов	9772
обоих	9762
будьте	9761
останется	9754
тюрьму	9737
наверно	9737
ищу	9736
момента	9730
обед	9730
лица	9727
видео	9725
стойте	9719
взяла	9714
подождать	9705
считает	9698
вечно	9685
покажи	9678
бен	9668
книгу	9666
многое	9664
земли	9659
дел	9657
какую	9656
поскольку	9646
узнала	9645
сильнее	9614
жены	9607
встречу	9601
весьма	9599
блядь	9598
поняли	9598
родителей	9592
оу	9587
лейтенант	9585
глупо	9581
узнает	9581
думают	9573
сезон	9572
снаружи	9563
голова	9550
мамой	9537
заняться	9529
кино	9528
вечера	9504
свете	9496
выйдет	9494
восемь	9470
найдем	9455
помогу	9454
больницу	9448
больнице	9447
магазин	9445
тони	9440
заметил	9426
договорились	9424
слушать	9420
бизнес	9413
примерно	9409
уехать	9408
мамы	9405
позвонил	9401
выходит	9390
маму	9359
документы	9354
попал	9345
шаг	9338
отпусти	9336
смотрю	9336
здравствуй	9334
понравилось	9331
смогли	9314
правы	9292
большие	9273
рассказала	9256
идут	9253
готово	9249
плохой	9246
офицер	9242
узнали	9238
скажет	9223
сюрприз	9222
внимания	9213
вышло	9189
дорогу	9173
считаешь	9170
фотографии	9169
вода	9165
делом	9160
каком	9155
полный	9147
следующей	9139
доказать	9127
захочешь	9126
книги	9123
война	9122
планы	9117
мысль	9115
веришь	9099
видно	9097
скажем	9089
большинство	9078
ребят	9070
продолжать	9054
ранее	9050
жертвы	9046
ближе	9013
качестве	9005
двигаться	9001
написано	8995
чувствовать	8991
хорош	8989
любить	8984
величество	8984
головы	8971
дороге	8958
попросить	8953
времена	8952
подумай	8951
забавно	8941
главный	8936
внизу	8929
каждую	8913
остался	8913
вставай	8912
мнение	8908
твоему	8903
часы	8882
вряд	8882
постой	8860
сомневаюсь	8854
отдай	8844
вечеринка	8839
ошибка	8826
приехали	8818
бросил	8807
вернется	8788
профессор	8787
любят	8785
ключи	8775
подходит	8758
беги	8753
ничто	8748
поле	8734
вышла	8732
открой	8731
воду	8731
сексом	8728
музыка	8715
побери	8706
бабушка	8704
собираемся	8692
несмотря	8687
госпожа	8686
стране	8664
рэй	8635
отдать	8635
трубку	8634
сил	8621
кончено	8606
другая	8599
комната	8549
ричард	8545
сердца	8540
опасности	8516
сша	8506
закончить	8501
детьми	8494
врач	8492
живу	8490
имеете	8490
команды	8485
пожалуй	8482
роль	8480
порядок	8476
группа	8473
встретимся	8455
кольцо	8451
самые	8445
позвони	8419
всём	8418
вверх	8413
разговаривать	8391
джим	8388
закон	8385
мужчин	8384
шутишь	8372
играет	8368
хорошим	8362
новой	8359
начнем	8357
ухожу	8353
член	8348
такси	8338
серия	8331
днк	8327
получше	8317
убила	8313
настоящая	8313
молодой	8304
эмили	8303
показания	8301
одному	8300
шутка	8291
уходить	8289
снять	8285
недостаточно	8283
каких	8270
кейт	8267
одни	8260
разобраться	8254
язык	8247
едем	8242
директор	8238
сто	8233
энди	8229
учитывая	8223
спросил	8223
днем	8220
первого	8218
джей	8212
наверху	8198
говорим	8193
счастлива	8192
помог	8182
отцу	8182
приходится	8176
определенно	8175
сигнал	8174
закончится	8173
помогает	8173
группы	8169
моём	8166
едва	8165
легче	8159
ответить	8157
спустя	8150
принести	8134
секрет	8126
приказ	8125
де	8124
опасно	8123
позволю	8113
билли	8113
бросить	8111
телефону	8110
самых	8093
эдди	8088
получишь	8075
господь	8071
внутрь	8070
компания	8060
прекрасный	8050
томми	8045
такими	8043
and	8042
пойдет	8041
женщиной	8031
работаешь	8027
большую	8021
волнует	8014
рук	8011
память	8002
старик	7997
избавиться	7995
квартиру	7991
закончили	7984
информация	7982
встречаться	7978
удовольствием	7975
спас	7972
мозг	7957
читать	7956
ким	7954
чертовски	7946
стол	7941
джонни	7936
ублюдок	7934
дон	7928
тысячи	7922
боб	7911
ложь	7904
it	7889
ёто	7882
потеряла	7878
взглянуть	7876
писать	7868
мен	7867
увидела	7866
передать	7862
войти	7853
везде	7850
бобби	7850
кое	7849
солнце	7840
устал	7837
сделку	7837
настоящее	7834
потеряли	7832
мм	7812
класс	7807
смотрел	7806
держите	7781
закончил	7765
марк	7759
джерри	7743
потрясающе	7740
обещал	7737
убедиться	7735
скажете	7732
факт	7731
уничтожить	7729
страны	7727
учитель	7724
полно	7721
начинается	7718
бежать	7714
операции	7704
сукин	7682
ошибку	7681
украл	7679
данные	7675
двоих	7673
света	7668
запах	7667
придурок	7648
найди	7623
лучшая	7621
вернулись	7613
убирайся	7612
боишься	7609
окно	7606
убийстве	7597
ситуации	7592
костюм	7586
казалось	7582
доказательства	7577
обсудить	7573
жил	7552
принимать	7551
море	7529
оставила	7527
судя	7524
штука	7522
ситуация	7522
возможности	7520
следы	7514
генерал	7512
рождество	7507
платить	7506
пытались	7500
забрал	7479
эрик	7476
самым	7469
великолепно	7469
песню	7468
билл	7458
помогать	7452
новость	7443
силу	7443
жертва	7442
баксов	7442
другими	7440
обожаю	7433
достать	7433
вовремя	7428
появился	7424
кларк	7415
тише	7407
одежду	7403
приходит	7402
расследование	7400
зато	7399
девушкой	7393
яйца	7360
зависит	7358
принадлежит	7354
согласно	7342
предложить	7338
уровень	7335
любила	7326
вашему	7319
собака	7316
знак	7310
чисто	7301
срочно	7298
начало	7298
вне	7281
клуб	7281
искал	7276
собираетесь	7276
души	7274
расслабься	7273
супер	7266
ждал	7264
неправда	7256
доступ	7256
куча	7249
туалет	7248
знакомы	7241
офисе	7228
сука	7227
слегка	7224
ждут	7222
песня	7221
наверх	7219
небольшой	7214
анна	7199
красиво	7195
запись	7190
причины	7186
работала	7186
состояние	7170
белый	7160
зайти	7153
дважды	7148
думай	7143
центр	7142
дружище	7141
исправить	7141
джейк	7140
использовал	7135
идешь	7131
желание	7129
книга	7126
многих	7122
разные	7119
полковник	7103
оказался	7100
идеи	7099
добраться	7097
нос	7086
возьмите	7082
матерью	7082
суда	7080
каково	7070
сила	7069
уходите	7066
рука	7058
повсюду	7056
лучшие	7054
сделано	7052
взгляд	7051
наркотики	7037
бери	7036
судья	7035
чушь	7024
плохая	7017
система	7006
практически	7004
выходные	7000
лили	6998
суде	6997
еда	6993
док	6992
узнаю	6990
нож	6987
написать	6984
собиралась	6982
чай	6963
глазах	6957
остальное	6955
брак	6948
представляешь	6948
остальных	6945
мимо	6941
поеду	6932
потерять	6930
старые	6913
звук	6903
частью	6902
приехала	6897
даст	6891
спит	6890
пытаешься	6888
выглядеть	6887
беременна	6886
увижу	6885
спал	6877
вкус	6867
крис	6867
поезд	6866
пиво	6864
уехал	6864
устроить	6858
радио	6846
обе	6844
команду	6839
безумие	6837
решить	6834
солдат	6834
ме	6832
мальчика	6829
короля	6829
проще	6826
особо	6823
ребенком	6812
дедушка	6811
мертва	6810
церкви	6809
результаты	6808
имена	6808
беспокойся	6805
неприятности	6805
камеры	6801
отправить	6791
брайан	6785
здание	6774
шон	6774
возле	6773
защищать	6770
плохие	6767
работают	6764
называть	6744
третий	6742
способен	6741
удивительно	6739
смысла	6738
долг	6736
боли	6734
клэр	6729
первую	6728
стыдно	6720
случиться	6714
сестры	6710
называют	6708
райан	6702
счёт	6696
слушаю	6693
мартин	6686
возвращаться	6680
выбрал	6680
черту	6671
инспектор	6670
земля	6666
оказалось	6661
сходить	6659
головой	6655
плюс	6653
оружия	6653
музыку	6653
явно	6650
сказано	6644
назвал	6643
стрелять	6637
своём	6634
столь	6633
ушли	6630
последняя	6624
лицом	6622
решать	6619
остались	6619
заплатить	6611
разу	6610
жене	6608
даю	6608
центре	6608
началось	6605
президента	6598
сообщить	6594
кучу	6593
чтo	6589
звали	6588
принял	6588
придёт	6580
рода	6573
справиться	6560
поцелуй	6556
сбежал	6555
еды	6552
встречались	6545
прошла	6545
команде	6541
оставлю	6537
ищем	6530
согласна	6526
останусь	6526
тест	6524
прошлое	6511
смотришь	6510
код	6507
двумя	6505
шучу	6500
человеку	6499
выбраться	6498
следовало	6497
продать	6497
нe	6491
которому	6491
звонила	6481
поставить	6480
клиент	6477
здоровье	6477
прочь	6476
приду	6475
держу	6465
поговорю	6464
похожа	6462
рассказывать	6458
играл	6452
стив	6451
заставил	6450
встретил	6449
самолет	6445
кости	6444
сбежать	6443
прекратить	6443
уйду	6440
принесу	6428
власти	6425
ушёл	6424
остается	6422
постели	6413
вернись	6407
впереди	6404
захочет	6399
реально	6398
двадцать	6391
квартире	6389
маленькой	6389
важное	6386
ешь	6385
бар	6384
жива	6384
дает	6382
завтрак	6380
любовью	6378
зря	6376
полицейский	6375
принес	6375
ƒа	6362
мария	6361
страшного	6358
устала	6358
прекратите	6354
убери	6352
нравишься	6348
заходи	6347
энни	6336
сработает	6335
старая	6334
скучаю	6332
заявление	6332
плохого	6330
поймать	6326
ответственность	6325
прощай	6324
девять	6324
осталась	6318
наедине	6318
выбрать	6314
обвинения	6313
ммм	6306
that	6303
компанию	6300
поедем	6298
цветы	6297
имела	6292
ждёт	6290
камеру	6287
новых	6282
преступление	6280
трех	6269
кусок	6266
пропал	6264
посмотрю	6255
медленно	6242
душу	6241
получит	6238
рады	6238
значения	6229
забрали	6229
пойдешь	6228
сохранить	6228
привести	6227
видит	6226
информации	6224
войну	6222
письма	6214
бумаги	6207
холодно	6206
руками	6200
томас	6193
упал	6193
моими	6183
отношение	6175
карл	6162
ма	6156
операция	6156
судьба	6150
of	6145
любимый	6145
задать	6144
папочка	6142
внезапно	6141
временем	6140
представляю	6137
церковь	6130
решения	6128
чувствовал	6128
чудесно	6126
специально	6119
маленькие	6119
дурак	6118
ад	6118
мальчики	6112
начинает	6109
компьютер	6106
станешь	6105
продолжайте	6100
роберт	6088
урок	6084
кровью	6078
глазами	6070
занимается	6068
линии	6065
люк	6057
брать	6054
давать	6053
вновь	6052
трое	6051
девушек	6051
чё	6050
услышал	6049
вызвать	6049
работали	6047
позвонила	6044
бороться	6041
остановись	6040
вариант	6040
послал	6040
назвать	6038
просила	6032
ход	6030
положение	6025
вернемся	6025
уходим	6017
уилл	6014
связано	6008
каждой	5990
звонит	5990
роман	5989
миру	5986
беспокоит	5985
кэтрин	5983
номера	5975
комнаты	5970
прекрасная	5967
победить	5966
правительство	5966
ищет	5963
систему	5963
попросила	5960
операцию	5959
ногу	5957
поступил	5956
прошлый	5955
живёт	5948
герой	5947
воздух	5946
живут	5943
читал	5940
адвоката	5936
поступить	5934
поможешь	5928
адам	5925
люси	5918
чудо	5917
разных	5914
школа	5908
курс	5905
отель	5898
задание	5897
приехать	5894
умру	5892
телефона	5888
считать	5887
ценю	5886
мечты	5882
родился	5881
работой	5881
вспомнить	5878
виде	5875
похожи	5871
слышите	5869
уходит	5868
понимает	5868
угу	5868
кровати	5867
умоляю	5867
срок	5866
действовать	5862
мужем	5851
извиниться	5850
пахнет	5849
дух	5845
лучших	5841
отдел	5834
будущем	5833
большим	5832
беспокоиться	5831
узнаем	5824
интервью	5824
скотт	5824
сыном	5821
предлагаю	5821
убит	5819
болит	5817
каждое	5816
встретились	5814
итоге	5813
мяч	5812
закрой	5809
умею	5809
справлюсь	5808
убедить	5802
остановиться	5799
возвращайся	5796
цели	5795
форме	5794
сидит	5791
королева	5790
дождь	5789
отдал	5780
бывший	5778
едет	5777
танцевать	5772
пива	5765
причин	5764
обязан	5763
проклятье	5756
колледж	5754
мозга	5752
оставайся	5750
системы	5746
карты	5745
просить	5744
садитесь	5738
хорошей	5737
душ	5734
смогут	5729
камень	5724
волнуйтесь	5722
страну	5719
звонить	5718
проводить	5713
ура	5712
мёртв	5712
смотрит	5711
детям	5711
мужчиной	5710
труп	5710
вино	5707
армии	5706
убивал	5706
вкусно	5703
заставляет	5700
любое	5694
которыми	5694
твоём	5689
малышка	5686
эбби	5678
правило	5675
кровать	5673
кабинет	5673
чарльз	5673
баре	5672
действия	5671
ситуацию	5668
убрать	5667
жениться	5667
ходил	5663
джона	5657
исчез	5654
келли	5653
погиб	5651
зрения	5650
счастье	5648
желаю	5647
давление	5643
душе	5641
взгляни	5625
основном	5621
прошел	5621
душа	5619
свадьбу	5615
тюрьмы	5612
отдохнуть	5606
фунтов	5601
встать	5600
произойдет	5599
дженни	5597
миллион	5596
святого	5596
глубоко	5588
сзади	5587
святой	5587
подобного	5586
предложил	5585
пит	5582
значение	5571
отеле	5565
позади	5559
идеально	5554
занимаюсь	5554
занимался	5553
нескольких	5550
подобное	5550
мозги	5543
несчастный	5543
рассказывал	5542
считаете	5537
выходи	5534
in	5531
полной	5528
свадьбы	5522
мамочка	5522
страх	5521
появится	5519
банк	5511
носить	5511
отпечатки	5509
ничем	5509
чак	5508
возрасте	5508
горжусь	5507
выиграл	5504
принесла	5503
встрече	5499
нибудь	5498
приходить	5498
следить	5495
лео	5495
ног	5482
лекарство	5481
лучшим	5481
тип	5479
умирает	5471
признать	5470
воспоминания	5467
имеют	5464
защиты	5464
билет	5462
выпьем	5461
работаем	5458
купила	5452
выиграть	5450
трогай	5449
магазине	5447
красный	5446
петь	5445
название	5442
вытащить	5441
сестру	5437
отвечать	5432
отпустите	5432
кевин	5431
контролировать	5430
чёрта	5429
власть	5427
вторая	5425
волноваться	5422
бросила	5422
спрашиваю	5417
секса	5417
данный	5416
красивый	5413
джентльмены	5406
суть	5406
уши	5405
оставили	5405
начинаю	5405
сотни	5403
связаться	5399
окна	5397
доброй	5393
майор	5393
держаться	5389
цру	5387
штаны	5387
занята	5384
отвали	5382
цвет	5382
получу	5380
сидел	5376
случается	5366
хозяин	5366
учиться	5366
некоторых	5362
прошли	5361
погодите	5356
некоторое	5356
братом	5350
считают	5346
новым	5346
показалось	5345
целую	5344
поблагодарить	5337
количество	5336
лекарства	5335
сумасшедший	5334
расскажите	5332
ожидал	5325
элис	5324
умрет	5322
грейс	5312
слухи	5312
участок	5311
улицу	5310
классно	5309
животных	5309
изменилось	5306
странный	5304
передай	5291
ди	5287
надеялся	5285
собственной	5285
гости	5284
дэн	5284
контроль	5282
грудь	5275
братья	5272
миль	5270
улики	5267
огромное	5259
замок	5259
данных	5258
дому	5258
районе	5253
сядь	5252
наоборот	5243
богом	5243
элли	5242
создать	5241
закончилось	5239
отвечает	5237
побыть	5235
поесть	5233
умеешь	5233
лесу	5229
самому	5229
алан	5217
отправил	5217
деньгами	5213
принеси	5211
таблетки	5206
ресторан	5204
нашему	5203
поверьте	5199
включая	5196
живо	5195
мужчину	5190
придумал	5185
шериф	5185
хрена	5182
ханна	5179
собирались	5178
половину	5177
ён	5177
забыли	5176
сделайте	5175
удовольствие	5167
стараюсь	5156
проходит	5155
спала	5154
автобус	5153
настоящие	5153
me	5149
узнаешь	5149
спроси	5145
лучшего	5138
придумать	5136
вечеринке	5134
пользу	5133
появилась	5123
списке	5117
лежит	5111
живой	5110
счастливы	5110
понимать	5107
плохое	5106
любого	5104
зубы	5103
кухне	5102
попытаться	5100
расскажешь	5099
буквально	5098
клиентов	5096
ван	5096
копы	5095
no	5093
великий	5093
пяти	5090
прием	5089
скучно	5088
приходил	5088
песни	5083
девчонка	5081
рукой	5077
попала	5077
джош	5074
проект	5074
бой	5072
естественно	5070
стивен	5068
увидите	5062
процесс	5060
делайте	5058
вызов	5057
ниже	5056
рейчел	5055
перерыв	5051
дерьма	5041
принцесса	5040
само	5039
врн	5038
ненадолго	5036
радостью	5031
ответил	5026
убьет	5024
тед	5020
короче	5019
провел	5015
сесть	5013
вечеринки	5011
попробуем	5008
теб	5001
вернётся	5001
разберусь	5000
умный	4999
поймали	4997
ак	4993
кошмар	4992
днём	4990
дорога	4987
общего	4982
жертв	4982
ведет	4979
очки	4979
барри	4977
чикаго	4977
найдём	4975
игре	4970
официально	4969
попробую	4968
энн	4966
женат	4965
совпадение	4960
начальник	4960
убивает	4954
терпеть	4954
счастью	4953
гей	4952
множество	4951
убьют	4950
болезнь	4948
свидетель	4948
тему	4947
элизабет	4946
службы	4945
положи	4944
пригласить	4939
бояться	4937
точки	4934
голоса	4934
дин	4932
собрать	4930
памяти	4930
хороша	4928
думаем	4928
пригласил	4926
классе	4923
проверь	4920
парню	4919
этo	4917
убийцы	4913
вину	4910
харви	4909
больницы	4908
смертью	4908
всякий	4906
принц	4903
бойся	4902
надеяться	4901
поднять	4893
обнаружили	4889
перестать	4882
отойди	4878
покинуть	4874
чувствует	4874
нелегко	4872
ими	4870
оказаться	4868
жила	4863
избежать	4863
старший	4859
представляет	4858
столе	4857
ошибки	4856
половина	4855
смей	4853
заботиться	4852
лаборатории	4849
любим	4845
успокойтесь	4844
имеем	4844
последней	4841
вызывает	4841
важнее	4840
первые	4840
убийцу	4839
полегче	4838
женщине	4837
жили	4835
позволил	4835
груди	4834
праздник	4831
умеет	4824
присоединиться	4819
черный	4817
опыт	4813
бред	4812
болен	4811
су	4808
источник	4808
собираются	4807
любимая	4806
занимаешься	4800
картер	4795
эмма	4789
побольше	4788
закрыть	4782
ангел	4781
тренер	4781
откройте	4774
ветер	4770
остров	4766
первом	4764
семьей	4764
интересует	4758
беру	4757
уехала	4751
виновата	4746
кэти	4746
морган	4746
ищешь	4733
контракт	4731
получите	4729
телевизор	4725
любите	4724
попали	4722
местах	4722
ненавидит	4722
целью	4718
дольше	4718
полчаса	4714
согласны	4714
войне	4710
осторожнее	4710
замужем	4708
звонки	4707
причине	4705
папой	4704
пойдёт	4697
роли	4695
спишь	4694
управлять	4692
собаку	4690
бля	4690
представь	4688
глава	4687
постель	4686
правде	4685
шум	4684
придут	4684
ударил	4681
схожу	4681
провели	4681
начинать	4680
внимательно	4677
пятницу	4675
проходите	4673
кафе	4672
отказаться	4671
поговори	4671
предупредить	4670
свободу	4670
переживай	4669
начнём	4667
полная	4662
руке	4660
улицы	4658
виски	4654
странное	4653
фил	4652
артур	4650
карту	4647
знаком	4646
словами	4646
оказывается	4645
звоню	4644
уолтер	4642
энергии	4639
познакомились	4639
ларри	4638
бежим	4632
сквозь	4632
шлюха	4632
ордер	4631
капитана	4626
согласился	4624
мертвы	4623
класса	4616
написала	4616
париж	4615
страна	4615
умирать	4612
зад	4612
счета	4612
сильный	4607
ерунда	4604
дерево	4601
одолжение	4599
домом	4597
колени	4597
выжить	4592
ждала	4590
грузовик	4584
заплатил	4584
путешествие	4583
узнают	4582
чек	4581
билеты	4581
достал	4577
спину	4576
останешься	4573
надолго	4569
рак	4568
помощник	4566
парк	4565
стены	4565
сработало	4559
ощущение	4554
показал	4553
полу	4552
находиться	4547
девочек	4544
робин	4543
карен	4540
пёп	4539
любую	4539
ќе	4535
зная	4533
сообщения	4533
именем	4533
квартира	4521
анализ	4518
другому	4515
совершил	4512
оливер	4512
лошадь	4511
ответы	4510
готовить	4508
субботу	4501
дышать	4500
зла	4499
мэгги	4497
выгляжу	4496
разрешение	4493
девчонки	4491
хрень	4490
секундочку	4487
перезвоню	4486
миллиона	4485
одиночку	4484
займусь	4484
увидит	4480
боится	4474
одновременно	4471
использовали	4470
спрашивал	4468
лиза	4464
врать	4461
отказался	4460
цвета	4460
жертву	4459
теми	4455
метров	4454
горло	4450
дворе	4448
пропала	4446
дитя	4444
пошло	4442
небольшая	4440
станции	4437
чувствовала	4437
бедный	4435
статус	4435
поведение	4434
начинай	4433
ванной	4432
кабинете	4428
немножко	4427
извинения	4426
здания	4422
удастся	4415
виделись	4414
пытаемся	4413
отпустить	4413
спросила	4412
выходить	4411
извиняюсь	4410
свадьба	4409
джесси	4405
марта	4404
проверю	4403
контролем	4399
we	4398
отвезти	4396
доверяю	4394
найдешь	4393
сражаться	4391
звезда	4385
найдут	4383
заберу	4380
лагерь	4379
ходит	4378
посреди	4376
звони	4375
браво	4374
мишель	4373
скорость	4371
использует	4370
заслуживает	4369
заметила	4368
спиной	4364
прям	4364
возвращается	4359
положить	4357
воскресенье	4354
чертов	4343
мэтт	4343
ть	4341
камера	4340
впечатление	4339
оказалась	4339
корабля	4338
мясо	4337
обсуждать	4336
фильма	4336
разговаривал	4335
штата	4335
результат	4333
крайне	4333
держит	4333
доказательств	4332
вселенной	4332
признаться	4330
необходимости	4330
детали	4330
ќо	4327
группу	4327
грустно	4324
штук	4322
ком	4319
эндрю	4314
меч	4309
убей	4307
занять	4306
одежда	4303
бомба	4303
on	4301
чувствуете	4301
кейси	4293
поймал	4289
ящик	4288
работаете	4288
клубе	4286
тоби	4284
забудьте	4283
живых	4283
алиби	4282
пройдет	4282
проблему	4280
свободен	4280
he	4276
подойди	4274
каждая	4272
детстве	4269
считал	4269
налево	4268
помни	4264
девушке	4262
напоминает	4259
дают	4259
увидели	4257
фильме	4257
постараюсь	4255
потребуется	4255
сестрой	4253
отношениях	4253
отношений	4244
доктором	4243
джин	4242
надежда	4240
приедет	4239
личное	4238
обычный	4237
изменился	4235
ужас	4229
салли	4228
мэр	4228
условия	4224
ай	4222
иисус	4220
ќн	4218
научиться	4218
играю	4217
разрешения	4216
нашими	4212
связаны	4210
пациент	4209
обвинение	4209
жди	4208
старше	4208
начну	4208
старой	4207
пропустил	4202
палец	4201
my	4200
позабочусь	4200
прошлого	4198
сумку	4196
боялся	4196
красивые	4195
простить	4195
найдите	4194
франции	4193
секреты	4192
верите	4192
америке	4191
ужасный	4188
драться	4184
создал	4182
гостей	4180
колледже	4180
нигде	4178
заметили	4178
молли	4173
позаботиться	4170
терять	4170
рисковать	4167
отдела	4163
след	4163
золото	4161
волос	4160
простой	4153
доктору	4151
отстой	4150
будущего	4148
ровно	4146
собрались	4145
совета	4143
штуку	4141
водой	4140
саймон	4139
спрашивать	4138
приняли	4134
пытаются	4132
воспользоваться	4130
требует	4129
марти	4126
живешь	4124
играешь	4121
клиента	4120
позвонили	4117
стоял	4117
отпуск	4115
аминь	4114
движение	4114
особенного	4113
каждом	4112
заняты	4112
наплевать	4112
мечта	4112
надеть	4110
зал	4110
арестовали	4107
виктор	4104
шансы	4103
минимум	4102
оружием	4102
неловко	4102
захотел	4100
джейсон	4100
начинаем	4099
понедельник	4099
сне	4096
вернешься	4094
риск	4094
сучка	4093
попытка	4093
скучать	4090
софи	4090
каждым	4088
огромный	4087
помогла	4087
второе	4085
встретила	4083
провела	4083
сомнения	4083
подумали	4082
скорей	4079
is	4078
мастер	4077
пальцы	4076
небо	4075
открыл	4074
съесть	4072
сериале	4072
займет	4071
добиться	4070
сперва	4070
заходите	4068
ла	4065
послушать	4063
двигайся	4061
большого	4057
норме	4056
личность	4056
товарищ	4055
донна	4051
поставил	4050
приходи	4050
быстрей	4049
следующем	4047
заслужил	4047
мест	4045
лес	4045
горы	4044
собаки	4044
джереми	4041
гений	4040
занимались	4040
встречался	4040
джонс	4037
твоими	4036
проверил	4036
привело	4035
врача	4035
людях	4030
сверху	4026
опоздал	4025
мистером	4024
парке	4022
мо	4019
поиграть	4018
нил	4015
несомненно	4014
дашь	4010
вышли	4008
управление	4004
разум	3998
хороших	3996
прибыли	3995
плакать	3994
получает	3994
украсть	3993
стоят	3993
собрался	3991
лондон	3988
стене	3986
рш	3985
джейми	3983
заново	3980
напротив	3980
искали	3977
программу	3976
желания	3973
полное	3972
девочку	3971
болезни	3970
планете	3969
покончить	3968
близки	3968
рик	3967
взгляните	3965
охрана	3964
лице	3963
сделка	3961
армия	3961
выстрел	3960
ужасное	3959
крутой	3959
выйду	3958
круг	3958
поехал	3956
стену	3956
поделать	3955
счастливой	3954
тьi	3954
хэнк	3951
росс	3951
вещах	3948
зале	3947
требуется	3947
нравилось	3946
зло	3943
украли	3943
верит	3943
отправиться	3942
наружу	3941
последнюю	3941
устройство	3939
лето	3938
уме	3936
хан	3931
поисках	3930
отчет	3928
встретить	3925
закончила	3925
отойдите	3924
ћы	3923
хелен	3922
вскоре	3920
дочерью	3919
ответь	3919
враг	3919
ищут	3918
исследования	3915
оказались	3914
пола	3914
сцену	3914
умерли	3913
используют	3913
отдам	3912
наблюдать	3912
мсье	3910
закончим	3909
силой	3908
пытаясь	3904
подружка	3903
справишься	3902
ждали	3902
бесплатно	3897
поиски	3894
попрошу	3893
форму	3892
открывай	3892
живым	3890
неожиданно	3887
своя	3883
бывают	3881
появились	3881
мистеру	3880
собственный	3876
писал	3875
пожар	3875
обнаружил	3874
следов	3873
продал	3873
командир	3872
планеты	3872
представление	3865
говорится	3863
важный	3861
ќет	3860
псих	3858
тим	3857
бо	3854
борту	3852
свидетелей	3851
полном	3850
выглядят	3849
уильям	3848
контакт	3844
ранен	3838
смотрели	3837
позвоните	3833
хрен	3833
снимать	3832
субтитры	3829
стэн	3829
ходят	3827
жарко	3826
цена	3824
терри	3823
хмм	3822
сети	3819
животное	3818
искала	3814
плачу	3810
постарайся	3809
бутылку	3807
пенни	3806
надоело	3796
объясню	3794
футбол	3793
похороны	3791
управления	3790
тупой	3790
агента	3789
приходят	3787
второго	3787
останься	3786
пальцев	3783
упала	3777
обмен	3776
миром	3776
продолжим	3775
безусловно	3775
торт	3774
уйди	3773
выхода	3773
блять	3772
поработать	3771
взрыв	3770
отвратительно	3769
волнуюсь	3765
клуба	3765
участие	3765
счастья	3764
получим	3763
квартиры	3763
папы	3763
красавица	3761
участвовать	3759
америки	3758
вырос	3757
недалеко	3755
добавить	3755
отправили	3754
дэниел	3753
тетя	3752
платят	3751
элисон	3750
пьян	3750
общаться	3748
сбежала	3748
кайл	3745
удобно	3745
коп	3743
дл	3740
лицу	3740
вспомнил	3738
рождества	3734
фу	3731
ходила	3730
принято	3728
наблюдения	3727
голоден	3725
подозреваемый	3725
джексон	3724
выбрала	3723
группе	3722
смотрела	3722
дождаться	3718
направо	3718
столом	3717
нога	3716
дорогуша	3715
сыну	3714
куплю	3714
просит	3711
каждому	3708
занятия	3708
выбирать	3708
папе	3705
нападение	3704
англии	3703
вернёмся	3702
произойти	3702
хранить	3702
чаще	3702
тратить	3696
возраста	3696
восторге	3696
обязаны	3693
некуда	3690
объясняет	3689
молоко	3688
служба	3688
корабле	3686
напал	3684
сыграть	3683
помогли	3683
степени	3682
лечение	3682
остаётся	3681
продолжить	3681
париже	3681
осторожен	3679
настоящим	3678
закона	3677
границы	3677
кэролайн	3677
радость	3673
беспокоюсь	3673
луис	3672
глупости	3672
превосходно	3669
заставила	3668
благодарен	3664
собак	3661
уберите	3659
хорошенько	3658
выбрали	3658
приняла	3655
входите	3655
последнего	3651
пойдемте	3651
преступник	3650
устраивает	3650
теле	3649
самую	3648
женаты	3648
пирог	3647
бросай	3647
карта	3647
постойте	3642
лорд	3639
джеки	3639
расстались	3639
носит	3638
плана	3637
верни	3636
сок	3636
установить	3635
пациентов	3635
родителями	3635
книге	3635
мари	3635
надежды	3634
модель	3633
общества	3631
следующее	3629
мусор	3628
сплю	3626
единственным	3626
эд	3625
доказательство	3625
беспокойтесь	3623
ходили	3622
держитесь	3621
уходишь	3621
нанял	3620
большее	3620
мак	3620
напали	3618
призрак	3616
связан	3616
свадьбе	3615
уверяю	3613
последним	3612
посмотрел	3609
далее	3609
цену	3608
заказ	3605
патрик	3605
маленькую	3604
играли	3603
определить	3602
повторяю	3602
продавать	3600
точка	3599
дружок	3599
процентов	3598
пишет	3598
джефф	3595
родителям	3595
оставайтесь	3594
газеты	3594
дар	3593
новостей	3593
приступ	3592
словам	3592
ворота	3591
штат	3591
здании	3590
число	3589
автомобиль	3588
ти	3586
сердцем	3583
принимаю	3583
секунды	3579
папу	3578
понравился	3576
разговаривали	3576
дыхание	3575
помнить	3574
замечательный	3572
возьмем	3572
пример	3569
пользоваться	3569
проверьте	3566
борт	3566
ужасная	3564
принёс	3564
роза	3563
смотрят	3563
идёшь	3559
оставим	3559
причиной	3556
штуки	3556
звонили	3556
сними	3550
настроение	3548
положении	3546
судить	3542
ею	3541
водитель	3540
собрание	3539
угол	3538
названием	3537
привел	3537
отстань	3537
предпочитаю	3533
странные	3531
подарки	3531
звезды	3529
концерт	3527
отвечай	3524
разговоры	3524
убирайтесь	3523
кан	3520
четверг	3519
камер	3519
защиту	3517
доставить	3517
задача	3516
шею	3516
прислал	3515
живы	3515
острове	3514
сумасшедшая	3514
фургон	3514
арестовать	3513
ложись	3513
солнца	3512
счастливого	3510
хорошую	3510
силах	3510
одиночестве	3509
контроля	3508
каков	3507
трёх	3507
нравлюсь	3507
шансов	3506
верну	3506
магазина	3505
увидеться	3505
поля	3505
маленьким	3504
пары	3502
сан	3502
лучшей	3498
живот	3496
туфли	3493
роуз	3493
образ	3490
вирус	3487
дьявол	3485
талант	3483
наказание	3483
владелец	3482
видим	3480
отличное	3479
пугает	3478
погибли	3477
даёт	3476
творится	3476
договор	3474
очереди	3474
безопасность	3473
сознание	3472
сошел	3469
самоубийство	3466
свободны	3464
увидим	3464
причину	3463
способности	3463
пытаться	3462
заплачу	3462
вины	3460
века	3459
миллионы	3458
кричать	3456
системе	3455
высочество	3455
президентом	3455
женился	3454
события	3454
доверие	3454
роджер	3454
зомби	3453
следовать	3450
обеда	3447
джесс	3446
сделаете	3446
относится	3445
ребёнком	3444
стиле	3444
виновен	3442
изо	3442
джулия	3439
скрывать	3439
фамилия	3438
прекрасна	3437
банка	3435
фотографию	3434
правил	3432
успел	3432
дверью	3431
пальто	3431
ответа	3430
эпизод	3429
тридцать	3429
выглядел	3427
делами	3426
защита	3424
сделают	3424
счастливым	3424
лестнице	3423
оставлять	3423
воде	3422
провожу	3420
повод	3419
спросите	3418
послать	3418
столик	3418
найдет	3418
полгода	3418
летом	3418
месяце	3418
вера	3417
началась	3413
ми	3413
ошибся	3413
хлеб	3413
пари	3412
чжин	3410
устроил	3410
шанса	3409
программа	3408
должность	3405
выглядите	3404
танец	3404
подняться	3402
завести	3401
духе	3400
пули	3400
расстроен	3400
ждем	3397
лондоне	3396
появляется	3392
приятного	3392
ел	3389
исключением	3388
расти	3388
пациента	3384
покупать	3384
глупая	3381
положил	3381
захотите	3380
дорого	3380
прокурор	3380
раны	3379
народа	3378
ребекка	3373
исчезла	3373
подумайте	3373
опасность	3372
почувствовал	3371
злишься	3370
нехорошо	3367
роде	3366
нуждается	3364
младший	3364
дадим	3363
сестре	3359
пропустить	3359
спрашиваешь	3358
стреляй	3358
событий	3358
редко	3358
базе	3357
свободе	3356
скорую	3356
пуля	3356
минуточку	3355
освободить	3355
приглашение	3354
слушаешь	3353
выйдешь	3349
кэрол	3346
точку	3346
журнал	3345
ќу	3344
наркотиков	3341
вход	3341
теория	3339
глупый	3339
тома	3339
умираю	3338
стрелял	3338
навестить	3334
безопасно	3333
настоящего	3333
прибыл	3333
этаж	3332
уволили	3329
службу	3327
самолёт	3326
услугу	3326
определённо	3326
забуду	3325
молчать	3323
шутки	3322
подожду	3322
оливия	3321
проверим	3320
картину	3317
пей	3316
пост	3315
рой	3315
смех	3315
ногами	3314
поддерживать	3311
бить	3311
вел	3310
полицейские	3310
членов	3310
страха	3310
оскар	3309
покажите	3309
разрушить	3308
заметить	3308
лоис	3306
what	3304
обещание	3302
поддержки	3301
начале	3300
следи	3300
разговора	3299
собственную	3299
странным	3297
кусочек	3297
одежды	3296
держал	3294
будучи	3294
позволит	3293
приготовить	3293
понравилась	3289
лгать	3288
обсудим	3288
суп	3287
обоим	3286
встречалась	3284
общество	3283
тысячу	3283
пойдёшь	3282
умрёт	3282
боялась	3281
маргарет	3280
принимает	3279
воздуха	3278
победа	3276
маленьких	3275
старого	3274
район	3274
подряд	3273
поедешь	3272
спрошу	3268
неа	3268
приём	3267
неделя	3267
снял	3266
успех	3266
возможное	3265
собственного	3264
личности	3264
находятся	3263
чья	3262
перестал	3259
дыши	3258
подойти	3258
годами	3257
целая	3257
your	3256
территории	3256
уроки	3255
любили	3255
машин	3254
хватило	3254
сцене	3254
углу	3254
странная	3253
друзьям	3253
смит	3251
кармане	3251
сьюзан	3250
спасла	3250
смеяться	3250
эрика	3249
попробуйте	3249
милорд	3248
станут	3247
эйприл	3246
сценарий	3246
доволен	3243
фактически	3242
сути	3241
директора	3240
майка	3240
съел	3240
пулю	3240
газ	3240
маленького	3239
хо	3238
безумно	3237
слева	3236
деньгах	3235
надеялась	3234
принесли	3233
звать	3232
высоко	3227
сеть	3227
изменится	3227
эшли	3227
вторник	3226
вынужден	3220
едешь	3219
заднице	3219
ем	3218
тени	3217
задницы	3214
позволяет	3214
зак	3213
показывает	3212
поцеловать	3210
прошлым	3209
закончу	3209
точнее	3208
солдаты	3206
настоящей	3206
заработать	3205
this	3204
береги	3204
расследования	3203
фред	3203
большего	3203
отличие	3203
веди	3201
действует	3201
замолчи	3200
речи	3200
играют	3199
возражаете	3198
этаже	3197
хватало	3196
фрэнки	3196
вреда	3195
делам	3195
средства	3194
представляете	3193
поспать	3191
зеркало	3190
тедди	3190
расстроена	3190
for	3188
верил	3187
re	3186
читала	3185
почувствовать	3184
свободы	3182
нравиться	3180
поверил	3180
толку	3179
бюро	3178
проснулся	3177
отеля	3176
фотография	3174
следующая	3173
образец	3173
правительства	3173
области	3173
последствия	3171
услышала	3171
меняет	3169
десяти	3168
бомбу	3167
позволите	3166
навредить	3165
поступила	3164
шевелись	3164
поближе	3164
долгое	3163
половиной	3162
правды	3161
пакет	3160
пойми	3159
движения	3158
переговоры	3156
программы	3156
подвале	3156
поступать	3156
офиса	3155
победил	3154
задница	3154
армию	3154
лиз	3153
грант	3153
умная	3153
небольшое	3153
урод	3152
захочу	3151
кэрри	3149
классный	3148
справедливо	3147
дне	3145
новом	3145
фильмы	3144
ибо	3144
стоишь	3143
щрн	3142
чжу	3142
передайте	3142
просили	3141
сильная	3141
поддержку	3140
проблемой	3137
концу	3136
протяжении	3136
больна	3135
джули	3134
подать	3129
слышно	3128
стиль	3126
обращаться	3126
согласилась	3126
следующие	3125
искусство	3120
аварии	3119
отличные	3118
копов	3115
счастливо	3114
отвезу	3114
карьеру	3114
дура	3114
се	3114
старых	3113
машиной	3112
пригласили	3110
остановите	3109
рассказывала	3109
занимаетесь	3109
юн	3108
улик	3105
интернете	3101
ужасные	3101
слушает	3100
вдвоем	3100
продолжает	3098
лжи	3098
живем	3098
правилам	3097
хуй	3096
больших	3096
признание	3096
делах	3095
маркус	3095
попрощаться	3094
отправился	3094
вызвал	3093
предстоит	3093
лесли	3092
обещала	3092
переехать	3090
звонков	3088
прекрасное	3088
остановились	3086
сделки	3085
опусти	3083
статью	3081
уровне	3079
полную	3078
забывай	3078
служить	3078
поблизости	3076
жертвой	3076
танцы	3074
университет	3074
заставили	3072
научился	3070
сошла	3068
скрыть	3068
приходите	3067
рай	3066
давал	3065
врачи	3064
угроза	3063
горе	3062
невеста	3062
лодку	3061
ээ	3060
заранее	3059
ум	3058
пью	3058
становятся	3057
белого	3056
учителя	3055
печально	3054
сенатор	3051
красавчик	3049
идею	3049
мадемуазель	3049
подтвердить	3048
скажут	3047
самим	3047
изменил	3045
прошёл	3044
видят	3044
яд	3044
отследить	3043
напарник	3043
детства	3042
пойму	3040
факты	3040
заканчивается	3040
начинают	3039
родилась	3038
выпил	3037
период	3036
ресторане	3036
купили	3036
ведешь	3035
уважения	3034
подарил	3031
левой	3030
проверили	3029
существо	3029
любопытно	3029
вашингтон	3026
почту	3026
любые	3026
чудовище	3026
непросто	3023
замечательная	3023
выпей	3022
помнит	3022
тайлер	3022
смотря	3020
alphahff	3019
построить	3017
пережить	3016
направлении	3015
ненавидишь	3014
меры	3013
вред	3013
тема	3012
зашел	3012
интерес	3011
красота	3011
справа	3011
кожа	3011
способны	3010
барни	3010
настроении	3009
назвали	3008
брюс	3007
убийств	3006
главным	3006
придешь	3006
начнется	3005
подписать	3005
приходилось	3005
майкла	3004
менеджер	3004
oн	3003
подруги	3001
елена	3000
лучшему	2999
сломал	2999
веду	2997
остановился	2994
жопу	2993
округе	2992
tы	2992
сознания	2991
ножом	2990
встречается	2990
главная	2989
товар	2989
уровня	2987
кожи	2987
приеду	2987
сегодняшнего	2983
пил	2983
выражение	2980
летать	2980
научил	2979
сижу	2978
рэйчел	2978
такова	2977
получать	2977
джека	2976
тошнит	2976
обсуждали	2975
фредди	2975
бывшая	2974
аэропорт	2973
позиции	2973
лорен	2972
повторять	2972
прочитать	2972
бонни	2972
проваливай	2969
найдете	2967
результате	2966
считается	2966
вправду	2964
станем	2962
белые	2962
прикрытием	2962
рыба	2962
форма	2962
записку	2960
поделиться	2960
сью	2959
ааа	2959
относительно	2958
остановитесь	2958
имели	2957
остальным	2957
расслабиться	2957
учился	2956
винить	2956
женщинами	2955
ведут	2955
соседи	2954
мешок	2954
засранец	2954
восстановить	2954
сеньор	2953
городу	2952
лабораторию	2951
сволочь	2951
спасли	2951
классная	2950
помогут	2950
лошади	2950
приму	2949
наркотиками	2948
охраны	2948
прокурора	2947
банке	2946
подойдет	2946
издеваешься	2946
выходите	2946
парнями	2946
останови	2942
пораньше	2942
помогал	2942
че	2941
фигня	2941
представьте	2940
умирают	2938
лу	2938
забрала	2938
убьёт	2937
америку	2937
гость	2934
монстр	2934
линда	2933
мин	2932
изменилась	2931
помешает	2931
сосед	2930
попытался	2930
острова	2930
громко	2929
сад	2929
правильный	2929
судьбу	2928
добры	2928
отомстить	2927
адвокатом	2926
народу	2926
менять	2925
занималась	2924
наиболее	2923
расскажет	2923
бум	2922
проснись	2919
нахуй	2919
счастливый	2919
вернутся	2919
интересное	2917
каждые	2917
стакан	2917
важная	2917
уйдет	2916
хлоя	2916
чёрный	2916
масло	2915
русские	2915
врагов	2915
коробку	2915
линию	2913
существуют	2913
взрыва	2911
министр	2909
обратиться	2907
отменить	2905
скорости	2905
сложнее	2903
жалко	2903
передо	2903
лукас	2903
нету	2902
миссия	2900
винсент	2898
шла	2895
спенсер	2895
аманда	2895
размер	2895
окажется	2893
падает	2893
джоуи	2892
сообщили	2889
шел	2889
ограбление	2888
лежать	2886
поймешь	2886
прелесть	2884
больной	2884
проиграл	2882
повторить	2881
изменения	2880
привезли	2879
личные	2877
поехала	2875
справимся	2874
испортил	2874
бет	2872
нечестно	2871
закончилась	2871
свидетеля	2869
санта	2869
вашими	2869
картины	2868
зол	2868
курить	2868
поездка	2866
хожу	2866
отсутствие	2865
доброго	2864
убивают	2863
спрашивает	2862
нa	2860
узнаете	2857
проверка	2856
боятся	2855
чан	2854
плане	2854
гордон	2854
бетти	2853
купер	2853
шести	2853
огня	2852
мотив	2851
поговорил	2851
занимаются	2850
полицейского	2849
назвала	2849
реки	2847
чжон	2847
брату	2846
сумму	2845
пишу	2844
мальчиков	2844
ставки	2844
материал	2844
лодке	2843
вали	2842
желает	2842
прочим	2841
перестаньте	2841
привела	2841
напомнить	2841
учить	2840
местечко	2840
застрял	2840
трогать	2840
рид	2840
луи	2839
бросили	2838
творишь	2838
север	2838
показаться	2838
заполучить	2837
вероятность	2836
рикки	2835
ведьма	2834
нэнси	2832
вор	2832
высокий	2831
ест	2831
метро	2831
героем	2830
передам	2830
братьев	2830
пацан	2829
встречаюсь	2829
открою	2827
взамен	2827
встречаемся	2826
кот	2825
лора	2821
последних	2820
способна	2819
члены	2818
угрозу	2818
совершить	2818
by	2816
америка	2815
следующего	2813
рыбу	2812
джессика	2811
пешком	2809
известный	2809
службе	2807
мужу	2807
выжил	2807
ответила	2806
пригласила	2806
разок	2806
действий	2805
реальность	2805
чей	2804
вторую	2803
вес	2801
дорогие	2801
ошибаешься	2800
сиди	2800
камере	2800
разницы	2800
пляже	2800
послание	2800
хи	2799
казино	2798
езжай	2798
благодарения	2798
нравился	2796
джоан	2795
первых	2795
итан	2793
подобные	2792
мешать	2792
уезжаю	2792
дерек	2792
ночам	2790
мечтал	2790
мороженое	2788
туалете	2788
стою	2786
миллер	2786
побыстрее	2786
автор	2783
запомни	2783
рон	2782
нарушение	2781
свинья	2780
партнер	2780
хён	2780
встречал	2779
обязана	2779
разговариваю	2778
уехали	2778
происходило	2775
бедная	2773
тётя	2772
мальчиком	2772
базу	2771
добра	2770
отдала	2769
луна	2769
соглашение	2769
способом	2767
встал	2767
was	2767
губы	2766
канал	2766
изменит	2765
шутите	2765
закрыто	2764
сдать	2763
огромная	2763
подними	2761
поможете	2761
ездить	2760
научить	2759
печенье	2759
колледжа	2758
брал	2758
саду	2758
гэри	2758
поддержать	2757
мнению	2755
джонсон	2755
тейлор	2754
заменить	2754
какова	2753
поспорить	2753
обычная	2751
входит	2750
сыр	2750
согласиться	2749
участке	2749
случая	2748
успеха	2748
взрослый	2748
бесполезно	2747
одри	2747
стреляли	2746
троих	2745
девочкой	2745
лидер	2744
гиббс	2744
осторожней	2744
угадай	2743
помогло	2742
сидишь	2741
бомбы	2741
забери	2740
беспокойство	2740
отряд	2739
ожидала	2739
умрешь	2738
ведёт	2738
получаю	2738
позволила	2736
скорой	2735
снег	2735
звонка	2734
снимай	2734
энергию	2733
времен	2733
животные	2732
ева	2732
рассказали	2731
отправила	2730
телом	2729
стоить	2729
развод	2729
предполагаю	2728
хороши	2727
чёрту	2727
лив	2727
арест	2725
искренне	2725
играем	2724
кристина	2724
вещами	2722
пусти	2722
использовала	2721
возвращайтесь	2720
организации	2720
крышу	2719
рубашку	2719
удержать	2719
конкретно	2719
аду	2718
километров	2717
залог	2717
бей	2717
обстоятельства	2717
являются	2716
with	2714
брака	2714
выходных	2713
крошка	2712
врага	2712
воздухе	2711
показывают	2711
возвращаюсь	2711
поиск	2709
пытаетесь	2708
приближается	2708
ботинки	2707
полицейских	2707
шоссе	2706
похитили	2704
рассказывай	2703
искусства	2703
состоит	2702
выступление	2702
личный	2700
бизнеса	2699
спорить	2699
считаем	2697
джастин	2697
священник	2697
хвост	2696
деревне	2696
меняется	2695
украла	2695
ждешь	2693
снимки	2693
начинаешь	2693
признаю	2692
специальный	2692
берегу	2692
дадут	2691
присаживайтесь	2691
сиськи	2690
касл	2690
сообщил	2690
кит	2690
злой	2689
перейти	2688
визит	2688
победу	2687
привлечь	2686
натворил	2686
борьбе	2685
важна	2685
уважение	2685
судьбы	2685
all	2685
задавать	2684
свобода	2683
болтать	2683
интернет	2682
микки	2682
нина	2681
одиноко	2681
музыки	2681
включить	2679
рейс	2678
осторожны	2677
сорок	2677
говард	2676
заднем	2675
попозже	2675
любая	2674
потратил	2674
комиссар	2673
джордан	2671
свободна	2669
местом	2667
be	2667
арестованы	2667
спальне	2666
натали	2666
подери	2664
правой	2664
трус	2664
понимал	2663
шли	2663
дед	2662
убежище	2660
убежать	2659
чая	2659
браун	2659
какими	2658
радости	2656
позор	2656
вызову	2656
придти	2656
молодая	2656
характер	2656
продолжается	2654
лошадей	2653
температура	2653
кухню	2652
жестоко	2650
впечатляет	2650
агенты	2650
подругой	2649
зои	2649
попросили	2648
горит	2648
предположить	2647
тодд	2647
херня	2646
художник	2643
тревога	2642
старался	2642
номере	2642
стрит	2642
приходила	2641
нести	2641
плачет	2639
угадаю	2639
опасен	2638
ищете	2638
путем	2638
сторона	2637
ждите	2637
причинить	2636
проходи	2632
красивое	2631
стюарт	2630
приказы	2630
жутко	2630
мост	2630
плану	2629
уволить	2629
запрещено	2628
тост	2628
пэм	2626
неизвестно	2626
спине	2624
испугался	2624
рэнди	2624
идиоты	2622
подпись	2622
набор	2621
энтони	2621
удивлен	2619
штатов	2617
убийцей	2616
влюблен	2616
камни	2615
враги	2613
партии	2611
стола	2611
принесите	2611
обувь	2610
подходящее	2610
границу	2610
подумаю	2608
объект	2608
братан	2607
сэмми	2607
кенни	2607
правдой	2605
кровотечение	2605
берет	2604
разговаривает	2603
луиза	2603
порой	2603
неудобно	2602
понимают	2602
входи	2601
реакция	2601
самостоятельно	2601
чувств	2600
картина	2600
автобусе	2600
большей	2599
заказать	2597
сел	2596
приказал	2595
вопросом	2594
удача	2594
сэма	2594
влюбился	2593
ногах	2593
охрану	2591
поживаете	2591
беда	2591
поторопись	2591
отце	2591
притворяться	2590
возвращения	2589
тень	2589
советую	2588
недолго	2588
верится	2587
зашла	2586
попался	2584
слышит	2583
справится	2583
важные	2581
возвращением	2581
предложения	2578
планету	2576
серии	2576
николь	2576
выходной	2575
кресло	2575
поездки	2574
нормальный	2574
долю	2573
тина	2572
эдвард	2571
умнее	2569
магия	2568
двигатель	2568
звоните	2568
вечность	2568
привык	2567
невиновен	2567
рори	2566
кузен	2564
отношению	2564
начнут	2563
потише	2562
винс	2561
парочку	2560
останемся	2559
звуки	2559
мешает	2559
глупость	2557
собственность	2556
карлос	2556
таков	2555
потери	2554
понимаем	2554
лиам	2553
оборудование	2553
заказал	2552
маленькое	2552
книг	2552
гнев	2551
смеется	2551
помимо	2551
слушал	2550
поверишь	2549
парочка	2549
приведет	2549
бут	2549
главного	2547
желаете	2547
красивой	2547
платит	2546
офицера	2545
чаю	2545
белье	2544
сосредоточиться	2544
берегись	2544
пустой	2544
мудак	2543
кристин	2541
отделение	2541
университете	2541
милые	2541
вернул	2541
четверо	2540
тепло	2540
прямой	2538
глубже	2538
линдси	2537
эффект	2536
пульс	2536
трудом	2535
пускай	2534
пятьдесят	2534
ночной	2534
грубо	2532
опухоль	2531
четырех	2530
паркер	2529
выполнять	2529
проводит	2527
линия	2526
обид	2525
кончится	2524
оуэн	2521
берите	2521
кричит	2519
темноте	2519
устроим	2518
спасать	2517
майами	2517
пиццу	2517
беспокоить	2517
покой	2516
малыша	2515
сходи	2515
марко	2514
босса	2513
грей	2513
занимаемся	2513
солнышко	2512
леонард	2511
бегать	2511
дневник	2511
моменты	2510
испортить	2509
неприятно	2509
домик	2506
мэй	2506
стекло	2506
прими	2506
влюблена	2505
ян	2504
ужина	2504
объяснение	2504
эээ	2504
мю	2499
допустить	2498
крыше	2498
тхэ	2497
ожидать	2495
детектива	2495
провёл	2494
крик	2494
называли	2493
играла	2492
выразить	2492
успокоиться	2492
джорджа	2492
надежду	2492
всяких	2491
использую	2491
сильным	2490
градусов	2489
морской	2488
марш	2488
починить	2487
уилсон	2485
замке	2485
крепко	2485
послали	2483
заплатили	2483
спокойствие	2482
скучал	2482
согласились	2481
такому	2481
собственные	2480
событие	2480
дама	2480
используй	2480
дженна	2480
извиняться	2479
предал	2479
нанять	2478
соль	2477
сидела	2477
би	2477
теории	2476
стул	2476
месть	2475
so	2475
ошибкой	2475
терпение	2475
целых	2474
вида	2472
обязанности	2471
поздравления	2470
выхожу	2469
днях	2468
сна	2468
выясним	2467
приятный	2467
медсестра	2467
капли	2466
здоров	2464
карла	2464
прекрасные	2464
отделе	2463
чёртов	2463
дочка	2462
небе	2462
шее	2462
диана	2461
исчезнуть	2460
барт	2460
райли	2459
остаток	2458
птица	2457
встань	2457
клетки	2456
чжун	2456
лиззи	2453
ставить	2451
программе	2450
новостях	2450
пропали	2450
разговаривала	2449
разговоров	2448
выиграли	2448
ноль	2448
плачь	2448
эмоции	2447
пространство	2447
увидят	2446
заодно	2446
возражаешь	2445
сменить	2445
выполнить	2444
используя	2444
считай	2443
ударить	2442
вывести	2441
пальцем	2441
хейли	2441
веру	2439
эх	2439
законы	2438
сомнений	2437
клиенты	2437
усилия	2437
посадить	2436
сотрудников	2435
позвать	2435
врачу	2434
ходишь	2433
трейси	2433
горячая	2433
know	2433
природы	2432
эдриан	2432
утверждает	2430
почувствовала	2430
показывать	2429
английский	2429
исследование	2428
знай	2426
золотой	2426
костюме	2426
чо	2424
благодарна	2424
сойти	2423
тщательно	2423
просим	2423
идеальный	2422
полезно	2422
умно	2422
студии	2422
погода	2421
км	2421
поставь	2419
командой	2418
средств	2418
объяснять	2417
тв	2415
диване	2415
жених	2415
кнопку	2415
ванну	2415
председатель	2414
обстоятельствах	2414
пойдут	2412
следующим	2411
рим	2411
нетерпением	2410
телефоне	2407
изнутри	2407
воняет	2406
минутка	2405
позволишь	2405
юг	2404
страсть	2404
нью	2404
взрослые	2403
течении	2403
задумал	2402
настоящую	2401
моника	2401
трусы	2401
следил	2401
иск	2400
предыдущих	2400
опаздываю	2400
присядь	2400
джеймса	2399
передал	2399
покинул	2397
втором	2397
эфире	2397
разрешите	2396
питера	2396
наоми	2396
списка	2396
рассчитывать	2395
коем	2394
эксперт	2394
произойдёт	2393
дэйв	2393
личной	2393
центра	2393
can	2393
ставлю	2393
прочитал	2392
рынок	2392
принца	2392
лагере	2392
вызвали	2391
позицию	2391
семьёй	2389
агентов	2389
реальности	2389
поворот	2388
отказалась	2386
дышит	2386
бегите	2385
личного	2384
расходы	2384
игрок	2382
лодка	2381
меган	2381
театр	2381
полон	2380
предупреждение	2380
бывшей	2379
опыта	2379
океан	2378
сердцу	2376
смириться	2376
знакомо	2375
судно	2375
блэр	2375
приговор	2374
do	2374
уважаю	2374
секретарь	2372
единственной	2372
условиях	2372
языке	2371
робби	2370
открыто	2370
заставило	2370
молодых	2369
паспорт	2368
экзамен	2367
гордиться	2366
шампанское	2366
движется	2364
раскрыть	2364
фирмы	2363
ошибок	2363
используем	2363
возраст	2363
жен	2362
меню	2361
чести	2360
американцы	2360
пострадал	2360
несправедливо	2360
найдется	2359
белых	2358
грег	2356
южной	2355
болван	2355
лемон	2355
тишина	2355
филипп	2355
пределами	2354
надень	2354
заслуживаешь	2354
бедняжка	2354
напишу	2354
доверяешь	2353
тюрьма	2353
угрозы	2352
пробовал	2352
никки	2352
коул	2352
небеса	2352
справился	2352
даг	2351
трюк	2349
приносит	2348
войска	2348
страдать	2347
плохих	2347
поговорили	2347
вела	2346
вошел	2346
бабушки	2346
oh	2346
бассейн	2345
шарлотта	2345
don	2345
конечном	2345
руль	2345
венди	2342
стефан	2342
проснулась	2341
всякие	2340
приготовила	2340
водить	2340
денни	2340
удивлена	2340
планета	2339
насилия	2339
бегом	2339
марка	2338
бросьте	2337
груз	2336
показали	2335
сняли	2335
записать	2335
смс	2335
эл	2335
диск	2334
местные	2334
помогаю	2333
силе	2330
not	2330
прятаться	2329
сегодняшний	2327
глянь	2327
предлагаешь	2327
присутствие	2326
всє	2325
членом	2325
худшее	2325
грязные	2325
ын	2324
редактор	2324
советник	2323
полицией	2323
временно	2323
начнет	2323
have	2322
салат	2322
ненавидеть	2320
называешь	2320
пойдёмте	2319
пропустила	2319
старую	2318
наполовину	2318
летит	2317
строить	2317
подробности	2317
кей	2317
ричи	2316
беде	2316
крики	2315
духа	2315
захотела	2315
миледи	2315
делается	2315
числа	2315
помешать	2313
переехал	2313
молчание	2312
длинный	2312
горячий	2311
закону	2311
феликс	2310
воли	2310
долгий	2309
ищите	2308
пушку	2308
сравнению	2307
рынке	2307
подозреваемого	2307
напугал	2306
чемодан	2306
американский	2305
нападения	2305
захватить	2305
спасение	2305
спрашивала	2304
жизней	2304
купи	2304
борьбы	2304
начиная	2303
пароль	2303
шкафу	2303
многим	2303
военные	2303
германии	2303
выросла	2302
судьи	2302
исчезли	2301
гас	2301
грех	2301
обычные	2300
выглядела	2300
уходят	2300
сны	2299
спятил	2299
арестован	2299
ухо	2298
блюдо	2297
симпатичный	2296
молока	2295
дьявола	2295
разберемся	2294
нахожу	2294
сдаться	2294
лори	2294
привели	2293
тяжелый	2293
грязи	2293
важен	2292
насилие	2292
повесить	2292
спасения	2292
университета	2291
обещали	2291
подобных	2291
граф	2291
поступок	2290
способность	2290
поднимайся	2288
молод	2288
чересчур	2288
потеря	2288
футов	2288
уезжать	2287
обеих	2287
сдал	2287
женщинам	2285
мяса	2284
боги	2284
хей	2283
смеешь	2283
удара	2282
процессе	2281
красная	2280
досье	2279
предупреждаю	2279
пройдёт	2278
велел	2278
сотрудничать	2276
достану	2276
моря	2275
ублюдки	2274
битва	2274
сигареты	2274
читаю	2274
нужды	2273
темно	2273
дрю	2273
переведено	2272
версия	2271
идемте	2270
объявление	2269
поймет	2269
кольца	2268
дворец	2268
преступников	2268
тайна	2267
стреляйте	2267
гомер	2266
джонатан	2265
поезда	2265
причинам	2264
поднимите	2264
тайны	2264
познакомился	2263
вытащил	2263
заставит	2263
прислали	2263
боя	2262
сердечный	2261
игр	2260
опоздала	2259
присяжных	2259
наделал	2258
северной	2258
нервы	2258
позволили	2258
поживаешь	2257
бывало	2257
файлы	2257
первыми	2257
слабость	2257
чудесный	2256
мировой	2256
возвращение	2255
поставили	2255
называет	2255
просьба	2254
собрал	2254
установили	2253
особенный	2253
подозреваемых	2253
хранилище	2253
формы	2253
преследовать	2252
средство	2251
синий	2250
полтора	2250
попытки	2248
старым	2247
спуститься	2247
мгновение	2246
джина	2246
выстрелил	2245
допрос	2245
примеру	2245
повторится	2245
телефоны	2245
японии	2244
голубой	2244
идей	2243
мальчишка	2242
всяком	2242
алкоголь	2241
удовольствия	2241
устроили	2240
наручники	2240
коннор	2240
подкрепление	2240
приз	2239
клаус	2238
рана	2238
убита	2236
признался	2236
уеду	2236
боитесь	2236
политика	2236
показала	2235
восхитительно	2235
числе	2235
технически	2234
уладить	2234
прогуляться	2232
бал	2232
джен	2232
получаешь	2231
йо	2231
вставать	2231
отправлю	2230
отдыха	2229
пункт	2229
выступать	2228
убраться	2228
дэвис	2228
but	2227
брошу	2227
описать	2226
поможем	2226
холли	2224
третьего	2223
спали	2223
эйвери	2223
повидаться	2223
влияние	2223
доказывает	2223
победы	2221
мнения	2221
среду	2221
присесть	2221
прекрасной	2220
родной	2220
эли	2220
очков	2220
альбом	2219
белая	2219
парой	2218
случаях	2218
ка	2218
очередной	2218
приготовил	2217
обеспечить	2217
произошла	2217
ловушка	2216
написали	2215
третья	2215
корабли	2215
победитель	2214
мэра	2214
грязь	2214
грязный	2214
рабочий	2214
неприятностей	2214
лана	2214
александр	2212
принимал	2211
особенное	2211
поезде	2211
коллега	2210
здрасьте	2210
военный	2209
солгал	2209
слову	2209
варианты	2208
мэтью	2208
спрятать	2208
позвонит	2207
минута	2207
вмешиваться	2206
предложили	2206
агентом	2206
верят	2206
браке	2204
барбара	2204
символ	2204
забудем	2204
точности	2202
ада	2201
главной	2201
единого	2201
лечения	2201
намерен	2201
just	2200
монро	2200
возвращаемся	2200
ненавидят	2199
уйдешь	2199
угрожал	2198
осмотреть	2198
признаков	2198
поужинать	2196
назови	2195
деревья	2195
создание	2195
правый	2194
отвести	2194
отныне	2194
середине	2194
возьмём	2194
блага	2194
королевы	2194
ответьте	2194
ронни	2193
чтож	2193
воле	2193
центов	2193
мести	2192
кира	2192
совести	2191
мередит	2191
пуаро	2190
сильные	2190
успеть	2189
носом	2189
разбил	2188
газете	2187
деревню	2187
дженнифер	2187
рики	2186
эллиот	2186
кампании	2186
лжец	2186
поженились	2185
приветствую	2184
деревни	2183
зайду	2183
си	2183
человеке	2182
трогайте	2182
врата	2182
сходим	2182
нервничаю	2182
объясни	2181
принимаешь	2181
идеей	2181
случаев	2181
спи	2180
встречаешься	2180
положите	2180
хорошем	2180
сексуально	2179
считала	2178
существа	2178
следующую	2178
называй	2177
жителей	2177
часами	2177
ответственности	2177
порно	2175
готовит	2175
кэт	2175
полночь	2174
служил	2174
дрянь	2172
выйдем	2171
двор	2171
указывает	2171
руби	2171
мобильный	2170
дадите	2170
красотка	2169
убираться	2168
цифры	2168
большом	2168
ношу	2168
разговариваешь	2168
безопасное	2167
дa	2167
привез	2167
вернёшься	2166
уважением	2166
отдайте	2166
документов	2166
ам	2165
выиграла	2165
застрелил	2165
старина	2165
сити	2165
размера	2164
собирать	2164
гм	2163
бросать	2162
галстук	2162
зашли	2162
сли	2162
компанией	2162
скорая	2162
кинг	2161
молчи	2161
жители	2161
решит	2160
коллеги	2160
едят	2159
одежде	2159
верь	2159
кладбище	2158
собственно	2158
целое	2157
аэропорту	2156
плавать	2156
действие	2155
дерева	2153
старика	2152
подходи	2152
калифорнии	2152
грехи	2150
услуги	2150
чемпион	2149
покажет	2149
иван	2149
улицах	2149
ошибаюсь	2149
вынести	2149
альберт	2148
допустим	2148
сторон	2148
добрые	2147
бывшего	2147
бизнесе	2147
переехала	2147
повреждения	2147
найдёшь	2146
незаконно	2146
тупая	2145
сидели	2145
виктория	2145
таки	2144
занятие	2144
глядя	2143
примет	2143
выглядело	2143
спок	2142
доступа	2141
бою	2140
расстоянии	2140
улица	2140
соврал	2139
держишь	2138
языком	2137
упоминал	2137
мертвых	2137
сид	2137
кошка	2137
майя	2137
создали	2136
организовать	2136
преимущество	2134
забирай	2133
россии	2132
гарольд	2132
губернатор	2132
добр	2132
лезь	2132
дерьмом	2131
держат	2130
снимок	2129
сцены	2129
режиссер	2128
образование	2128
просишь	2128
больница	2128
превратить	2127
писатель	2127
ели	2127
птицы	2127
чистый	2127
собралась	2127
дяди	2127
толпа	2126
сэндвич	2126
связался	2126
подписал	2126
награду	2125
необязательно	2125
перестала	2124
миссии	2124
открыта	2124
чрезвычайно	2124
склад	2123
грин	2123
прощайте	2122
читаешь	2121
ловушку	2120
скучала	2120
невесты	2119
спрятаться	2119
заклинание	2119
роз	2119
национальной	2118
сладкий	2118
дно	2117
оператор	2117
учил	2117
глупостей	2116
смена	2116
общий	2116
войдите	2115
живёшь	2115
рост	2114
идете	2113
льюис	2112
рецепт	2112
дилан	2112
остальными	2112
выключи	2111
нелепо	2110
погибла	2110
человечества	2109
бокал	2108
господина	2107
евро	2107
ребенку	2107
максимум	2106
спрашивай	2106
местный	2106
случалось	2105
катастрофа	2105
целом	2105
чистая	2103
кожу	2102
рози	2102
игрушки	2102
алисия	2101
ланч	2101
зуб	2101
элейн	2101
детях	2100
собственное	2100
неплохая	2100
клара	2099
банки	2099
измениться	2099
аллергия	2097
норман	2097
свидетели	2097
очнись	2096
двойной	2096
сообщу	2096
стар	2095
ездил	2095
поменять	2095
огромные	2095
путешествия	2094
шляпу	2094
поездку	2094
залезай	2093
плохим	2093
неудачник	2093
шоколад	2092
рут	2092
эрл	2092
джеффри	2092
тварь	2092
предатель	2091
наличными	2089
иисусе	2088
словом	2088
дю	2088
шампанского	2087
мер	2087
свидетелем	2087
сутки	2086
начался	2086
стояла	2086
старое	2085
сведения	2085
демон	2085
понадобятся	2085
пирс	2083
гулять	2083
отдых	2082
фантастика	2082
чон	2082
подарить	2081
услышали	2081
разделить	2080
пушки	2080
ехал	2079
кaк	2079
группой	2079
причем	2077
заставляй	2076
мэтти	2075
поддержка	2075
бара	2074
леса	2074
союз	2073
надпись	2073
углом	2073
бумажник	2073
попало	2072
нравилась	2072
волосами	2072
веселье	2072
местных	2072
городской	2072
месту	2072
лечь	2071
донни	2071
страдания	2070
карьера	2070
настало	2070
поскорее	2069
коробке	2068
милой	2067
юмора	2067
кризис	2066
присяжные	2065
черная	2065
гордость	2065
повезет	2064
едой	2064
ручку	2064
проклятие	2064
проводил	2063
независимо	2062
позвал	2061
коктейль	2059
отчёт	2059
территорию	2059
похитил	2058
сигнала	2058
хер	2058
едут	2058
придумала	2057
шелдон	2057
представлял	2056
видеться	2055
энергия	2055
могилу	2055
особый	2053
непременно	2053
обучение	2053
наслаждайся	2052
технологии	2051
медведь	2051
пистолета	2051
тайне	2050
европе	2049
замешан	2049
сумка	2049
называю	2049
заботится	2047
обмануть	2047
дошло	2046
добрался	2045
облажался	2044
получают	2044
шерифа	2044
шуток	2043
рака	2043
чьи	2043
заболел	2043
уснуть	2043
предложила	2042
называл	2042
неплохой	2041
убиты	2041
пытайся	2041
злиться	2041
наука	2040
отношении	2040
военных	2040
тесты	2040
ожидания	2040
глубине	2039
начинайте	2039
коробки	2038
соседей	2038
благодарность	2038
передумал	2038
кругом	2038
заслужила	2037
достичь	2037
серьезные	2037
шоке	2036
оставляет	2036
иисуса	2036
мечтала	2035
пустая	2035
шейн	2034
убийством	2034
бил	2033
окончена	2033
справедливости	2033
присматривать	2033
предмет	2033
изменились	2032
злюсь	2031
повернись	2031
потрясающий	2030
самолете	2030
свидании	2030
основания	2030
банды	2029
влюбилась	2028
округа	2028
отставку	2028
электричество	2027
вызовите	2027
предотвратить	2026
ущерб	2024
джентльмен	2024
пожениться	2024
ошиблись	2024
остаюсь	2023
зоне	2023
расписание	2023
выпустить	2023
запад	2022
яйцо	2022
ин	2021
фиби	2021
отвечаю	2021
белом	2020
лекс	2019
русский	2019
реке	2018
связана	2018
пляж	2017
профессора	2016
отрицать	2016
считали	2015
ужином	2015
вдоль	2015
изменила	2014
сейф	2013
продюсер	2013
убежал	2013
здоровья	2012
обещай	2012
тайну	2012
дурака	2012
ћне	2011
некоторым	2011
уважать	2011
двигайтесь	2009
оправдание	2008
фонд	2008
занятий	2008
обнаружила	2006
are	2005
поймают	2005
закончился	2005
объясните	2005
напуган	2004
врачом	2004
ценой	2004
потеряю	2003
модели	2002
семи	2002
маршалл	2001
бабуля	2001
зови	2001
янг	2001
целиком	2000
угрозой	1999
кормить	1999
выборы	1999
ящике	1999
общее	1999
сайт	1999
соус	1998
опоздали	1998
плечо	1998
подругу	1997
перенести	1997
планировал	1997
ненавидел	1997
цветок	1996
моложе	1995
кара	1995
прожить	1994
травмы	1993
координаты	1992
окончательно	1992
вздыхает	1991
образцы	1991
входа	1991
благодарить	1990
свободно	1990
убийц	1989
договориться	1989
покажем	1989
фрэнка	1988
чувствах	1988
предоставить	1988
лучшем	1987
симптомы	1987
мужчине	1986
ходи	1986
подготовить	1985
открытие	1985
заснуть	1984
рассказ	1983
скорого	1983
писала	1982
уезжает	1982
оставишь	1982
близок	1980
копию	1980
вошла	1979
костюмы	1979
детский	1979
приведи	1979
арти	1978
выпивку	1978
магии	1978
дана	1977
попытаюсь	1976
пан	1976
станете	1975
волк	1975
снимите	1975
пойди	1974
интересный	1973
подход	1973
джулиан	1973
займёт	1973
остановит	1972
эллен	1971
познакомить	1971
матч	1970
труда	1970
интересах	1970
мэнни	1970
веры	1969
дэвида	1969
пишут	1969
коробка	1969
отпраздновать	1968
приготовлю	1968
приводит	1968
чжи	1967
травма	1967
великого	1967
чашку	1966
всякое	1966
борьба	1966
вслух	1966
молодые	1965
заглянуть	1965
впрочем	1964
предупреждал	1963
верните	1963
чист	1963
положено	1963
вспомнила	1963
зоны	1962
гостиной	1962
живете	1962
конкурс	1962
пак	1961
пенсию	1961
находимся	1961
продажи	1961
хотеть	1961
беспорядок	1960
шар	1960
помогают	1960
показаний	1958
обвинить	1958
вчерашнего	1958
ооо	1958
небольшую	1958
нейт	1957
отвечу	1957
акции	1957
чхве	1957
заключается	1957
гараже	1956
выяснили	1956
громче	1956
уйдем	1956
страдает	1956
цены	1956
диван	1955
ряд	1955
пропало	1955
вселенная	1955
сахара	1955
отличается	1954
важным	1954
многого	1954
привёл	1953
каковы	1953
захотелось	1952
капитаном	1952
гольф	1952
стресс	1952
выбросить	1952
владеет	1952
вариантов	1952
совесть	1951
неудивительно	1951
ќни	1951
сообщите	1951
представления	1950
рабочих	1950
акт	1949
требую	1949
шин	1949
примите	1949
птиц	1948
проверила	1948
займемся	1948
молодцы	1947
банда	1946
ok	1946
протестую	1945
члена	1945
убедись	1944
базы	1944
описание	1944
эфир	1944
потрясающая	1944
тереза	1944
схватил	1943
макги	1943
оплатить	1943
хаос	1942
знания	1942
полицейским	1942
испытание	1941
лифт	1941
поймут	1941
открыли	1940
перчатки	1940
переживать	1939
прикрытие	1939
приходили	1938
должности	1938
лететь	1936
следит	1936
сошли	1936
переживаю	1935
честным	1935
интересы	1934
поискать	1934
направляется	1933
анализы	1933
решено	1933
создания	1933
понадобилось	1932
угрожает	1932
остаются	1932
зеленый	1932
зарплату	1931
думая	1931
родственники	1931
нора	1930
застрелили	1930
дебби	1928
get	1928
мною	1928
одинаковые	1928
получал	1927
закрыты	1926
проникнуть	1925
лежал	1925
успешно	1925
мыслей	1924
захотят	1924
брук	1924
сбежали	1923
мужики	1923
трудности	1923
зверь	1922
спросили	1922
грани	1920
эксперимент	1920
осторожна	1920
называем	1920
ярости	1920
аварию	1919
органы	1919
выйди	1919
копа	1918
департамент	1918
альфа	1918
закончились	1917
обычное	1917
королем	1917
ходу	1916
подходите	1916
андре	1914
цветов	1913
фанат	1913
ела	1913
следуйте	1913
ждём	1912
up	1912
преследует	1911
лучшую	1911
французский	1911
милость	1910
какому	1910
открывать	1910
наступит	1910
любимое	1910
костей	1909
лгал	1909
кретин	1909
вернули	1909
проходил	1908
фирма	1908
выслушать	1908
пиздец	1908
сцена	1908
скандал	1908
удалить	1907
быстрый	1907
out	1906
вели	1906
долгая	1906
сжечь	1905
эмм	1905
легенда	1905
полным	1905
дик	1904
поболтать	1904
песен	1903
номером	1903
повтори	1903
понадобиться	1903
глория	1903
орудие	1902
займись	1902
удачу	1902
намерения	1901
хаус	1901
кармен	1900
озеро	1900
вошли	1899
увы	1899
телевизору	1898
копия	1897
семейный	1897
волю	1897
рыбы	1897
подвал	1897
улыбка	1897
красные	1897
круче	1896
скотти	1896
видом	1896
материалы	1896
выяснил	1896
хреново	1895
перекусить	1895
колин	1894
коммандер	1894
немало	1893
надеемся	1893
уезжаешь	1893
мотор	1892
тео	1892
придумали	1892
поговорите	1891
звездой	1891
спят	1891
одолжить	1891
спаси	1890
гектор	1890
репутацию	1890
бензин	1890
сериях	1890
братишка	1889
молодым	1889
звонят	1889
закрыли	1888
сильное	1888
представлять	1888
согласится	1888
напугана	1887
атаку	1887
городом	1887
информацией	1886
воля	1886
пятно	1886
статья	1886
долгу	1886
ники	1886
следите	1886
чертова	1886
илай	1885
поставлю	1885
аккуратно	1885
куски	1884
почте	1883
пас	1883
чертям	1882
раздражает	1882
рок	1881
голодна	1881
токио	1881
мелкий	1880
плачешь	1880
продолжаться	1879
честное	1879
выпускной	1879
гору	1879
строго	1879
пиджак	1879
обыск	1879
милым	1879
сидни	1878
идиотом	1878
сошёл	1878
пилот	1877
жалость	1876
харрис	1876
инструменты	1876
свежий	1876
скоростью	1875
врал	1875
записал	1874
съездить	1874
проходить	1874
ненависть	1874
домов	1874
напиток	1874
чертовы	1873
тремя	1872
снято	1871
пообещал	1870
посмотрела	1870
перевести	1870
свалить	1868
кеннеди	1868
смотрим	1867
протокол	1867
лондона	1867
сводит	1866
разумно	1865
собственных	1865
аарон	1865
восток	1865
холодильник	1865
рукам	1865
поверит	1864
приступим	1864
полдень	1864
рта	1864
уважении	1864
de	1864
запомнить	1864
переспать	1862
пианино	1862
попроси	1862
врешь	1862
родила	1861
дата	1861
стена	1860
крыши	1860
крыса	1859
хватай	1859
начались	1859
массаж	1859
сумки	1858
слух	1858
ощущения	1858
долги	1858
вернитесь	1858
небес	1858
доверься	1858
рулем	1856
ќна	1855
бессмысленно	1855
сентября	1855
давали	1854
даешь	1854
век	1854
нечем	1854
советы	1854
подвезти	1854
стэнли	1854
дыру	1854
фотографий	1854
послала	1853
напугать	1853
появилось	1853
закрыт	1853
преступника	1852
неба	1851
бывал	1851
империи	1851
пыль	1850
связать	1850
молиться	1850
зону	1850
испугалась	1850
защите	1850
карте	1850
врем	1849
сидите	1849
финн	1849
неподалеку	1849
заходил	1848
знакома	1848
предпочел	1847
христа	1847
очистить	1847
пропустили	1846
длинная	1846
сир	1846
преступлений	1846
извращенец	1846
добрались	1846
заключить	1846
закончишь	1846
вдвоём	1846
обществе	1846
достала	1844
двенадцать	1844
поцеловал	1844
одинок	1844
фрэнсис	1844
признаки	1844
валентина	1843
месяцы	1843
умрут	1843
антонио	1843
облегчение	1842
открывается	1841
йен	1841
средней	1841
важны	1840
газету	1840
фильмов	1840
положила	1839
волны	1839
годится	1839
покончено	1839
поверхности	1838
грязная	1838
собраться	1838
стерва	1837
ткани	1837
берут	1837
открыла	1836
носишь	1836
девчонку	1836
специалист	1836
секретов	1836
like	1836
one	1835
найдёт	1834
аж	1833
родом	1833
трагедия	1833
рене	1833
смешной	1833
десерт	1833
остановка	1832
меняются	1832
дафни	1832
изабель	1831
дозвониться	1831
версию	1830
авеню	1830
тысяча	1830
фишер	1829
статьи	1829
лед	1829
рассел	1829
забота	1829
застряла	1828
отказ	1828
пятнадцать	1828
учителем	1828
сильной	1828
заставлю	1828
задания	1827
синди	1827
лидия	1827
победили	1827
значок	1827
ремонт	1827
голода	1826
заходит	1826
единственные	1826
помогаешь	1826
бутылки	1825
напитки	1825
наслаждаться	1825
сексе	1825
устали	1824
спрятал	1824
метод	1823
гвен	1823
рождеством	1823
красоты	1822
бишоп	1822
поднял	1822
поедет	1821
козел	1821
мэдисон	1821
записей	1821
велосипед	1820
брэд	1819
ногой	1819
суждено	1819
задержать	1819
шпион	1819
постарайтесь	1819
гейл	1819
поверила	1819
смешного	1818
подумаешь	1818
одет	1817
наняли	1817
навыки	1816
пальца	1816
вёл	1815
звонишь	1815
лодки	1815
шок	1815
растет	1815
черные	1815
кэмерон	1814
объяснил	1813
повышение	1812
дейзи	1812
позаботься	1812
курт	1812
мужской	1810
рабочие	1810
ожидает	1810
выступить	1810
ферме	1809
рис	1808
продолжаем	1808
бена	1808
относиться	1807
собеседование	1807
виню	1806
флаг	1806
убьешь	1806
ступай	1805
змея	1805
паре	1805
охотник	1805
заработал	1804
управляет	1804
природа	1804
охранник	1804
ника	1803
аренду	1803
убейте	1803
стараться	1802
поступки	1802
оставалось	1802
возьмешь	1801
симпатичная	1801
поступили	1801
кость	1801
интересная	1800
читает	1800
политики	1800
довольны	1799
бесит	1799
выходил	1798
читали	1798
позову	1798
сядьте	1797
агентство	1797
попытается	1796
чужие	1795
мужчинами	1795
крыша	1795
берег	1795
золота	1795
стейси	1793
мардж	1793
доллар	1793
реку	1792
тара	1792
перезвони	1792
пишешь	1792
сообщений	1791
рту	1789
проекта	1789
курок	1789
рассказывает	1789
охота	1788
выпила	1787
взрослых	1787
похищение	1787
небольшие	1786
спорим	1786
появиться	1785
ра	1785
вампир	1785
вылезай	1784
позволяй	1784
ошиблась	1784
файл	1784
вилли	1784
серьезное	1783
догадаться	1783
преподобный	1783
тянет	1782
сумке	1782
мертвым	1782
живём	1782
академии	1781
напрасно	1781
худший	1781
милашка	1781
открыт	1781
побережье	1781
природе	1780
джи	1780
недоразумение	1779
сахар	1779
смены	1779
детективы	1778
тур	1778
изображение	1778
уничтожил	1778
бейли	1777
телефонный	1777
ошибаетесь	1776
синьор	1776
генерала	1776
платья	1775
there	1775
сочувствую	1775
прочесть	1775
маску	1775
джулс	1775
направление	1775
успехи	1774
сидят	1774
обуви	1774
взялся	1774
инструкции	1773
человеческой	1773
светлость	1773
браслет	1772
сей	1772
портрет	1771
обман	1771
зашёл	1771
ni	1770
поражение	1770
составить	1770
китти	1769
еврей	1769
огромную	1769
училась	1769
ищи	1768
нормальной	1768
потратить	1768
выпью	1767
италии	1767
братец	1767
сотен	1767
перестали	1766
джейкоб	1766
пар	1766
авария	1766
духи	1765
логан	1765
станцию	1764
софия	1764
похоронах	1764
наблюдал	1764
проведу	1764
построил	1764
обращай	1763
спешить	1762
мебель	1762
новичок	1762
зона	1761
подходящий	1761
виноваты	1761
краю	1761
слезы	1761
логично	1760
саша	1760
эван	1760
приезжает	1760
кругу	1760
уволен	1760
уедем	1759
думайте	1759
флот	1758
музей	1758
ле	1758
космос	1758
отправились	1757
пригодится	1757
холодильнике	1757
честен	1757
привезти	1757
вопроса	1757
атаки	1756
беспокоится	1756
случайность	1755
режим	1755
газа	1755
митчелл	1755
плакала	1755
съела	1754
шутку	1754
красной	1754
красива	1754
многом	1754
защищает	1753
покоя	1753
лагеря	1753
хирург	1753
глупые	1752
церемонии	1752
база	1752
сериал	1752
тсс	1751
проверять	1751
габи	1750
королевой	1750
расстаться	1749
решает	1748
берешь	1748
газетах	1748
немцы	1747
пресса	1747
ударила	1746
кусочки	1746
простая	1746
оценки	1745
третьей	1745
впустую	1745
пропустите	1744
комплимент	1744
тон	1743
роберта	1743
go	1742
заслуживаю	1742
брюки	1742
убедил	1742
необычно	1741
вспомни	1741
героя	1741
считая	1740
святая	1740
сценария	1739
закройте	1739
аппарат	1739
приведу	1739
лорел	1739
дуайт	1739
используешь	1738
аа	1738
соседка	1738
эль	1738
she	1737
коридоре	1737
парне	1737
кен	1736
спрашивали	1736
играете	1736
вспоминать	1736
верный	1736
сойдет	1735
застряли	1735
каникулы	1735
слепой	1734
шёл	1734
возвращаются	1733
воспоминаний	1733
смену	1733
хозяйка	1732
вьi	1732
череп	1732
себастьян	1732
носил	1732
кредит	1731
деда	1731
посидеть	1730
жалею	1730
небесах	1730
запрос	1729
пусто	1729
библиотеке	1729
красного	1729
правосудия	1729
скрывает	1729
пообедать	1729
страсти	1729
соня	1729
достали	1727
акцент	1727
возможностей	1727
уолт	1727
верила	1726
наблюдение	1726
комитет	1726
кухня	1726
верх	1726
познакомилась	1725
холмс	1725
охоту	1724
одинаково	1724
проходят	1722
кент	1722
сокровище	1722
обидеть	1722
действительности	1722
проводили	1721
совершила	1721
йюй	1721
большими	1721
взорвать	1721
свободное	1721
великой	1720
здравствует	1719
перевели	1719
леон	1719
доверяет	1719
стрелок	1718
чужой	1718
видение	1718
схватить	1717
студентов	1717
известен	1717
мелочь	1717
копии	1716
тупица	1716
привыкла	1716
останутся	1716
дружба	1716
душой	1716
молодого	1715
носят	1715
договаривались	1714
отметить	1714
клиентом	1714
захочется	1714
всерьез	1714
мeня	1714
физически	1713
выключить	1713
льда	1713
сделаны	1713
отойти	1713
благослови	1713
упустил	1712
постепенно	1711
али	1711
приготовиться	1710
начнётся	1710
посол	1709
репутация	1709
ожерелье	1709
исчезнет	1709
вики	1708
девушками	1707
запустить	1707
проехали	1707
уверенность	1707
стук	1707
прячется	1706
роста	1706
подобно	1706
карьеры	1706
полотенце	1706
разрушил	1706
шрам	1705
ненависти	1704
заткнитесь	1704
заплатит	1704
крест	1704
идиотка	1703
старшей	1703
методы	1703
трата	1702
продукты	1702
печень	1701
исключительно	1701
рубашка	1701
божий	1701
произвести	1701
принесет	1700
крутая	1699
существование	1699
ветра	1699
чжэ	1699
вампиров	1698
виновным	1698
предупредил	1698
фон	1698
зацени	1697
посадили	1697
отдавать	1697
славы	1696
дым	1696
люка	1695
миллиардов	1694
проверку	1694
разрешил	1694
узнай	1694
королю	1693
пабло	1693
сделан	1693
хорошими	1693
заставлять	1692
откровенно	1692
мотоцикл	1692
устрою	1691
научилась	1691
доверия	1691
сладкая	1690
поет	1690
плоть	1690
уоррен	1690
умрем	1690
обещаешь	1689
завидую	1689
следят	1689
пьер	1688
сыграем	1688
путём	1687
актриса	1687
гадость	1686
кота	1686
джинни	1685
успели	1684
смеются	1684
полуночи	1684
становишься	1684
отдали	1683
учится	1683
уезжаем	1683
заинтересован	1683
носа	1683
подойдёт	1682
приют	1682
гараж	1682
простое	1682
плоти	1682
пошутил	1682
эмбер	1682
ll	1682
стихи	1681
надел	1680
линкольн	1679
славно	1679
чудеса	1679
держали	1679
прощу	1678
романтично	1678
поход	1678
чертову	1677
парням	1676
спрашиваете	1675
станция	1675
выходят	1675
присаживайся	1674
растут	1674
got	1674
мужика	1674
поешь	1673
зарабатывать	1672
бардак	1672
пустыне	1671
закрыта	1671
кататься	1671
стен	1671
живее	1671
удачно	1670
пенис	1670
успокоить	1670
невинных	1669
участвовал	1669
режиссёр	1669
бак	1669
дату	1669
прямом	1668
основе	1668
третьем	1668
сезона	1668
июля	1667
цене	1667
забывать	1666
сложный	1666
уэйн	1666
позвонишь	1665
любимой	1665
играй	1665
годом	1665
теряем	1665
крылья	1664
помогала	1664
привыкнуть	1664
любимые	1664
нахожусь	1664
конфеты	1664
флота	1664
друге	1663
ближайшее	1663
вине	1663
правосудие	1663
бойтесь	1663
неправ	1662
напиши	1662
кайфом	1662
подозрения	1661
хлеба	1661
сказав	1661
перемены	1661
свечи	1661
подождем	1661
пила	1661
обороны	1661
сми	1661
куртку	1660
представитель	1659
умница	1659
принадлежат	1659
помещение	1659
устраивать	1658
нарушил	1658
предчувствие	1658
старалась	1657
красное	1657
горячо	1657
кролик	1657
сумма	1657
предположим	1657
шелби	1657
умеют	1656
готовлю	1656
руди	1656
матушка	1656
половины	1656
просят	1655
родственников	1654
продолжал	1654
закончена	1654
подготовиться	1654
бумага	1654
подойдите	1654
науки	1653
дэниэл	1653
производство	1653
обнаружить	1653
кокаин	1653
снов	1653
обманул	1652
напрямую	1650
пустите	1650
тайно	1650
оставляю	1650
color	1650
среднего	1649
учеников	1649
курица	1648
получат	1648
уходил	1648
поступают	1648
отложить	1648
ошибался	1647
храм	1646
девчонок	1646
степень	1646
отпущу	1646
элен	1646
поженимся	1646
днями	1646
нахрен	1646
мерлин	1646
выслушай	1645
сигарету	1645
уйдёт	1645
поразительно	1644
отключить	1644
придумаем	1644
рита	1643
забавный	1643
шторм	1643
майки	1642
редакция	1642
водителя	1642
дороже	1642
щас	1642
внести	1641
проклят	1641
рэймонд	1641
график	1641
фрейзер	1641
испортила	1641
битвы	1641
документ	1640
прибыль	1639
землей	1639
поделаешь	1638
разговариваем	1638
переехали	1637
выпустите	1637
честный	1637
пицца	1636
найден	1636
игнорировать	1636
корова	1635
поймите	1634
одних	1634
избегать	1634
некогда	1634
школьный	1633
выборов	1632
сломать	1632
жалеть	1632
миранда	1632
глубокий	1631
богов	1631
побег	1631
писем	1631
юная	1631
заболела	1629
марго	1629
зависимости	1629
робот	1629
аппетита	1628
вашингтоне	1628
благодарности	1627
лме	1626
почитать	1626
оказать	1626
развода	1626
шевелитесь	1626
отвечаешь	1625
синдром	1625
поговорила	1624
хозяина	1624
текст	1624
отчаянно	1623
бумагу	1623
почерк	1623
шмидт	1623
учили	1623
поддерживаю	1623
резко	1622
проверял	1622
спорт	1622
начальника	1622
придёшь	1621
покончил	1620
джозеф	1620
идёмте	1620
совпадает	1620
дерьме	1619
сэнди	1619
веселиться	1619
ау	1619
держится	1619
стряслось	1619
джуди	1619
спальню	1618
джилл	1618
африке	1618
колесо	1618
прыгай	1617
терапии	1617
заметит	1617
справедливость	1616
бутылка	1615
увеличить	1615
останетесь	1614
отпечатков	1614
дракона	1614
значило	1614
симпсон	1613
ведёшь	1613
шкаф	1613
подошел	1613
сном	1612
пистолетом	1612
великим	1612
yeah	1611
пациенты	1610
if	1610
запомнил	1609
победит	1609
реджи	1609
фокус	1609
называете	1608
маленьком	1608
мартина	1608
ленни	1607
эрин	1607
страшный	1607
продали	1607
кристи	1607
крейн	1606
гора	1606
поколения	1606
пообещай	1606
адреса	1606
торопись	1605
мечтать	1605
огда	1605
присутствии	1605
великолепен	1605
путешествовать	1605
поставила	1605
уильямс	1605
вопросу	1604
проиграли	1604
луну	1604
состоится	1603
успела	1602
font	1602
данном	1602
лжет	1602
планировали	1602
декстер	1602
вдох	1601
теряет	1601
проблемами	1601
китай	1601
лесбиянка	1601
розы	1601
алиса	1601
холодный	1600
несет	1599
открыты	1599
участка	1599
милях	1599
приятное	1599
шума	1597
давления	1597
сложная	1597
тяжелая	1596
длинные	1596
офицеры	1596
выбираться	1596
обычной	1596
соответствует	1595
мерзавец	1595
боссом	1595
предлагает	1594
выпустили	1594
спектакль	1594
одеяло	1594
остановил	1594
карьере	1593
совершили	1593
таблеток	1593
ловушке	1593
довольна	1592
богатый	1592
нарочно	1592
кэм	1591
великолепна	1591
сдаюсь	1590
отказываюсь	1590
кончилось	1590
села	1590
ричарда	1590
озера	1590
даниэль	1590
детки	1590
воображение	1589
заполнить	1589
нанести	1589
заместитель	1588
фамилию	1587
вру	1587
оставит	1587
солгала	1587
прояснить	1587
откажусь	1587
светит	1587
парковке	1587
горах	1587
качества	1586
опасный	1586
желудок	1586
племянник	1586
ноге	1586
великая	1585
состояния	1585
личная	1585
побежал	1584
ручки	1584
грозит	1584
мая	1584
выкинуть	1584
слышь	1584
рану	1584
лучшими	1583
проходили	1583
самих	1583
покончим	1583
усилий	1583
самолета	1583
выбирай	1583
остановится	1582
выяснилось	1582
сет	1581
личную	1581
индии	1581
ловить	1580
спеть	1580
проведем	1580
нуждаюсь	1580
ближайшие	1580
согласие	1579
правильное	1579
передачу	1579
всякой	1579
рюй	1579
забочусь	1579
вылечить	1578
любимых	1577
кирк	1577
лови	1577
пейдж	1576
выпуск	1576
алек	1576
услышит	1576
любому	1576
ракеты	1575
лекарств	1575
отправимся	1575
рекорд	1575
пожалеешь	1574
кончай	1574
чип	1574
давала	1574
ужинать	1573
секрете	1572
упомянул	1572
носу	1571
поверю	1571
тащи	1571
маршал	1570
мона	1570
диагноз	1570
наслаждайтесь	1570
ромео	1570
филип	1570
хобби	1570
шляпа	1569
хэй	1569
дождя	1568
приветик	1568
подстрелили	1568
позволим	1568
love	1568
врачей	1568
копом	1568
казаться	1567
кристофер	1567
подставил	1567
стадии	1567
начни	1567
тупик	1566
ужасной	1566
разрыв	1566
себ	1566
главе	1566
превратился	1566
американцев	1565
человечество	1565
ребятки	1565
позаботится	1565
they	1565
гони	1564
клетке	1564
вторжение	1564
отказывается	1564
приведите	1564
ствол	1563
опознать	1563
дем	1563
голосом	1562
иль	1562
слушание	1562
появятся	1562
обвинений	1561
соболезнования	1561
бежит	1561
напасть	1561
пес	1561
ванесса	1561
бекки	1560
парка	1560
свитер	1559
встаньте	1559
передачи	1559
пёс	1559
шутить	1559
включи	1559
умрёшь	1559
прыгать	1558
носки	1558
крысы	1558
слушаюсь	1558
занимает	1558
ванную	1558
купим	1558
сексуальный	1557
кэсси	1557
милое	1557
крепче	1556
бежал	1556
учились	1556
лемъ	1556
вирджиния	1555
плакал	1555
забирать	1555
эстер	1555
вызвала	1555
зовите	1555
заключение	1554
продажу	1553
партия	1553
третье	1553
молода	1553
данным	1552
медовый	1552
проводим	1552
чувствуют	1551
император	1551
поведения	1550
площади	1550
беспокоишься	1550
зубов	1550
глазам	1549
минди	1549
взломать	1549
позднее	1549
блейк	1549
создавать	1549
прогресс	1549
лестницы	1548
отказались	1548
основной	1548
лев	1548
упустили	1548
луны	1548
wa	1548
оценить	1547
рисовать	1546
персонал	1546
торопиться	1546
огромной	1546
короткий	1546
дорог	1546
гляди	1545
печать	1545
ставит	1545
кандидат	1545
редактируется	1545
ждёшь	1544
ресторана	1544
трупы	1544
дыра	1544
клинику	1544
фр	1544
минус	1543
обожает	1543
опустите	1543
спор	1543
папаша	1543
клетку	1543
беременности	1543
лаборатория	1542
трубы	1541
присутствовать	1540
объявить	1540
окончания	1540
at	1540
читай	1540
шикарно	1539
остатки	1539
буквы	1538
сведению	1538
разума	1538
выгнали	1537
детской	1537
отправь	1537
устроила	1537
компьютера	1537
вторым	1537
сексуальная	1536
ллойд	1536
зубами	1536
кроули	1536
сяду	1535
реклама	1535
сделана	1535
масла	1535
свободный	1535
ручка	1535
сомневаться	1534
взаимно	1534
отпустили	1534
управляющий	1534
находился	1533
нормальным	1533
спорю	1533
парижа	1532
выросли	1532
подходят	1532
становиться	1532
резюме	1532
смеешься	1532
словах	1532
присмотреть	1531
бенни	1531
смелости	1531
съешь	1530
бок	1529
влияет	1529
милли	1529
пойдете	1529
гриффин	1529
допоздна	1529
штате	1528
подружки	1528
звезд	1528
медицинской	1528
напряжение	1528
бросает	1527
пасибо	1527
офицеров	1526
св	1526
отпечаток	1526
герр	1526
частный	1526
пи	1525
кресле	1525
род	1525
повеселиться	1525
спина	1525
семей	1525
появляются	1524
давить	1524
богат	1524
увидев	1524
ноа	1524
зовет	1523
коме	1523
счастливая	1523
говнюк	1523
куинн	1523
прихожу	1523
юрист	1522
нисколько	1522
уилла	1522
окончен	1522
приказу	1522
соглашусь	1521
лин	1521
шестой	1521
арчи	1521
заявил	1520
награда	1520
любезно	1520
представляла	1520
переодеться	1520
адвокаты	1520
найдёте	1519
рекламу	1519
клинике	1519
дурацкий	1519
коленях	1519
работник	1518
разошлись	1518
пожить	1518
версии	1518
вынуждены	1517
скучаешь	1517
обойти	1517
компьютере	1517
рассмотреть	1517
миссию	1516
партию	1516
последнем	1516
багаж	1516
терпится	1516
делиться	1516
пьяный	1516
теряю	1515
забираю	1514
потеряешь	1514
работников	1514
риз	1513
кричал	1513
мышь	1513
сказки	1512
убежала	1512
находишь	1511
полна	1511
синьора	1511
пятый	1511
старших	1511
заявления	1510
уэйд	1510
прикрыть	1510
идеальное	1510
журналист	1510
результатов	1509
силами	1509
справилась	1509
подал	1509
семейные	1509
расследовании	1509
необычное	1508
размером	1507
живи	1507
признаюсь	1507
отчасти	1507
мили	1506
проклятый	1506
женится	1506
сумасшедшие	1506
выбросил	1506
случаи	1506
отвлечь	1506
спасите	1506
установил	1505
показатели	1505
мелочи	1504
распоряжении	1504
пережил	1504
случился	1503
детство	1503
снимаю	1503
преступники	1503
суду	1502
жар	1502
американских	1502
добрым	1502
джой	1502
знакомый	1502
задуматься	1502
сотню	1502
разбираться	1501
испытания	1501
ставку	1501
отведу	1501
товарищи	1501
заложников	1500
забывайте	1500
песок	1500
боба	1500
вик	1500
традиция	1500
вершине	1500
идеальная	1499
заплатишь	1499
заботился	1498
работай	1497
выпивка	1497
высокая	1497
догадался	1497
шерлок	1497
уговорить	1497
трогал	1497
пользы	1496
прямиком	1496
алкоголя	1495
сработать	1495
приезжай	1495
сохранять	1495
видения	1495
понравиться	1494
заходить	1494
значить	1494
одержим	1494
стояли	1494
белой	1494
восьми	1493
военной	1493
поедим	1493
насрать	1492
находит	1492
казни	1492
герои	1492
найдено	1492
наказания	1491
темы	1491
отдыхать	1491
сеньора	1490
разбираюсь	1490
притормози	1490
шелли	1490
приготовьтесь	1490
подозреваю	1490
обойтись	1490
океана	1490
тренировки	1490
правильным	1489
негодяй	1489
фиона	1489
мелани	1489
королеву	1489
попытку	1489
выбери	1489
сотовый	1488
собственном	1488
взрослая	1488
нормальные	1487
дойл	1486
платил	1486
бойд	1486
наказать	1486
площадке	1486
труднее	1486
сбил	1486
man	1486
домашний	1486
госпиталь	1485
чистой	1485
получаем	1485
мерфи	1485
департамента	1485
просите	1485
еле	1484
якобы	1484
назовите	1484
холл	1483
гостинице	1483
рисунок	1483
страховка	1483
расскажете	1483
сотрудник	1483
решим	1483
деб	1483
край	1482
приходишь	1482
духом	1482
хранит	1482
преданность	1482
спрашивают	1482
закрыл	1482
животе	1482
заседание	1481
проход	1481
наличные	1481
злится	1481
комитета	1481
шлем	1481
отпустил	1480
продвигается	1480
славу	1480
изменили	1480
ухода	1480
сопротивление	1479
мечту	1479
ублюдка	1479
обязанность	1479
американец	1479
организация	1479
инструмент	1479
родная	1478
приблизительно	1478
защищал	1478
местам	1478
мусора	1478
признателен	1477
почта	1477
охотиться	1477
магию	1477
просыпайся	1477
пищу	1477
перестанешь	1477
надежде	1476
чепуха	1476
гениально	1475
принимают	1475
дональд	1475
бабушкой	1475
собакой	1474
устройства	1474
отказать	1474
десятки	1473
запасной	1473
настоящих	1473
стефани	1473
обедать	1473
поезжай	1473
ожидали	1473
right	1473
стоун	1472
означать	1472
благо	1472
вызывают	1472
приглашения	1471
слуга	1471
поддерживает	1470
новенький	1470
here	1470
ученик	1470
добился	1470
большинства	1469
достань	1469
ферму	1468
президенту	1468
налоги	1468
ворот	1468
томаса	1468
реальный	1468
калеб	1468
изучить	1467
выстрелы	1466
покер	1466
адвокату	1466
держала	1466
отчаянии	1466
белое	1466
автомобиля	1466
невесту	1466
важного	1466
лайла	1466
белым	1466
везет	1466
майлз	1466
несчастью	1466
жалкий	1465
счастливчик	1465
воу	1465
прислала	1465
голосов	1465
выдать	1464
встретился	1464
судебный	1464
обедом	1464
финч	1464
проверки	1464
подойду	1464
сары	1464
найдётся	1463
позови	1463
придурки	1463
требуют	1462
находитесь	1462
врет	1462
бабушке	1462
подарила	1462
поздороваться	1461
новому	1461
выступления	1461
великолепный	1461
помолчи	1461
адама	1461
сиденье	1461
харпер	1461
джанет	1460
исключение	1460
лезть	1460
прессе	1460
маршрут	1460
посетителей	1459
нельсон	1458
комиссии	1458
молитвы	1458
близких	1458
счету	1457
слежу	1457
экран	1457
встречала	1457
дверей	1456
волновался	1456
ритм	1455
сделало	1455
воспользовался	1455
девочке	1455
кэлли	1455
пришлю	1455
мн	1455
ангела	1455
пассажиров	1454
депрессии	1454
волнуешься	1454
ответов	1453
четко	1453
магазинам	1453
наряд	1453
воздухом	1453
поймаем	1452
непонятно	1452
подтверждение	1452
клёво	1451
славный	1451
бедняга	1451
жениха	1451
важных	1451
любитель	1451
складе	1451
шагом	1451
руководство	1451
полезен	1450
карман	1450
франков	1450
улыбаться	1450
простит	1450
продолжают	1449
яблоко	1449
романа	1449
выбираю	1448
прочитала	1448
нашло	1448
построили	1448
вайолет	1448
сексуальные	1448
поймёшь	1448
умеете	1448
способы	1447
положу	1447
чудесная	1447
схватили	1447
фирме	1446
праздновать	1446
явился	1446
рассказываешь	1446
соединенных	1446
персонаж	1446
изучать	1445
всякого	1445
американской	1445
сыром	1445
вертолет	1445
броуди	1445
сайте	1445
процедура	1444
гроб	1444
чистого	1444
положиться	1443
андреа	1443
сексуальной	1443
ноутбук	1443
пьет	1443
дождусь	1443
открытым	1442
убило	1442
уроков	1442
аэропорта	1442
хью	1442
кэл	1441
йоу	1441
языка	1441
передумала	1441
бегу	1440
дамочка	1440
потеряем	1440
проявить	1440
легкие	1440
тардис	1439
добровольно	1439
возьмет	1439
сниму	1439
драку	1438
форд	1438
черного	1438
глазом	1438
кошки	1438
поколение	1438
понимала	1437
делая	1437
собственная	1436
крутые	1436
готовиться	1436
пили	1436
сопротивляться	1436
констебль	1436
вивиан	1435
штаты	1435
продолжаешь	1435
отдохни	1434
фантазии	1434
микрофон	1433
иной	1433
клэй	1433
прекрасную	1433
настал	1433
конни	1432
теряешь	1432
жаловаться	1432
боевой	1432
дядю	1432
голосовать	1432
противостоять	1432
планирует	1432
уведите	1432
заслужили	1432
незачем	1431
прощаю	1431
го	1431
мнe	1430
моста	1430
значительно	1430
назначил	1430
бш	1430
добрая	1430
историей	1430
личных	1429
волновалась	1429
драка	1429
пальцами	1428
предпочла	1428
бегах	1427
блондинка	1427
поверили	1427
мэдди	1427
кай	1427
отведи	1427
разбить	1427
произнести	1427
свести	1427
проверяю	1427
историй	1426
порядка	1426
начнешь	1426
гари	1426
олли	1426
оставался	1425
прекрасным	1425
печени	1424
библии	1424
трэвис	1423
поищу	1423
субтитров	1423
оо	1423
яиц	1422
злая	1422
толстый	1421
легких	1421
мертвый	1421
безопаснее	1421
орошо	1421
бри	1421
энджи	1421
следили	1420
исследований	1420
птичка	1420
работ	1420
пропуск	1419
отнести	1419
справляешься	1419
вступить	1419
миг	1419
двум	1419
нормальная	1419
разочарован	1419
продолжаю	1418
свидетельство	1418
цепи	1418
серийный	1418
замка	1418
трахнуть	1417
ёй	1417
съем	1416
выходим	1416
нм	1416
заставляют	1416
заехать	1415
противном	1415
приедешь	1415
настаиваю	1415
простого	1415
падения	1415
ребятами	1414
маленькими	1414
имея	1414
лифте	1414
адвокатов	1414
лечить	1413
следуй	1413
выиграю	1413
выживет	1413
дополнительные	1413
постараться	1413
преодолеть	1412
свиньи	1412
страницы	1412
хилл	1412
велик	1412
река	1412
традиции	1411
расстояние	1411
джоном	1411
рискнуть	1411
предположение	1411
журнала	1411
поиска	1411
царь	1411
уайт	1411
now	1410
грэм	1410
охотится	1410
разрешить	1410
лист	1409
утрам	1409
случаем	1409
совещание	1409
услугам	1409
поправится	1409
вытащи	1408
дракон	1408
возражаю	1408
битве	1407
колено	1407
удостоверение	1407
гитлер	1406
композитор	1406
крепкий	1406
атака	1406
шона	1406
открытия	1406
старом	1406
вспоминаю	1406
разберёмся	1405
расслабьтесь	1405
попытайся	1405
мик	1405
попадает	1405
впрямь	1405
испании	1404
изначально	1404
освобождения	1404
посетить	1404
обвинять	1404
происходят	1404
палмер	1403
жюри	1403
зайди	1403
причинил	1403
взгляда	1403
ку	1402
прикольно	1402
рей	1402
величества	1402
девочками	1402
бинго	1401
марии	1401
пределы	1401
подонок	1401
высокие	1401
висит	1400
чокнутый	1400
устроит	1400
ушло	1400
убивала	1400
переспал	1400
спускайся	1400
мьi	1399
решением	1399
копать	1399
учительница	1399
близнецы	1399
прах	1398
зрелище	1398
рекламы	1398
министерство	1398
обморок	1397
органов	1397
трудный	1397
требования	1396
доусон	1396
четверть	1396
помощника	1395
ареста	1395
завтрашнего	1395
половине	1395
конверт	1394
времён	1394
полли	1393
соответствии	1393
соревнование	1393
усердно	1393
четвертый	1393
нервничать	1393
ри	1392
похуже	1392
продают	1391
ремень	1391
курсы	1391
gps	1391
местонахождение	1391
открывает	1391
говно	1391
трой	1391
плечи	1391
флоррик	1391
оставляй	1391
ответили	1390
достанется	1390
чьей	1390
долгие	1390
кораблей	1390
насквозь	1389
обратном	1389
исполнилось	1389
выстрела	1389
использование	1389
приедут	1389
условии	1389
шеи	1389
убивали	1388
кошмары	1388
состав	1388
дядей	1388
теста	1387
соберись	1387
странного	1387
достиг	1387
священника	1387
останки	1387
штатах	1386
макса	1386
покупает	1386
ударили	1386
июня	1386
лука	1386
признай	1386
теорию	1386
собственными	1386
цирк	1386
обнять	1386
велосипеде	1386
высоте	1386
мэнди	1385
поют	1385
вскрытие	1384
дозу	1384
собрали	1384
отличным	1384
музыке	1384
игроков	1384
любовник	1384
хуя	1384
ехали	1384
соседству	1383
пламя	1383
доллара	1383
пожертвовать	1383
повидать	1383
покупки	1383
необходимое	1383
проблемах	1383
уважаемый	1382
берёт	1382
черных	1382
подумают	1382
основании	1382
собственности	1382
домашнее	1382
операционной	1382
стиви	1382
поссорились	1382
фирму	1382
следа	1382
погнали	1381
интересуют	1381
знакомству	1381
кейн	1381
мелкие	1381
передача	1381
благодарим	1380
гонки	1380
тэд	1380
клер	1380
услышишь	1380
противника	1380
кэри	1379
директором	1379
верим	1379
кучка	1379
николас	1379
проводишь	1379
ограбления	1379
врагом	1379
багажнике	1379
