a	700
aa	8
aaa	5
aaaaaaah	3
aaaaaah	3
aaaaah	5
aaaah	7
aaaargh	3
aaagh	4
aaah	12
aaahh	3
aaahhh	3
aaargh	5
aagh	5
aah	40
aahh	4
aahhh	3
aang	5
aarav	2
aardvark	3
aargh	6
aaron	19
aarti	3
aaru	2
ab	7
aba	2
aback	3
abacus	3
abaddon	3
abalone	4
abandon	18
abandoned	23
abandoning	8
abandonment	5
abandons	4
abate	3
abattoir	3
abba	5
abbas	5
abberline	2
abbess	3
abbey	10
abbi	4
abbie	6
abbot	8
abbott	8
abbreviation	2
abbs	4
abby	23
abc	7
abdel	4
abdicate	3
abdomen	9
abdominal	7
abduct	6
abducted	12
abducting	4
abduction	9
abductions	4
abductor	3
abdul	8
abdullah	5
abe	12
abed	6
abel	10
abercrombie	3
aberdeen	4
abernathy	4
aberrant	3
aberration	4
abetting	5
abhay	4
abhi	5
abhimanyu	3
abhor	3
abhorrent	3
abi	10
abide	8
abiding	4
abigail	11
abilene	4
abilities	13
ability	23
abject	4
abla	3
ablaze	4
able	72
abner	6
abnormal	9
abnormalities	4
abnormality	4
abnormally	3
abnormals	3
aboard	22
abode	6
abolish	5
abolished	5
abolition	3
abominable	5
abomination	6
abominations	3
aboot	3
aboriginal	4
aborigines	3
abort	10
aborted	5
aborting	2
abortion	13
abortions	5
abou	3
abound	3
about	294
aboutyou	3
above	37
abra	3
abracadabra	5
abraham	12
abram	3
abramoff	3
abrams	5
abrasion	3
abrasions	5
abrasive	3
abreast	3
abroad	17
abrupt	5
abruptly	6
abs	8
abscess	4
absconded	3
absence	15
absences	3
absent	11
absentee	3
absinthe	4
absolute	19
absolutely	54
absolution	5
absolve	5
absolved	4
absorb	8
absorbed	8
absorbent	2
absorbing	5
absorbs	4
absorption	3
abstain	4
abstinence	5
abstract	8
abstraction	2
absurd	17
absurdity	4
absurdly	3
abu	10
abuela	5
abuelita	3
abundance	7
abundant	6
abundantly	4
abuse	18
abused	12
abuser	4
abusers	3
abuses	6
abusing	8
abusive	8
abut	2
abysmal	3
abyss	8
ac	8
acacia	3
academia	3
academic	10
academically	3
academics	4
academies	2
academy	19
acapulco	5
accelerant	4
accelerate	7
accelerated	6
accelerates	4
accelerating	6
acceleration	6
accelerator	7
accent	22
accents	6
accentuate	3
accept	43
acceptable	12
acceptance	9
accepted	23
accepting	12
accepts	8
access	31
accessed	6
accessible	6
accessing	5
accessories	6
accessory	9
accident	46
accidental	9
accidentally	16
accidently	3
accidents	13
acclaim	3
acclaimed	4
accolades	3
accommodate	7
accommodated	2
accommodating	4
accommodation	7
accommodations	5
accompanied	9
accompanies	3
accompaniment	3
accompany	15
accompanying	6
accomplice	12
accomplices	7
accomplish	13
accomplished	14
accomplishing	3
accomplishment	6
accomplishments	6
accord	7
accordance	7
accorded	2
according	38
accordingly	8
accordion	7
accords	3
accosted	3
account	34
accountability	4
accountable	8
accountancy	2
accountant	13
accountants	5
accounted	8
accounting	10
accounts	19
accredited	3
accumulate	5
accumulated	5
accumulating	3
accumulation	4
accuracy	7
accurate	15
accurately	7
accursed	5
accusation	9
accusations	11
accuse	13
accused	23
accuser	3
accuses	5
accusing	13
accustomed	9
ace	17
aced	4
aces	8
acetone	3
acetylene	2
aceveda	3
ach	6
ache	9
ached	3
aches	7
achieve	17
achieved	13
achievement	11
achievements	7
achieves	3
achieving	6
achille	3
achilles	7
achim	3
aching	8
achmed	4
achoo	3
achtung	4
achy	3
acid	16
acidic	3
acidity	3
acids	5
ack	4
acker	2
ackerman	4
acknowledge	12
acknowledged	8
acknowledgement	3
acknowledges	3
acknowledging	4
acknowledgment	3
ackroyd	3
acl	2
aclu	3
acme	3
acne	5
acorn	5
acorns	4
acosta	3
acoustic	6
acoustics	4
acp	5
acquaint	3
acquaintance	11
acquaintances	7
acquainted	10
acquire	9
acquired	11
acquiring	5
acquisition	6
acquisitions	4
acquit	4
acquittal	4
acquitted	7
acre	6
acreage	2
acres	11
acrobat	4
acrobatic	3
acrobatics	3
acrobats	3
acronym	4
acropolis	3
across	48
acrylic	3
acs	3
act	52
acted	17
actin	4
acting	37
action	39
actionable	3
actions	20
activate	12
activated	11
activates	4
activating	5
activation	5
active	19
actively	7
activism	3
activist	7
activists	6
activities	16
activity	20
actor	25
actors	18
actress	20
actresses	7
acts	19
actual	24
actuality	3
actually	99
acumen	3
acupuncture	5
acute	9
acutely	3
ad	20
ada	10
adachi	3
adage	3
adair	3
adalind	4
adam	38
adama	6
adamant	6
adams	15
adamson	3
adapt	10
adaptability	2
adaptable	4
adaptation	6
adaptations	3
adapted	8
adapting	5
adaptive	3
add	31
addams	5
added	18
addendum	3
adder	3
adderall	3
addict	13
addicted	11
addiction	11
addictions	3
addictive	6
addicts	8
addie	5
adding	12
addis	2
addison	10
addition	16
additional	13
additionally	3
additions	3
additive	2
additives	3
addons	4
address	40
addressed	10
addresses	10
addressing	7
adds	10
addy	5
ade	5
adebisi	3
adel	3
adela	4
adelaide	6
adele	9
adelina	3
adeline	3
adelle	3
adem	3
aden	3
adept	4
adequate	8
adequately	4
adhd	3
adhere	5
adhered	2
adhesive	4
adi	7
adidas	3
adieu	7
adina	2
adios	8
aditi	4
aditya	6
adjacent	6
adjective	4
adjectives	3
adjoining	4
adjourn	5
adjourned	9
adjournment	3
adjust	13
adjustable	3
adjusted	7
adjuster	3
adjusting	7
adjustment	8
adjustments	7
adjutant	4
adlai	3
adler	7
admin	5
administer	7
administered	6
administering	4
administration	14
administrative	7
administrator	8
administrators	4
admirable	9
admirably	3
admiral	18
admirals	3
admiralty	5
admiration	8
admire	18
admired	10
admirer	8
admirers	5
admires	5
admiring	7
admissible	4
admission	10
admissions	6
admit	38
admits	7
admittance	3
admitted	17
admittedly	5
admitting	9
adnan	4
ado	6
adolescence	5
adolescent	6
adolescents	3
adolf	9
adolfo	4
adolph	4
adolphe	3
adonai	2
adonis	4
adopt	12
adopted	16
adopting	6
adoption	12
adoptive	5
adopts	2
adorable	16
adoration	4
adore	13
adored	8
adores	6
adoring	4
adorn	4
adorned	4
adrenal	3
adrenalin	3
adrenaline	10
adress	3
adri	2
adrian	17
adriana	7
adrianna	5
adriano	4
adriatic	3
adric	3
adrien	6
adrienne	4
adrift	5
ads	10
adulation	3
adult	22
adulterer	3
adulteress	2
adulterous	3
adultery	8
adulthood	4
adults	17
advance	23
advanced	17
advancement	5
advancements	3
advances	9
advancing	7
advantage	27
advantageous	4
advantages	9
advent	4
adventure	20
adventurer	5
adventurers	4
adventures	11
adventurous	7
adversaries	4
adversary	6
adverse	5
adversity	5
advert	5
advertise	7
advertised	5
advertisement	8
advertisements	4
advertisers	4
advertising	14
adverts	3
advice	35
advices	3
advil	3
advisable	4
advise	16
advised	12
advisement	3
adviser	7
advisers	4
advises	4
advising	6
advisor	11
advisors	6
advisory	5
advocacy	3
advocate	9
advocated	3
advocates	4
advocating	4
ae	8
aegean	3
aegis	3
aegisshi	5
aerial	8
aerobics	5
aerodynamic	3
aerodynamics	3
aeronautics	3
aeroplane	6
aeroplanes	4
aerosmith	3
aerosol	3
aerospace	4
aeryn	6
aesthetic	6
aesthetically	3
aesthetics	3
aether	3
aey	3
af	4
afar	8
afew	2
aff	3
affable	2
affair	27
affairs	21
affect	18
affected	16
affecting	9
affection	15
affectionate	7
affectionately	4
affections	6
affects	11
affidavit	6
affidavits	3
affiliate	3
affiliated	4
affiliates	3
affiliation	3
affiliations	3
affinity	4
affirm	4
affirmation	3
affirmative	10
affleck	3
afflicted	5
affliction	5
affluent	4
afford	32
affordable	5
afforded	4
affords	3
affraid	3
affront	4
afghan	7
afghani	3
afghanistan	14
afghans	3
aficionado	3
afield	3
afire	3
afis	4
aflame	3
afloat	6
afoot	5
afore	3
aforementioned	3
afraid	77
afresh	4
africa	26
african	16
africans	6
afro	4
aft	7
after	141
afterall	3
afterlife	9
aftermath	5
afternoon	45
afternoons	6
aftershave	5
aftershock	2
aftertaste	3
afterthat	3
afterthe	3
afterthought	3
afterward	7
afterwards	22
afteryou	2
ag	5
aga	4
again	143
against	76
agamemnon	3
agata	4
agatha	9
agathe	3
age	51
aged	11
ageing	5
ageless	2
agencies	10
agency	24
agenda	13
agendas	3
agent	45
agents	23
ages	22
aggie	5
aggravate	3
aggravated	7
aggravating	4
aggravation	4
aggregate	3
aggression	10
aggressive	16
aggressively	5
aggressiveness	3
aggressor	4
aggressors	3
aggrieved	3
aggro	3
agh	13
agha	5
aghh	3
agile	5
agility	4
aging	8
agitate	3
agitated	8
agitation	4
agitator	3
agitators	3
aglow	2
agnes	14
agnese	2
agnew	4
agnieszka	3
agnostic	3
ago	89
agonies	2
agonizing	5
agony	11
agora	3
agos	3
agostino	3
agra	4
agrarian	3
agree	46
agreeable	7
agreed	35
agreeing	9
agreement	23
agreements	6
agrees	12
agricultural	7
agriculture	8
agrippa	3
agrippina	4
aground	4
agua	3
aguilar	4
aguilera	4
aguirre	4
agustin	3
ah	92
aha	15
ahab	5
ahana	2
ahead	65
ahem	16
ahh	26
ahhh	12
ahhhh	6
ahhhhh	4
ahhhhhh	3
ahi	3
ahjumma	5
ahjusshi	3
ahjussi	6
ahm	3
ahmad	6
ahmadi	2
ahmed	9
ahmet	5
ahn	8
ahold	10
ahora	3
ahoy	7
ahsoka	4
ai	11
aid	19
aida	5
aidan	9
aide	7
aided	5
aiden	9
aides	4
aiding	6
aids	14
aight	3
aigoo	8
aihara	2
aii	18
aikawa	2
aiken	3
aiko	4
aileen	3
ailing	4
ailment	4
ailments	4
ails	4
aim	21
aimed	9
aimee	5
aiming	10
aimless	3
aimlessly	4
aims	6
ain	76
aino	3
ainsley	3
aint	4
air	59
airbag	3
airbags	3
airbase	3
airbender	2
airborne	9
airbrush	2
aircraft	16
aired	5
aires	8
airfare	3
airfield	7
airfields	3
airhead	3
airing	5
airlift	3
airline	10
airliner	3
airlines	8
airlock	6
airman	4
airmen	5
airplane	15
airplanes	8
airport	28
airports	6
airs	6
airship	5
airspace	5
airspeed	2
airstrip	4
airtight	6
airtime	2
airwaves	4
airway	6
airways	5
airwolf	3
airy	4
aish	4
aisha	7
aishwarya	3
aisle	12
aisles	4
aitu	3
aiyo	2
aizawa	2
aizu	3
aj	7
aja	2
ajar	4
ajax	6
ajay	9
ajin	3
ajit	3
ajob	4
ajoke	3
ajumma	3
ajusshi	3
ajussi	3
ak	4
aka	9
akagi	3
akai	2
akane	4
akari	3
akasaka	2
akash	5
akashi	3
akatsuki	3
akbar	7
ake	5
akechi	3
akemi	4
akers	3
akhenaten	3
aki	6
akiba	3
akiko	5
akin	4
akio	4
akira	8
akita	3
akiyama	4
ako	3
akron	3
aksel	3
akshay	4
aku	4
al	30
ala	4
alabama	9
alabaster	3
alack	2
aladdin	6
alai	2
alaikum	5
alain	7
alak	3
alameda	3
alamo	5
alamos	3
alan	29
alana	5
alaric	4
alarm	31
alarmed	8
alarming	6
alarmingly	2
alarms	9
alas	12
alaska	11
alaskan	4
alastair	4
alaykum	2
alba	6
alban	3
albania	5
albanian	6
albanians	4
albany	6
albatross	5
albeit	5
albert	22
alberta	5
albertine	3
alberto	10
albie	4
albin	3
albino	5
albion	3
albrecht	3
albright	5
album	19
albums	8
albuquerque	6
alby	4
alcatraz	5
alcazar	3
alchemist	5
alchemists	3
alchemy	5
alcide	3
alcohol	24
alcoholic	13
alcoholics	5
alcoholism	5
alcove	3
alda	3
alden	5
alder	3
alderman	6
aldo	7
aldous	3
aldrich	3
aldridge	3
aldrin	4
ale	10
alec	13
aleck	3
aleikum	3
aleister	3
alejandra	3
alejandro	7
alek	3
aleksandr	3
alena	3
aleppo	3
alert	23
alerted	7
alerting	4
alerts	4
alessandra	3
alessandro	5
alex	39
alexa	6
alexander	19
alexandra	8
alexandre	5
alexandria	6
alexei	7
alexey	3
alexi	4
alexis	14
alexx	5
alf	10
alfa	5
alfalfa	3
alfie	8
alfonse	3
alfonso	7
alfred	15
alfredo	9
algae	6
algebra	6
algeria	7
algerian	4
algernon	3
algiers	5
algo	2
algonquin	2
algorithm	8
algorithms	5
algy	3
alhambra	3
ali	21
alia	5
alias	9
aliases	5
alibi	19
alibis	6
alice	28
alicia	17
alien	25
alienate	4
alienated	4
alienating	3
alienation	3
aliens	17
alight	4
align	5
aligned	6
aligning	2
alignment	6
alike	17
alimony	7
alina	5
aline	4
alisa	3
alise	3
alisha	4
alison	15
alissa	4
alistair	8
alive	65
alka	3
alkaline	2
all	351
alla	4
allah	15
allahu	4
allan	10
alle	3
allegation	5
allegations	9
alleged	10
allegedly	8
alleges	3
allegiance	9
alleging	3
allegory	3
allegra	3
allegro	2
alleluia	3
allen	16
allenby	3
allende	4
allergic	14
allergies	8
allergy	8
alles	3
alleviate	4
alley	19
alleys	5
alleyway	5
allez	5
alli	4
alliance	17
alliances	6
allie	9
allied	10
allies	14
alligator	8
alligators	5
allison	16
allo	4
allocate	3
allocated	4
allocation	3
allot	2
allotment	4
allotted	4
allow	38
allowance	10
allowances	4
allowed	39
allowing	13
allows	15
alloy	5
alloys	2
allright	9
alls	3
allure	4
alluring	4
ally	16
allyson	4
alma	9
almanac	3
almeida	4
almighty	15
almond	7
almonds	6
almost	72
alms	6
almudena	3
alo	3
aloe	3
aloft	4
aloha	7
alois	3
alone	91
along	67
alongside	12
alonso	7
alonzo	6
aloof	4
alors	3
alot	5
aloud	7
aloysius	3
alpaca	3
alpha	19
alphabet	8
alphabetical	4
alphabetically	3
alphaff	4
alphahff	7
alphas	3
alphonse	7
alpine	5
alps	7
already	100
alright	64
alrighty	5
als	4
alsace	3
alsatian	3
also	95
alt	3
altar	13
altars	2
alter	11
alteration	3
alterations	4
altercation	5
altered	10
altering	5
alternate	9
alternating	4
alternative	16
alternatively	3
alternatives	6
alternator	3
alters	4
althea	4
although	35
altimeter	3
altitude	10
altitudes	3
altman	4
alto	5
altogether	13
alton	4
altruism	3
altruistic	3
alucard	3
alum	3
aluminium	4
aluminum	8
alumni	6
alva	3
alvarado	3
alvarez	8
alvaro	5
alvey	4
alvin	10
alway	3
always	132
aly	3
alyona	2
alyosha	4
alyson	3
alyssa	6
alzheimer	8
am	165
ama	5
amaar	6
amadeus	3
amador	4
amal	3
amalfi	2
amalia	5
amamiya	3
aman	6
amanda	24
amane	3
amano	2
amantha	3
amar	8
amara	4
amarillo	3
amaro	4
amaru	3
amass	3
amassed	4
amassing	2
amateur	14
amateurish	3
amateurs	8
amaya	4
amaze	6
amazed	12
amazement	4
amazes	4
amazing	53
amazingly	8
amazon	10
amazonian	3
amazons	4
ambassador	18
ambassadors	5
amber	18
amberson	3
ambiance	3
ambien	3
ambience	4
ambient	5
ambiguity	3
ambiguous	5
ambition	14
ambitions	9
ambitious	13
ambivalent	3
ambo	3
ambrose	7
ambrosia	4
ambu	3
ambulance	25
ambulances	5
ambush	12
ambushed	8
ambushes	2
ambushing	2
amc	3
ame	4
amedeo	3
amelia	13
amelie	3
amen	25
amenable	3
amend	4
amended	3
amendment	10
amendments	3
amends	9
amenhotep	2
amenities	4
america	46
american	47
americana	3
americano	4
americans	25
americas	5
ames	8
amethyst	5
amex	2
ami	8
amiable	4
amicable	4
amicably	3
amid	5
amidst	7
amiga	4
amigo	9
amigos	6
amin	4
amina	3
amino	4
amir	7
amira	4
amis	3
amish	6
amiss	5
amit	5
amita	4
amitabh	3
amitabha	3
amjad	4
amma	3
amman	3
ammo	11
ammonia	6
ammonium	3
ammu	3
ammunition	12
amnesia	9
amnesiac	2
amnesty	7
amniotic	3
amo	3
amoeba	3
amok	4
amon	3
among	34
amongst	17
amor	6
amoral	3
amore	4
amorous	4
amory	2
amos	9
amount	30
amounted	3
amounts	12
amour	4
amp	6
amparo	2
amped	3
amphetamine	3
amphetamines	4
amphibian	3
amphibians	3
amphibious	3
amphitheater	3
amphora	2
ample	7
amplified	5
amplifier	4
amplify	4
amply	2
amps	4
amputate	4
amputated	4
amputation	4
amrita	4
amritsar	3
ams	3
amsterdam	11
amtrak	2
amulet	8
amulets	3
amun	2
amundsen	2
amuse	8
amused	7
amusement	10
amuses	4
amusing	13
amy	33
amygdala	3
an	224
ana	15
anabel	2
anaconda	4
anaesthesia	3
anaesthetic	4
anagram	3
anaheim	3
anais	3
anakin	5
anal	8
analog	3
analogue	3
analogy	6
analyse	5
analysed	4
analyses	3
analysing	3
analysis	17
analyst	8
analysts	5
analytical	4
analyze	10
analyzed	8
analyzer	3
analyzing	7
anamika	3
anand	7
anaphylactic	3
anarchist	6
anarchists	5
anarchy	8
anarkali	2
anasazi	3
anastasia	6
anata	3
anathema	2
anatole	3
anatolia	3
anatoly	4
anatomical	3
anatomically	3
anatomy	9
anbu	2
anc	3
ancestor	8
ancestors	17
ancestral	6
ancestry	4
anchor	13
anchorage	4
anchored	5
anchorman	3
anchors	4
anchovies	5
anchovy	3
ancient	31
ancients	6
and	606
anda	3
andale	3
andalusia	3
anders	10
andersen	5
anderson	16
andersson	4
anderton	3
andes	5
andhra	3
andi	8
andiamo	3
andie	6
ando	4
andonof	2
andrade	2
andre	15
andrea	16
andreas	8
andrei	8
andrej	3
andres	6
andrew	23
andrews	11
andrey	4
android	8
androids	4
andromeda	7
andros	4
andrzej	3
ands	3
andy	29
ane	3
anecdote	4
anecdotes	3
anemia	4
anemic	4
anemone	2
anesthesia	7
anesthesiologist	3
anesthetic	6
anette	2
aneurysm	7
anew	7
ang	5
angad	3
ange	6
angel	34
angela	22
angeles	20
angelic	5
angelica	8
angelika	3
angelina	8
angelique	5
angelo	12
angels	20
angelus	4
anger	24
angered	5
angers	3
angie	14
angina	3
angiogram	2
angkor	3
anglais	3
angle	19
angled	3
angler	3
angles	9
anglia	3
anglican	3
angling	4
anglo	2
angola	4
angrier	5
angrily	6
angry	45
angst	4
anguish	8
anguished	3
angular	3
angus	9
angy	2
ani	4
ania	4
anibal	3
anika	4
aniki	3
anil	3
animal	36
animals	37
animate	3
animated	6
animation	8
animator	2
animators	3
anime	4
animosity	5
animus	3
anise	3
aniston	3
anita	12
anja	4
anjali	8
anjou	3
anju	4
anka	4
ankara	5
anker	3
ankle	14
ankles	9
anklet	4
anklets	5
ann	20
anna	31
annabel	6
annabelle	7
annabeth	5
annalise	6
annals	3
annapolis	4
annas	3
anne	24
annenberg	3
annette	8
annex	5
annexation	2
annexed	2
anni	4
annie	27
annihilate	5
annihilated	5
annihilation	5
annika	6
anniversaries	3
anniversary	20
announce	17
announced	14
announcement	16
announcements	6
announcer	26
announces	5
announcing	8
annoy	9
annoyance	4
annoyed	12
annoying	20
annoyingly	3
annoys	6
annual	14
annually	4
annuity	2
annul	3
annulled	4
annulment	5
anny	2
ano	3
anoint	3
anointed	5
anomalies	6
anomalous	3
anomaly	8
anon	3
anonymity	5
anonymous	16
anonymously	5
anorexia	3
anorexic	4
another	113
anouk	3
ans	5
ansari	3
ansel	3
anselmo	4
anson	5
anspaugh	3
answer	68
answerable	3
answered	20
answering	21
answerphone	3
answers	28
ant	12
antacid	3
antagonism	2
antagonistic	3
antagonize	3
antarctic	5
antarctica	7
antares	3
ante	6
anteater	3
antelope	5
antenna	8
antennae	4
antennas	3
anterior	4
anthea	2
anthem	8
anthill	3
anthony	20
anthrax	6
anthropological	2
anthropologist	5
anthropologists	2
anthropology	5
anti	5
antibiotic	5
antibiotics	9
antibodies	5
antibody	3
antichrist	5
anticipate	8
anticipated	9
anticipating	5
anticipation	7
antics	5
antidepressant	3
antidepressants	5
antidote	11
antifreeze	3
antigone	3
antigua	3
antihistamine	2
antimatter	5
antioch	3
antiquated	4
antique	12
antiques	8
antiquities	5
antiquity	4
antiseptic	4
antisocial	5
antler	3
antlers	5
anto	3
antoine	12
antoinette	6
anton	13
antonia	6
antonio	17
antonov	2
antony	8
ants	13
antsy	4
antti	3
antwerp	4
antwon	4
anu	7
anubis	5
anuj	3
anus	6
anushka	3
anvil	4
anwar	6
anxieties	4
anxiety	14
anxious	18
anxiously	5
any	163
anya	8
anybody	63
anyhoo	4
anyhow	15
anymore	71
anyone	89
anyplace	7
anythin	2
anything	149
anytime	22
anyway	76
anyways	16
anywhere	48
ao	4
aoi	5
aoki	4
aol	2
aomori	2
aorta	6
aortic	4
aoyagi	3
aoyama	4
ap	6
apache	8
apaches	5
apart	38
apartheid	4
apartment	43
apartments	11
apathetic	3
apathy	4
apb	7
ape	12
aperitif	3
aperture	3
apes	8
apex	5
aphasia	2
aphids	3
aphrodisiac	5
aphrodite	5
apiece	7
aplenty	2
apnea	3
apo	3
apocalypse	10
apocalyptic	4
apollo	12
apologetic	3
apologies	16
apologise	15
apologised	4
apologising	4
apologize	35
apologized	9
apologizes	4
apologizing	10
apology	20
apophis	4
apos	5
apostle	5
apostles	5
apostolic	2
apostrophe	3
apothecary	3
app	11
appa	4
appalachian	3
appalled	6
appalling	8
apparatus	7
apparel	4
apparent	11
apparently	37
apparition	5
apparitions	3
appartment	3
appeal	18
appealed	6
appealing	9
appeals	8
appear	27
appearance	18
appearances	10
appeared	20
appearing	9
appears	26
appease	5
appeased	3
appeasement	2
appellate	3
appendage	3
appendectomy	3
appendicitis	5
appendix	7
appetit	5
appetite	15
appetites	5
appetizer	6
appetizers	6
appetizing	3
applaud	8
applauded	4
applauding	11
applauds	5
applause	37
apple	24
applebee	3
appleby	4
applegate	2
applejack	4
apples	14
applesauce	4
appleton	3
appliance	5
appliances	6
applicable	3
applicant	4
applicants	5
application	16
applications	8
applied	14
applies	8
apply	20
applying	10
appoint	8
appointed	13
appointing	4
appointment	27
appointments	10
appraisal	4
appraise	2
appraised	3
appraiser	3
appreciate	42
appreciated	12
appreciates	7
appreciating	4
appreciation	11
appreciative	5
apprehend	6
apprehended	7
apprehending	3
apprehension	4
apprehensive	4
apprentice	9
apprentices	3
apprenticeship	4
apprised	4
approach	24
approachable	3
approached	13
approaches	10
approaching	23
appropriate	18
appropriated	3
appropriately	5
appropriation	2
appropriations	3
approval	15
approve	17
approved	14
approves	5
approving	3
approximate	5
approximately	14
approximation	3
apps	5
appu	3
appy	2
apricot	4
apricots	3
april	25
apron	9
aprons	4
apropos	3
apt	6
aptitude	4
aptly	3
apu	4
aqua	6
aqualad	3
aquaman	5
aquarium	7
aquarius	4
aquatic	4
aqueduct	4
aqueducts	2
aqui	4
aquinas	3
ar	10
ara	3
arab	12
arabela	3
arabella	4
arabia	8
arabian	6
arabic	13
arabs	9
arafat	3
aragon	4
arai	3
araki	3
aram	5
aramaic	3
aramis	4
arang	3
arapaho	2
aras	3
arastoo	3
arav	2
aravind	4
arbiter	3
arbitrarily	3
arbitrary	5
arbitration	3
arbor	4
arby	3
arc	9
arcade	8
arcades	3
arcadia	5
arcane	3
arcee	3
arch	10
archaeological	6
archaeologist	6
archaeologists	7
archaeology	5
archaic	4
archana	3
archangel	6
archbishop	8
archdeacon	3
archdiocese	3
archduke	4
archenemy	2
archeological	3
archeologist	3
archeologists	3
archeology	4
archer	14
archers	5
archery	5
arches	5
archetype	3
archibald	5
archie	13
archimedes	4
archipelago	3
architect	13
architects	6
architectural	6
architecture	11
archive	7
archived	2
archives	9
archivist	3
arctic	10
ard	2
arden	5
ardennes	3
ardent	4
ardor	2
arduous	4
are	382
area	47
areas	18
aren	79
arena	11
arenas	3
arent	3
arer	3
arert	3
ares	7
aretha	3
areyou	6
arf	5
argent	2
argentina	10
argentine	5
argentinean	4
argentinian	3
arggh	4
argh	15
arghh	2
argit	2
argo	4
argon	3
argos	3
arguably	5
argue	22
argued	10
argues	4
arguing	18
argument	21
argumentative	4
arguments	12
argus	4
argyle	4
ari	12
aria	8
ariadne	4
ariana	3
ariane	4
arianna	3
arias	3
arid	4
ariel	9
aries	4
arif	4
arigato	3
aright	2
aris	3
arisa	3
arise	10
arisen	4
arises	6
arising	3
aristide	2
aristocracy	5
aristocrat	5
aristocratic	5
aristocrats	5
aristotle	6
arithmetic	5
arizona	13
arjun	9
arjuna	2
ark	11
arkady	5
arkansas	6
arkham	4
arkwright	3
arlen	4
arlena	2
arlene	6
arlette	3
arlington	5
arliss	3
arlo	6
arm	38
armaan	3
armada	5
armadillo	4
armageddon	6
armament	3
armaments	3
arman	5
armand	7
armando	6
armani	5
armband	3
armchair	5
armed	25
armenia	3
armenian	6
armenians	4
armies	11
armin	4
arming	4
armistice	5
armitage	4
armoire	3
armor	14
armored	9
armory	6
armour	8
armoured	5
armoury	4
armpit	5
armpits	5
arms	40
armstrong	11
army	48
arn	4
arnaud	4
arne	5
arnett	3
arnie	9
arno	4
arnold	15
arnott	3
aroma	6
aromatherapy	2
aromatic	3
aron	4
arora	3
arose	6
around	128
arousal	3
arouse	6
aroused	7
arouses	3
arousing	4
arr	4
arraigned	4
arraignment	5
arrakis	3
arrange	22
arranged	22
arrangement	15
arrangements	16
arranges	3
arranging	7
arras	3
array	8
arrears	3
arrest	40
arrested	34
arresting	12
arrests	10
arrgh	4
arrhythmia	4
arriba	4
arrival	17
arrivals	5
arrive	26
arrived	39
arrivederci	4
arrives	16
arriving	16
arrogance	9
arrogant	14
arrow	16
arrowhead	3
arrows	11
arroyo	4
arse	16
arsed	2
arsehole	8
arseholes	4
arsenal	8
arsene	2
arsenic	7
arsenio	3
arses	4
arson	9
arsonist	5
arsonists	3
art	43
artefact	3
artefacts	4
artemis	5
artemus	2
arterial	4
arteries	7
artery	11
artful	3
arthritis	7
arthur	27
artichoke	4
artichokes	3
article	23
articles	12
articulate	6
articulated	3
artie	12
artifact	7
artifacts	8
artificial	13
artificially	4
artillery	11
artis	3
artisan	3
artisanal	2
artisans	3
artist	30
artiste	4
artistes	3
artistic	12
artistically	3
artistry	4
artists	19
artois	2
artoo	3
arts	18
artsy	3
artur	3
arturo	8
artwork	7
artworks	2
arty	4
aru	3
aruba	3
arugula	3
arun	6
arvid	3
arvin	3
arvind	3
arvo	2
arya	4
aryan	7
aryans	3
as	250
asa	6
asad	2
asahi	3
asahina	3
asako	3
asakura	3
asakusa	3
asami	4
asano	5
asante	3
asap	10
asbestos	5
ascend	5
ascendant	3
ascended	4
ascending	4
ascension	5
ascent	5
ascertain	5
ascertained	3
ascetic	3
ascot	3
asexual	2
asgard	6
ash	17
asha	5
ashamed	28
ashby	4
ashcroft	3
ashe	4
asher	6
ashes	17
ashford	3
ashish	3
ashita	3
ashland	3
ashlee	3
ashleigh	4
ashley	19
ashok	6
ashore	11
ashram	4
ashton	6
ashtray	7
ashtrays	3
ashura	3
ashwini	2
ashworth	3
asi	2
asia	14
asian	14
asians	5
aside	27
asif	4
asim	2
asinine	3
ask	111
asked	77
askew	3
askin	6
asking	60
asks	23
aslam	4
aslan	3
asleep	36
asli	3
asparagus	6
aspect	11
aspects	9
aspen	6
asperger	4
asphalt	5
asphyxia	2
asphyxiated	3
asphyxiation	5
aspiration	4
aspirations	6
aspire	5
aspired	3
aspirin	11
aspiring	5
aspirins	3
ass	60
assad	5
assailant	7
assailants	4
assange	4
assassin	14
assassinate	7
assassinated	7
assassinating	3
assassination	11
assassinations	4
assassins	9
assault	22
assaulted	11
assaulting	7
assaults	6
assemble	10
assembled	9
assemblies	3
assembling	5
assembly	13
assemblyman	3
assent	2
assert	5
asserted	2
asserting	3
assertion	3
assertive	4
asses	15
assess	8
assessed	4
assessing	4
assessment	10
assessments	3
assessor	3
asset	12
assets	13
asshole	36
assholes	15
assign	8
assigned	16
assigning	4
assignment	18
assignments	8
assimilate	4
assimilated	4
assimilation	3
assisi	3
assist	14
assistance	16
assistant	29
assistants	8
assisted	7
assisting	6
assists	3
associate	15
associated	12
associates	12
associating	3
association	16
associations	4
assorted	4
assortment	4
assuage	2
assume	28
assumed	17
assumes	5
assuming	17
assumption	9
assumptions	7
assunta	3
assurance	7
assurances	4
assure	23
assured	14
assuredly	3
assures	4
assuring	3
asswipe	3
ast	3
asta	3
astaire	4
aster	3
asterisk	3
asterix	3
astern	3
asteroid	10
asteroids	6
asthma	9
asthmatic	3
aston	6
astonish	3
astonished	6
astonishing	10
astonishingly	3
astonishment	3
astor	4
astoria	3
astound	3
astounded	3
astounding	6
astra	4
astral	5
astray	7
astrid	8
astride	3
astro	5
astrologer	5
astrologers	3
astrological	3
astrology	5
astronaut	12
astronauts	9
astronomer	5
astronomers	7
astronomical	5
astronomy	7
astrophysicist	3
astrophysics	3
astute	5
asu	2
asuka	5
asuna	2
asunder	4
aswell	3
asylum	12
asymmetrical	3
asystole	3
at	291
ata	2
atari	4
ataru	3
atavus	3
ate	29
atelier	3
atf	6
atheism	3
atheist	6
atheists	4
athelstan	3
athena	8
athenian	4
athenians	3
athens	10
ather	3
atherton	3
athlete	11
athletes	9
athletic	9
athletics	4
athos	5
ativan	4
atkins	5
atkinson	4
atlanta	11
atlantic	14
atlantis	10
atlas	6
atleast	6
atm	9
atmosphere	20
atmospheres	3
atmospheric	7
atms	3
atoll	3
atom	10
atomic	12
atoms	9
atone	6
atonement	5
atop	5
atreides	3
atrium	3
atrocious	5
atrocities	6
atrocity	5
atrophy	3
atropine	4
atsuko	2
atsushi	3
att	3
atta	6
attaboy	8
attach	9
attache	3
attached	19
attaches	3
attaching	3
attachment	7
attachments	4
attack	50
attacked	28
attacker	8
attackers	5
attacking	16
attacks	19
attagirl	4
attain	6
attained	4
attempt	23
attempted	15
attempting	11
attempts	11
attenborough	5
attend	21
attendance	8
attendant	9
attendants	5
attended	11
attendees	2
attending	12
attendings	3
attends	4
attention	48
attentions	4
attentive	6
attentively	3
attest	4
atthe	3
attic	13
attica	4
atticus	5
attila	6
attire	6
attitude	24
attitudes	6
attorney	28
attorneys	8
attract	13
attracted	16
attracting	6
attraction	12
attractions	5
attractive	21
attractiveness	2
attracts	8
attribute	5
attributed	5
attributes	5
attrition	3
attuned	3
atv	3
atwater	4
atwood	5
atypical	3
au	12
aubrey	8
auburn	3
auckland	3
auction	15
auctioned	4
auctioneer	4
auctioning	3
auctions	4
audacious	4
audacity	6
audi	6
audible	8
audience	32
audiences	7
audio	11
audit	7
audited	3
auditing	3
audition	17
auditioned	5
auditioning	6
auditions	9
auditor	4
auditorium	6
auditors	3
auditory	3
audra	4
audrey	16
auerbach	3
auf	6
augello	3
auggie	6
augh	3
aught	3
augie	5
augment	2
augmented	2
augur	4
august	19
augusta	5
auguste	3
augustin	3
augustine	6
augusto	5
augustus	7
auld	5
aum	3
aunt	40
auntie	20
aunties	3
aunts	8
aunty	13
aura	8
aurelia	3
aurelie	5
aurelio	3
aurelius	3
aurora	8
aurore	3
ausa	3
auschwitz	7
auspicious	8
aussie	4
austen	6
austere	3
austerity	3
austin	15
australia	17
australian	11
australians	5
austria	10
austrian	8
austrians	4
authentic	11
authenticate	3
authenticated	3
authentication	3
authenticity	5
author	15
authorisation	4
authorise	3
authorised	5
authoritarian	3
authoritative	3
authorities	20
authority	24
authorization	9
authorize	6
authorized	11
authorizing	3
authors	6
autism	5
autistic	5
auto	14
autobahn	2
autobiographical	3
autobiography	5
autobot	4
autobots	5
autograph	13
autographed	5
autographs	6
autoimmune	3
autolycus	3
automated	7
automatic	13
automatically	11
automation	3
automaton	3
automobile	9
automobiles	5
automotive	4
autonomous	4
autonomy	4
autopilot	5
autopsies	4
autopsy	16
autumn	14
aux	3
auxiliary	7
av	5
ava	12
avail	5
availability	4
available	27
avalanche	7
avalanches	3
avalon	5
avalor	3
avant	3
avanti	3
avarice	3
avast	3
avatar	9
avatars	3
ave	8
avec	4
avenge	12
avenged	6
avenger	6
avengers	7
avenging	5
avenue	17
avenues	4
aver	2
average	21
averages	3
averaging	3
averse	3
aversion	4
avert	5
averted	5
avery	13
avi	6
avian	3
aviation	6
aviator	4
avid	4
avignon	3
avinash	3
aviv	6
aviva	3
avni	3
avocado	6
avocados	3
avoid	28
avoidance	4
avoided	10
avoiding	14
avoids	4
avon	6
avram	3
avril	4
aw	34
awa	3
await	11
awaited	5
awaiting	10
awaits	12
awake	27
awaken	8
awakened	7
awakening	7
awakens	4
awakes	3
award	19
awarded	8
awarding	3
awards	12
aware	32
awareness	9
awash	3
away	140
awe	8
awed	3
awesome	39
awesomeness	3
awesomest	3
awful	36
awfully	18
awhile	13
awkward	21
awkwardly	4
awkwardness	4
awning	3
awoke	6
awoken	3
awol	7
awry	4
aww	14
ax	9
axe	13
axed	3
axel	8
axelrod	3
axes	5
axis	7
axl	9
axle	5
ay	16
aya	8
ayahuasca	3
ayako	4
ayala	3
ayanami	2
ayano	3
ayatollah	3
ayaz	3
aye	32
ayers	3
ayesha	4
ayhan	2
ayla	4
aylin	2
ayn	4
ayngaran	3
ayodhya	3
ayres	2
ayrton	3
ayse	3
ayukawa	3
ayumi	3
azad	3
azalea	3
azaleas	2
azhar	3
aziz	7
azrael	3
aztec	5
aztecs	4
azul	5
azuma	3
azure	3
azusa	4
ba	14
baa	5
baal	4
bab	3
baba	12
babban	3
babbitt	3
babble	5
babbles	4
babbling	9
babcock	4
babe	31
babel	4
baber	5
babes	9
babette	4
babi	3
babies	27
babineaux	2
babli	2
bablu	3
baboon	6
baboons	5
babs	6
babu	8
babuji	3
baby	100
babyface	3
babylon	10
babylonian	3
babylonians	2
babysat	2
babysit	8
babysitter	11
babysitters	4
babysitting	9
bac	3
bacall	3
bacardi	3
baccarat	3
bacchus	4
bach	8
bachchan	4
bachelor	15
bachelorette	5
bachelors	5
bachman	3
back	221
backache	3
backboard	3
backbone	7
backdoor	5
backdrop	4
backed	13
backer	3
backers	3
backfire	4
backfired	5
backfires	3
backfiring	3
backgammon	4
background	23
backgrounds	6
backhand	4
backhoe	2
backing	13
backlash	4
backlog	3
backpack	12
backpacking	3
backpacks	4
backroom	3
backs	15
backseat	8
backside	7
backstabber	2
backstabbing	4
backstage	10
backstory	3
backstreet	4
backstrom	2
backto	3
backtrack	3
backup	20
backups	4
backward	8
backwards	17
backwater	4
backwoods	4
backyard	14
backyards	2
bacon	17
bacteria	11
bacterial	5
bacterium	3
bad	113
bada	3
badass	9
baddest	5
baddies	2
bade	4
bader	3
badge	18
badger	8
badgering	4
badgers	4
badges	7
badlands	4
badly	27
badminton	4
badmouth	3
badness	3
badri	3
badshah	3
bae	6
baek	8
baekje	5
baer	3
baez	4
baffled	5
baffles	3
baffling	4
bag	49
bagel	7
bagels	6
baggage	11
bagged	6
bagger	2
baggie	3
baggies	3
bagging	4
baggins	3
baggy	5
baghdad	8
bagi	3
bagley	3
bagman	3
bagpipe	3
bagpipes	5
bags	26
baguette	4
bagwell	3
bah	9
bahadur	4
bahamas	7
bahar	2
bahia	4
bahrain	3
baht	6
bai	8
bail	21
bailed	9
bailey	16
bailiff	7
bailiffs	3
bailing	7
bailout	3
bain	3
bainbridge	3
baines	6
baird	5
bairn	3
bait	17
baited	3
baiting	4
baja	5
bajor	4
bajoran	4
bajorans	3
bak	4
bake	13
baked	12
baker	18
bakers	5
bakersfield	5
bakery	10
bakes	4
baking	10
baklava	3
bakshi	4
baku	3
bal	3
bala	5
balaclava	3
balagan	3
balaji	3
balan	3
balance	22
balanced	8
balances	4
balancing	5
balboa	5
balconies	3
balcony	14
bald	15
balder	3
balderdash	2
baldev	2
baldie	3
balding	4
baldness	3
baldrick	5
baldur	2
baldwin	8
baldy	6
bale	5
bales	4
balfour	3
bali	6
balkan	4
balkans	4
balki	4
ball	47
ballad	6
ballads	3
ballantine	3
ballard	8
ballast	5
balle	2
balled	3
baller	4
ballerina	7
ballerinas	3
ballet	14
ballgame	4
balli	3
ballin	2
balling	3
ballinger	2
ballistic	6
ballistics	9
balloon	15
balloons	11
ballot	7
ballots	4
ballpark	6
ballplayer	3
ballpoint	3
ballroom	8
balls	32
ballsy	4
ballu	2
bally	3
balm	5
balmy	3
baloney	6
baloo	3
balsamic	3
baltar	4
balthazar	4
baltic	5
baltimore	11
balu	5
balwant	3
balzac	4
bam	14
bama	3
bamba	3
bambi	7
bambino	3
bamboo	9
bamboos	3
ban	11
bana	3
banal	4
banality	2
banana	16
bananas	12
banco	4
bancroft	4
band	37
bandage	9
bandaged	4
bandages	8
bandana	3
banded	3
bandit	12
bandits	12
bando	3
bandra	2
bands	13
bandstand	3
bandwagon	3
bandwidth	3
bandy	3
bane	6
banerjee	3
bang	27
bangalore	6
banged	10
banger	4
bangers	4
bangin	4
banging	18
bangkok	9
bangladesh	5
bangle	3
bangles	6
bangor	3
bangs	11
banish	6
banished	9
banishment	4
banister	3
banjo	7
bank	46
banked	3
banker	11
bankers	8
banking	9
banknotes	3
bankroll	4
bankrupt	11
bankruptcy	8
bankrupted	3
banks	20
banksy	3
banku	2
banned	12
banner	10
bannerman	4
banners	5
banning	5
bannister	5
bannon	4
banquet	10
banquets	3
banquo	3
bans	3
banshee	5
banshees	2
bansi	3
banta	3
banter	6
banu	3
banyan	3
banzai	5
bao	8
bap	3
baptise	3
baptised	4
baptism	7
baptist	7
baptiste	5
baptize	5
baptized	7
bapu	4
bar	46
bara	3
barabbas	4
barack	6
baracus	2
barak	3
baran	2
barb	11
barba	4
barbados	4
barbara	21
barbarian	7
barbarians	7
barbaric	7
barbarism	3
barbarous	3
barbary	3
barbecue	14
barbecued	4
barbecues	3
barbecuing	2
barbed	6
barbeque	5
barber	11
barbers	3
barbershop	5
barbie	12
barbies	3
barbiturates	3
barbosa	3
barbra	5
barbs	2
barca	3
barcelona	9
barclay	6
bard	5
barden	3
bardo	3
bardot	3
bare	15
bareback	3
bared	3
barefoot	8
barely	29
barf	6
barfed	3
bargain	16
bargained	5
bargaining	7
bargains	4
barge	11
barged	5
barges	4
barging	6
bari	3
baring	4
barista	4
baritone	3
barium	3
bark	13
barked	4
barkeep	4
barker	8
barking	23
barkley	6
barks	13
barksdale	3
barley	6
barlow	7
barmaid	4
barman	5
barmy	4
barn	18
barnabas	4
barnaby	8
barnacle	3
barnacles	3
barnard	3
barnes	13
barnett	6
barney	17
barneys	3
barns	4
barnum	4
barnyard	3
barometer	4
baron	17
barone	4
baroness	8
baronet	3
barons	5
baroque	4
barr	4
barra	3
barrack	3
barracks	11
barracuda	4
barrage	5
barred	6
barrel	16
barreling	2
barrels	9
barren	8
barret	4
barrett	10
barricade	7
barricaded	4
barricades	5
barrie	3
barrier	12
barriers	7
barring	4
barrington	4
barrio	4
barris	2
barrister	6
barristers	3
barron	4
barroom	3
barrow	7
barrows	3
barry	24
barrymore	4
bars	22
barstow	3
bart	15
bartender	14
bartenders	4
bartending	3
barter	5
bartholomew	5
bartleby	4
bartlet	4
bartlett	7
bartok	3
barton	9
bartowski	4
barts	3
baruch	3
bas	4
basal	2
basalt	2
basanti	3
base	32
baseball	22
baseballs	2
based	31
basel	3
baseless	3
baseline	4
baseman	3
basement	23
basements	4
bases	10
bash	11
basha	3
bashed	7
basher	3
bashful	5
bashing	5
bashir	5
basia	3
basic	21
basically	30
basics	8
basil	10
basilica	3
basilio	3
basin	7
basing	4
basins	3
basis	18
bask	4
baskerville	3
basket	17
basketball	18
baskets	7
basking	4
basque	5
basra	4
bass	15
bassam	4
basset	3
bassett	4
bassist	2
bassoon	2
bast	3
basta	4
bastard	45
bastards	24
baste	3
bastian	3
bastien	3
bastille	5
bastion	4
bat	21
batcave	3
batch	11
batches	3
bateman	3
bates	10
batgirl	4
bath	28
bathe	10
bathed	7
bathes	3
bathhouse	4
bathing	12
bathrobe	5
bathroom	37
bathrooms	8
baths	9
bathsheba	3
bathtub	11
bathtubs	2
bathwater	2
batiatus	3
batista	4
batman	20
batmobile	4
baton	8
batons	3
batou	3
bats	12
batshit	3
batsman	3
battalion	11
battalions	4
batted	3
batten	3
batter	9
battered	7
batteries	13
battering	4
battersea	3
battery	18
batting	8
battista	2
battle	39
battled	5
battlefield	12
battlefields	4
battleground	4
battlements	3
battles	13
battleship	6
battleships	4
battlestar	4
battling	8
batty	5
bau	3
bauble	3
baubles	3
baudelaire	4
bauer	11
baum	3
baumann	2
bavaria	5
bavarian	4
bawdy	3
bawk	7
bawl	3
bawling	5
bax	3
baxter	13
bay	23
bayard	2
baying	3
baylin	3
bayliss	4
baylor	6
bayon	3
bayonet	5
bayonets	4
bayonne	3
bayou	5
bayram	2
bays	4
bayside	3
baywatch	4
baz	5
bazaar	6
baze	4
bazooka	5
bb	7
bbc	11
bbq	4
bbs	3
bc	8
be	382
bea	10
beach	36
beached	3
beaches	9
beachhead	2
beacon	10
beacons	3
bead	6
beads	8
beady	4
beagle	5
beak	8
beaker	4
beaks	4
beal	3
beale	5
beals	3
beam	16
beamed	5
beamer	3
beaming	5
beams	9
bean	14
beanbag	3
beanie	4
beanpole	2
beans	18
beanstalk	3
bear	41
bearable	4
beard	18
bearded	7
beards	5
bearer	7
bearers	3
bearing	14
bearings	6
bears	18
beasley	3
beast	25
beastie	3
beastly	5
beastmaster	3
beasts	12
beat	56
beatboxing	3
beatdown	3
beate	3
beaten	21
beater	4
beatin	3
beating	26
beatings	6
beatle	3
beatles	10
beatnik	2
beatrice	10
beatrix	3
beatriz	5
beats	19
beatty	4
beau	10
beauchamp	3
beaucoup	4
beaufort	4
beaujolais	3
beaulieu	3
beaumont	7
beauregard	4
beaut	4
beauteous	3
beautician	3
beauties	8
beautiful	84
beautifully	13
beauty	36
beav	3
beaver	10
beavers	5
beavis	3
beba	3
bebe	5
bebo	3
bebop	5
bec	3
beca	3
became	43
because	175
becca	11
beck	11
becker	8
becket	3
beckett	12
beckham	5
beckman	4
beckon	3
beckoned	2
beckoning	3
beckons	4
becks	4
beckwith	3
becky	16
become	67
becomes	27
becoming	26
bed	68
bedbugs	4
bedchamber	3
bedded	3
bedding	5
bedford	6
bedlam	4
bedouin	3
bedpan	3
bedpans	3
bedpost	2
bedridden	4
bedrock	5
bedroom	29
bedrooms	9
beds	15
bedsheets	2
bedside	7
bedspread	3
bedtime	11
bee	18
beech	4
beecham	3
beecher	5
beef	21
beefcake	3
beefing	3
beefs	3
beefsteak	2
beefy	3
beehive	4
beej	2
beekeeper	3
beeline	2
beelzebub	3
beeman	2
beemer	3
been	210
beene	3
beep	20
beeped	3
beeper	5
beeping	29
beeplng	3
beeps	24
beer	41
beers	15
bees	14
beeswax	4
beet	5
beethoven	10
beetle	10
beetles	6
beetroot	3
beets	6
bef	3
befall	4
befallen	3
befell	3
befits	3
befitting	3
before	142
beforehand	8
befriend	5
befriended	4
beg	36
began	32
begat	3
beget	3
begets	3
beggar	12
beggars	8
begged	14
beggin	4
begging	21
begin	39
begining	3
beginner	7
beginners	4
beginning	42
beginnings	7
begins	23
begone	4
begotten	3
begrudge	3
begs	7
beguiling	3
begum	3
begun	19
behalf	20
behave	23
behaved	11
behaves	6
behaving	12
behavior	23
behavioral	6
behaviors	4
behaviour	15
behavioural	3
behaviours	2
behead	4
beheaded	7
beheading	4
beheld	3
behemoth	3
behest	4
behind	72
behinds	3
behold	13
beholden	3
beholder	3
bei	4
beige	6
beijing	10
bein	8
being	116
beings	20
beirut	6
beka	6
bekir	3
bel	6
bela	5
belarus	3
belated	3
belay	4
belch	4
belcher	3
belches	6
belching	3
belden	2
beleaguered	2
belen	3
belfast	6
belfry	3
belgian	8
belgians	4
belgium	9
belgrade	7
belief	16
beliefs	12
believable	6
believe	118
believed	32
believer	9
believers	7
believes	22
believeth	3
believin	2
believing	16
belinda	7
belittle	4
belittled	2
belittling	2
belive	3
belize	4
belker	2
bell	38
bella	13
belladonna	3
bellagio	2
bellamy	6
bellboy	4
belle	13
bellefleur	2
belles	3
belleville	2
bellevue	4
bellhop	3
belli	2
bellies	6
belligerent	4
bellini	3
bellman	3
bello	4
bellow	3
bellowing	5
bellows	7
bells	20
belly	20
bellyache	3
bellyaching	2
bellybutton	3
bellyful	2
belmont	5
belong	33
belonged	17
belonging	9
belongings	10
belongs	28
beloved	24
below	27
belphegor	2
belson	3
belt	23
belted	3
belter	2
belting	2
beltran	3
belts	10
beltway	3
beluga	3
belvedere	4
bem	4
ben	44
benadryl	2
bench	16
benched	3
benches	5
benchmark	3
bend	18
bended	3
bender	11
benders	3
bending	8
bendix	2
bends	6
bendy	3
bene	5
beneath	19
benedetto	3
benedict	9
benefactor	6
benefactors	3
beneficial	7
beneficiaries	3
beneficiary	5
benefit	20
benefited	5
benefiting	3
benefits	15
benevolence	4
benevolent	6
bengal	5
bengali	5
benghazi	3
bengt	3
beni	3
benidorm	3
benign	6
benin	3
benitez	3
benito	6
benjamin	15
benji	7
benjie	2
benjy	5
bennet	8
bennett	13
bennie	5
bennigan	3
benning	3
benny	17
benoit	5
benson	13
bent	14
bentley	8
bento	3
benton	9
benvolio	2
benz	5
benzene	3
beowulf	4
bequeath	4
bequeathed	3
bequest	3
ber	2
berate	2
berber	3
bereaved	4
bereavement	3
bereft	3
berenice	3
berenson	3
beresford	3
beret	5
berets	3
beretta	4
berg	6
bergdorf	2
bergen	5
berger	7
bergerac	3
bergman	6
bering	4
berit	3
berk	5
berkeley	7
berkowitz	3
berkshire	3
berle	3
berlin	20
berlusconi	3
berm	3
berman	5
bermuda	7
bern	4
bernadette	7
bernard	15
bernardes	3
bernardino	3
bernardo	6
bernays	3
bernd	3
bernhard	3
bernhardt	3
bernice	6
bernie	13
bernini	3
bernstein	6
berries	8
berry	10
berserk	6
berserker	3
bert	13
berta	7
berth	5
bertha	7
berthe	3
berthier	3
bertie	8
berto	3
bertram	6
bertrand	6
berwick	2
beryl	5
bes	2
beseech	7
beset	3
beside	20
besides	43
besieged	4
besotted	3
bespoke	3
bess	8
bessie	7
best	103
bested	3
bestest	4
bestial	3
bestiality	3
bestie	3
besties	3
bestow	6
bestowed	6
bestows	2
bestseller	4
bet	56
beta	10
betadine	2
betcha	7
betel	4
beth	20
bethany	8
bethel	2
bethesda	4
bethlehem	6
betide	2
beto	4
betray	18
betrayal	12
betrayals	3
betrayed	21
betrayer	5
betraying	8
betrays	5
betrothal	4
betrothed	6
bets	14
betsey	3
betsy	10
bette	7
better	134
betterment	3
betters	3
betterthan	3
bettie	4
bettina	5
betting	13
betts	3
betty	22
between	73
betwixt	3
beulah	3
bev	7
bevan	3
beverage	7
beverages	5
beverley	3
beverly	14
bevy	3
beware	14
bewildered	5
bewildering	3
bewitched	6
bewitching	3
bex	2
bey	7
beyonce	4
beyond	35
bf	3
bff	4
bffs	3
bhabhi	4
bhagat	4
bhai	9
bhaiyya	2
bhangra	3
bhanu	4
bharat	4
bhaskar	3
bhau	3
bhavani	4
bhayya	3
bhola	4
bhopal	3
bhutan	3
bhuvan	3
bi	8
bianca	9
bianchi	4
bianco	3
biarritz	3
bias	6
biased	6
biatch	2
bib	4
bibi	5
bible	21
bibles	4
biblical	8
bic	3
bicarb	3
bicarbonate	3
bicep	3
biceps	4
bicker	4
bickering	6
bicycle	14
bicycles	6
bid	18
bidder	6
bidders	3
bidding	11
biddle	3
biddy	4
bide	4
biden	3
bidet	3
biding	3
bids	7
bieber	5
bien	8
bier	2
biff	6
big	120
bigamy	3
bigelow	4
bigfoot	8
bigger	38
biggest	34
biggie	7
biggs	5
bighorn	2
bigmouth	3
bigot	4
bigoted	3
bigotry	3
bigots	3
bigtime	3
bigwig	3
bigwigs	3
bihar	3
bihari	3
bijou	3
bike	29
biker	7
bikers	6
bikes	11
biking	4
bikini	10
bikinis	5
bilal	5
bilateral	4
bilbao	3
bilbo	4
bile	5
bilfran	4
bilge	4
bilingual	3
bilko	6
bill	48
billa	4
billboard	7
billboards	5
billed	4
billet	3
billiard	5
billiards	4
billie	11
billing	6
billings	6
billingsley	3
billion	23
billionaire	8
billionaires	4
billions	13
bills	21
billu	3
billy	36
biloxi	2
bim	3
bimba	3
bimbo	6
bimbos	3
bin	16
binary	5
bind	10
binder	5
binders	2
binding	7
bindiya	3
binds	5
bindu	3
binford	3
bing	9
binge	5
bingham	5
bingley	4
bingo	16
bingum	4
bink	2
binky	4
binoculars	7
bins	6
bio	7
biochemical	4
biochemist	3
biochemistry	3
biodegradable	3
biodiversity	3
biographer	3
biographies	3
biography	6
biohazard	3
biological	13
biologically	4
biologist	6
biologists	4
biology	11
biometric	3
biometrics	2
bionic	4
biopsy	7
biosphere	2
biotech	4
bip	2
bipolar	6
birch	6
bird	36
birdbrain	3
birdcage	3
birdhouse	3
birdie	9
birdies	3
birdman	3
birds	32
birdseed	2
birdsong	5
birdy	5
birger	2
birgit	3
birgitta	3
birgitte	4
biriyani	3
birk	3
birkhoff	4
birkoff	5
birmingham	7
biro	3
birth	32
birthday	50
birthdays	9
birthed	3
birthing	5
birthmark	6
birthplace	6
birthright	5
births	5
biryani	4
bis	3
bisbee	2
biscayne	3
biscotti	3
biscuit	10
biscuits	11
bisexual	5
bish	2
bishop	20
bishops	5
bismarck	5
bismillah	2
bison	6
bisque	3
bistro	5
bit	95
bitch	59
bitches	18
bitchin	4
bitching	6
bitchy	6
bitcoin	5
bitcoins	3
bite	31
biter	3
bites	12
biting	11
bits	18
bitsy	4
bitte	4
bitten	11
bitter	18
bitterly	5
bitterman	3
bitterness	7
bitters	3
bittersweet	4
bittoo	3
bittu	3
bitty	5
bivouac	3
bix	3
bixby	4
biz	6
bizarre	13
bizarrely	2
bizarro	4
bizzy	2
bj	6
bjarne	3
bjorn	6
bl	3
bla	5
blab	4
blabbed	3
blabber	3
blabbering	5
blabbermouth	3
blabbing	4
black	66
blackadder	5
blackballed	2
blackbeard	4
blackberries	3
blackberry	5
blackbird	5
blackbirds	3
blackboard	5
blackburn	4
blacked	7
blacken	3
blackened	4
blacker	3
blackest	3
blackguard	3
blackie	7
blacking	3
blackjack	7
blacklist	3
blacklisted	4
blackmail	16
blackmailed	8
blackmailer	6
blackmailing	9
blackness	5
blackout	10
blackouts	5
blackpool	4
blacks	10
blacksmith	8
blacksmiths	2
blackstone	4
blackwater	3
blackwell	4
blackwood	4
blacky	4
bladder	9
bladders	2
blade	19
blades	11
blah	20
blaine	8
blair	14
blaire	3
blaisdel	2
blaise	3
blake	25
blakely	4
blam	4
blame	39
blamed	13
blameless	4
blames	8
blaming	14
blanc	5
blanca	6
blanchard	5
blanche	13
blanco	5
bland	6
blane	4
blank	16
blanked	3
blankenship	3
blanket	17
blankets	10
blankie	3
blanks	8
blare	4
blares	10
blaring	15
blarney	3
blaspheme	3
blasphemer	3
blasphemous	4
blasphemy	6
blast	22
blasted	10
blaster	5
blasters	3
blasting	8
blasts	7
blatant	5
blatantly	4
blathering	3
blaze	8
blazed	3
blazer	6
blazers	2
blazes	6
blazing	7
ble	3
bleach	8
bleached	4
bleachers	5
bleaching	3
bleak	7
bleat	3
bleating	7
bleats	4
blech	3
bled	9
bleed	16
bleeder	4
bleedin	5
bleeding	26
bleeds	6
bleep	29
bleeping	6
bleeps	4
bleh	3
blemish	4
blend	11
blended	5
blender	7
blending	5
blends	3
bless	29
blessed	21
blesses	3
blessing	18
blessings	12
bleu	4
blew	25
bligh	5
blight	4
blighted	2
blighter	3
blimey	9
blimp	5
blind	35
blinded	9
blinders	3
blindfold	7
blindfolded	6
blindfolds	3
blinding	7
blindly	7
blindness	7
blinds	8
blindside	3
blindsided	4
bling	6
blink	12
blinked	4
blinker	3
blinking	7
blinks	3
blinky	4
blip	5
blipping	2
blips	3
bliss	11
blissful	5
blissfully	3
blister	4
blistering	4
blisters	5
blithe	3
blithering	3
blitz	6
blitzed	2
blitzen	3
blitzkrieg	3
blizzard	7
blizzards	3
bloat	3
bloated	6
blob	5
blobs	3
bloc	4
bloch	3
block	30
blockade	6
blockage	4
blockbuster	5
blocked	15
blocker	3
blockers	3
blockhead	5
blockheads	3
blocking	12
blocks	19
blog	11
blogger	4
bloggers	3
blogging	3
blogs	4
bloke	17
blokes	9
blond	13
blonde	18
blondes	6
blondie	8
blonds	3
blood	72
bloodbath	6
blooded	4
bloodhound	4
bloodhounds	3
bloodied	3
bloodiest	3
bloodless	3
bloodletting	2
bloodline	6
bloodlines	3
bloodlust	3
bloods	5
bloodshed	9
bloodshot	3
bloodstain	3
bloodstained	3
bloodstains	4
bloodstream	6
bloodsucker	3
bloodsuckers	3
bloodsucking	2
bloodthirsty	6
bloody	43
bloom	13
bloomberg	2
bloomed	4
bloomer	3
bloomers	3
bloomin	3
blooming	7
bloomingdale	3
blooms	5
bloop	2
blore	2
blossom	11
blossomed	5
blossoming	5
blossoms	8
blot	5
blotter	3
blouse	10
blouses	3
blow	45
blowback	3
blowed	3
blower	5
blowfish	3
blowhard	3
blowhole	2
blowin	4
blowing	23
blowjob	6
blowjobs	4
blown	20
blowout	5
blows	24
blowtorch	4
blt	3
blu	3
blubber	4
blubbering	4
blud	4
bludgeon	3
bludgeoned	4
blue	49
bluebeard	3
bluebell	5
blueberries	4
blueberry	7
bluebird	5
bluebirds	3
bluegrass	3
blueprint	6
blueprints	7
bluer	3
blues	15
bluesy	3
bluetooth	4
bluey	3
bluff	11
bluffed	3
bluffing	10
bluffs	3
bluish	3
blum	4
blume	2
blunder	5
blundering	3
blunders	3
blunt	12
bluntly	4
blur	8
blurred	6
blurring	3
blurry	6
blurt	4
blurted	3
blush	8
blushed	3
blushes	2
blushing	7
bluster	3
bluth	3
bly	4
blye	4
blythe	4
bmo	3
bmw	8
bmx	3
bo	18
boa	5
boar	8
board	41
boarded	8
boarder	3
boarders	3
boarding	16
boardroom	5
boards	11
boardwalk	5
boars	4
boast	7
boasted	4
boastful	2
boasting	5
boasts	4
boat	46
boathouse	4
boating	5
boatload	3
boatman	4
boats	17
boatswain	3
boaz	3
bob	40
boba	3
bobbi	5
bobbie	6
bobbing	4
bobble	2
bobby	33
bobcat	3
bobo	10
bobs	3
boca	5
boche	3
bock	3
bod	4
bodacious	3
bode	4
bodega	5
boden	4
bodhi	3
bodhisattva	3
bodice	3
bodie	4
bodies	32
bodily	7
bodine	3
bodnar	2
body	77
bodyguard	13
bodyguards	8
bodywork	2
boeing	4
boel	3
boer	3
boers	3
boffin	2
bog	7
bogart	5
bogdan	3
bogey	5
bogeyman	4
bogeys	2
bogged	4
boggle	3
boggles	3
boggs	4
bogie	3
bogo	3
bogota	3
bogs	4
bogus	8
bohannon	5
bohemia	3
bohemian	5
bohm	3
bohr	3
boi	3
boil	12
boiled	10
boiler	9
boilers	3
boiling	11
boils	7
boing	5
boink	2
bois	4
boise	4
boisterous	3
bojack	6
bok	5
boko	3
boku	4
bold	16
bolder	4
boldly	6
boldness	4
bolero	3
boleyn	4
bolin	3
bolingbroke	2
bolivar	3
bolivia	6
bolivian	4
bollinger	3
bollock	2
bollocks	12
bolly	3
bollywood	5
bolo	6
bologna	7
bolognese	3
bolshevik	4
bolsheviks	5
bolshoi	3
bolster	3
bolt	13
bolted	7
bolting	2
bolton	6
bolts	8
bolus	3
bom	6
bomb	37
bombard	3
bombarded	4
bombardier	3
bombarding	3
bombardment	5
bombay	10
bombed	9
bomber	11
bombers	9
bombing	13
bombings	6
bombs	19
bombshell	6
bon	14
bona	5
bonanza	4
bonaparte	5
bonasera	3
bonaventure	2
bonbon	2
bonbons	3
bond	21
bondage	6
bonded	7
bonding	9
bonds	13
bondsman	3
bone	26
boned	4
bonehead	5
boneless	3
boner	8
boners	3
bones	29
boney	3
bonfire	7
bonfires	3
bong	10
bongo	5
bongos	3
bonham	3
boning	4
bonita	4
bonito	3
bonjour	9
bonk	3
bonkers	6
bonn	3
bonne	3
bonner	5
bonnet	7
bonneville	3
bonnie	17
bonny	6
bono	8
bonsai	3
bonsoir	5
bonus	15
bonuses	5
bony	5
bonzo	3
boo	17
boob	9
boobie	3
boobies	6
boobs	15
booby	7
booed	3
boof	2
boog	4
booger	5
boogers	3
boogey	3
boogeyman	4
boogie	9
booing	8
book	63
bookcase	4
booked	18
booker	6
bookie	7
bookies	4
booking	9
bookings	4
bookkeeper	5
bookkeeping	4
booklet	4
bookmaker	3
bookman	3
bookmark	3
books	39
bookseller	2
bookshelf	4
bookshelves	3
bookshop	4
bookstore	8
bookstores	3
bookworm	4
boom	26
boomer	7
boomerang	5
boomhauer	3
booming	8
booms	5
boon	6
boone	10
boonies	3
boop	6
boor	3
boorish	3
boorman	3
boos	4
boost	11
boosted	4
booster	7
boosters	4
boosting	4
boosts	3
boot	17
booted	5
booth	20
booths	5
bootie	3
booties	4
bootleg	4
bootlegger	3
bootleggers	2
bootlegging	2
boots	22
booty	11
booyah	3
booze	17
boozer	4
boozing	4
boozy	2
bop	7
bora	6
borat	3
bordeaux	6
bordello	3
borden	6
border	24
bordering	4
borderline	6
borders	11
bore	15
borealis	3
bored	24
boredom	9
bores	5
borg	8
borges	3
borgia	7
borgias	3
boring	29
boris	14
bork	3
borman	3
bormann	3
born	50
borne	6
borneo	4
borough	5
boroughs	3
borrow	26
borrowed	17
borrower	3
borrowers	2
borrowing	8
borrows	3
borscht	4
bos	3
bosch	5
bosco	6
bose	5
bosh	4
bosley	3
bosnia	6
bosnian	4
bosom	8
bosoms	4
boson	3
boss	64
bossa	3
bosse	2
bossed	2
bosses	12
bossing	4
bossy	7
boston	20
bosun	3
boswell	3
bosworth	3
bot	6
botanical	4
botanist	3
botany	4
botch	3
botched	5
both	97
bother	39
bothered	18
bothering	20
bothers	13
bothersome	4
bothwell	3
botox	5
bots	5
botswana	3
botticelli	3
bottle	36
bottled	7
bottleneck	3
bottles	19
bottling	3
bottom	36
bottomless	5
bottoms	9
botulism	3
botwin	3
bouchard	2
boucher	3
boudoir	4
boudreau	3
bough	4
boughs	3
bought	48
bouillabaisse	3
bouillon	3
boulder	7
boulders	5
boulet	3
boulevard	9
boulogne	3
bounce	14
bounced	8
bouncer	6
bouncers	3
bounces	5
bouncing	10
bouncy	6
bound	23
boundaries	12
boundary	8
bounded	2
boundless	5
bounds	8
bountiful	4
bounty	12
bouquet	10
bouquets	3
bourbon	10
bourbons	3
bourgeois	9
bourgeoisie	5
bourne	5
bournemouth	3
bout	18
boutique	6
bouts	4
bouvier	3
bovary	3
bovine	3
bow	23
bowden	3
bowed	5
bowel	7
bowels	7
bowen	5
bower	4
bowers	5
bowery	3
bowie	7
bowing	5
bowl	22
bowled	5
bowler	6
bowlers	2
bowles	3
bowling	15
bowls	9
bowman	7
bows	7
box	47
boxcar	3
boxed	6
boxer	11
boxers	7
boxes	20
boxey	3
boxing	15
boy	103
boyar	2
boyars	2
boyce	4
boycie	3
boycott	5
boycotting	3
boyd	14
boyer	3
boyfriend	43
boyfriends	11
boyhood	4
boyish	4
boyka	3
boykewich	2
boylan	2
boyle	8
boynton	3
boyo	3
boys	68
boyz	4
boz	3
bozer	3
bozo	6
bozos	4
bozxphd	3
bp	10
br	9
bra	15
brace	11
braced	3
bracelet	14
bracelets	8
braces	8
bracing	3
brack	3
bracken	4
brackenreid	3
bracket	4
brackets	3
brackett	3
bracknell	2
brad	21
bradbury	3
braddock	6
braden	4
bradfield	3
bradford	8
bradley	12
bradshaw	5
brady	12
brag	9
braga	3
bragg	5
braggart	3
bragged	4
bragging	9
brags	3
brah	6
brahma	4
brahmin	4
brahms	4
braid	6
braided	3
braids	4
braille	3
brain	45
brainchild	3
brainiac	5
brainless	5
brains	25
brainstorm	4
brainstorming	3
brainwash	4
brainwashed	7
brainwashing	4
brainwave	3
brainwaves	3
brainy	4
braised	4
braithwaite	3
brake	13
brakes	16
braking	5
bram	4
bran	5
branca	3
branch	18
branches	11
branching	3
branco	3
brand	21
branded	7
brandeis	2
brandenburg	3
brandi	5
brandies	2
branding	5
brandishing	3
brando	7
brandon	17
brands	7
brandt	7
brandy	15
branko	3
brannan	3
brannigan	3
branson	5
brant	5
brantley	2
branwell	3
bras	6
brash	4
brasil	3
brass	14
brassiere	3
brat	15
bratislava	2
brats	8
bratton	2
bratva	3
bratwurst	3
braun	7
brava	4
bravado	4
brave	31
braved	3
braveheart	3
bravely	7
braver	5
braverman	4
bravery	10
braves	4
bravest	7
bravo	24
brawl	7
brawling	3
brawls	3
brawn	4
braxton	5
bray	4
brayden	3
braying	4
brazen	5
brazil	15
brazilian	10
brazilians	4
brea	3
breach	14
breached	7
breaches	4
breaching	3
bread	29
breadcrumbs	3
breads	3
breadsticks	3
breadth	4
breadwinner	3
break	71
breakaway	3
breakdown	13
breakdowns	3
breaker	8
breakers	5
breakfast	37
breakfasts	3
breakin	4
breaking	34
breakout	4
breaks	22
breakthrough	10
breakthroughs	4
breakup	9
breakups	3
bream	4
breast	16
breastfeed	3
breastfeeding	4
breastplate	2
breasts	17
breath	34
breathable	3
breathalyzer	3
breathe	34
breathed	6
breather	6
breathes	12
breathing	33
breathless	5
breathlessly	3
breaths	10
breathtaking	6
brecht	3
breck	3
bred	7
bree	9
breech	4
breeches	3
breed	13
breeder	4
breeders	3
breeding	11
breeds	6
breeland	4
breen	5
breeze	15
breezes	4
breezy	4
bremen	3
bremer	3
bren	6
brenda	15
brendan	11
brendon	4
brenna	3
brennan	13
brenner	6
brent	11
brentwood	3
brer	2
bresson	2
brest	3
bret	7
brethren	7
breton	4
brett	12
brew	8
brewed	4
brewer	5
brewers	3
brewery	6
brewing	7
brews	3
brewster	7
brexit	3
brezhnev	3
bri	6
brian	30
briana	3
brianna	6
briar	4
briareos	3
bribe	13
bribed	7
bribery	7
bribes	8
bribing	5
brice	5
brick	18
bricklayer	3
bricks	11
bridal	8
bride	26
bridegroom	7
brides	6
bridesmaid	6
bridesmaids	5
bridey	3
bridge	34
bridgeport	3
bridger	4
bridges	12
bridget	11
bridgette	4
bridie	3
bridle	3
brie	5
brief	19
briefcase	13
briefcases	3
briefed	7
briefing	11
briefings	3
briefly	10
briefs	6
brig	6
brigade	11
brigades	4
brigadier	7
brigand	3
brigands	3
briggs	11
brigham	3
bright	30
brighten	6
brightened	3
brightens	3
brighter	9
brightest	8
brightly	6
brightness	5
brighton	8
brigitte	6
brill	3
brilliance	6
brilliant	32
brilliantly	7
brim	5
brimmer	3
brimming	4
brimstone	4
brine	4
bring	93
bringer	3
bringin	4
bringing	34
brings	31
brink	9
brinkley	4
brinkman	3
briny	3
brioche	3
briony	3
bris	3
brisbane	3
briscoe	6
brisk	4
brisket	4
bristles	3
bristol	7
bristow	5
brit	5
brita	3
britain	20
britannia	5
britches	5
british	32
britney	8
britons	3
brits	6
britt	6
britta	6
brittany	9
brittas	4
britten	3
brittle	5
brixton	4
bro	33
broach	3
broad	16
broadband	3
broadcast	15
broadcaster	3
broadcasting	9
broadcasts	4
broaden	4
broader	5
broadly	3
broads	7
broadside	2
broadway	13
brocade	3
broccoli	7
brochure	7
brochures	5
brock	9
brockman	3
broderick	4
brodie	6
brodsky	3
brody	12
brogan	3
broiled	2
broke	49
brokeback	3
broken	44
brokenhearted	3
broker	10
brokerage	3
brokered	3
brokers	5
brom	2
bromance	2
bromide	3
bromley	3
bronc	3
bronchitis	3
bronco	5
broncos	2
bronek	3
broner	3
bronson	6
bronte	3
bronx	9
bronze	10
bronzed	2
brooch	6
brood	6
brooding	6
brook	7
brooke	14
brooklyn	15
brooks	11
broom	11
broome	3
brooms	3
broomstick	4
broots	4
brophy	2
bros	8
broth	7
brothel	11
brothels	5
brother	95
brotherhood	10
brotherly	5
brothers	38
brought	70
broussard	3
brow	7
brown	32
browne	4
brownie	7
brownies	7
browning	6
browns	5
brownstone	4
brownsville	3
brows	4
browse	4
browser	3
browsing	4
broyles	4
brr	3
brrr	3
bru	2
brubaker	3
bruce	22
bruckner	3
bruges	3
bruh	3
bruise	9
bruised	8
bruiser	3
bruises	12
bruising	9
brulee	3
brumby	2
brun	2
brunch	9
brunei	3
brunel	3
bruner	3
brunette	8
brunettes	3
brung	4
brunhilde	2
brunner	3
bruno	15
brunson	3
brunswick	3
brunt	4
brush	18
brushed	7
brushes	7
brushing	7
brussels	9
brutal	15
brutality	8
brutalized	3
brutally	8
brute	10
brutes	4
brutish	3
brutus	7
bruv	6
bryan	11
bryant	8
bryce	10
bryn	4
brynn	2
bryony	3
bryson	4
bs	5
bt	3
btw	3
bu	8
bub	6
bubba	9
bubber	3
bubble	15
bubblegum	4
bubbles	13
bubbling	7
bubbly	6
bubbs	3
bubby	3
bubonic	3
bubs	4
buccaneer	3
buccaneers	3
buchanan	7
bucharest	5
buchenwald	2
buchman	2
buck	21
buckaroo	3
bucket	18
buckets	8
bucking	4
buckingham	7
buckland	3
buckle	10
buckled	4
buckles	4
buckley	7
buckling	3
buckman	2
buckner	4
bucko	3
bucks	32
buckshot	4
buckwheat	3
bucky	6
bud	22
buda	3
budapest	7
budd	4
budderball	2
buddha	14
buddhism	6
buddhist	9
buddhists	4
buddies	17
budding	5
buddy	48
budge	8
budget	18
budgets	4
budgie	3
budging	3
buds	8
budweiser	3
bueller	2
buena	3
buenas	4
bueno	6
buenos	10
buff	8
buffalo	14
buffaloes	4
buffer	7
buffers	2
buffet	10
buffett	3
buffoon	5
buffoons	3
buffs	3
buffy	11
buford	5
bug	21
bugatti	3
bugged	8
bugger	13
buggered	4
buggers	6
buggery	2
buggies	2
buggin	3
bugging	10
buggy	7
bugle	7
bugler	3
bugs	17
bugsy	4
buh	4
buick	5
build	38
builder	8
builders	7
building	51
buildings	18
builds	9
buildup	5
built	37
bujji	3
bukowski	4
bulb	10
bulbs	7
bulgaria	6
bulgarian	6
bulgarians	3
bulge	5
bulger	3
bulging	4
bulimia	3
bulimic	3
bulk	9
bulkhead	5
bulkheads	3
bulky	4
bull	24
bullard	3
bullcrap	3
bulldog	7
bulldogs	3
bulldoze	3
bulldozer	5
bulldozers	3
buller	3
bullet	31
bulletin	8
bulletins	3
bulletproof	8
bullets	22
bullfight	3
bullfighter	4
bullfighting	3
bullfrog	2
bullhorn	4
bullied	9
bullies	8
bullion	4
bullock	7
bullocks	3
bullpen	4
bulls	10
bullseye	3
bullshit	35
bullshitter	3
bullshitting	6
bullwinkle	3
bully	15
bullying	9
bum	19
bumble	4
bumblebee	6
bumbling	3
bummed	7
bummer	9
bumming	4
bump	16
bumped	12
bumper	9
bumpers	3
bumping	7
bumpkin	4
bumpkins	3
bumps	9
bumpy	7
bums	8
bun	10
bunch	38
bunches	3
bunchy	3
bundle	10
bundled	3
bundles	5
bundy	8
bung	4
bunga	3
bungalow	9
bungalows	3
bungee	5
bungle	2
bungled	3
bungling	2
bunion	3
bunions	3
bunk	11
bunker	12
bunkers	4
bunkhouse	3
bunking	3
bunks	4
bunnies	7
bunnu	3
bunny	17
buns	10
bunsen	3
bunt	3
bunter	4
bunting	4
bunty	5
bunyan	3
buon	3
buona	3
buongiorno	4
buoy	5
buoyancy	3
buoyant	3
buoys	3
bup	5
bur	2
burak	3
burbage	2
burbank	5
burble	3
burbs	2
burbuja	2
burcu	3
burden	18
burdened	5
burdens	5
burdett	3
bureau	17
bureaucracy	6
bureaucrat	4
bureaucratic	5
bureaucrats	5
buren	4
burg	3
burgeoning	3
burger	17
burgers	11
burgess	7
burglar	10
burglaries	5
burglars	6
burglary	10
burgled	4
burgos	3
burgundy	7
burial	13
burials	3
buried	30
buries	4
burk	2
burka	3
burke	13
burkett	2
burkhalter	5
burkhardt	4
burkhart	2
burlap	3
burlesque	5
burley	3
burlington	3
burly	3
burma	6
burmese	4
burn	37
burned	26
burner	8
burners	4
burnett	6
burnham	3
burnin	5
burning	28
burnout	3
burns	21
burnside	3
burnt	18
burp	6
burping	4
burps	6
burr	6
burrell	3
burris	2
burrito	7
burritos	4
burro	3
burroughs	5
burrow	5
burrowing	3
burrows	6
bursar	3
burst	17
bursting	8
bursts	7
burt	15
burton	12
bury	23
burying	9
bus	41
busan	5
busboy	5
busby	3
busch	3
buses	10
bush	19
bushed	3
bushel	3
bushels	3
bushes	11
bushido	3
bushy	4
busier	4
busiest	5
business	87
businesses	11
businesslike	2
businessman	14
businessmen	8
businesswoman	5
busload	3
busses	3
bust	22
busted	20
buster	13
busters	3
bustin	4
busting	10
bustle	4
bustling	4
busts	5
busty	3
busy	51
busybody	4
but	355
butane	2
butch	11
butcher	15
butchered	6
butchering	3
butchers	6
butchery	3
butchie	3
butjust	2
butler	15
butlers	3
buts	7
butt	27
butte	3
butted	3
butter	22
butterball	2
buttercup	5
buttered	4
butterfield	3
butterfingers	3
butterflies	10
butterfly	14
buttering	3
buttermilk	5
butters	7
butterscotch	4
butterworth	3
buttery	3
butthead	3
butthole	5
butting	5
buttock	3
buttocks	7
button	25
buttoned	4
buttonhole	2
buttons	15
butts	10
butyou	4
buxton	3
buy	69
buyeo	5
buyer	12
buyers	9
buyin	4
buying	29
buyout	3
buys	13
buzz	18
buzzard	4
buzzards	4
buzzed	5
buzzer	13
buzzers	4
buzzes	13
buzzing	20
buzzkill	3
buzzy	3
bwana	3
by	195
bye	69
byers	4
bygone	3
bygones	7
bylaws	4
byline	3
bypass	9
bypassed	3
bypassing	3
byproduct	3
byrd	5
byrne	5
byrnes	3
byron	10
bystander	5
bystanders	4
byul	3
byun	4
byung	3
byzantine	4
byzantium	4
ca	9
cab	25
cabal	5
caballero	2
cabana	4
cabaret	7
cabbage	10
cabbages	4
cabbie	6
cabby	3
cabe	6
cabernet	3
cabeza	3
cabin	21
cabinet	16
cabinets	5
cabins	6
cable	18
cabled	2
cables	9
cabo	5
caboodle	3
caboose	4
cabot	6
cabrera	3
cabron	2
cabs	6
caca	3
cache	5
cackle	3
cackles	6
cackling	8
cacophony	3
cacti	3
cactus	7
cad	5
cadaver	6
cadavers	4
caddie	3
caddy	6
cade	5
cadence	4
cadet	9
cadets	6
cadfael	4
cadillac	8
cadillacs	3
cadiz	3
cadmus	3
cadre	3
cady	4
caesar	17
caesarean	3
caesars	3
caf	3
cafe	15
cafes	4
cafeteria	11
caffee	3
caffeine	8
cafferty	3
caffrey	6
cag	3
cage	21
caged	6
cages	8
cagey	3
cagliostro	3
cagney	4
cahill	6
cahoots	4
cai	4
caiaphas	3
caiman	3
cain	9
caine	10
cairn	2
cairns	2
cairo	9
cait	3
caitlin	10
caitlyn	14
caius	2
cajun	4
cake	34
caked	3
cakes	14
cakewalk	3
cal	14
calabria	3
calais	5
calamari	5
calamities	2
calamity	7
calcium	7
calculate	9
calculated	9
calculates	3
calculating	6
calculation	6
calculations	10
calculator	6
calculus	6
calcutta	7
calder	5
calderon	4
calderone	3
caldwell	8
cale	5
caleb	15
caledonia	2
calendar	14
calendars	4
calf	10
calgary	4
calhoun	5
cali	5
caliber	9
calibrate	3
calibrated	3
calibration	3
calibre	4
calico	3
caliente	3
california	25
californian	3
caligula	4
caliph	4
caliphate	3
calista	4
calisthenics	2
call	141
calla	3
callaghan	4
callahan	7
callas	2
callaway	3
callback	4
calle	3
called	96
calleigh	5
callen	9
caller	11
callers	5
callie	11
calligraphy	5
callin	7
calling	56
calliope	3
callisto	4
callous	5
calloway	4
calls	44
callum	5
calluses	3
cally	5
calm	55
calmed	8
calmer	5
calming	6
calmly	10
calmness	3
calms	6
calogero	3
calorie	4
calories	8
caltech	3
calum	4
calvary	3
calvert	4
calves	7
calvin	12
calypso	3
calzone	3
cam	16
camaraderie	4
camaro	5
cambodia	6
cambodian	3
cambridge	9
camcorder	4
camden	6
came	114
camel	12
camellia	3
camelot	7
camels	7
camembert	3
cameo	4
camera	44
cameraman	9
cameramen	4
cameras	24
cameron	16
cameroon	3
cami	4
camila	5
camilla	8
camille	12
camillo	4
camilo	3
camino	4
cammie	3
cammy	3
camo	3
camomile	3
camorra	3
camouflage	7
camouflaged	4
camp	36
campaign	25
campaigned	3
campaigning	5
campaigns	6
campanella	2
campari	2
campbell	14
campbells	3
camped	6
camper	6
campers	6
campfire	6
campground	3
camphor	3
camping	14
campion	3
campo	3
campos	3
camps	12
campsite	6
camptown	2
campus	16
campuses	3
camry	3
cams	5
camus	3
can	365
cana	2
canaan	4
canada	18
canadian	12
canadians	5
canal	13
canals	5
canaries	4
canary	8
canasta	3
canaveral	3
canberra	3
cancan	2
cancel	21
canceled	14
canceling	6
cancellation	5
cancellations	2
cancelled	14
cancelling	4
cancels	4
cancer	29
cancerous	3
cancers	4
cancun	4
candace	8
candi	2
candice	7
candid	6
candidacy	4
candidate	17
candidates	11
candidly	3
candied	3
candies	6
candis	9
candle	15
candleford	3
candlelight	6
candles	16
candlestick	4
candlesticks	3
candor	4
candy	26
candyman	3
cane	12
canes	4
canine	6
canines	3
canister	6
canisters	5
canker	2
cann	3
cannabis	6
cannae	4
canned	9
cannery	3
cannes	6
cannibal	6
cannibalism	4
cannibals	6
canning	5
cannoli	4
cannon	16
cannonball	6
cannonballs	3
cannons	9
cannot	60
canny	3
canoe	8
canoeing	3
canoes	4
canon	6
canons	3
canopy	6
cans	13
canst	4
cant	12
cantaloupe	4
canteen	9
canteens	3
canter	3
canterbury	5
cantina	4
canto	2
canton	5
cantonese	6
cantor	4
cantrell	3
cantwell	3
canvas	11
canvases	4
canvass	6
canvassed	3
canvassing	5
canyon	13
canyons	4
cao	6
cap	21
capa	2
capabilities	7
capability	7
capable	26
capacities	3
capacitor	3
capacity	14
capcom	3
cape	14
caped	3
capella	2
caper	5
capers	4
capes	3
capeside	3
capillaries	2
capisce	4
capita	3
capitaine	3
capital	23
capitalism	8
capitalist	7
capitalists	4
capitalize	3
capitals	4
capitan	4
capitol	8
capitulate	3
caplan	4
capo	3
capoeira	3
capone	7
capote	3
capp	3
capped	4
cappella	4
cappie	5
cappuccino	8
cappuccinos	3
cappy	3
capra	3
capri	6
caprica	4
caprice	4
capricious	4
capricorn	4
caps	9
capsize	2
capsized	3
capsule	10
capsules	5
capt	5
captain	66
captains	8
caption	4
captioned	7
captioning	8
captions	6
captivated	4
captivating	4
captive	9
captives	5
captivity	6
captor	3
captors	4
capture	19
captured	20
captures	5
capturing	7
capua	3
capulet	4
caputo	4
car	107
cara	8
carabinieri	4
caracas	4
carajo	3
caramba	3
caramel	7
caramelized	3
caramels	2
carat	3
carats	4
caravaggio	3
caravan	9
caravans	3
carb	3
carbide	3
carbine	3
carbohydrates	3
carbon	14
carbonara	3
carbonate	3
carbs	5
carburetor	5
carburettor	2
carbury	2
carcass	7
carcasses	4
card	44
cardamom	3
cardassia	4
cardassian	5
cardassians	4
cardboard	8
cardiac	10
cardiff	5
cardigan	5
cardinal	13
cardinals	5
cardio	5
cardiologist	4
cardiology	3
cardiomyopathy	3
cardiovascular	3
cards	32
care	107
cared	19
career	34
careers	9
carefree	7
careful	56
carefull	3
carefully	28
caregiver	3
careless	11
carelessly	4
carelessness	4
carer	3
cares	30
caress	8
caressed	4
caresses	4
caressing	4
caretaker	9
caretakers	3
carey	7
cargill	3
cargo	16
caribbean	10
caribou	4
caricature	3
carina	4
caring	14
carisi	3
carissa	2
carjacked	3
carjacking	4
carl	27
carla	17
carlene	3
carleton	2
carletto	3
carli	3
carlin	6
carlisle	6
carlito	4
carlitos	4
carlo	13
carlos	21
carlota	3
carlotta	6
carlson	7
carlton	11
carly	10
carlyle	5
carm	3
carmel	5
carmela	6
carmelita	3
carmelo	4
carmen	15
carmichael	7
carmine	7
carmody	3
carnage	6
carnal	5
carnation	4
carnations	4
carne	4
carnegie	6
carney	4
carnival	12
carnivore	3
carnivores	3
carnivorous	4
carny	3
caro	4
carol	23
carola	3
carole	7
carolina	11
caroline	19
caroling	3
caroll	2
carols	4
carolyn	9
caron	3
carotid	6
carousel	6
carp	6
carpaccio	2
carpal	3
carpe	4
carpenter	11
carpenters	4
carpentier	3
carpentry	4
carpet	16
carpeting	4
carpets	6
carpool	4
carr	7
carrera	3
carriage	15
carriages	5
carrie	19
carried	25
carrier	11
carriers	6
carries	14
carrillo	3
carrington	11
carrion	4
carroll	8
carrot	11
carrots	10
carruthers	4
carry	43
carrying	28
cars	35
carsick	3
carson	17
carstairs	3
carsten	3
cart	17
carta	3
cartagena	3
carte	4
carted	3
cartel	10
cartels	5
carter	26
carthage	5
carthaginian	3
carthaginians	3
cartier	4
cartilage	4
carting	2
cartman	7
carton	6
cartons	4
cartoon	11
cartoonist	3
cartoons	8
cartouche	3
cartridge	6
cartridges	5
carts	6
cartwheel	3
cartwheels	3
cartwright	9
cartwrights	3
caruso	5
carve	9
carved	11
carver	9
carving	8
carvings	4
cary	9
cas	4
casa	8
casablanca	6
casanova	7
casbah	3
cascade	4
cascading	3
case	86
cased	3
caseload	3
cases	29
caseworker	3
casey	20
cash	42
cashed	6
cashew	3
cashews	3
cashier	9
cashing	5
cashmere	5
casimir	2
casing	7
casings	6
casino	17
casinos	7
cask	3
casket	8
caskets	3
casks	2
caspar	4
casper	8
caspian	3
cass	10
cassadee	3
cassandra	10
casserole	6
cassette	7
cassettes	4
cassidy	9
cassie	14
cassini	4
cassio	5
cassiopeia	3
cassius	6
cassock	3
cast	26
castaway	3
castaways	3
caste	7
castel	3
castellan	2
castellano	3
caster	3
castes	3
castiel	4
castile	5
castillo	6
casting	12
castle	30
castles	7
castor	6
castrate	4
castrated	4
castration	3
castro	8
casts	6
casual	13
casually	7
casualties	12
casualty	8
cat	42
cataclysm	3
cataclysmic	3
catacombs	5
catalan	4
catalano	2
catalina	8
catalog	7
catalogs	3
catalogue	7
catalogued	3
catalogues	3
catalonia	3
catalyst	5
catania	3
catapult	5
catapults	3
cataract	3
cataracts	3
catarella	3
catarina	3
catastrophe	10
catastrophes	3
catastrophic	8
catatonic	4
catch	58
catched	2
catcher	7
catchers	3
catches	12
catching	18
catchphrase	4
catchy	6
catdog	4
cate	7
catechism	3
categorically	4
categories	6
categorize	2
category	10
cater	5
catered	4
caterer	6
caterers	4
caterina	5
catering	8
caterpillar	7
caterpillars	4
caters	3
cates	3
catfight	3
catfish	7
cath	5
catharsis	2
cathartic	3
cathcart	3
cathedral	10
cathedrals	3
catherine	21
catheter	5
catholic	18
catholicism	4
catholics	7
cathouse	3
cathy	14
catnip	3
cato	4
cats	21
catskills	3
cattle	17
cattleman	3
catty	4
catwalk	4
catwoman	5
caucasian	7
caucasus	3
caucus	3
caught	51
cauldron	5
caulfield	3
cauliflower	5
cause	65
caused	29
causes	17
causeway	4
causing	18
caustic	3
causton	4
cauterize	2
caution	12
cautionary	3
cautioned	3
cautious	10
cautiously	4
cava	3
cavalier	5
cavaliere	3
cavalry	11
cavanaugh	6
cave	22
caveat	3
caved	5
caveman	6
cavemen	3
cavendish	5
cavern	6
caverns	4
caves	11
caviar	9
caving	3
cavities	4
cavity	8
cavorting	2
caw	5
cawdor	2
cawing	8
caws	4
cayenne	4
cayman	5
caymans	3
cb	4
cbc	5
cbi	6
cbs	7
cc	8
ccs	3
cctv	10
cd	13
cdc	7
cds	8
ce	7
cease	13
ceased	7
ceasefire	4
ceaseless	2
ceases	5
ceausescu	2
cece	8
ceci	3
cecil	8
cecile	6
cecilia	8
cecilie	3
cecily	4
cedar	6
cedars	3
cede	2
cedric	7
cee	9
ceiling	15
ceilings	5
celal	3
celeb	2
celebi	3
celebrate	28
celebrated	11
celebrates	5
celebrating	17
celebration	17
celebrations	6
celebratory	4
celebrities	10
celebrity	15
celebs	2
celery	6
celeste	7
celestia	3
celestial	8
celestine	3
celia	10
celibacy	5
celibate	4
celina	4
celine	7
cell	45
cellar	15
cellars	4
cellblock	3
cellist	3
cellmate	4
cellmates	2
cello	7
cellophane	3
cellphone	17
cellphones	5
cells	21
cellular	7
cellulite	3
celluloid	3
celsius	5
celtic	6
celtics	3
celts	4
cem	3
cemal	4
cement	11
cemented	3
cemeteries	4
cemetery	16
cemil	3
cenk	3
censor	5
censored	4
censors	3
censorship	6
censure	3
census	5
cent	14
centaur	3
centauri	6
centaurs	3
centennial	3
center	33
centered	5
centerfold	3
centerpiece	4
centerpieces	3
centers	8
centigrade	4
centimeter	4
centimeters	7
centimetres	5
centipede	4
central	27
centralized	2
centre	21
centred	3
centres	5
centrifugal	2
centrifuge	3
cents	18
centuries	18
centurion	5
centurions	2
century	29
ceo	13
ceos	3
cept	3
ceramic	5
ceramics	3
cerberus	3
cereal	11
cereals	3
cerebellum	3
cerebral	8
ceremonial	6
ceremonies	7
ceremony	22
ceren	3
ceres	4
cern	3
cersei	2
cert	3
certain	46
certainly	50
certainties	3
certainty	9
certifiable	3
certificate	16
certificates	7
certification	4
certified	8
certify	4
cervantes	3
cervical	4
cervix	4
ces	3
cesar	9
cesare	8
cesium	2
cessation	2
cessna	3
cesspool	4
cetera	8
ceviche	2
ceylon	3
cezanne	3
cf	3
cfo	4
cg	3
cgi	3
ch	8
cha	13
chablis	3
chacha	3
chaco	3
chad	14
chaddha	2
chadwick	5
chae	4
chaff	3
chafing	3
chagas	2
chai	7
chaim	3
chain	24
chained	9
chains	14
chainsaw	7
chair	33
chairman	20
chairperson	2
chairs	15
chairwoman	3
chaise	3
chaka	4
chakotay	5
chakra	5
chakras	3
chale	3
chalet	4
chalice	5
chalk	10
chalkboard	3
chalky	3
challenge	34
challenged	11
challenger	8
challengers	3
challenges	13
challenging	12
chalmers	4
cham	2
chamber	19
chamberlain	8
chambermaid	4
chambers	14
chameleon	6
chamois	2
chamomile	4
champ	15
champa	3
champagne	26
champion	21
champions	10
championship	14
championships	7
champollion	3
champs	5
chan	17
chance	76
chanced	3
chancellery	3
chancellor	11
chancery	2
chances	25
chand	3
chanda	3
chandelier	6
chandeliers	3
chandi	7
chandigarh	3
chandler	12
chandni	4
chandra	6
chandramukhi	3
chandru	2
chandu	5
chanel	8
chaney	4
chang	15
change	81
changeable	3
changed	55
changeling	4
changer	4
changes	30
changin	3
changing	28
channel	23
channeled	3
channeling	4
channels	12
channing	6
chant	8
chantal	5
chanted	3
chantelle	4
chanting	17
chantry	2
chants	6
chao	6
chaos	19
chaotic	8
chap	16
chapel	13
chapera	3
chaperon	2
chaperone	6
chaperones	3
chaperoning	3
chapin	2
chaplain	7
chaplin	7
chapman	8
chapo	3
chapped	3
chappell	3
chappelle	4
chappie	3
chappy	3
chaps	9
chapstick	3
chapter	18
chapters	6
char	6
character	33
characteristic	6
characteristics	8
characterize	4
characterized	3
characters	18
charade	8
charades	5
charcoal	7
charcot	2
chard	3
chardonnay	5
charge	47
charged	21
charger	7
chargers	3
charges	27
charging	13
charing	3
chariot	8
chariots	4
charisma	6
charismatic	6
charissa	5
charitable	8
charities	6
charity	22
charla	3
charlatan	5
charlatans	3
charlemagne	3
charlene	7
charles	33
charleston	8
charley	11
charlie	47
charlotte	22
charlottesville	2
charlton	4
charly	6
charm	20
charmaine	4
charmed	9
charmer	6
charming	24
charmingly	3
charms	9
charo	2
charon	3
charred	5
chart	13
charted	3
charter	9
chartered	4
charters	3
charting	3
chartreuse	2
charts	11
charu	3
chas	5
chase	28
chased	15
chaser	5
chasers	3
chases	6
chasin	3
chasing	23
chasm	4
chassis	4
chaste	5
chastise	3
chastity	7
chat	23
chateau	8
chatham	3
chats	5
chatswin	3
chatsworth	4
chattanooga	3
chatted	5
chatter	26
chatterbox	4
chattering	25
chatterjee	3
chatters	4
chatting	12
chatty	5
chatur	3
chau	5
chaucer	3
chaudhary	5
chauffeur	10
chauhan	3
chauncey	3
chauvinist	3
chavez	6
chaz	6
chazz	3
che	9
cheap	29
cheaper	12
cheapest	6
cheaply	4
cheapskate	4
cheat	21
cheated	19
cheater	8
cheaters	5
cheatin	3
cheating	22
cheats	7
checco	3
chechen	4
chechens	3
chechnya	4
check	78
checkbook	6
checked	34
checker	3
checkered	4
checkers	6
checkin	4
checking	27
checklist	5
checkmate	7
checkout	5
checkpoint	7
checkpoints	5
checks	18
checkup	6
checkups	2
cheddar	6
chee	3
cheech	4
cheek	15
cheekbone	3
cheekbones	4
cheeks	12
cheeky	9
cheep	3
cheer	22
cheered	6
cheerful	12
cheerfully	4
cheering	36
cheerio	6
cheerios	4
cheerleader	9
cheerleaders	7
cheerleading	6
cheers	41
cheery	5
cheese	30
cheeseburger	7
cheeseburgers	5
cheesecake	7
cheeses	4
cheesy	8
cheeta	3
cheetah	7
cheetahs	3
cheetos	3
chef	30
chefs	10
chegwidden	2
chekhov	4
chekov	4
chels	3
chelsea	13
cheltenham	3
chem	5
chema	3
chemical	17
chemically	4
chemicals	12
chemist	8
chemistry	14
chemists	4
chemo	9
chemotherapy	6
chen	14
cheney	4
cheng	10
chennai	6
cheol	4
cheon	5
cheong	3
cheque	12
cheques	6
cher	7
cherbourg	3
cheri	4
cherie	5
cherish	10
cherished	6
chernobyl	5
chernov	2
cherokee	6
cherries	7
cherry	17
cherub	3
cherubs	2
cheryl	13
ches	3
chesapeake	4
cheshire	4
chesney	3
chess	16
chessboard	3
chest	30
chester	12
chesterfield	3
chesterton	3
chestnut	7
chestnuts	5
chests	5
chet	10
chett	4
cheuk	3
cheung	9
chevalier	4
cheveley	2
chevrolet	4
chevron	4
chevy	7
chew	14
chewbacca	3
chewed	7
chewie	3
chewing	12
chews	4
chewy	4
cheyenne	7
chez	5
chffffff	21
chhotu	2
chi	15
chia	4
chiaki	4
chiana	4
chiang	6
chianti	3
chiara	3
chiba	4
chibs	5
chic	8
chica	4
chicago	25
chichi	3
chick	23
chicka	3
chicken	38
chickened	4
chickening	3
chickenpox	3
chickens	15
chickenshit	4
chickie	4
chickpeas	2
chicks	17
chicky	3
chico	8
chicory	3
chide	3
chidori	3
chie	3
chief	52
chiefly	3
chiefs	9
chieftain	4
chieftains	3
chieko	3
chien	5
chiffon	3
chihiro	3
chihuahua	5
chika	3
chil	3
child	73
childbirth	7
childcare	3
childhood	23
childish	12
childishness	3
childless	4
childlike	4
children	74
childrens	4
childress	4
childs	4
chile	8
chilean	5
chili	12
chilies	3
chill	21
chillax	3
chilled	6
chilli	6
chillies	3
chillin	5
chilling	7
chills	7
chilly	10
chilton	4
chime	7
chimera	4
chimes	15
chiming	9
chimney	10
chimneys	4
chimp	7
chimpanzee	5
chimpanzees	5
chimps	6
chin	18
china	28
chinaman	6
chinamen	2
chinatown	8
chinchilla	3
chinese	33
ching	10
chink	5
chinks	3
chinna	3
chino	6
chinook	3
chins	3
chip	21
chipmunk	4
chipmunks	3
chipotle	3
chipped	6
chipper	5
chipping	5
chippy	4
chips	19
chiquita	3
chirac	3
chirag	3
chiropractor	4
chirp	6
chirping	17
chirps	8
chirpy	2
chisel	5
chiseled	3
chisholm	3
chit	5
chitchat	5
chitra	3
chittering	6
chitters	3
chitti	4
chitty	4
chiu	7
chivalrous	4
chivalry	6
chives	3
chiyo	3
chiyoko	2
chlamydia	4
chlo	3
chloe	21
chloride	5
chlorine	5
chloroform	5
chlorophyll	3
cho	11
chock	3
choco	3
chocolat	2
chocolate	27
chocolates	10
chode	3
choe	3
choi	14
choice	52
choices	19
choir	14
choirboy	3
choirs	3
choke	13
choked	9
choker	3
chokes	6
choking	14
chol	3
cholera	6
cholesterol	7
cholo	3
chomp	3
chomping	4
chomps	2
chon	3
chong	5
choo	5
chook	3
choon	2
choose	39
choosers	3
chooses	10
choosing	13
choosy	4
chop	19
chopin	5
chopped	11
chopper	14
choppers	6
chopping	9
choppy	3
chopra	4
chops	10
chopstick	2
chopsticks	6
choral	4
chord	7
chords	7
chore	5
choreographed	3
choreographer	5
choreography	6
chores	10
chorizo	3
chortles	3
chortling	3
chorus	13
chose	27
chosen	25
choshu	3
chosun	3
chotu	3
chou	6
chow	12
chowder	5
choy	4
chris	34
chrissake	5
chrissakes	4
chrissie	4
chrissy	8
christ	41
christa	6
christabel	3
christen	4
christendom	4
christened	4
christening	6
christensen	3
christer	3
christi	4
christian	26
christiane	3
christianity	10
christians	12
christie	9
christina	17
christine	17
christmas	50
christmases	4
christmassy	2
christmastime	4
christo	3
christoph	4
christophe	5
christopher	17
christos	4
christy	10
chrome	5
chromium	2
chromosome	4
chromosomes	4
chronic	9
chronically	2
chronicle	6
chronicler	3
chronicles	4
chronological	3
chronos	4
chrysalis	3
chrysanthemum	3
chrysanthemums	3
chrysler	5
chu	10
chuan	3
chub	3
chubby	9
chucho	3
chuck	26
chucked	6
chuckie	5
chucking	4
chuckle	15
chuckles	59
chuckling	27
chucks	2
chucky	5
chuen	4
chuffed	3
chug	9
chugger	3
chugging	5
chuggington	2
chui	3
chuji	3
chul	6
chum	8
chumhum	3
chumley	3
chummy	5
chump	8
chumps	4
chums	4
chun	11
chung	9
chunghae	4
chunhyang	3
chunk	9
chunks	7
chunky	6
chuny	3
chupacabra	4
church	45
churches	10
churchill	11
churchyard	3
churn	4
churned	3
churning	4
churro	3
churros	3
chute	8
chutes	4
chutki	3
chutney	4
chutzpah	3
chuy	4
chyna	3
ci	6
cia	19
ciao	13
ciara	3
cic	3
cicada	3
cicadas	4
ciccio	4
cicely	4
cicero	5
cici	2
cid	8
cider	7
cielo	3
cig	3
cigar	13
cigarette	25
cigarettes	20
cigars	10
cigs	3
cilantro	3
cilla	4
cin	2
cinch	6
cincinnati	6
cinco	4
cinder	4
cinderella	9
cinders	3
cindi	3
cindy	16
cinema	18
cinemas	4
cinematic	4
cinematographer	4
cinematography	6
cinnamon	9
cinzia	3
cipher	6
cipri	4
cipriano	3
circa	4
circe	3
circle	24
circled	6
circles	15
circling	8
circuit	14
circuitry	4
circuits	8
circular	7
circulate	5
circulated	4
circulating	5
circulation	9
circulatory	3
circumcised	5
circumcision	4
circumference	4
circumstance	8
circumstances	25
circumstantial	7
circumvent	3
circus	20
circuses	3
cirie	3
cirinna	2
ciro	5
cirque	4
cirrhosis	4
cis	3
cisco	6
cissy	5
cistern	3
citadel	6
citation	5
citations	3
cite	4
cited	5
cities	18
citing	4
citizen	19
citizens	21
citizenship	6
citroen	3
citrus	4
city	70
citywide	3
ciudad	3
civic	7
civics	3
civil	22
civilian	14
civilians	13
civilisation	9
civilisations	4
civilised	6
civility	3
civilization	15
civilizations	7
civilized	11
civvies	3
cj	6
ck	5
cl	4
cla	4
clack	4
clacking	8
clacks	4
clad	4
claes	3
claim	26
claimed	16
claiming	12
claims	20
clair	5
claire	27
clairvoyant	5
clam	8
clammy	4
clamor	3
clamoring	11
clamour	3
clamouring	3
clamp	8
clamped	4
clamping	2
clamps	5
clams	7
clan	18
clancy	6
clandestine	5
clang	7
clanging	10
clangs	6
clank	6
clanking	8
clanks	5
clans	6
clanton	3
clap	12
clapped	4
clapper	3
clapping	11
claps	6
clapton	4
claptrap	2
clara	16
clare	10
claremont	3
clarence	14
claret	3
clarice	6
claridge	3
clarification	4
clarified	4
clarify	9
clarifying	3
clarinet	5
clarion	3
clarissa	6
clarisse	4
clarity	9
clark	25
clarke	11
clarkson	6
claro	3
clary	6
clash	8
clashed	3
clashes	4
clashing	3
clasp	5
class	52
classes	20
classic	22
classical	13
classically	3
classics	7
classier	2
classification	4
classified	14
classifieds	3
classify	4
classmate	8
classmates	10
classroom	12
classrooms	4
classy	12
clatter	9
clattering	13
clatters	10
claud	3
claude	12
claudette	5
claudia	16
claudine	4
claudio	6
claudius	6
claus	15
clause	8
clausen	2
clauses	3
claustrophobia	4
claustrophobic	6
clave	3
clavicle	4
clavin	4
clavo	2
claw	11
clawed	4
clawing	4
claws	11
clay	20
claybourne	3
claymore	3
clays	3
clayton	10
clea	3
clean	54
cleaned	21
cleaner	14
cleaners	9
cleanest	4
cleaning	25
cleanliness	5
cleanly	4
cleans	7
cleanse	8
cleansed	5
cleanser	3
cleansing	6
cleanup	7
clear	66
clearance	12
clearances	3
cleared	20
clearer	9
clearest	3
clearing	15
clearly	35
clears	27
clearwater	3
cleary	4
cleats	3
cleavage	5
cleave	4
cleaver	7
cleen	3
cleese	3
cleft	4
clegg	4
clem	6
clemence	3
clemency	4
clemens	5
clement	5
clemente	4
clementine	5
clements	3
clemenza	4
clench	4
clenched	4
clenching	2
clennam	4
cleo	10
cleopatra	9
clergy	5
clergyman	4
cleric	4
clerical	5
clerics	3
clerk	15
clerks	5
clermont	3
cletus	3
cleve	3
cleveland	14
clever	27
cleverer	4
cleverest	3
cleverly	5
cleverness	3
cliche	6
cliches	3
click	17
clicked	6
clicker	3
clicking	18
clicks	22
client	37
clientele	6
clients	24
cliff	21
cliffie	3
clifford	8
cliffs	8
clifton	5
climate	14
climates	3
climatic	2
climax	8
climb	24
climbed	12
climber	5
climbers	5
climbing	16
climbs	6
clinch	4
clincher	2
cline	3
cling	8
clinging	7
clings	4
clingy	5
clinic	21
clinical	9
clinically	5
clinics	6
clink	8
clinking	8
clinks	6
clint	9
clinton	11
clio	4
clip	13
clipboard	4
clipped	6
clipper	4
clippers	5
clipping	5
clippings	5
clips	7
clique	4
clit	3
clitoris	4
clive	11
clo	2
cloak	9
cloaked	4
cloaking	4
cloakroom	3
cloaks	3
clobber	4
clobbered	3
clock	29
clocked	5
clocking	3
clocks	9
clockwise	4
clockwork	7
clod	3
clog	4
clogged	6
clogging	3
clogs	5
cloister	3
cloistered	2
clone	10
cloned	5
clones	6
cloning	6
clooney	5
clop	3
close	76
closed	38
closely	17
closeness	4
closer	37
closes	27
closest	17
closet	22
closeted	3
closets	6
closing	25
closure	10
closures	2
clot	7
cloth	14
clothe	4
clothed	5
clothes	50
clothesline	3
clothing	17
cloths	4
clotilde	3
clots	4
clotted	2
clotting	4
cloud	20
clouded	5
clouding	3
clouds	19
cloudy	7
clough	3
clouseau	3
clout	5
clove	3
clover	8
clovers	2
cloves	3
clovis	4
clown	19
clowning	5
clowns	11
club	48
clubbed	3
clubbing	5
clubhouse	6
clubs	16
cluck	5
clucking	7
clucks	4
clue	25
clueless	7
clues	15
clump	4
clumps	3
clumsiness	3
clumsy	12
clung	4
clunk	4
clunking	3
clunks	3
cluny	2
cluster	8
clusters	5
clutch	9
clutched	3
clutches	6
clutching	5
clutter	4
cluttered	3
clyde	14
cm	8
cmdr	5
cnn	7
cnst	3
co	11
coach	34
coached	5
coachella	2
coaches	11
coaching	9
coachman	5
coal	16
coalition	7
coals	5
coarse	5
coast	25
coastal	7
coaster	8
coasters	4
coastguard	3
coasting	3
coastline	6
coasts	3
coat	30
coated	5
coates	4
coating	4
coats	10
coattails	3
coax	4
coaxing	2
cob	4
cobain	4
cobalt	4
cobb	9
cobble	3
cobblepot	3
cobbler	6
cobblers	3
cobra	9
cobras	3
coburn	3
cobweb	3
cobwebs	5
coca	5
cocaine	16
coccyx	3
cochin	3
cochise	4
cochran	6
cochrane	3
cock	20
cockamamie	3
cockatoo	3
cocked	4
cocker	3
cockerel	3
cockeyed	3
cocking	7
cockles	3
cockney	4
cockpit	8
cockroach	8
cockroaches	7
cocks	13
cocksucker	9
cocksuckers	4
cocksucking	3
cocktail	15
cocktails	9
cocky	10
coco	9
cocoa	10
coconut	12
coconuts	7
cocoon	6
cocoons	2
cocteau	3
cod	9
coddle	3
coddled	2
coddling	3
code	35
coded	7
codeine	3
codename	3
codes	13
codex	4
codfish	3
coding	5
codis	4
cody	13
coe	3
coed	3
coefficient	2
coerce	3
coerced	5
coercion	4
coeur	3
coexist	4
coexistence	3
coffee	56
coffeehouse	3
coffeemaker	3
coffees	7
coffers	4
coffey	3
coffin	16
coffins	7
cog	4
cognac	9
cognitive	6
cogs	4
cohen	10
coherent	5
cohesion	3
cohesive	4
cohn	4
cohorts	3
coil	7
coiled	3
coils	5
coimbatore	3
coin	18
coincide	4
coincided	3
coincidence	23
coincidences	6
coincidental	5
coincidentally	5
coincides	3
coined	4
coins	15
coitus	3
cojones	3
coke	19
coker	2
cokes	4
col	5
cola	8
colada	3
colbert	4
colby	11
colbyco	4
cold	59
colder	9
coldest	5
coldly	3
coldness	4
coldplay	3
colds	4
cole	19
coleman	9
coles	3
coleslaw	4
colette	6
coley	3
coli	3
colic	4
colin	17
coliseum	4
collaborate	5
collaborated	4
collaborating	4
collaboration	7
collaborative	3
collaborator	5
collaborators	5
collage	4
collagen	3
collapse	15
collapsed	14
collapses	6
collapsing	7
collar	16
collarbone	4
collard	3
collared	4
collars	6
collateral	9
colleague	18
colleagues	18
collect	24
collected	15
collectible	3
collectibles	3
collecting	14
collection	22
collections	6
collective	11
collectively	4
collector	12
collectors	7
collects	7
colleen	9
college	43
colleges	7
collegiate	3
collette	3
colley	2
collide	6
collided	5
collider	3
colliding	4
collie	4
collier	7
collin	5
collingwood	3
collins	15
collision	9
collisions	4
colluding	3
collusion	4
colm	3
cologne	9
colombia	8
colombian	6
colombians	4
colombo	3
colon	7
colonel	41
colonels	3
colonial	8
colonialism	3
colonic	3
colonies	9
colonists	5
colonization	3
colonize	3
colonized	3
colonna	3
colonoscopy	3
colony	14
color	34
colorado	11
colorblind	2
colord	4
colored	11
coloreds	3
colorful	9
coloring	6
colorless	3
colors	18
colossal	7
colosseum	4
colossus	4
colostomy	2
colour	20
coloured	7
colourful	7
colouring	3
colours	12
colson	3
colt	10
colter	2
colton	6
coltrane	3
colts	3
colum	3
columbia	10
columbian	2
columbine	3
columbo	8
columbus	9
column	15
columnist	4
columns	8
colvin	3
com	11
coma	16
comanche	5
comanches	3
comandante	3
comas	3
comatose	5
comb	11
combat	18
combatant	3
combatants	3
combative	3
combed	5
combination	17
combinations	6
combine	10
combined	12
combines	4
combing	5
combining	5
combo	7
combs	4
combustible	3
combustion	5
come	277
comeback	9
comebacks	3
comedian	11
comedians	6
comedic	3
comedies	5
comedy	18
comely	2
comeon	3
comer	4
comers	3
comes	76
comet	12
cometh	4
comets	6
comfort	22
comfortable	32
comfortably	8
comforted	5
comforter	3
comforting	10
comforts	7
comfy	8
comic	16
comical	5
comics	10
comin	20
coming	116
comings	3
comlink	3
comm	7
comma	6
command	32
commandant	9
commanded	8
commandeer	3
commandeered	3
commander	36
commanders	7
commanding	10
commandment	5
commandments	6
commando	7
commandos	5
commands	10
comme	4
commemorate	5
commemorating	3
commemoration	3
commemorative	3
commence	9
commenced	3
commencement	3
commences	3
commencing	5
commend	6
commendable	5
commendation	4
commendations	3
commendatore	3
commended	3
comment	20
commentary	7
commentator	8
commented	4
commenting	4
comments	13
commerce	9
commercial	19
commercially	3
commercials	9
commie	6
commies	5
comming	3
commissar	5
commissary	4
commission	18
commissioned	7
commissioner	22
commissioners	4
commissions	5
commit	24
commited	3
commitment	16
commitments	6
commits	6
committed	27
committee	23
committees	5
committing	11
commode	3
commodities	4
commodity	6
commodore	7
commodus	3
common	36
commonality	3
commoner	5
commoners	4
commonly	7
commonplace	4
commons	5
commonwealth	8
commotion	9
comms	7
communal	6
commune	7
communicate	16
communicated	5
communicates	3
communicating	9
communication	18
communications	14
communicator	5
communicators	3
communion	8
communique	2
communism	9
communist	16
communists	11
communities	9
community	30
commute	6
commuted	3
commuter	4
commuters	3
commuting	3
como	7
comp	5
compact	6
compactor	2
compadre	4
compadres	2
companies	20
companion	14
companions	9
companionship	6
company	61
comparable	5
comparative	4
comparatively	3
compare	16
compared	19
compares	5
comparing	8
comparison	10
comparisons	3
compartment	11
compartments	5
compass	11
compasses	3
compassion	13
compassionate	7
compatibility	4
compatible	7
compatriot	2
compatriots	4
comped	2
compel	6
compelled	9
compelling	9
compels	4
compensate	8
compensated	5
compensating	3
compensation	11
compensations	2
compete	15
competed	4
competence	4
competency	3
competent	8
competing	11
competition	29
competitions	6
competitive	11
competitor	8
competitors	9
compilation	3
compile	4
compiled	5
compiling	3
complacency	3
complacent	4
complain	20
complainant	3
complained	11
complaining	17
complains	6
complaint	18
complaints	14
complement	5
complementary	3
complete	37
completed	17
completely	50
completes	5
completing	6
completion	7
complex	20
complexes	4
complexion	7
complexities	3
complexity	6
compliance	5
compliant	3
complicate	6
complicated	29
complicates	3
complicating	3
complication	6
complications	10
complicit	4
complicity	4
complied	3
compliment	15
complimentary	6
complimented	4
complimenting	3
compliments	12
comply	8
complying	2
component	8
components	8
compose	7
composed	9
composer	8
composers	4
composing	5
composite	5
composition	9
compositions	3
compost	4
composure	4
compote	3
compound	14
compounded	3
compounds	6
comprehend	8
comprehension	5
comprehensive	6
comprende	4
compress	4
compressed	5
compresses	3
compressing	2
compression	5
compressions	5
compressor	4
comprise	2
comprised	4
compromise	14
compromised	12
compromises	5
compromising	6
compton	6
comptroller	3
compulsion	5
compulsive	6
compulsory	5
computation	2
compute	5
computed	3
computer	41
computerized	4
computers	17
computing	4
comrade	22
comrades	17
comstock	3
comte	3
comtesse	3
con	17
conan	6
conceal	9
concealed	8
concealing	5
concealment	3
conceals	3
concede	6
conceded	3
conceit	3
conceited	6
conceivable	5
conceivably	3
conceive	7
conceived	9
conceiving	2
concentrate	21
concentrated	8
concentrating	8
concentration	13
concentrations	4
concept	18
conception	7
concepts	6
conceptual	3
concern	27
concerned	33
concerning	11
concerns	17
concert	22
concerted	2
concerto	5
concerts	8
concession	6
concessions	5
concetta	3
conch	4
concha	3
conchita	3
concierge	7
concise	3
conclave	3
conclude	8
concluded	9
concludes	6
concluding	3
conclusion	16
conclusions	11
conclusive	6
conclusively	3
concoct	3
concocted	4
concoction	4
concord	4
concorde	4
concourse	3
concrete	15
concretely	2
concubine	7
concubines	4
concur	5
concussed	2
concussion	10
concussions	3
condemn	9
condemnation	3
condemned	12
condemning	4
condemns	3
condensation	3
condense	2
condensed	4
condenser	2
condescend	3
condescending	6
condiments	3
condition	33
conditional	4
conditioned	5
conditioner	7
conditioning	9
conditions	22
condo	10
condolence	3
condolences	11
condom	12
condominium	3
condoms	11
condon	3
condone	5
condoning	2
condor	5
condos	5
conducive	3
conduct	17
conducted	10
conducting	10
conductor	10
conductors	3
conducts	3
conduit	6
conduits	3
cone	9
cones	6
coney	6
confederacy	4
confederate	6
confederates	3
confederation	3
confer	5
conference	24
conferences	5
conferred	3
conferring	3
confess	22
confessed	15
confesses	4
confessing	7
confession	21
confessional	5
confessions	7
confessor	6
confetti	5
confidant	4
confidante	3
confide	7
confided	5
confidence	24
confidences	2
confident	20
confidential	13
confidentiality	8
confidentially	4
confidently	4
confiding	3
configuration	5
confine	5
confined	10
confinement	7
confines	4
confining	3
confirm	21
confirmation	12
confirmed	21
confirming	7
confirms	9
confiscate	6
confiscated	9
confiscating	3
conflict	17
conflicted	5
conflicting	5
conflicts	7
conform	5
conformity	3
confound	4
confounded	4
confront	12
confrontation	8
confrontational	3
confrontations	3
confronted	10
confronting	5
confronts	3
confucius	5
confuse	11
confused	27
confuses	4
confusing	15
confusion	15
cong	4
conga	4
congee	4
congenial	2
congeniality	2
congenital	4
congested	3
congestion	4
congestive	2
conglomerate	4
congo	7
congrats	10
congratulate	14
congratulated	5
congratulating	4
congratulation	4
congratulations	42
congregate	3
congregation	9
congress	16
congressional	6
congressman	13
congressmen	4
congresswoman	5
conjecture	5
conjoined	3
conjugal	5
conjunction	5
conjure	5
conjured	4
conjures	2
conjuring	3
conk	2
conked	3
conklin	3
conley	3
conlon	3
conman	3
conn	4
connally	3
connect	18
connected	25
connecticut	9
connecting	10
connection	29
connections	15
connector	3
connects	9
conned	6
connell	3
connelly	5
conner	7
conners	3
connery	4
conni	2
connie	16
conning	4
conniving	5
connoisseur	5
connolly	5
connor	16
connors	7
conny	3
conor	6
conover	3
conquer	14
conquered	10
conquering	6
conqueror	6
conquerors	4
conquers	4
conquest	8
conquests	4
conquistador	2
conquistadors	3
conrad	12
conroy	5
cons	7
conscience	20
consciences	3
conscientious	5
conscious	13
consciously	5
consciousness	15
conscripted	2
conscription	3
consecrate	3
consecrated	4
consecutive	6
consensual	5
consensus	6
consent	15
consented	5
consenting	4
consequence	9
consequences	19
consequently	5
conservation	6
conservative	11
conservatives	4
conservatory	6
conserve	5
consider	36
considerable	10
considerably	7
considerate	9
consideration	12
considerations	4
considered	25
considering	22
considers	7
consigned	3
consignment	5
consist	4
consisted	4
consistency	6
consistent	13
consistently	6
consisting	4
consists	7
consolation	10
console	9
consoled	3
consoles	3
consolidate	4
consolidated	5
consoling	4
consonants	2
consort	6
consorting	3
consortium	4
conspicuous	6
conspiracies	4
conspiracy	17
conspirator	3
conspirators	4
conspire	4
conspired	6
conspiring	6
constable	15
constables	4
constabulary	4
constance	8
constancy	2
constant	17
constantin	3
constantine	8
constantinople	6
constantly	18
constellation	6
constellations	4
constipated	5
constipation	4
constituency	4
constituent	3
constituents	5
constitute	5
constituted	3
constitutes	5
constitution	12
constitutional	7
constrained	3
constraint	2
constraints	4
constrictor	2
construct	8
constructed	9
constructing	5
construction	21
constructions	3
constructive	6
construed	3
consuela	3
consuelo	3
consul	9
consulate	8
consult	12
consultant	11
consultants	5
consultation	7
consultations	3
consulted	7
consulting	9
consults	3
consume	9
consumed	10
consumer	8
consumerism	3
consumers	5
consumes	5
consuming	6
consummate	5
consummated	3
consummation	3
consumption	8
contact	42
contacted	14
contacting	7
contacts	15
contagion	4
contagious	10
contain	14
contained	12
container	11
containers	7
containing	9
containment	8
contains	14
contaminate	4
contaminated	9
contaminating	3
contamination	6
conte	3
contemplate	6
contemplated	3
contemplating	5
contemplation	4
contemporaries	3
contemporary	8
contempt	11
contemptible	4
contemptuous	2
contend	5
contender	5
contenders	4
content	16
contented	5
contention	4
contentious	3
contentment	4
contents	11
contessa	4
contest	21
contestant	8
contestants	9
contested	3
contesting	3
contests	5
context	11
conti	4
continent	12
continental	8
continents	7
contingencies	3
contingency	6
contingent	5
continual	4
continually	6
continuance	4
continuation	5
continue	42
continued	17
continues	42
continuing	12
continuity	6
continuous	8
continuously	7
continuum	5
contortionist	2
contour	3
contours	3
contra	3
contraband	6
contraception	4
contraceptive	3
contract	30
contracted	7
contracting	4
contraction	5
contractions	6
contractor	10
contractors	6
contracts	12
contractual	3
contradict	6
contradicted	3
contradicting	3
contradiction	6
contradictions	5
contradictory	4
contradicts	3
contraire	3
contraption	6
contraptions	2
contrary	17
contrast	9
contrasts	2
contreras	3
contribute	10
contributed	7
contributes	3
contributing	6
contribution	11
contributions	7
contributor	3
contributors	3
contrite	2
contrition	3
contrived	3
control	60
controlled	16
controller	8
controllers	3
controlling	13
controls	15
controversial	9
controversy	7
contusion	4
contusions	5
conundrum	4
convalescent	3
convene	4
convened	4
convenience	10
conveniences	3
convenient	15
conveniently	6
convening	2
convent	11
convention	14
conventional	9
conventions	6
converge	4
convergence	3
converging	3
conversation	35
conversational	3
conversationalist	3
conversations	19
converse	5
conversely	3
conversing	5
conversion	7
convert	10
converted	9
converter	4
convertible	8
converting	5
converts	4
convey	9
conveyance	2
conveyed	4
conveying	3
conveyor	5
conveys	3
convict	12
convicted	15
convicting	2
conviction	13
convictions	9
convicts	7
convince	25
convinced	26
convinces	4
convincing	14
convincingly	3
convoluted	3
convoy	10
convoys	4
convulsions	4
conway	8
coo	5
cooch	3
coochie	4
coogan	3
cooing	7
cook	36
cookbook	5
cooke	5
cooked	18
cooker	5
cookery	3
cookie	18
cookies	18
cookin	4
cooking	27
cookout	3
cooks	11
cool	69
coolant	4
cooled	6
cooler	13
coolers	4
coolest	10
cooley	4
coolidge	3
coolie	3
cooling	9
coolio	3
coolly	3
coolness	3
cools	5
coombs	3
coon	4
cooney	3
coons	3
coop	10
cooped	6
cooper	20
cooperate	16
cooperated	4
cooperates	3
cooperating	7
cooperation	14
cooperative	8
coordinate	8
coordinated	6
coordinates	14
coordinating	5
coordination	6
coordinator	6
coordinators	4
coos	5
coot	4
cooter	3
cooties	3
cop	42
copa	3
copacabana	4
copacetic	2
cope	13
coped	3
copeland	3
copenhagen	8
copernicus	4
copied	9
copier	4
copies	16
copilot	4
coping	7
copious	3
copped	4
copper	15
copperfield	4
coppers	7
copping	3
coppola	3
cops	43
copter	3
copulate	2
copulation	3
copy	34
copycat	6
copying	7
copyright	6
copyrighted	2
coq	3
cor	7
cora	10
corabeth	5
coral	10
coraline	3
corals	4
corben	2
corbett	6
corbin	4
corby	3
corbyn	3
corcoran	4
cord	13
corday	4
cordelia	7
cordell	3
cordero	3
cordial	5
cordially	3
cordless	3
cordoba	4
cordon	6
cordoned	3
cordova	3
cords	6
corduroy	3
cordy	4
core	19
corelli	2
cores	4
corey	10
corfu	3
cori	3
coriander	3
corinna	3
corinne	8
corinth	4
corinthians	4
cork	9
corks	3
corkscrew	5
corky	6
corleone	4
corman	4
corn	18
cornbread	4
cornea	3
corneas	3
corned	5
cornelia	5
cornelius	6
cornell	7
corner	35
cornered	8
cornering	3
corners	13
cornerstone	5
cornet	3
cornfed	3
cornfield	4
cornflakes	4
corning	3
cornish	4
corns	3
cornucopia	2
cornwall	6
corny	8
corolla	3
corona	5
coronado	3
coronal	2
coronary	6
coronation	8
coroner	13
corp	5
corporal	16
corporate	16
corporation	13
corporations	9
corps	14
corpse	19
corpses	12
corpsman	4
corpus	6
corrado	4
corral	6
correct	35
corrected	16
correcting	5
correction	9
correctional	6
corrections	8
corrective	3
correctly	14
correctness	3
correlation	4
correspond	5
corresponded	3
correspondence	8
correspondent	7
correspondents	3
corresponding	5
corresponds	4
corridor	13
corridors	7
corrie	3
corrigan	5
corrine	4
corroborate	6
corroborated	3
corroborating	3
corroboration	3
corroded	3
corrosion	3
corrosive	3
corrupt	13
corrupted	8
corrupting	4
corruption	13
corrupts	3
corsage	4
corset	5
corsets	3
corsica	4
corsican	3
corso	3
cort	3
cortes	3
cortex	6
cortez	6
cortical	3
cortina	2
cortisone	3
corto	3
corvette	5
corwin	3
cory	12
cos	30
cosa	4
cosby	5
cosette	5
cosgrove	4
cosima	4
cosimo	5
cosmetic	6
cosmetics	7
cosmic	12
cosmo	7
cosmological	2
cosmology	3
cosmonaut	3
cosmopolitan	4
cosmos	10
cosplay	2
cossack	5
cossacks	5
cost	37
costa	10
costanza	4
costas	5
costco	4
costello	6
costing	7
costly	7
costner	3
costs	22
costume	21
costumed	2
costumes	13
cosy	7
cot	7
cotillion	4
cots	3
cotta	2
cottage	14
cottages	4
cotton	16
cou	3
couch	22
couches	4
cougar	6
cougars	4
cough	14
coughed	4
coughing	21
coughlin	2
coughs	18
couid	9
couidn	3
could	197
coulda	6
couldn	90
couldnt	3
coulson	7
coulter	4
council	27
councillor	6
councillors	3
councilman	8
councilor	6
councils	4
councilwoman	4
counsel	17
counseled	3
counseling	10
counselling	5
counsellor	7
counsellors	3
counselor	16
counselors	6
count	47
countdown	9
counted	13
countenance	5
counter	18
counteract	4
counterattack	5
counterclockwise	2
countered	2
counterfeit	9
counterfeiter	3
counterfeiting	4
counterintelligence	3
countermeasure	2
countermeasures	3
counterpart	4
counterparts	4
counterpoint	3
counterproductive	3
counters	4
counterterrorism	3
countess	14
counties	5
countin	3
counting	23
countless	11
countries	20
country	66
countryman	3
countrymen	6
countryside	12
counts	18
county	25
coup	10
coupe	4
couple	69
coupled	5
couples	15
couplet	3
coupling	4
coupon	7
coupons	7
courage	27
courageous	10
courageously	3
courier	10
couriers	4
course	115
courses	10
coursing	4
court	51
courted	4
courteous	5
courtesan	5
courtesans	3
courtesy	14
courthouse	10
courtier	3
courtiers	3
courting	7
courtland	3
courtney	12
courtroom	13
courts	12
courtship	5
courtside	3
courtyard	9
couscous	4
cousin	35
cousins	14
cousteau	3
couture	5
cove	9
coven	6
covenant	7
covent	3
coventry	4
cover	46
coverage	11
coveralls	3
covered	30
covering	18
covers	14
covert	8
covertly	3
covet	4
coveted	5
covington	4
cow	25
cowabunga	3
cowan	3
coward	22
cowardice	7
cowardly	9
cowards	11
cowboy	18
cowboys	10
cowell	3
cower	3
cowering	3
cowgirl	4
cowl	6
cowley	3
coworker	5
coworkers	6
cows	16
cox	8
coy	6
coyle	3
coyopa	3
coyote	9
coyotes	6
coz	7
cozy	11
cp	3
cpa	3
cpd	3
cpr	7
cps	4
cpt	2
cpu	3
cq	3
cr	4
cra	2
crab	14
crabb	3
crabby	4
crabs	9
crabtree	6
crack	27
crackdown	3
cracked	15
cracker	9
crackerjack	3
crackers	10
crackhead	4
crackheads	3
crackin	3
cracking	14
crackle	4
crackles	8
crackling	12
crackpot	5
crackpots	2
cracks	13
cracow	3
craddock	3
cradle	10
craft	13
crafted	4
crafting	3
crafts	5
craftsman	5
craftsmanship	5
craftsmen	4
crafty	6
cragen	4
craig	18
craigslist	5
crain	2
crais	4
cram	6
cramer	4
crammed	5
cramming	3
cramp	8
cramped	7
cramping	5
cramps	6
cranberries	3
cranberry	6
crandall	4
crane	18
cranes	5
cranford	3
cranial	4
cranium	4
crank	10
cranked	3
cranking	5
cranks	3
cranky	8
cranny	3
cranston	4
crap	39
crapped	4
crapper	4
crapping	3
crappy	12
craps	6
crash	29
crashed	16
crasher	2
crashes	11
crashing	17
crass	5
crassus	4
cratchit	3
crate	10
crater	9
craters	4
crates	8
cravat	3
crave	7
craved	4
craven	5
craves	4
craving	8
cravings	4
craw	3
crawfish	3
crawford	11
crawl	15
crawled	9
crawler	3
crawley	5
crawling	14
crawls	4
cray	4
crayfish	4
crayon	4
crayons	4
craze	5
crazed	6
crazier	7
crazies	5
craziest	7
crazily	3
craziness	6
crazy	81
creak	6
creaking	14
creaks	11
creaky	2
cream	32
creamed	5
creamer	3
creams	5
creamy	6
crease	4
creases	3
creasy	3
create	32
created	32
creates	13
creating	18
creation	16
creations	6
creative	18
creatively	4
creativity	8
creator	11
creators	4
creature	25
creatures	22
cred	4
credence	3
credentials	8
credibility	9
credible	8
credit	33
credited	4
creditor	3
creditors	5
credits	9
credo	3
cree	3
creed	7
creegan	3
creek	14
creeks	2
creel	2
creep	15
creeped	4
creeper	4
creepers	3
creepier	3
creeping	8
creeps	11
creepy	19
cregg	3
creighton	4
cremate	4
cremated	7
cremation	5
crematorium	5
creme	5
crenshaw	4
creole	4
crepe	4
crepes	4
crept	5
crescendo	3
crescent	6
crest	8
cretaceous	3
crete	5
cretin	5
cretins	3
crevice	3
crevices	3
crew	34
crewe	3
crewman	5
crewmen	4
crews	10
crib	10
cribs	3
crichton	8
crick	4
cricket	14
cricketer	3
crickets	10
cried	20
crier	3
cries	19
crikey	5
crime	47
crimea	4
crimean	2
crimes	22
criminal	33
criminality	3
criminally	5
criminals	20
criminology	3
crimp	3
crimson	7
cringe	3
cripes	3
cripple	10
crippled	9
cripples	4
crippling	5
crips	3
cris	5
crises	4
crisis	22
crisp	9
crispin	3
crisps	6
crispy	7
criss	3
crisscross	2
cristal	4
cristian	3
cristiano	3
cristina	9
cristo	4
cristobal	3
crit	3
criteria	7
criterion	3
critic	9
critical	18
critically	5
criticise	4
criticised	3
criticising	3
criticism	9
criticisms	3
criticize	8
criticized	5
criticizing	6
critics	9
critique	5
critiques	3
critter	5
critters	5
crixus	4
croak	5
croaked	3
croaking	5
croaks	4
croatia	5
croatian	4
croatoan	3
croats	3
croc	5
crochet	3
crock	6
crocker	5
crockery	3
crockett	8
crocodile	10
crocodiles	7
crocs	4
croft	6
croissant	5
croissants	5
croix	3
cromwell	7
crone	4
cronies	4
cronkite	3
crook	12
crooked	11
crooks	9
croon	2
crooner	2
crop	11
cropped	4
crops	10
croquet	4
croquettes	3
crore	5
crores	9
crosby	7
cross	38
crossbow	5
crossed	22
crosses	10
crossfire	5
crossfit	2
crosshairs	4
crossing	17
crossings	3
crossover	4
crossrail	3
crossroad	3
crossroads	8
crosswalk	3
crossword	7
crosswords	3
crotch	7
crouch	5
crouched	3
crouching	4
croup	2
croupier	3
croutons	3
crow	13
crowbar	6
crowd	37
crowded	14
crowder	4
crowding	4
crowds	10
crowe	6
crowing	5
crowley	8
crown	23
crowned	7
crowning	5
crowns	8
crows	10
croydon	3
crozier	3
cru	3
crucial	14
crucially	3
crucible	4
crucified	7
crucifix	5
crucifixion	4
crucify	6
crud	4
crude	9
crudely	3
cruel	23
cruelest	3
cruella	3
cruelly	5
cruelty	9
cruickshank	3
cruise	16
cruiser	8
cruisers	4
cruises	4
cruisin	3
cruising	7
crumb	6
crumble	7
crumbled	4
crumbles	4
crumbling	6
crumbs	8
crummy	7
crump	3
crumpet	3
crumpets	3
crumple	2
crumpled	4
crunch	10
crunched	2
crunches	4
crunching	7
crunchy	6
crusade	8
crusader	5
crusaders	6
crusades	4
crush	22
crushed	16
crusher	6
crushes	5
crushing	10
crusoe	5
crust	10
crustacean	2
crustaceans	2
crusts	3
crusty	5
crutch	5
crutches	6
crux	3
cruz	11
cry	43
crybaby	5
cryer	3
cryin	6
crying	46
cryogenic	3
crypt	7
cryptic	5
crystal	21
crystalline	3
crystallized	3
crystals	9
cs	4
csi	9
csis	3
csu	5
ct	9
ctu	8
cu	4
cuando	2
cuatro	3
cub	9
cuba	14
cuban	10
cubans	5
cubby	5
cube	9
cubes	7
cubic	6
cubicle	6
cubicles	2
cubits	2
cubs	10
cucaracha	3
cuckold	5
cuckoo	10
cucumber	8
cucumbers	5
cuddle	8
cuddled	3
cuddles	4
cuddling	5
cuddly	5
cuddy	5
cue	13
cuervo	2
cues	5
cuesta	2
cuff	10
cuffed	4
cufflinks	4
cuffs	10
cui	4
cuisine	8
cujo	3
culinary	7
cull	3
culled	2
cullen	6
culling	2
cully	4
culminated	2
culminating	3
culmination	4
culpa	3
culpability	3
culpable	3
culpepper	3
culprit	11
culprits	5
cult	13
cultivate	6
cultivated	5
cultivating	4
cultivation	3
cults	4
cultural	14
culturally	4
culture	23
cultured	6
cultures	10
culver	3
cum	8
cumberland	4
cumbersome	3
cumin	3
cummings	6
cumulative	2
cunning	11
cunningham	6
cunt	15
cunts	6
cup	35
cupboard	11
cupboards	4
cupcake	9
cupcakes	9
cupid	8
cuppa	4
cups	13
cur	4
curable	3
curare	2
curate	3
curator	6
curb	9
curd	5
cure	25
cured	15
cures	6
curfew	10
curia	2
curie	4
curing	5
curiosity	14
curious	26
curiouser	3
curiously	4
curl	7
curled	5
curlers	3
curley	3
curling	5
curls	6
curly	11
curran	3
currencies	3
currency	11
current	24
currently	18
currents	8
curriculum	5
curry	12
curse	24
cursed	16
curses	7
cursing	7
cursory	2
curt	7
curtain	15
curtains	13
curtis	16
curtsy	3
curvature	3
curve	11
curveball	3
curved	6
curves	7
curvy	3
curzon	3
cus	3
cuse	3
cushing	3
cushion	8
cushions	6
cushy	4
cusp	3
cuss	5
cussing	3
custard	6
custer	6
custodial	4
custodian	4
custody	23
custom	13
customary	7
customer	22
customers	24
customized	3
customs	14
cut	73
cutbacks	4
cute	43
cuteness	3
cuter	6
cutest	8
cutesy	3
cuthbert	4
cutie	9
cuties	2
cutlass	3
cutler	7
cutlery	5
cutlet	3
cutlets	3
cutoff	3
cutout	3
cuts	17
cutter	10
cutters	5
cutthroat	4
cutthroats	3
cuttin	3
cutting	23
cuttings	3
cuttlefish	3
cutty	3
cuz	10
cuzco	3
cv	5
cvi	3
cvs	3
cw	3
cy	6
cyanide	8
cyber	8
cybermen	4
cybernetic	3
cyberspace	3
cybertron	4
cybill	3
cyborg	7
cyborgs	4
cycle	16
cycled	3
cycles	7
cycling	6
cyclist	4
cyclists	3
cyclone	5
cyclops	6
cygnus	3
cylinder	7
cylinders	5
cylindrical	3
cylon	6
cylons	6
cymbal	3
cymbals	4
cyndi	4
cynic	4
cynical	9
cynicism	4
cynthia	12
cypher	3
cypress	4
cyprus	6
cyrano	4
cyril	9
cyrus	12
cyst	4
cystic	3
czar	5
czech	8
czechoslovak	2
czechoslovakia	5
czechs	4
da	29
daan	2
dab	5
dabble	4
dabbled	3
dabbling	3
dabney	3
dacha	2
dachau	3
dachshund	3
dacoit	3
dad	115
dada	6
daddies	5
daddy	59
dade	4
dado	2
dads	10
dae	6
daedalus	4
daegil	3
daemon	3
daese	3
daeso	5
daffodil	3
daffodils	3
daffy	6
daft	9
dafu	3
dag	5
dagger	12
daggers	5
dagmar	3
dago	3
dagur	3
dagwood	3
dah	6
dahak	3
dahl	4
dahlia	5
dahmer	3
dai	7
dailies	3
daily	23
daimon	5
daimyo	3
dainty	5
daiquiri	3
daiquiris	2
dairy	9
dais	3
daisaku	3
daisies	6
daisuke	6
daisy	17
dakar	3
dakara	3
dake	4
dakin	3
dakota	9
daktari	5
dal	5
dalai	5
dalal	2
dale	16
dalek	6
daleks	7
dales	3
daley	5
dali	4
dalia	5
dallas	14
dalliance	3
dally	2
dalmatian	3
dalrymple	2
dalton	10
daly	11
dam	13
damage	30
damaged	17
damages	10
damaging	7
damascus	6
dame	13
dames	6
damian	7
damien	11
damini	3
damm	3
damme	3
dammed	3
dammit	17
damn	80
damnable	3
damnation	6
damned	22
damnedest	4
damning	4
damnit	6
damocles	3
damon	14
damp	9
dampen	3
dampening	2
damper	4
dams	4
damsel	6
damsels	3
damul	3
dan	32
dana	17
danbury	3
danby	2
dance	58
danced	14
dancer	19
dancers	12
dances	12
dancin	6
dancing	34
dandelion	4
dandelions	3
dander	2
dandi	3
dandridge	2
dandruff	4
dandy	8
dane	8
danes	6
danforth	4
dang	13
danger	37
dangerous	48
dangerously	7
dangers	10
dangle	5
dangled	3
dangling	6
dani	11
danica	3
daniel	31
daniela	5
daniele	4
daniella	4
danielle	12
daniels	10
daniken	2
danilo	4
danish	10
dank	4
danke	6
danko	2
danner	3
danni	4
danno	3
danny	39
dans	4
danson	3
dante	11
danton	4
danube	5
danvers	6
danville	4
dany	3
danzig	3
danziger	3
dao	5
daow	2
daph	4
daphne	15
dapper	4
dar	5
dara	6
darby	6
darcy	9
dare	44
dared	12
daredevil	5
daren	5
dares	10
daresay	5
darfur	3
darhk	4
daria	7
darian	2
darien	3
darin	3
daring	11
dario	5
darius	9
darjeeling	3
dark	51
darken	5
darkened	4
darkening	3
darker	9
darkest	9
darkie	3
darkies	2
darkly	3
darkness	25
darko	3
darkroom	4
darkseid	3
darl	3
darla	6
darlene	7
darlin	10
darling	53
darlings	7
darlington	3
darn	16
darned	6
darnell	7
darnley	4
darpa	3
darrah	3
darrel	3
darrell	6
darren	12
darrin	12
darrow	4
darryl	10
dart	9
darth	5
dartie	3
darting	2
dartmoor	3
dartmouth	4
darts	8
darwin	11
darwinian	3
darwinism	2
darwyn	3
daryl	8
darzac	2
das	8
dash	13
dasha	3
dashboard	5
dashed	5
dasher	3
dashes	2
dashing	7
dashwood	3
dass	3
dastardly	4
dat	8
data	28
database	13
databases	5
datak	3
date	55
dated	16
dateline	3
dates	19
dating	29
dato	3
datsun	2
daughter	75
daughters	19
daunting	5
dauntless	3
dauphin	4
dave	30
davenport	7
davey	9
david	49
davide	4
davidson	6
davie	4
davies	9
davina	6
davis	21
davison	3
davos	3
davros	3
davy	8
dawdle	4
dawdling	3
dawes	5
dawg	9
dawkins	5
dawn	27
dawned	5
dawning	4
dawns	4
dawson	14
dax	7
day	146
daya	3
dayal	3
daybreak	6
daycare	6
daydream	5
daydreaming	5
daydreams	3
daylight	15
daylights	4
dayna	2
days	94
daytime	9
dayton	5
daytona	4
daz	3
daze	4
dazed	5
dazzle	6
dazzled	4
dazzling	7
db	3
dbs	3
dc	12
dcfs	3
dci	7
dcp	3
dcs	2
dd	10
ddd	3
dddd	3
ddr	3
ddt	3
de	39
dea	10
deac	3
deacon	10
deactivate	5
deactivated	5
dead	105
deadbeat	5
deadbeats	3
deader	3
deadlier	2
deadliest	5
deadline	12
deadlines	4
deadlock	3
deadly	18
deadwood	3
deaf	19
deafening	4
deafness	3
deakins	3
deal	78
dealer	20
dealers	13
dealership	6
dealin	3
dealing	27
dealings	7
deals	16
dealt	15
dean	26
deandra	2
deandre	2
deane	4
deanna	5
deano	3
deaq	3
dear	76
dearborn	3
dearer	3
dearest	14
dearie	6
dearing	3
dearly	11
dears	6
dearth	3
deary	3
death	81
deathbed	6
deathly	4
deaths	16
deathtrap	2
deauville	3
deb	12
debacle	4
debatable	4
debate	16
debated	4
debates	5
debating	6
debauched	2
debauchery	4
debbie	17
debby	3
debilitating	3
debit	4
debonair	3
deborah	9
debra	9
debrief	5
debriefed	3
debriefing	5
debris	11
debs	5
debt	24
debtor	3
debtors	3
debts	15
debussy	2
debut	9
debutante	4
dec	3
decade	13
decadence	4
decadent	5
decades	15
decaf	6
decanter	2
decapitate	3
decapitated	5
decapitation	3
decathlon	3
decatur	3
decay	8
decayed	3
decaying	5
deceased	15
decedent	4
deceit	7
deceitful	5
deceive	11
deceived	11
deceiver	3
deceives	3
deceiving	8
december	16
decency	10
decent	26
decently	5
decepticon	4
decepticons	5
deception	10
deceptive	5
deceptively	3
decibels	3
decide	39
decided	52
decidedly	4
decides	15
deciding	10
decimal	4
decimate	3
decimated	4
decipher	6
deciphered	3
deciphering	3
decision	42
decisions	22
decisive	8
decisively	3
deck	21
deckard	3
decked	4
decker	9
decks	7
declan	7
declaration	9
declarations	3
declare	15
declared	14
declares	5
declaring	6
decline	10
declined	8
declines	3
declining	4
deco	3
decode	5
decoded	4
decoder	3
decoding	4
decommissioned	3
decomp	3
decompose	3
decomposed	4
decomposing	4
decomposition	4
decompress	3
decompression	4
decontamination	4
decor	5
decorate	8
decorated	11
decorating	7
decoration	7
decorations	8
decorative	5
decorator	6
decorators	2
decorum	4
decoy	8
decoys	3
decrease	6
decreased	5
decreases	3
decreasing	4
decree	8
decreed	5
decrees	3
decrepit	4
decrypt	3
decrypted	2
decryption	3
dede	5
dedicate	9
dedicated	16
dedicating	4
dedication	9
deduce	4
deduced	3
deduct	5
deducted	4
deductible	3
deduction	6
deductions	3
deductive	3
dee	14
deed	15
deedee	4
deeds	13
deegan	2
deej	3
deejay	5
deeks	9
deem	5
deemed	7
deems	3
deen	3
deena	6
deep	46
deepa	4
deepak	6
deepen	3
deepened	3
deepening	2
deepens	3
deeper	19
deepest	11
deeply	26
deepu	3
deer	15
deering	3
deets	3
def	5
defaced	2
defamation	4
defame	3
defamed	3
default	9
defcon	3
defeat	22
defeated	16
defeating	6
defeatist	3
defeats	5
defecate	3
defect	8
defected	4
defection	3
defective	7
defector	3
defectors	3
defects	5
defence	16
defenceless	4
defences	5
defend	25
defendant	20
defendants	7
defended	10
defender	8
defenders	6
defending	15
defends	5
defense	29
defenseless	7
defenses	8
defensive	12
defer	4
deference	3
deferred	3
defiance	7
defiant	6
defibrillator	4
deficiencies	3
deficiency	5
deficient	3
deficit	6
deficits	3
defied	5
defies	5
defile	4
defiled	4
define	12
defined	9
defines	6
defining	6
definite	11
definitely	50
definition	12
definitions	3
definitive	7
definitively	4
deflate	3
deflated	3
deflect	4
deflected	3
deflecting	3
deflection	3
deflector	4
defne	2
deformed	6
deformities	2
deformity	3
defraud	3
defrauded	2
defrost	3
deft	2
defunct	3
defuse	5
defused	3
defy	9
defying	5
degas	4
degenerate	7
degenerated	2
degenerates	4
degeneration	3
degenerative	3
degradation	5
degrade	4
degraded	5
degrading	6
degree	21
degrees	22
dehydrated	6
dehydration	5
dei	4
deidre	3
deign	3
deirdre	5
deities	4
deity	6
deja	4
dejected	3
deke	6
dekker	4
del	16
delacroix	3
delaney	6
delano	4
delaware	6
delay	18
delayed	13
delaying	5
delays	6
delbert	3
delectable	3
delegate	6
delegated	3
delegates	6
delegation	7
delenn	5
delete	11
deleted	9
deleting	3
delfino	3
delgado	6
delhi	13
deli	7
delia	8
deliberate	9
deliberately	13
deliberating	3
deliberation	4
deliberations	3
delicacies	4
delicacy	7
delicate	17
delicately	5
delicatessen	3
delicious	28
deliciously	3
delight	12
delighted	18
delightful	13
delightfully	3
delights	6
delilah	7
delinda	5
deline	4
delinquency	3
delinquent	6
delinquents	5
delirious	7
delirium	5
delish	3
deliver	28
deliverance	5
delivered	21
deliveries	8
delivering	12
delivers	7
delivery	23
delko	4
dell	7
della	9
delle	3
delorean	3
delores	4
delos	2
delphi	4
delphine	6
delta	13
deluca	4
delude	3
deluded	5
deluding	2
deluge	4
delusion	7
delusional	9
delusions	8
deluxe	7
delve	4
dem	5
demand	22
demanded	10
demanding	13
demands	17
demarco	3
dembe	2
demean	3
demeaning	4
demeanor	4
demeanour	2
demelza	4
demented	6
dementia	7
demerits	2
demerol	3
demetri	3
demetrius	4
demi	5
demille	3
demise	8
demo	9
democracies	3
democracy	15
democrat	7
democratic	12
democratically	3
democrats	8
demographic	4
demographics	3
demolish	5
demolished	6
demolishing	3
demolition	7
demolitions	3
demon	23
demonic	8
demons	17
demonstrate	12
demonstrated	7
demonstrates	5
demonstrating	6
demonstration	13
demonstrations	6
demonstrators	4
demoralized	3
demos	4
demoted	5
demotion	3
dempsey	6
demure	3
den	14
dena	3
denby	3
deng	4
dengue	2
denham	4
deniability	3
denial	11
denials	3
denied	17
denies	7
denim	5
denis	7
denise	15
deniz	4
denmark	10
denning	4
dennis	20
dennison	3
denny	14
denomination	3
denominator	4
denote	3
denounce	6
denounced	5
denouncing	3
dens	4
dense	10
densely	3
denser	3
densha	3
density	7
dent	9
dental	11
dente	2
dented	4
dentist	15
dentistry	3
dentists	5
denton	7
dents	4
dentures	4
denver	12
deny	23
denying	11
denzel	6
denzil	3
deo	4
deodorant	6
deok	4
deon	3
depart	10
departed	9
departing	7
department	38
departmental	4
departments	7
departs	4
departure	12
departures	3
depend	15
dependable	6
dependant	2
depended	7
dependence	4
dependency	3
dependent	9
dependents	3
depending	13
depends	28
depict	4
depicted	5
depicting	3
depiction	4
depictions	3
depicts	3
depleted	5
depletion	3
deplorable	4
deplore	2
deploy	8
deployed	8
deploying	4
deployment	6
deport	4
deportation	5
deported	9
depose	3
deposed	4
deposit	16
deposited	7
depositing	3
deposition	8
depositions	4
depositors	2
depository	3
deposits	8
depot	9
depots	2
depp	4
depraved	6
depravity	4
depress	4
depressed	18
depresses	3
depressing	12
depression	15
depressions	2
depressive	4
deprivation	5
deprive	6
deprived	8
depriving	4
dept	5
depth	14
depths	10
deputies	7
deputized	2
deputy	21
der	9
derail	4
derailed	4
deranged	7
derby	8
derbyshire	2
dere	3
derek	20
derelict	4
dereliction	3
derivative	5
derivatives	4
derive	4
derived	5
derives	3
dermatologist	4
dermot	5
derogatory	3
derrick	8
derry	3
ders	4
dervish	3
des	12
desai	4
descartes	4
descend	8
descendant	6
descendants	8
descended	8
descendent	3
descendents	3
descending	7
descends	5
descent	10
describe	21
described	16
describes	8
describing	8
description	18
descriptions	6
descriptive	3
desdemona	4
desecrate	3
desecrated	4
desecration	3
desert	26
deserted	13
deserter	6
deserters	5
deserting	4
desertion	4
deserts	6
deserve	36
deserved	17
deserves	22
deserving	6
desi	4
desiccated	2
design	24
designate	3
designated	9
designation	4
designed	22
designer	16
designers	9
designing	7
designs	11
desirable	7
desire	27
desired	9
desiree	5
desires	15
desiring	3
desist	5
desk	31
desks	6
desktop	4
desmond	8
desna	2
desolate	6
desolation	4
desoto	2
despair	14
despairing	2
desperado	3
desperate	26
desperately	13
desperation	8
despicable	9
despise	11
despised	6
despises	4
despite	24
despondent	3
despot	3
dessert	18
desserts	6
dessie	3
destabilize	3
destabilizing	3
destination	15
destinations	4
destined	12
destinies	4
destiny	25
destitute	5
destroy	38
destroyed	32
destroyer	8
destroyers	5
destroying	16
destroys	9
destruct	4
destruction	19
destructive	9
det	5
detach	4
detached	6
detachment	6
detail	23
detailed	11
detailing	4
details	30
detain	7
detained	9
detainee	3
detainees	4
detaining	3
detainment	2
detect	12
detectable	3
detected	11
detecting	6
detection	7
detective	46
detectives	17
detector	10
detectors	6
detects	3
detention	13
deter	4
detergent	5
deteriorate	4
deteriorated	4
deteriorating	4
deterioration	4
determination	10
determine	16
determined	20
determines	5
determining	5
deterred	2
deterrent	4
detest	6
detestable	3
detested	3
dethklok	5
detonate	7
detonated	5
detonates	3
detonating	3
detonation	6
detonator	8
detonators	4
detour	8
detours	3
detox	5
detriment	3
detrimental	4
detroit	12
deuce	7
deuces	4
deunan	3
deus	3
deuterium	3
deutsch	3
deutsche	3
deutschland	3
deux	5
dev	10
deva	5
devaki	2
devalos	3
devastate	3
devastated	11
devastating	10
devastation	6
devdas	4
develop	17
developed	20
developer	6
developers	5
developing	13
development	18
developmental	3
developments	8
develops	6
deveraux	3
devereaux	5
devi	7
deviant	5
deviants	2
deviate	4
deviated	3
deviation	4
device	24
devices	12
devika	3
devil	35
deviled	3
devilish	5
deville	2
devils	11
devin	5
devine	3
devious	7
devise	5
devised	7
devising	3
devlin	8
devo	2
devoid	5
devon	12
devonshire	3
devore	3
devote	8
devoted	14
devotee	4
devotees	4
devoting	3
devotion	11
devotional	3
devour	7
devoured	6
devouring	4
devours	3
devout	6
dew	8
dewar	3
dewey	10
dewitt	4
dewy	3
dex	10
dexter	12
dexterity	3
dey	3
dez	4
dg	3
dh	2
dhabi	2
dhanraj	3
dharam	3
dharma	8
dhoni	3
dhoti	3
dhs	4
di	17
dia	5
diabetes	9
diabetic	7
diablo	5
diabolical	6
diagnose	5
diagnosed	10
diagnoses	2
diagnosis	11
diagnostic	6
diagnostics	4
diagonal	3
diagonally	3
diagram	6
diagrams	4
dial	16
dialect	7
dialects	3
dialed	7
dialing	10
dialled	3
dialling	4
dialog	4
dialogue	14
dialogues	5
dials	5
dialysis	6
diameter	7
diamond	22
diamonds	20
dian	3
diana	18
diane	18
dianne	5
diaper	10
diapers	10
diaphragm	5
diaries	6
diarrhea	8
diarrhoea	4
diary	17
dias	5
diaz	9
diazepam	3
dib	3
dibble	3
dibs	7
dic	2
dicaprio	3
dice	14
diced	3
dicey	4
dich	3
dick	35
dickens	7
dickerson	3
dickey	3
dickhead	10
dickheads	4
dickie	8
dicking	3
dickinson	5
dicks	10
dickson	4
dickwad	2
dicky	6
dictate	8
dictated	5
dictates	5
dictating	4
dictation	4
dictator	8
dictators	4
dictatorship	7
dicte	3
diction	3
dictionary	9
did	246
diddle	4
diddly	3
diddy	3
didem	4
didi	8
didier	5
didn	196
didnae	2
didnt	7
dido	3
didrt	3
didst	4
didyou	3
die	86
died	69
diego	17
diem	5
dien	3
dies	27
diesel	9
diet	19
dietary	3
dieter	5
dieting	4
dietrich	6
diets	4
dietz	3
dieu	4
diff	4
differ	8
difference	42
differences	14
different	78
differential	5
differentiate	4
differently	18
differing	2
differs	3
difficult	46
difficulties	11
difficulty	13
diffuse	4
dig	30
digby	4
digest	8
digested	4
digesting	3
digestion	5
digestive	6
digger	8
diggers	3
diggin	4
digging	21
diggity	3
diggle	4
diggs	3
diggy	2
digit	4
digital	13
digitalis	3
digitally	4
digits	7
dignified	7
dignify	3
dignitaries	4
dignitary	2
dignity	17
digress	3
digs	8
dijon	4
dike	3
dil	3
dilapidated	3
dilate	2
dilated	6
dilation	3
dilaurentis	3
dilbert	3
dildo	6
dildos	3
dilemma	9
dilettante	2
diligence	5
diligent	5
diligently	4
dilip	3
dilithium	3
dill	5
dillard	3
diller	2
dillinger	4
dillon	9
dilly	4
dilute	3
diluted	4
dim	9
dima	5
dimaggio	4
dimas	3
dime	15
dimension	13
dimensional	6
dimensions	9
dimes	5
diminish	5
diminished	6
diminishes	3
diminishing	3
diminutive	3
dimitri	8
dimitris	2
dimmed	3
dimmer	3
dimming	2
dimple	4
dimples	5
dimwit	4
din	6
dina	7
dinah	7
dinar	3
dinars	5
dine	10
dined	5
diner	13
dinero	3
diners	5
dinesh	4
ding	15
dinged	3
dinghy	4
dinging	6
dingle	3
dingo	6
dings	16
dingus	3
dingy	3
dining	16
dink	5
dinky	5
dinner	64
dinners	9
dinnertime	5
dino	9
dinosaur	11
dinosaurs	12
dinozzo	8
dint	2
dio	4
diocese	4
diogo	2
dion	6
dionne	3
dionysus	3
dior	4
diorama	3
dios	5
dioxide	8
dip	14
dipesto	3
diphtheria	3
diploma	8
diplomacy	7
diplomas	4
diplomat	7
diplomatic	11
diplomats	5
dipped	6
dipper	6
dipping	6
dippy	3
dips	4
dipshit	5
dipstick	3
dir	3
dire	8
direct	25
directed	17
directing	9
direction	28
directional	3
directions	15
directive	6
directives	3
directly	26
director	39
directorate	4
directors	12
directory	6
directs	4
dirk	8
dirt	23
dirtbag	5
dirtbags	3
dirtied	3
dirtier	4
dirtiest	4
dirty	41
dis	6
disabilities	4
disability	7
disable	7
disabled	11
disabling	3
disadvantage	6
disadvantaged	3
disadvantages	3
disagree	15
disagreeable	5
disagreed	5
disagreeing	3
disagreement	7
disagreements	4
disagrees	4
disappear	26
disappearance	12
disappearances	4
disappeared	31
disappearing	11
disappears	12
disappoint	15
disappointed	23
disappointing	11
disappointment	12
disappointments	4
disappoints	3
disapproval	4
disapprove	6
disapproved	3
disapproves	2
disapproving	3
disarm	7
disarmament	3
disarmed	5
disarming	3
disarray	4
disassemble	3
disassembled	2
disaster	23
disasters	7
disastrous	8
disavow	3
disband	4
disbanded	4
disbarred	4
disbelief	4
disc	10
discard	6
discarded	6
discern	4
discernible	2
discerning	4
discharge	11
discharged	11
discharges	3
discharging	3
disciple	8
disciples	8
disciplinary	7
discipline	15
disciplined	7
disciplines	3
disclose	7
disclosed	5
disclosing	3
disclosure	6
disco	13
discoloration	3
discomfort	7
disconcerting	4
disconnect	7
disconnected	9
disconnecting	2
disconnects	4
discontent	4
discontinue	3
discontinued	4
discord	5
discordant	3
discos	3
discotheque	3
discount	13
discounted	3
discounts	4
discourage	6
discouraged	7
discouraging	4
discourse	4
discover	20
discovered	31
discoveries	8
discovering	8
discovers	7
discovery	18
discredit	6
discredited	4
discreet	12
discreetly	6
discrepancies	4
discrepancy	4
discrete	4
discretion	11
discretionary	3
discriminate	4
discriminated	3
discriminating	3
discrimination	7
discs	5
discus	2
discuss	33
discussed	16
discusses	2
discussing	15
discussion	17
discussions	7
disdain	4
disease	27
diseased	6
diseases	12
disembark	3
disembarked	2
disembodied	3
disenfranchised	3
disengage	5
disengaged	3
disfigured	5
disgrace	15
disgraced	7
disgraceful	7
disgruntled	5
disguise	14
disguised	9
disguises	5
disguising	3
disgust	10
disgusted	8
disgusting	27
disgustingly	3
disgusts	4
dish	23
disheartened	3
disher	3
dishes	20
disheveled	2
dishing	3
dishonest	8
dishonesty	4
dishonor	6
dishonorable	4
dishonorably	2
dishonored	4
dishonour	4
dishonourable	3
dishonoured	3
dishwasher	7
disillusion	3
disillusioned	4
disinfect	4
disinfectant	4
disinfected	3
disinformation	3
disinherited	3
disintegrate	4
disintegrated	4
disintegrating	3
disintegration	3
disinterested	3
disk	10
disks	5
dislike	11
disliked	5
dislikes	5
dislocated	5
dislocation	3
dislodge	3
dislodged	3
disloyal	5
disloyalty	3
dismal	5
dismantle	6
dismantled	5
dismantling	4
dismay	4
dismayed	3
dismember	3
dismembered	4
dismemberment	3
dismiss	11
dismissal	6
dismissed	17
dismissing	4
dismissive	3
dismount	5
disney	10
disneyland	8
disobedience	5
disobedient	4
disobey	7
disobeyed	6
disobeying	5
disobeys	2
disorder	13
disorderly	5
disorders	6
disorganized	4
disorientation	3
disoriented	5
disown	4
disowned	4
disparaging	3
disparity	3
dispatch	12
dispatched	7
dispatcher	7
dispatches	4
dispatching	3
dispel	4
dispensary	4
dispensation	3
dispense	5
dispensed	3
dispenser	4
dispensing	3
dispersal	3
disperse	7
dispersed	5
displace	2
displaced	5
displacement	4
display	16
displayed	7
displaying	5
displays	6
displease	3
displeased	5
displeasure	4
disposable	6
disposal	12
dispose	9
disposed	7
disposing	4
disposition	7
dispossessed	2
disproportionate	3
disprove	4
dispute	10
disputed	3
disputes	5
disputing	3
disqualified	7
disqualify	3
disraeli	3
disregard	8
disregarded	3
disregarding	3
disreputable	3
disrespect	11
disrespected	4
disrespectful	8
disrespecting	4
disrobe	3
disrupt	7
disrupted	5
disrupting	5
disruption	5
disruptive	4
disrupts	3
diss	3
dissatisfaction	3
dissatisfied	5
dissect	5
dissected	4
dissecting	3
dissection	4
dissed	3
dissension	3
dissent	4
dissertation	5
disservice	3
dissident	3
dissidents	3
dissimilar	3
dissing	3
dissipate	3
dissipated	3
dissociative	3
dissolution	4
dissolve	7
dissolved	6
dissolves	4
dissolving	4
dissonance	2
dissuade	4
distal	3
distance	31
distanced	3
distances	7
distancing	2
distant	21
distantly	4
distaste	2
distasteful	4
distended	3
distilled	4
distillery	3
distinct	9
distinction	8
distinctions	3
distinctive	8
distinctly	6
distinguish	7
distinguished	11
distinguishes	3
distinguishing	4
distort	3
distorted	11
distorting	3
distortion	6
distortions	3
distorts	3
distract	13
distracted	15
distracting	8
distraction	11
distractions	7
distracts	3
distraught	6
distress	14
distressed	7
distressing	5
distribute	9
distributed	8
distributes	2
distributing	5
distribution	11
distributor	6
distributors	4
district	23
districts	5
distrust	6
distrustful	3
disturb	18
disturbance	10
disturbances	5
disturbed	15
disturbing	17
disturbs	5
disused	3
dit	3
ditch	15
ditched	8
ditches	4
ditching	5
ditte	3
ditto	6
ditty	3
diva	7
divas	3
divatox	3
dive	18
dived	4
diver	8
divers	8
diverse	6
diversified	3
diversify	3
diversion	9
diversionary	3
diversions	3
diversity	7
divert	7
diverted	6
diverting	4
dives	5
divide	13
divided	14
dividend	3
dividends	4
divides	4
dividing	6
divination	3
divine	19
divinely	3
diving	12
divinity	5
division	21
divisional	3
divisions	8
divisive	2
divorce	30
divorced	21
divorcee	3
divorces	5
divorcing	5
divulge	5
divvy	3
divya	8
diwali	4
diwan	3
dix	5
dixie	8
dixieland	2
dixit	3
dixon	11
diy	4
diya	4
dizer	3
dizziness	5
dizzy	15
dj	13
django	4
djaro	4
djinn	4
djs	3
dk	3
dl	4
dm	3
dmitri	5
dmitry	4
dmv	7
dmz	2
dn	4
dna	29
dnr	3
do	392
doa	4
doable	5
doakes	3
dob	3
dobbin	2
dobbs	7
dobby	3
doberman	4
dobie	3
dobson	4
doc	33
docile	5
dock	14
docked	6
docker	2
dockers	3
docket	5
docking	7
docks	10
docs	4
doctor	83
doctoral	3
doctorate	5
doctored	4
doctoring	3
doctors	29
doctrine	6
doctrines	3
document	16
documentaries	5
documentary	13
documentation	6
documented	7
documenting	4
documents	20
dod	5
dodd	5
dodds	3
dodge	12
dodgeball	3
dodged	6
dodger	6
dodgers	7
dodging	6
dodgy	7
dodie	3
dodo	6
dodson	2
doe	12
doer	4
does	129
doesn	128
doesnt	5
dog	66
doge	3
dogfight	3
dogg	4
dogged	3
doggett	5
doggie	8
doggies	4
dogging	3
doggone	6
doggy	9
doghouse	5
dogma	4
dogs	36
doh	5
doherty	4
doi	3
doily	2
doin	28
doing	159
doings	4
doj	3
dojo	7
dok	5
dokey	4
doktor	2
dol	3
dolan	6
dolby	3
dolce	4
dole	6
dolittle	3
doll	23
dollar	22
dollars	39
dolled	3
dollhouse	4
dollies	3
dollop	3
dolls	14
dolly	13
dolores	9
dolph	3
dolphin	10
dolphins	10
dolt	4
dom	11
domain	8
domains	2
dome	11
domenico	4
domes	3
domestic	15
domesticated	4
domicile	2
dominance	5
dominant	8
dominate	8
dominated	8
dominates	4
dominating	5
domination	7
dominatrix	3
domine	3
domineering	3
domingo	5
dominguez	4
domini	3
dominic	10
dominican	5
dominick	4
dominik	3
dominion	7
dominique	8
domino	6
dominoes	4
dominos	2
dominus	4
domo	3
don	380
dona	7
donaghy	4
donahue	5
donald	17
donaldson	5
donate	11
donated	9
donatella	3
donatello	8
donates	3
donati	2
donating	6
donation	11
donations	8
donato	3
doncaster	3
donde	3
done	119
dong	15
dongs	3
dongshi	3
donkey	15
donkeys	6
donna	22
donne	3
donnelly	6
donner	6
donnie	11
donny	11
dono	2
donor	13
donors	7
donovan	12
dons	3
dont	18
donut	7
donuts	8
doo	13
doobie	4
dooby	2
doodle	6
doodles	4
doodling	3
doody	4
doofenshmirtz	2
doofus	5
doogie	3
dookie	3
dooku	3
dooley	6
doolittle	4
doom	12
doomed	14
doomsday	6
doon	3
doop	3
door	95
doorbell	21
doorknob	6
doorknobs	3
doorman	9
doormat	4
doornail	3
doors	30
doorstep	10
doorway	9
doorways	3
doot	2
doozy	4
dopamine	5
dope	17
doped	4
dopes	3
dopey	5
doping	4
doppelganger	4
doppler	3
dor	3
dora	9
dorado	4
doraemon	4
doran	3
dorcas	3
dorchester	3
doreau	3
doreen	6
doren	3
dorfman	3
dorft	3
dori	4
dorian	7
dorinda	2
doris	12
doritos	3
dork	9
dorks	4
dorky	4
dorm	11
dormant	6
dormitories	3
dormitory	6
dorms	5
dorn	4
dorota	4
dorotea	2
dorothea	3
dorothy	17
dorrit	4
dorsal	3
dorset	4
dorsey	4
doruk	3
dory	5
dos	7
dosa	3
dosage	6
dose	13
dosed	4
doses	7
dosh	3
doss	3
dossier	5
dost	6
dostoevsky	3
dostoyevsky	3
dot	14
dote	3
doth	8
doting	3
dots	10
dotted	5
dottie	6
dottore	3
dotty	5
dou	4
double	37
doubled	9
doubles	8
doubling	6
doubloons	2
doubly	4
doubt	42
doubted	9
doubters	2
doubtfire	2
doubtful	7
doubting	7
doubtless	4
doubts	15
douche	10
douchebag	6
douchebags	2
doug	23
dougal	5
dough	17
doughboy	3
doughnut	8
doughnuts	9
dougie	7
douglas	14
douglass	3
dour	2
douse	4
doused	4
dov	4
dove	11
dover	6
doves	6
dow	5
dowager	5
dowd	4
dowdy	3
dowling	3
down	184
downed	4
downer	5
downers	3
downey	5
downfall	7
downgraded	2
downhill	9
downing	6
download	10
downloaded	8
downloading	6
downloads	3
downpour	3
downright	7
downriver	3
downs	9
downside	6
downsizing	3
downstairs	29
downstream	5
downtime	3
downton	4
downtown	20
downtrodden	3
downturn	3
downward	6
downwards	4
downwind	3
downy	2
dowry	9
doy	3
doyle	14
doyou	6
doze	4
dozed	5
dozen	23
dozens	13
dozer	3
dozing	3
dozy	3
dp	3
dr	33
drab	4
drachmas	3
draco	4
draconian	3
dracula	9
draculaura	3
draft	14
drafted	8
drafting	4
drafts	4
drafty	3
drag	25
draga	2
dragan	3
dragged	19
dragging	13
dragnet	3
drago	4
dragon	26
dragonflies	3
dragonfly	5
dragons	12
dragoon	3
dragoons	3
drags	6
drain	15
drainage	5
drained	9
draining	7
drainpipe	3
drains	6
drake	15
dram	3
drama	22
dramafever	4
dramamine	2
dramas	5
dramatic	26
dramatically	8
dramatics	3
drank	20
drape	4
draped	4
draper	6
drapes	6
drastic	8
drastically	4
drat	4
draught	5
draupadi	2
draw	31
drawback	3
drawbacks	3
drawbridge	4
drawer	17
drawers	9
drawing	21
drawings	11
drawn	18
draws	10
drax	4
drayton	3
drazen	2
drazi	3
drc	4
dre	10
drea	2
dread	8
dreaded	6
dreadful	14
dreadfully	5
dreading	4
dreadlocks	3
dreadnought	2
dreads	3
dream	57
dreamboat	3
dreamed	18
dreamer	8
dreamers	4
dreamin	4
dreaming	22
dreamland	3
dreams	40
dreamt	14
dreamy	6
dreamz	3
dreary	6
dredge	6
dredged	2
dredging	3
dregg	4
dregs	3
drei	3
dreidel	3
dren	3
drench	3
drenched	7
dresden	5
dress	45
dressed	34
dresser	8
dresses	15
dressing	19
dressings	3
dressmaker	4
dressy	2
drew	23
drexel	3
drexler	3
dreyer	3
dreyfus	3
dreyfuss	4
dribble	5
dribbles	2
dribbling	4
dried	13
drier	4
dries	6
driest	3
drift	12
drifted	7
drifter	5
drifters	3
drifting	10
drifts	4
driftwood	3
drill	19
drilled	6
drilling	10
drills	6
drina	3
drink	80
drinker	7
drinkers	4
drinkin	6
drinking	39
drinks	30
drip	10
dripped	3
dripping	10
drips	4
driscoll	6
drive	60
drivel	4
driven	19
driver	36
drivers	13
drives	19
driveway	11
drivin	6
driving	42
drizzle	4
droid	5
droids	5
droll	3
drone	11
drones	9
droning	4
drool	6
drooling	7
droop	3
drooping	3
droopy	3
drop	54
droplets	4
dropout	4
dropouts	3
dropped	34
droppin	2
dropping	20
droppings	5
drops	18
drought	8
droughts	3
drove	27
droves	3
drown	17
drowned	16
drowning	14
drowns	5
drowsy	4
dru	3
drudgery	3
drug	36
drugged	11
druggie	3
drugging	3
druggist	3
drugs	39
drugstore	8
druid	5
druids	4
drum	16
drumbeat	3
drummed	3
drummer	10
drummers	3
drumming	7
drummond	5
drumroll	4
drums	14
drumstick	3
drumsticks	3
drunk	44
drunkard	7
drunkards	4
drunken	12
drunkenly	3
drunkenness	4
drunker	3
drunks	7
drury	3
drusilla	3
dry	32
dryden	3
dryer	9
dryers	3
drying	8
drywall	4
ds	9
du	13
dual	6
duality	2
duan	3
duane	7
duarte	2
dub	5
dubai	10
dubaku	3
dubbed	5
dubbing	3
dubenko	2
dubious	6
dublin	7
dubois	8
dubrovnik	3
duc	3
ducats	4
duce	5
duchamp	3
duchess	11
duchy	3
duck	24
duckburg	3
ducked	5
duckie	3
ducking	5
duckling	4
ducklings	3
duckman	7
ducks	12
ducktales	4
duckula	4
duckworth	3
ducky	8
duct	9
ducts	5
dud	6
dude	53
dudes	15
dudley	8
duds	4
dudu	3
due	35
duel	12
dueling	4
duels	4
dues	7
duet	7
duets	3
duff	6
duffel	5
duffer	3
duffle	3
duffy	7
dufresne	3
dug	16
dugan	5
duggan	4
dugout	4
duh	11
dui	5
duk	3
dukat	3
duke	23
dukes	5
dulce	3
dulcinea	4
dull	16
dulled	2
dulles	4
duluth	3
duly	6
dum	8
duma	3
dumas	4
dumb	32
dumbass	8
dumbbell	3
dumber	6
dumbest	7
dumbfounded	3
dumbledore	4
dumbo	5
dummies	6
dummy	15
dumont	4
dump	25
dumped	21
dumping	10
dumpling	6
dumplings	8
dumps	8
dumpster	10
dumpsters	3
dumpty	4
dumpy	3
dun	5
dunbar	6
dunbrook	3
duncan	16
dunce	4
dundee	4
dunder	3
dune	5
dunes	6
dung	8
dungeon	9
dungeons	5
dunham	6
dunhill	3
dunk	7
dunked	3
dunkin	2
dunking	3
dunkirk	4
dunlap	3
dunlop	3
dunn	7
dunne	4
dunning	3
dunno	16
dunphy	3
dunston	3
duo	7
dupe	4
duped	5
duper	3
duplex	3
duplicate	8
duplicated	3
duplicates	3
duplicitous	3
duplicity	2
dupont	4
dupree	4
duque	2
duquesne	3
durable	4
durai	3
duran	6
durand	4
durango	3
durant	6
durarara	3
duras	2
duration	8
durban	3
duress	5
durga	5
durham	5
durian	3
during	51
durrell	3
durst	4
dusk	8
dusky	3
dusseldorf	3
dust	26
dustbin	4
dusted	5
duster	5
dustin	7
dusting	5
dustpan	2
dusty	11
dutch	17
dutchman	5
dutchy	5
duties	16
dutiful	4
dutta	3
dutton	4
duty	38
duval	5
duvall	4
duvet	4
dvd	13
dvds	7
dvorak	2
dvr	3
dwarf	11
dwarfs	6
dwarves	6
dwayne	10
dweeb	4
dwell	9
dweller	3
dwellers	4
dwelling	6
dwellings	3
dwells	4
dwight	13
dwindling	4
dwyer	4
dy	3
dyad	3
dye	9
dyed	6
dyeing	3
dyer	4
dyes	3
dyin	5
dying	42
dyke	7
dykes	4
dylan	20
dyle	2
dynamic	11
dynamics	6
dynamite	14
dynamo	4
dynasties	2
dynasty	11
dysentery	4
dysfunction	5
dysfunctional	5
dyslexia	3
dyslexic	3
dyson	7
ea	4
each	86
eachother	3
ead	3
eager	14
eagerly	6
eagerness	3
eagle	18
eagles	9
eagleton	2
eah	5
eally	3
eames	4
eamon	3
eamonn	2
ear	26
eardrum	3
eardrums	3
earful	3
earhart	3
earl	20
earle	4
earlier	38
earliest	10
earlobe	2
earlobes	2
earls	3
early	54
earmarked	3
earn	24
earned	20
earner	3
earnest	6
earnestly	3
earning	10
earnings	7
earns	7
earp	6
earphones	3
earpiece	4
earplugs	4
earring	8
earrings	12
ears	30
earshot	3
earth	61
earthbound	3
earthforce	3
earthling	4
earthlings	5
earthly	8
earthquake	14
earthquakes	8
earths	3
earthworm	3
earthworms	3
earthy	3
earwig	2
ease	20
eased	4
easel	3
eases	3
easier	33
easiest	10
easily	31
easing	4
east	35
eastbound	3
eastenders	2
easter	13
eastern	16
eastman	4
easton	4
eastside	3
eastward	3
eastwood	5
easy	78
easygoing	3
eat	83
eaten	25
eater	7
eaters	5
eatery	3
eatin	6
eating	41
eaton	4
eats	17
eau	3
eaves	3
eavesdrop	5
eavesdropping	6
ebay	6
ebb	4
ebba	3
eben	4
ebenezer	3
ebert	3
ebola	5
ebony	5
eby	2
ec	4
eccentric	9
ecclesiastical	3
ecg	3
echelon	4
echidna	3
echo	14
echoed	4
echoes	9
echoing	12
eckhart	4
ecklie	3
eclair	4
eclectic	3
eclipse	9
eclipsed	3
eclipses	3
eco	3
ecological	5
ecology	4
econ	3
economic	15
economical	5
economically	4
economics	8
economies	4
economist	4
economists	3
economy	16
ecosystem	5
ecosystems	3
ecstasy	10
ecstatic	6
ect	3
ectoplasm	2
ecuador	5
eczema	3
ed	30
eda	3
eddie	35
eddington	3
eddy	9
edelstein	2
edelweiss	3
edema	4
eden	11
edgar	13
edgardo	3
edge	26
edged	3
edgehill	3
edges	10
edging	3
edgy	7
edi	3
edible	7
edict	4
edie	10
edifice	3
edinburgh	7
edison	9
edit	8
edited	8
edith	12
editing	10
edition	12
editions	4
editor	17
editorial	7
editorials	3
editors	6
edits	2
edmond	6
edmonds	3
edmonton	3
edmund	10
edmunds	3
edna	10
edo	9
edouard	4
edu	4
eduard	4
eduardo	8
educate	8
educated	14
educating	4
education	24
educational	9
educator	4
educators	3
edvard	3
edward	22
edwardian	3
edwards	11
edwin	8
edwina	5
ee	7
eee	4
eeg	4
eeh	3
eek	3
eel	7
eels	6
een	3
eenie	3
eeny	3
eep	5
eerie	11
eerily	3
eew	3
eeyo	2
eeyore	3
ef	3
efendi	3
eff	3
effect	27
effected	3
effective	18
effectively	9
effectiveness	4
effects	20
effeminate	4
effendi	3
efficacy	2
efficiency	9
efficient	13
efficiently	5
effie	4
effigy	3
effing	3
effort	25
effortless	4
effortlessly	3
efforts	16
effusion	2
effy	3
egad	3
egan	6
egbert	3
egg	26
egged	3
egghead	4
eggheads	3
egging	2
eggman	6
eggnog	5
eggplant	6
eggs	29
eggshell	3
eggshells	3
eggy	2
egil	2
ego	14
egocentric	2
egoist	2
egomaniac	3
egon	5
egor	3
egos	4
egotistical	4
egregious	3
egress	3
egypt	16
egyptian	12
egyptians	8
eh	51
ehh	6
ehhh	3
ehi	2
ehm	4
ehrlich	3
ei	6
eichmann	5
eid	3
eiffel	7
eight	46
eighteen	11
eighteenth	3
eighth	12
eighties	4
eights	4
eighty	8
eiji	5
eiko	4
eileen	9
ein	5
einar	5
eine	3
eins	3
einstein	14
eisenhower	6
eisenstein	3
eisuke	3
either	69
ej	3
ejaculate	3
ejaculation	4
eject	5
ejected	5
ejection	3
ejector	3
ek	3
ekg	6
eko	3
el	22
ela	4
elaborate	11
elaine	14
elam	3
elapsed	3
elastic	6
elasticity	3
elated	4
elation	3
elba	3
elbe	3
elbow	11
elbows	8
elder	18
elderly	11
elderman	14
elders	12
eldest	10
eldon	3
eldorado	3
eldridge	4
ele	3
eleanor	13
elect	7
elected	14
electing	3
election	20
elections	12
elective	4
electoral	5
electorate	3
electra	4
electric	21
electrical	15
electrically	3
electrician	7
electricians	3
electricity	21
electrics	3
electrified	4
electrifying	3
electro	3
electrocute	3
electrocuted	6
electrocution	4
electrode	3
electrodes	4
electrolytes	3
electromagnetic	8
electromagnetism	2
electron	6
electronic	17
electronically	4
electronics	9
electrons	6
electroshock	3
elegance	7
elegant	14
elegantly	3
elektra	3
element	15
elemental	4
elementary	11
elements	16
elena	19
eleni	3
eleonora	3
elephant	19
elephants	12
elevate	5
elevated	8
elevating	2
elevation	5
elevator	24
elevators	7
eleven	16
eleventh	4
elf	10
elgar	3
elgin	3
eli	17
elia	3
elias	8
elicit	3
elif	3
eligibility	2
eligible	8
elijah	9
eliminate	14
eliminated	13
eliminates	4
eliminating	6
elimination	10
eliminations	2
elin	4
elina	3
elinor	4
eliot	8
elisa	7
elisabeth	8
elise	9
elisha	3
elissa	2
elite	13
elites	3
elitist	4
elixir	6
eliza	10
elizabeth	25
elizabethan	3
elk	6
elka	5
elke	3
elkins	4
elks	2
ell	6
ella	13
elle	7
ellen	21
eller	2
ellery	3
elli	3
ellie	17
ellingham	4
ellington	3
elliot	17
elliott	10
elliptical	3
ellis	12
ellison	5
ello	3
ellsworth	3
elly	5
elm	6
elmer	6
elmo	6
elmore	3
elms	2
elodie	3
eloise	6
elon	3
elongated	4
elope	7
eloped	6
eloping	4
eloquence	3
eloquent	5
eloquently	3
elroy	4
els	3
elsa	11
elsbeth	3
else	109
elsewhere	16
elsie	6
elspeth	3
elton	7
elude	4
eluded	4
eludes	3
elusive	7
elves	8
elvin	3
elvira	7
elvis	14
elwood	4
ely	4
elyse	3
elysian	3
elysium	2
em	66
ema	3
emaciated	3
email	14
emailed	5
emailing	3
emails	9
emanating	4
emancipated	4
emancipation	4
emanuel	4
emanuelle	2
emasculated	3
embalmed	3
embalming	4
embankment	4
embarassed	3
embarassing	3
embargo	4
embark	6
embarked	5
embarking	3
embarrass	13
embarrassed	22
embarrasses	3
embarrassing	23
embarrassment	10
embassies	3
embassy	16
embedded	8
embellish	3
embellished	3
ember	4
embers	4
embezzled	4
embezzlement	5
embezzler	2
embezzling	4
embittered	2
emblem	5
embodied	3
embodies	3
embodiment	4
embody	3
embolism	4
embrace	16
embraced	8
embraces	4
embracing	6
embroider	3
embroidered	4
embroidery	4
embroiled	3
embryo	6
embryonic	3
embryos	5
emcee	4
emerald	9
emeralds	5
emerge	9
emerged	9
emergence	4
emergencies	7
emergency	35
emergent	2
emerges	6
emerging	7
emerson	7
emery	6
emf	3
emi	5
emigrants	2
emigrate	4
emigrated	4
emigration	3
emil	9
emile	7
emilia	7
emiliano	3
emilie	5
emilio	9
emily	29
emine	3
eminem	3
eminence	9
eminent	6
eminently	3
emir	6
emissaries	3
emissary	6
emission	4
emissions	6
emit	4
emits	4
emitted	3
emitter	3
emitters	3
emitting	4
emma	27
emmalin	3
emmanuel	5
emmanuelle	3
emme	2
emmeline	3
emmet	6
emmett	9
emmie	2
emmit	2
emmy	8
emmys	3
emo	4
emoji	3
emojis	3
emory	4
emotion	16
emotional	24
emotionally	13
emotionless	2
emotions	19
emp	4
empanadas	2
empathetic	3
empathize	3
empathy	7
emperor	25
emperors	6
emphasis	6
emphasise	2
emphasize	5
emphasized	3
emphatic	3
emphatically	3
emphysema	3
empire	24
empires	5
empirical	4
employ	10
employed	11
employee	17
employees	18
employer	11
employers	6
employing	4
employment	12
employs	4
emporium	4
empower	3
empowered	5
empowering	4
empowerment	3
empress	10
emptied	8
empties	4
emptiness	7
empty	37
emptying	4
emre	2
ems	5
emt	5
emts	4
emu	3
emulate	4
emy	3
en	17
enable	7
enabled	6
enables	5
enabling	4
enact	4
enacted	4
enamel	3
enamored	3
encampment	3
encased	3
enceladus	2
encephalitis	3
enchant	3
enchanted	8
enchanting	6
enchantment	4
enchantress	3
enchilada	3
enchiladas	3
encino	3
encircle	3
encircled	3
enclose	3
enclosed	6
enclosure	4
encoded	5
encore	7
encounter	15
encountered	10
encountering	3
encounters	8
encourage	13
encouraged	11
encouragement	8
encourages	5
encouraging	10
encroaching	3
encrypted	7
encryption	6
encyclopaedia	3
encyclopedia	5
encyclopedias	3
end	91
endanger	6
endangered	8
endangering	5
endangerment	4
endangers	3
endearing	5
endearment	3
endeavor	6
endeavors	4
endeavour	4
endeavours	2
ended	32
endemic	2
ender	3
endgame	4
endicott	3
ending	21
endings	7
endless	15
endlessly	7
endo	4
endora	4
endorphins	3
endorse	6
endorsed	4
endorsement	6
endorsements	3
endorsing	3
endowed	4
endowment	4
ends	31
endurance	7
endure	13
endured	8
endures	4
enduring	6
enema	4
enemies	27
enemy	39
energetic	7
energies	6
energize	3
energized	3
energon	4
energy	38
enforce	7
enforced	5
enforcement	13
enforcer	5
enforcers	3
enforcing	3
eng	3
engage	14
engaged	25
engagement	19
engagements	5
engages	3
engaging	8
engel	3
engels	3
engine	37
engineer	19
engineered	7
engineering	15
engineers	12
engines	17
england	31
english	44
englishman	9
englishmen	5
engrave	2
engraved	7
engraving	4
engravings	2
engrossed	3
engulf	3
engulfed	5
enhance	7
enhanced	7
enhancement	4
enhances	3
enhancing	3
enid	6
enigma	6
enigmatic	4
enjoy	47
enjoyable	7
enjoyed	21
enjoying	22
enjoyment	6
enjoys	9
enlarge	5
enlarged	5
enlargement	3
enlighten	7
enlightened	7
enlightening	4
enlightenment	8
enlist	6
enlisted	8
enlisting	3
enlistment	3
enmity	6
ennis	4
enoch	4
enormity	3
enormous	18
enormously	6
enos	3
enough	114
enquire	5
enquired	3
enquirer	3
enquiries	6
enquiring	3
enquiry	7
enraged	5
enrich	4
enriched	4
enriching	2
enrichment	3
enrico	6
enright	3
enrique	8
enroll	5
enrolled	6
enrollment	3
enron	5
ensemble	5
ensign	9
enslave	4
enslaved	6
enslavement	2
ensue	2
ensued	3
ensuing	3
ensure	15
ensured	4
ensures	4
ensuring	5
ent	4
entail	4
entails	4
entangled	5
entanglement	3
enter	31
entered	22
entering	18
enterprise	15
enterprises	7
enterprising	4
enters	11
entertain	12
entertained	7
entertainer	6
entertainers	4
entertaining	11
entertainment	17
entertainments	2
entertains	2
enthralled	3
enthusiasm	11
enthusiast	4
enthusiastic	9
enthusiastically	3
enthusiasts	4
entice	5
enticed	3
enticing	4
entire	49
entirely	23
entirety	4
entities	5
entitled	15
entitlement	3
entitles	3
entity	8
entombed	3
entomologist	2
entourage	6
entrails	4
entrance	22
entranced	3
entrances	6
entrap	3
entrapment	4
entre	3
entreat	4
entree	5
entrees	5
entrenched	3
entrepreneur	7
entrepreneurial	3
entrepreneurs	5
entries	6
entropy	4
entrust	7
entrusted	8
entrusting	3
entry	18
entwined	3
envelope	16
enveloped	3
envelopes	7
envelops	2
enviable	3
envied	5
envies	3
envious	8
environment	21
environmental	11
environmentalist	3
environmentalists	3
environmentally	3
environments	6
envision	4
envisioned	4
envoy	6
envoys	3
envy	16
enys	3
enzo	8
enzyme	5
enzymes	4
eod	2
eoe	4
eonni	4
eons	4
eoraha	5
ep	5
epa	4
epcot	3
eph	2
ephemeral	3
ephraim	4
ephram	6
epi	6
epic	12
epicenter	4
epidemic	9
epidemics	3
epidural	4
epifanio	3
epilepsy	5
epileptic	5
epilogue	3
epinephrine	4
epiphany	5
episode	24
episodes	9
epitaph	3
epithelials	3
epitome	4
epoch	3
epoxy	2
eppes	4
epps	3
eps	3
epsilon	3
epsom	3
epstein	5
equal	21
equality	9
equally	14
equals	13
equate	3
equation	10
equations	7
equator	5
equatorial	3
equestria	3
equestrian	3
equilibrium	5
equine	3
equinox	4
equip	3
equipment	25
equipped	10
equitable	3
equity	6
equivalent	10
er	40
era	16
eradicate	5
eradicated	4
eradication	2
eras	3
erase	13
erased	11
eraser	5
erasers	3
erases	3
erasing	4
erasmus	3
ere	9
erect	6
erected	5
erectile	3
erection	7
erections	3
erectus	4
eren	5
eres	3
ergo	5
eri	3
eric	31
erica	15
erich	6
erick	3
erickson	4
ericsson	3
erie	3
erik	13
erika	7
eriko	3
eriksen	3
eriksson	3
erin	14
erinn	3
erkki	2
erlich	3
erling	2
erm	23
ermine	3
ern	2
erna	3
ernest	10
ernestine	3
ernesto	9
ernie	13
ernst	7
erode	2
eroded	4
eroding	3
erogenous	3
erol	3
eros	5
erosion	5
erotic	10
erotica	3
eroticism	3
err	8
errand	10
errands	9
errant	3
erratic	7
erratically	3
erred	3
errol	6
erroneous	3
error	16
errors	8
ers	3
erskine	3
erudite	2
erupt	5
erupted	5
erupting	3
eruption	7
eruptions	5
erupts	4
erwin	4
ery	2
es	14
esa	3
escalade	4
escalante	3
escalate	5
escalated	5
escalates	3
escalating	5
escalation	4
escalator	4
escalators	2
escapade	3
escapades	3
escape	40
escaped	26
escapee	3
escapees	3
escapes	9
escaping	12
escargot	3
escher	3
escobar	7
escort	19
escorted	7
escorting	6
escorts	6
escrow	4
escudos	3
ese	6
esha	3
eskimo	6
eskimos	4
esme	5
esmeralda	5
eso	3
esophagus	4
esoteric	3
esp	4
espada	3
esparza	3
especially	43
espen	3
espenson	3
esperanza	4
espheni	3
espinosa	3
espionage	7
espn	4
esposito	6
espresso	8
esquire	4
ess	3
essay	10
essays	5
essen	3
essence	13
essential	14
essentially	13
essentials	5
essex	7
essie	3
est	10
esta	6
establish	14
established	15
establishes	3
establishing	6
establishment	11
establishments	3
estas	3
estate	24
estates	6
este	4
esteban	7
esteem	7
esteemed	7
estela	3
estella	4
estelle	6
estep	3
ester	4
estes	2
estevez	2
esther	13
estimate	11
estimated	9
estimates	6
estimating	3
estimation	4
esto	3
estonia	4
estonian	3
estoy	3
estrada	3
estranged	5
estrella	3
estrogen	4
estuary	3
esu	3
et	16
eta	8
etc	11
etcetera	5
etch	3
etched	5
etchings	2
eternal	19
eternally	7
eternity	15
eth	3
ethan	19
ethanol	4
ethel	11
ether	6
ethereal	4
ethic	5
ethical	8
ethically	4
ethics	11
ethiopia	6
ethiopian	4
ethnic	7
ethnicity	3
ethos	3
etienne	5
etiquette	7
eto	2
etomidate	2
eton	4
etsuko	3
etta	4
ettore	3
etty	2
eu	8
eucalyptus	3
euclid	3
eugen	3
eugene	12
eugenia	4
eugenics	3
eugenie	3
eugenio	4
eugh	4
eul	3
eulogy	5
eun	13
eunice	6
eunuch	6
eunuchs	4
euphemism	4
euphoria	5
euphoric	3
euphrates	2
eurasian	2
eureka	6
eurgh	3
euro	8
europa	5
europe	29
european	17
europeans	7
euros	15
eurovision	3
eurydice	3
eustace	4
euston	2
euthanasia	4
ev	7
eva	20
evac	5
evacuate	12
evacuated	8
evacuating	5
evacuation	10
evade	6
evaded	3
evading	4
eval	3
evaluate	7
evaluated	4
evaluating	3
evaluation	9
evaluations	4
evan	17
evander	3
evangelical	3
evangeline	3
evans	13
evaporate	4
evaporated	4
evaporates	3
evaporating	2
evaporation	3
evasion	5
evasive	6
eve	25
evel	3
evelyn	12
evelyne	3
evemhing	3
even	161
evenin	4
evening	58
evenings	9
evenly	6
evens	4
event	29
eventful	4
events	23
eventual	4
eventuality	3
eventually	28
ever	124
everest	8
everett	8
everglades	4
evergreen	4
everlasting	8
evermore	4
evers	4
evert	3
everthing	3
everton	3
everwood	3
every	116
everybody	81
everyday	21
everyman	3
everyone	92
everypony	3
everything	134
everytime	6
everywhere	40
evey	5
eveybody	3
eveyone	4
eveything	5
evi	3
evian	3
evict	5
evicted	6
evicting	2
eviction	6
evidence	50
evidences	4
evident	7
evidentiary	3
evidently	10
evie	9
evil	43
evildoers	3
evilly	5
evils	6
evita	3
evo	4
evocative	3
evoke	4
evoked	2
evokes	3
evolution	14
evolutionary	7
evolve	8
evolved	12
evolves	3
evolving	6
evos	2
evy	3
ew	16
ewa	3
ewan	5
ewe	3
ewell	2
ewing	8
ewings	3
eww	7
ex	19
exact	25
exacting	3
exactly	81
exaggerate	9
exaggerated	8
exaggerates	3
exaggerating	9
exaggeration	5
exalted	5
exam	20
examination	13
examinations	5
examine	15
examined	12
examiner	9
examiners	3
examines	3
examining	8
example	33
examples	9
exams	13
exasperated	3
exasperating	2
excalibur	5
excavate	3
excavated	4
excavating	3
excavation	5
excavations	4
excavator	3
exceed	6
exceeded	6
exceeding	4
exceedingly	5
exceeds	4
excel	5
excelled	3
excellence	7
excellency	17
excellent	36
excellently	2
excels	3
excelsior	4
except	49
excepted	2
excepting	3
exception	14
exceptional	11
exceptionally	6
exceptions	8
excess	9
excesses	3
excessive	10
excessively	4
exchange	25
exchanged	8
exchanges	4
exchanging	6
exchequer	3
excise	3
excitable	3
excite	6
excited	37
excitedly	5
excitement	16
excites	5
exciting	29
exclaim	4
exclaiming	11
exclaims	11
exclamation	5
exclude	6
excluded	7
excluding	4
exclusion	4
exclusive	15
exclusively	8
exclusivity	3
excommunicated	4
excommunication	2
excrement	5
excruciating	5
excursion	5
excursions	3
excuse	87
excused	9
excuses	16
excusing	3
exec	4
execs	3
execute	13
executed	16
executes	2
executing	5
execution	15
executioner	8
executioners	3
executions	6
executive	17
executives	7
executor	4
exemplary	6
exempt	5
exempted	2
exemption	4
exercise	21
exercised	4
exercises	10
exercising	7
exert	5
exerted	3
exerting	3
exertion	3
exes	5
exeter	4
exfil	3
exhale	7
exhales	24
exhaling	6
exhaust	8
exhausted	19
exhausting	9
exhaustion	7
exhaustive	3
exhibit	12
exhibited	4
exhibiting	4
exhibition	12
exhibitionist	3
exhibitions	3
exhibits	5
exhilarating	5
exhilaration	2
exhumation	3
exhume	3
exhumed	3
exile	11
exiled	7
exiles	3
exist	31
existed	16
existence	20
existential	4
existing	9
exists	19
exit	21
exited	5
exiting	5
exits	10
exley	3
exodus	5
exonerate	4
exonerated	4
exorbitant	3
exorcise	4
exorcism	7
exorcisms	2
exorcist	5
exoskeleton	3
exotic	12
expand	12
expanded	7
expanding	10
expands	5
expanse	4
expansion	9
expansive	3
expect	49
expectancy	4
expectant	3
expectation	7
expectations	13
expected	31
expecting	31
expects	10
expedient	3
expedite	5
expedited	3
expedition	13
expeditionary	3
expeditions	5
expel	7
expelled	12
expelling	3
expend	2
expendable	5
expended	3
expenditure	4
expenditures	3
expense	13
expenses	15
expensive	29
experience	41
experienced	19
experiences	14
experiencing	11
experiment	21
experimental	10
experimentation	5
experimented	5
experimenting	7
experiments	14
expert	25
expertise	10
expertly	3
experts	14
expiration	5
expire	5
expired	9
expires	5
expiry	2
explain	54
explained	18
explaining	13
explains	17
explanation	23
explanations	8
explicit	6
explicitly	4
explode	17
exploded	12
explodes	9
exploding	10
exploit	9
exploitation	6
exploited	7
exploiting	6
exploits	6
exploration	8
exploratory	3
explore	14
explored	6
explorer	7
explorers	6
explores	3
exploring	10
explosion	25
explosions	11
explosive	13
explosives	14
expo	5
exponential	3
exponentially	4
export	7
exported	3
exporting	3
exports	4
expose	15
exposed	18
exposes	4
exposing	8
exposition	3
exposure	12
express	22
expressed	10
expresses	5
expressing	8
expression	18
expressions	7
expressive	4
expressly	4
expressway	4
expulsion	5
expunged	3
exquisite	10
exquisitely	3
exsanguination	3
extend	13
extended	11
extending	6
extends	6
extension	11
extensions	5
extensive	10
extensively	4
extent	12
extenuating	4
exterior	7
exterminate	7
exterminated	5
exterminating	3
extermination	5
exterminator	5
exterminators	2
external	9
externally	3
extinct	9
extinction	9
extinguish	5
extinguished	5
extinguisher	6
extinguishers	3
extort	4
extorted	3
extorting	3
extortion	8
extra	36
extract	10
extracted	7
extracting	4
extraction	8
extractor	2
extracts	3
extracurricular	4
extradite	3
extradited	3
extradition	6
extramarital	3
extraneous	2
extraordinaire	4
extraordinarily	7
extraordinary	23
extrapolate	3
extras	7
extraterrestrial	9
extraterrestrials	7
extravagance	4
extravagant	7
extravaganza	4
extreme	19
extremely	26
extremes	6
extremism	3
extremist	4
extremists	5
extremities	4
extremity	3
extricate	3
exuberance	3
exuberant	3
exude	2
exxon	3
ey	7
eye	53
eyeball	7
eyeballing	3
eyeballs	8
eyebrow	6
eyebrows	10
eyed	5
eyeful	3
eyeglasses	3
eyeing	5
eyelash	4
eyelashes	6
eyelid	4
eyelids	6
eyeliner	4
eyes	79
eyesight	8
eyesore	4
eyewitness	9
eyewitnesses	6
eyre	5
ez	3
ezekiel	6
ezequiel	3
ezra	10
fa	11
faa	5
fab	5
faber	5
fabian	6
fabien	3
fabio	7
fabiola	3
fable	4
fabled	3
fables	3
fabri	3
fabric	13
fabricate	4
fabricated	5
fabricating	3
fabrication	4
fabrice	4
fabrics	5
fabrizio	4
fabulous	19
fabulously	3
facade	5
face	89
facebook	14
faced	16
facedown	3
faceless	5
facelift	3
faces	28
facet	3
facetime	3
facetious	3
facets	3
facial	12
facials	3
facilitate	5
facilitated	3
facilitator	2
facilities	11
facility	18
facing	19
facsimile	3
fact	66
faction	6
factions	5
facto	4
factor	14
factories	10
factors	8
factory	27
facts	24
factual	4
faculties	4
faculty	9
fad	6
fade	12
faded	8
fades	10
fading	9
fado	3
fae	7
faeces	3
fag	12
fagan	2
faggot	12
faggots	6
faggy	2
fagin	3
fagot	2
fags	7
fah	3
fahrenheit	5
fai	6
faii	4
fail	26
failed	31
failing	13
failings	4
fails	13
failsafe	3
failure	24
failures	8
fain	3
faint	16
fainted	12
faintest	6
fainting	6
faintly	6
faints	3
fair	48
fairbanks	5
fairchild	5
faire	3
fairer	4
fairest	5
fairfax	5
fairfield	3
fairground	3
fairgrounds	2
fairies	8
fairly	17
fairmont	3
fairness	7
fairplay	3
fairs	4
fairview	3
fairway	3
fairy	20
fairyland	3
fairytale	5
fairytales	3
faisal	3
fait	4
faith	36
faithful	16
faithfully	6
faithfulness	3
faithless	4
faiths	3
fake	33
faked	10
faker	4
fakes	6
faking	10
fakir	3
falafel	4
falco	5
falcon	10
falcone	4
falconer	3
falconetti	2
falcons	3
falk	4
falklands	3
fall	55
fallacy	3
fallback	3
fallen	26
fallin	6
falling	31
fallon	10
fallopian	3
fallout	6
fallow	3
falls	26
fallujah	3
falmouth	2
false	26
falsehood	3
falsely	6
falsetto	4
falsified	4
falsify	3
falsifying	3
falsone	3
falstaff	3
falter	4
faltering	3
fam	5
fame	16
famed	5
familia	3
familial	4
familiar	28
familiarity	4
familiarize	3
families	28
family	101
famine	8
famished	6
famous	36
famously	5
fan	31
fanatic	6
fanatical	4
fanaticism	3
fanatics	5
fancied	7
fancier	3
fancies	6
fanciful	3
fancy	30
fandango	3
fandor	3
fane	3
fanfare	8
fang	10
fangs	7
fanned	3
fannie	3
fanning	4
fanny	14
fans	21
fanta	3
fantasia	3
fantasies	11
fantasize	5
fantasized	3
fantasizing	4
fantastic	33
fantastical	3
fantastically	4
fantasy	20
fantomas	3
fantozzi	3
far	80
faraday	6
farage	3
farah	4
faraway	6
farber	4
farce	7
fare	13
fared	3
fares	5
farewell	19
farewells	4
farfetched	2
fargo	7
farhad	4
farid	4
farik	2
faring	3
farkle	4
farley	7
farm	29
farmed	3
farmer	18
farmers	15
farmhand	3
farmhouse	7
farming	10
farmington	3
farmland	4
farms	10
farmyard	2
farnese	3
farnon	5
farnsworth	6
farnum	3
faro	3
farouk	3
farr	4
farraday	3
farragut	3
farrah	4
farrell	7
farrow	5
farsi	4
fart	14
farted	6
farther	12
farthest	5
farthing	3
farting	8
farts	9
faruk	4
fascinate	3
fascinated	10
fascinates	4
fascinating	19
fascination	7
fascism	6
fascist	10
fascists	7
fashion	24
fashionable	8
fashionably	3
fashioned	7
fashions	5
fast	59
fastball	4
fasten	8
fastened	5
faster	35
fastest	13
fastidious	3
fasting	6
fat	40
fatah	3
fatal	15
fatale	3
fatalities	5
fatality	4
fatally	4
fate	31
fated	5
fateful	5
fateh	3
fates	6
fathead	3
father	123
fathered	4
fatherhood	4
fatherland	6
fatherless	3
fatherly	4
fathers	16
fathom	6
fathoms	3
fatigue	8
fatigued	3
fatigues	3
fatima	6
fatma	4
fats	6
fatso	9
fatten	4
fattening	4
fatter	6
fattest	3
fatties	3
fatty	11
faucet	6
faucets	3
faulkner	5
fault	55
faults	8
faulty	7
faun	3
fauna	4
fauntleroy	2
faust	4
fausto	4
faustus	2
faux	4
fave	3
favela	3
favor	39
favorable	6
favorably	3
favored	5
favoring	3
favorite	38
favorites	10
favoritism	3
favors	12
favour	22
favourable	4
favoured	4
favourite	20
favourites	5
favours	8
fawcett	3
fawkes	3
fawlty	5
fawn	5
fawning	3
fax	11
faxed	5
faxes	3
faxing	2
fay	8
faye	7
fayed	4
fayeed	2
faze	3
fazio	5
fbi	30
fc	3
fcc	3
fda	6
fdr	4
fe	8
fealty	3
fear	47
feared	13
fearful	8
fearfully	3
fearing	7
fearless	10
fearlessly	3
fears	16
fearsome	6
feasible	4
feast	16
feasting	4
feasts	3
feat	8
feather	12
feathered	5
feathers	13
featherstone	3
feats	4
feature	13
featured	6
features	13
featuring	6
february	14
fecal	3
feces	5
feck	3
feckin	4
feckless	2
fed	24
fede	3
federal	24
federales	3
federation	12
federico	6
fedex	3
fedor	3
fedora	3
feds	13
fedya	3
fee	17
feeble	7
feed	33
feedback	10
feeder	4
feeders	3
feeding	18
feeds	11
feel	124
feelers	3
feelin	11
feeling	65
feelings	39
feels	45
feeney	3
feeny	6
fees	12
feet	54
fei	9
feign	3
feigned	3
feigning	3
fein	3
feint	3
feisty	6
fela	3
felder	3
feldman	5
feli	2
felice	4
felicia	8
felicity	11
feline	4
felipe	8
felix	18
feliz	3
fell	46
fella	23
fellas	23
fellatio	3
felled	3
feller	5
fellers	3
felling	3
fellini	4
fellow	35
fellows	15
fellowship	7
felon	7
felonies	5
felonious	2
felons	4
felony	11
felsham	3
felt	57
felton	4
fema	4
female	32
females	12
feminine	10
femininity	4
feminism	4
feminist	7
feminists	4
femme	5
femoral	4
femur	5
fen	4
fence	20
fenced	3
fences	8
fencing	7
fend	7
fender	6
fending	3
feng	10
fennel	5
fenner	5
fentanyl	4
fenton	7
fenway	3
fenwick	4
fer	5
feral	5
ferb	3
ferdie	3
ferdinand	7
ferdinando	3
ferenc	3
ferengi	5
ferg	4
fergie	3
fergus	6
ferguson	9
feride	5
fermat	3
ferment	3
fermentation	2
fermented	4
fermin	3
fern	7
fernand	4
fernanda	4
fernandes	2
fernandez	5
fernando	11
ferns	3
ferocious	7
ferociously	2
ferocity	3
feroz	3
ferrante	3
ferrara	5
ferrari	11
ferraris	3
ferraro	3
ferrell	3
ferrer	3
ferret	6
ferrets	3
ferries	3
ferris	9
ferrous	2
ferry	12
ferryman	3
fertile	8
fertiliser	3
fertility	8
fertilization	3
fertilize	3
fertilized	4
fertilizer	7
fertilizers	3
fervent	4
fervently	3
fervor	3
fervour	3
fess	4
fest	6
fester	6
festering	4
festival	20
festivals	5
festive	7
festivities	6
fet	2
feta	3
fetal	5
fetch	20
fetched	5
fetching	6
fete	3
fetish	7
fetishes	3
fett	2
fetus	7
fetuses	3
feud	7
feudal	4
feuding	3
feuds	3
fever	22
feverish	5
fevers	3
few	90
fewer	10
fey	4
fez	7
ff	3
fi	10
fianc	3
fiance	11
fiancee	10
fiasco	6
fiat	6
fib	4
fibbing	3
fiber	8
fiberglass	3
fibers	7
fibonacci	3
fibre	5
fibres	5
fibrosis	3
fibula	3
fickle	6
fiction	14
fictional	6
fictitious	4
ficus	2
fiddle	9
fiddled	2
fiddler	5
fiddlesticks	3
fiddling	5
fide	5
fidel	7
fidelity	6
fidget	2
fidgeting	3
fidgety	3
fido	4
fie	4
fief	3
field	42
fielder	3
fielding	7
fields	21
fiend	7
fiendish	4
fiends	4
fierce	13
fiercely	5
fiercest	3
fierro	3
fiery	9
fiesta	6
fievel	2
fifa	3
fife	5
fifi	5
fifteen	18
fifteenth	3
fifth	22
fifties	4
fifty	19
fig	7
figaro	5
figgis	3
fight	75
fighter	19
fighters	14
fightin	5
fighting	45
fights	18
figment	5
figs	5
figueroa	3
figurative	2
figuratively	4
figure	53
figured	38
figurehead	3
figures	20
figurine	3
figurines	4
figuring	11
fiind	4
fiirst	4
fiji	5
fil	3
filament	3
filaments	2
file	34
filed	16
files	25
filet	6
filial	4
filibuster	2
filii	3
filing	10
filings	3
filip	4
filipe	3
filipino	5
filipinos	3
filippo	4
fill	33
filled	28
filler	3
fillet	4
fillets	2
filling	16
fillings	4
fillmore	4
fillory	3
fills	10
filly	5
film	50
filmed	12
filming	16
filmmaker	7
filmmakers	5
filmmaking	4
films	24
filter	10
filtered	4
filtering	3
filters	6
filth	11
filthy	21
filtration	3
fin	10
fina	3
final	40
finale	10
finalised	3
finalist	4
finalists	6
finalize	4
finalized	4
finally	59
finals	12
finance	13
financed	5
finances	8
financial	21
financially	8
financials	5
financier	4
financiers	3
financing	7
finch	12
fincher	2
finches	3
finchley	2
find	148
finder	6
finders	4
finding	32
findings	9
finds	28
fine	118
fined	5
finely	5
finer	7
finery	3
fines	6
finesse	5
finest	18
finger	31
fingered	4
fingering	4
fingernail	5
fingernails	9
fingerprint	9
fingerprinted	3
fingerprints	18
fingers	30
fingertip	2
fingertips	7
fini	2
finicky	3
finish	51
finished	48
finishes	9
finishing	15
finite	4
finito	3
fink	6
finland	8
finlay	4
finley	6
finn	15
finnegan	5
finnerty	3
finney	4
finnish	6
finns	3
fins	6
finster	3
fiona	14
fiore	2
fir	6
fire	74
firearm	7
firearms	8
fireball	7
fireballs	3
firebird	3
firecracker	5
firecrackers	5
fired	38
firefight	4
firefighter	6
firefighters	6
fireflies	5
firefly	5
firehouse	5
fireman	9
firemen	7
fireplace	10
firepower	7
fireproof	3
fires	18
fireside	3
firestorm	4
firewall	5
firewalls	3
firewood	8
firework	4
fireworks	14
firing	23
firm	27
firmament	3
firmer	3
firmly	10
firmness	3
firms	7
firs	3
first	151
firstborn	5
firsthand	6
firstly	8
firsts	3
firth	3
fiscal	5
fischer	7
fish	46
fishbowl	3
fished	6
fisher	13
fisheries	3
fisherman	11
fishermen	9
fishes	7
fishies	2
fishin	4
fishing	24
fishlegs	4
fishman	3
fishmonger	3
fishnet	2
fishy	10
fisk	6
fiske	3
fission	3
fissure	4
fissures	2
fist	16
fistfight	3
fistful	3
fisticuffs	3
fists	9
fit	39
fitch	6
fitness	8
fits	18
fitted	9
fitter	3
fittest	5
fitting	13
fittings	4
fitz	10
fitzgerald	8
fitzpatrick	5
fitzroy	3
fitzy	3
five	80
fiver	5
fives	6
fix	45
fixable	2
fixated	4
fixation	5
fixed	28
fixer	5
fixes	6
fixin	4
fixing	15
fixit	2
fixture	4
fixtures	4
fizz	4
fizzing	3
fizzle	2
fizzy	4
fjord	3
fjords	3
fl	3
flabbergasted	3
flabby	4
flaccid	3
flack	6
flaco	3
flag	22
flagg	4
flagged	5
flagpole	4
flagrant	3
flags	10
flagship	5
flagstaff	3
flaherty	4
flail	3
flailing	3
flair	7
flak	5
flake	6
flaked	3
flakes	6
flaky	4
flam	3
flamboyant	4
flame	16
flamenco	4
flames	16
flamethrower	3
flaming	9
flamingo	5
flamingos	3
flammable	5
flan	4
flanagan	5
flanders	7
flange	2
flank	9
flanked	2
flanking	3
flanks	4
flannel	5
flannery	3
flannigan	3
flap	8
flapjacks	3
flapping	7
flaps	6
flare	9
flared	3
flares	7
flaring	3
flash	22
flashback	6
flashbacks	4
flashed	6
flasher	3
flashes	8
flashing	9
flashlight	10
flashlights	5
flashpoint	2
flashy	6
flask	7
flasks	2
flat	31
flatbed	3
flatbush	3
flatfoot	3
flatline	4
flatlining	3
flatly	3
flatmate	4
flats	9
flatten	5
flattened	5
flatter	10
flattered	12
flatterer	3
flattering	9
flattery	6
flatulence	4
flaubert	2
flaunt	5
flaunting	4
flavia	4
flavio	2
flavius	3
flavor	13
flavored	4
flavors	7
flavour	7
flavoured	3
flavours	4
flaw	9
flawed	7
flawless	7
flawlessly	3
flaws	8
flax	3
flay	4
flayed	3
flea	9
fleabag	3
fleas	7
fleck	3
flecks	3
fled	15
fledgling	3
flee	13
fleece	6
fleeced	2
fleed	4
fleeing	9
flees	4
fleet	17
fleeting	7
fleets	4
fleetwood	3
fleischman	6
fleming	9
flemish	4
flemming	4
flesh	24
fleshy	4
fletch	4
fletcher	14
fleur	7
fleury	3
flew	20
flex	6
flexibility	5
flexible	9
flexing	3
flick	10
flicka	3
flicked	3
flicker	4
flickering	4
flickers	2
flicking	4
flicks	5
flier	5
fliers	5
flies	20
flight	37
flightless	3
flights	11
flighty	3
flik	3
flim	2
flimsy	5
flinch	5
flinched	2
flinching	2
fline	3
fling	9
flinging	3
flings	3
flint	10
flintstone	3
flintstones	3
flip	18
flippant	3
flipped	10
flipper	4
flippers	4
flippin	4
flipping	9
flips	6
flirt	11
flirtation	3
flirtatious	3
flirted	5
flirting	13
flirts	3
flirty	5
flit	3
flitting	2
flo	7
float	14
floated	6
floater	4
floating	16
floats	7
flock	11
flocked	3
flocking	3
flocks	4
flog	4
flogged	4
flogging	4
floki	3
flood	15
flooded	10
floodgates	3
flooding	8
floods	7
floor	48
floorboard	4
floorboards	5
floored	4
flooring	3
floors	13
floozy	4
flop	8
flophouse	2
flopped	3
flopping	3
floppy	5
flops	3
flor	4
flora	10
floral	5
floren	3
florence	14
florentine	4
flores	6
florian	4
florida	19
florins	3
floris	3
florist	7
florrick	8
floss	6
flossie	2
flossing	3
flotsam	2
flounder	4
floundering	3
flour	11
flourish	7
flourished	4
flourishes	3
flourishing	4
flow	20
flowed	5
flower	26
flowered	3
flowering	4
flowerpot	3
flowers	36
flowery	4
flowing	13
flown	11
flows	11
floyd	11
flu	14
fluctuating	3
fluctuation	3
fluctuations	4
flue	3
fluent	6
fluently	3
fluff	6
fluffy	8
fluid	14
fluids	9
fluke	6
flung	5
flunk	5
flunked	5
flunking	3
flunky	3
fluorescent	4
fluoride	3
flurry	3
flush	14
flushed	8
flushes	6
flushing	7
flustered	5
flute	11
flutes	3
flutter	6
fluttering	5
flutters	3
fluttershy	4
flux	5
fly	44
flyboy	2
flyer	9
flyers	8
flyin	4
flying	35
flynn	13
flynt	2
flyover	3
fm	6
fo	7
foa	4
foal	4
foam	11
foaming	4
fob	3
focal	4
focus	32
focused	17
focuses	4
focusing	10
fodder	5
foe	8
foes	5
foetus	3
fog	14
fogarty	2
fogg	3
foggiest	3
foggy	7
foghorn	5
foie	5
foil	6
foiled	4
fok	3
fol	3
fold	14
folded	8
folder	8
folders	4
folding	7
folds	6
foley	7
foliage	4
folk	16
folklore	5
folks	35
folksy	3
follicles	3
follies	4
follow	58
followed	31
follower	6
followers	12
following	37
follows	15
folly	7
folsom	4
fon	3
fond	18
fonda	4
fonder	3
fondest	3
fondle	4
fondled	3
fondling	3
fondly	5
fondness	5
fondue	5
fong	8
font	14
fontaine	5
fontainebleau	2
fontana	4
fonzie	3
foo	6
food	67
foodie	2
foods	11
fook	3
fool	48
fooled	16
foolhardy	4
foolin	4
fooling	16
foolish	21
foolishly	5
foolishness	8
foolproof	5
fools	20
foon	4
foosball	3
foot	39
footage	20
football	30
footballer	4
footballers	3
footballs	2
footfalls	3
foothills	4
foothold	4
footing	6
footlocker	2
footloose	3
footman	4
footnote	3
footpath	3
footprint	7
footprints	11
footstep	3
footsteps	21
footwear	4
footwork	4
footy	3
fop	3
for	424
fora	4
forage	3
foraging	3
foray	3
forbade	5
forbes	7
forbid	16
forbidden	18
forbidding	4
forbids	6
force	47
forced	31
forceful	5
forcefully	4
forceps	4
forces	28
forcible	3
forcibly	6
forcing	13
ford	17
fordham	3
fore	6
forearm	5
forearms	3
foreboding	5
forecast	8
forecasts	3
foreclose	3
foreclosed	3
foreclosure	4
forefathers	5
forefinger	3
forefront	5
forego	3
foregone	3
foreground	3
forehead	14
foreheads	3
foreign	29
foreigner	11
foreigners	12
foreman	12
foremost	8
forensic	12
forensics	13
foreplay	7
foresaw	3
foresee	6
foreseeable	4
foreseen	4
foresight	5
foreskin	4
forest	29
forester	4
forestry	3
forests	11
foretell	3
foretold	5
forever	49
forevermore	3
forewarned	3
forfeit	7
forfeited	4
forfeiture	2
forgave	8
forge	10
forged	11
forger	5
forgeries	4
forgery	7
forges	2
forget	81
forgetful	5
forgetfulness	3
forgets	10
forgettable	3
forgetting	17
forging	5
forgive	50
forgiven	14
forgiveness	17
forgives	6
forgiving	8
forgo	3
forgot	47
forgotten	33
forints	3
forjust	3
fork	13
forked	3
forklift	4
forks	7
forlorn	4
form	38
formal	15
formaldehyde	4
formalities	7
formality	8
formally	8
forman	5
format	6
formation	12
formations	5
formative	3
forme	3
formed	16
former	26
formerly	7
formica	3
formidable	9
forming	10
forms	18
formula	15
formulas	4
formulate	4
formulated	3
fornell	3
fornicate	3
fornicating	3
fornication	4
forrest	8
forrester	6
forsake	6
forsaken	6
forsaking	3
forster	4
forsyte	5
forsyth	2
forsythe	4
fort	19
forte	5
fortescue	3
forth	20
forthat	4
forthcoming	6
forthe	9
forthem	2
forthis	4
forthright	3
forthwith	4
forties	4
fortifications	3
fortified	5
fortify	3
fortitude	5
fortnight	7
fortress	12
fortresses	3
forts	4
fortuitous	3
fortuna	3
fortunate	15
fortunately	15
fortune	28
fortunes	8
fortuneteller	3
forty	14
forum	8
forums	3
forward	45
forwarded	5
forwarding	5
forwards	7
forwhat	3
foryou	9
foryour	4
foss	3
fosse	2
fossil	9
fossilised	2
fossilized	3
fossils	7
foster	20
fostered	3
fostering	3
fosters	3
fou	3
foucault	3
fought	28
foul	16
fouled	4
fouls	3
found	108
foundation	18
foundations	7
founded	11
founder	9
founders	5
founding	8
foundling	3
foundry	4
fountain	13
fountains	5
fouquet	3
four	76
fournier	3
fours	7
foursome	4
fourteen	11
fourteenth	3
fourth	25
foust	4
fowl	5
fowler	8
fox	22
foxes	6
foxhole	3
foxtrot	5
foxx	3
foxxy	4
foxy	6
foy	3
foyer	5
foyle	6
fozzie	4
fr	7
fra	3
fracas	2
frack	3
fracking	4
fractal	3
fraction	8
fractions	4
fracture	11
fractured	9
fractures	8
fracturing	3
frag	2
fragile	14
fragility	3
fragment	8
fragmented	4
fragments	10
fragrance	9
fragrances	2
fragrant	6
fraid	3
frail	7
frailty	3
fraiser	2
frak	4
frakking	3
frame	20
framed	12
frames	8
framework	5
framing	6
frampton	3
fran	12
franc	4
franca	4
francais	2
france	32
frances	10
francesca	9
francesco	7
franchise	8
franchises	3
francie	5
francine	11
francis	20
francisca	3
franciscan	2
francisco	20
franck	5
franco	12
francois	8
francoise	4
francs	16
frank	49
frankel	3
frankenstein	10
frankfurt	6
frankie	21
frankincense	3
franklin	17
frankly	21
franklyn	3
frankness	3
franks	6
franky	7
frannie	6
franny	7
frans	3
franta	2
frantic	7
frantically	4
frantz	2
franz	11
fras	3
fraser	9
frasier	12
frat	8
fraternal	3
fraternities	3
fraternity	9
fraternizing	3
frau	8
fraud	18
frauds	4
fraudulent	5
fraught	4
fraulein	5
fray	5
frayed	4
frazer	5
frazier	5
frazzled	3
freak	27
freakazoid	3
freaked	15
freakin	11
freaking	20
freakish	3
freakishly	3
freaks	13
freaky	11
freckle	3
freckles	5
fred	27
freda	4
freddie	15
freddo	3
freddy	16
frederic	6
frederick	11
fredericks	3
frederico	3
frederik	5
fredo	4
fredrick	2
fredrik	4
free	69
freebie	4
freebies	3
freebo	3
freed	12
freedman	3
freedom	34
freedoms	5
freefall	3
freeing	6
freelance	7
freelancer	3
freeloader	3
freeloaders	3
freely	13
freeman	11
freemasons	3
freer	4
frees	4
freestyle	5
freeway	9
freeways	3
freeze	25
freezer	12
freezers	3
freezes	6
freezing	18
freight	9
freighter	7
freighters	2
frell	3
fremen	3
fremont	4
french	43
frenchie	4
frenchies	2
frenchman	8
frenchmen	5
frenchy	5
frenzied	3
frenzy	7
frequencies	7
frequency	13
frequent	9
frequented	3
frequently	10
frequents	2
frere	3
fresco	4
frescoes	3
fresh	37
freshen	8
freshener	3
freshening	2
fresher	4
freshest	3
freshly	7
freshman	10
freshmen	5
freshness	4
freshwater	5
fresno	5
fret	7
fretting	4
freud	9
freudian	4
freund	3
frey	4
freya	7
fri	2
friar	6
friars	3
frick	4
frickin	8
fricking	5
friction	7
frida	5
friday	31
fridays	6
fridge	18
fridges	3
fried	17
frieda	5
friedman	5
friedrich	6
friend	103
friendless	3
friendlier	3
friendlies	3
friendliest	2
friendliness	2
friendly	25
friends	89
friendship	26
friendships	7
fries	14
frig	3
frigate	3
frigg	3
friggin	9
frigging	7
fright	10
frighten	12
frightened	22
frightening	13
frighteningly	2
frightens	6
frightful	6
frightfully	5
frigid	6
frills	3
frilly	3
fringe	7
fringes	4
frisbee	6
frisco	4
frisk	5
frisked	2
frisky	5
frits	2
frittata	3
fritter	3
fritters	4
fritz	11
fritzi	2
frivolity	2
frivolous	6
frizzy	3
frm	4
fro	5
frobisher	5
frock	5
frocks	2
frodo	5
frog	16
froggy	5
frogs	10
frohike	2
frolic	4
frolicking	3
from	244
fromm	3
frond	3
froning	3
front	69
frontal	7
fronted	3
frontier	10
frontiers	4
fronting	3
frontline	5
fronts	6
frost	12
frostbite	5
frosted	4
frosti	3
frosting	6
frosty	7
froth	3
frothy	2
frown	7
frowned	4
frowning	4
frowns	3
froy	3
froze	9
frozen	20
frs	3
fructose	3
frugal	3
fruit	25
fruitcake	6
fruitful	5
fruition	3
fruitless	4
fruits	11
fruity	5
frustrate	3
frustrated	13
frustrating	11
frustration	10
frustrations	4
frutti	3
fry	16
frye	5
fryer	5
frying	8
frylock	5
fs	2
fsa	2
fsb	4
ft	5
ftl	4
fu	17
fubuki	4
fuchs	3
fuchsia	3
fuck	95
fucked	31
fucker	17
fuckers	10
fuckface	3
fuckhead	4
fuckin	36
fucking	90
fucks	10
fuckup	3
fuckwit	2
fudd	2
fudge	8
fuego	4
fuehrer	4
fuel	21
fueled	5
fueling	3
fuelled	3
fuels	5
fuentes	5
fugitive	12
fugitives	6
fugue	3
fuhrer	8
fuhrman	3
fuji	6
fujii	3
fujiko	4
fujimoto	3
fujita	3
fujiwara	3
fukuda	2
fukuoka	3
fukushima	3
fulcrum	4
fulfil	7
fulfill	14
fulfilled	12
fulfilling	7
fulfillment	5
fulfills	3
fulfilment	3
fulham	2
full	67
fullback	3
fuller	9
fullerton	2
fullest	6
fullness	4
fully	24
fulton	6
fumble	4
fumbled	3
fumbling	3
fume	2
fumes	8
fumi	3
fumigated	3
fumiko	3
fuming	3
fun	76
function	18
functional	8
functioned	3
functioning	9
functions	10
fund	17
fundamental	11
fundamentalist	4
fundamentalists	3
fundamentally	6
fundamentals	4
funded	7
funding	11
fundraiser	7
fundraisers	2
fundraising	5
funds	15
funeral	30
funerals	8
funfair	2
fung	7
fungal	3
fungi	4
fungus	8
funk	9
funky	11
funnel	6
funnier	7
funniest	7
funnily	3
funny	66
fur	15
furies	4
furillo	3
furious	15
furiously	3
furlong	3
furlough	4
furnace	8
furnaces	3
furnish	5
furnished	6
furnishing	2
furnishings	3
furniture	19
furrow	2
furry	7
furs	6
further	39
furthermore	9
furthest	5
furtive	3
fury	12
fusco	4
fuse	12
fused	5
fuselage	4
fuses	5
fusing	3
fusion	9
fuss	16
fusses	3
fussing	6
fussy	7
futari	3
futile	8
futility	4
futon	4
future	55
futures	6
futuristic	4
fuzz	6
fuzzy	10
fx	3
fyi	6
fyodor	4
ga	11
gab	5
gabbana	2
gabbar	4
gabbing	3
gabby	9
gabe	12
gabi	9
gable	5
gables	4
gabor	3
gabriel	17
gabriela	4
gabriele	3
gabriella	5
gabrielle	11
gaby	8
gacy	3
gad	4
gaddafi	4
gadget	9
gadgets	6
gae	4
gael	3
gaelic	5
gaeta	3
gaetano	4
gaff	4
gaffer	4
gaffigan	2
gaffney	3
gag	11
gaga	7
gagarin	4
gage	6
gagged	4
gagging	8
gaggle	3
gagnon	2
gags	7
gah	6
gai	3
gaia	5
gaiety	3
gail	11
gaily	3
gain	21
gained	13
gaines	6
gaining	9
gains	7
gait	4
gaius	7
gal	14
gala	8
galactic	7
galactica	6
galactus	3
galahad	3
galan	3
galapagos	5
galavan	3
galaxies	10
galaxy	17
gale	10
galen	6
gales	2
galia	3
galicia	3
galilee	5
galileo	8
galina	3
gall	7
gallagher	9
gallant	8
gallantry	4
gallbladder	4
galleon	3
galleria	3
galleries	5
gallery	16
galley	6
galleys	3
gallifrey	3
gallipoli	3
gallivanting	4
gallo	6
gallon	7
gallons	8
gallop	5
galloping	6
galloway	4
gallows	8
gallstones	3
gallup	2
galore	4
galoshes	3
gals	8
galt	3
galu	3
galvan	3
galvanized	2
galveston	3
galvin	4
galway	3
galya	3
gam	3
gama	3
gambit	5
gamble	14
gambled	6
gambler	9
gamblers	7
gambles	3
gambling	19
gamboa	3
gambon	3
gamby	2
game	74
gamekeeper	4
gamer	4
gamera	3
gamers	3
games	34
gaming	8
gamma	10
gammy	3
gamora	3
gan	5
gandalf	5
gander	5
gandhi	9
gandhiji	3
ganesh	6
ganesha	4
gang	31
ganga	6
gangbanger	3
gangbangers	3
gangbusters	2
ganged	3
ganges	5
ganging	3
gangland	3
gangmo	4
gangnam	4
gangotri	3
gangplank	2
gangrene	4
gangs	11
gangsta	5
gangster	13
gangsters	10
gangway	5
ganja	3
gannicus	3
gannon	4
gant	4
gantry	3
gantu	2
ganymede	3
ganz	3
gao	7
gap	13
gape	2
gaping	5
gaps	7
gar	4
garage	25
garages	4
garak	3
garb	4
garbage	23
garber	3
garbled	6
garbo	4
garcia	13
garde	5
garden	31
gardener	11
gardeners	4
gardenia	3
gardenias	3
gardening	8
gardens	12
gardiner	4
gardner	10
gare	4
gareth	7
garfield	7
garfunkel	3
gargantuan	3
gargle	3
gargling	3
gargoyle	4
gargoyles	4
garibaldi	6
garish	3
garland	8
garlands	3
garlic	12
garment	7
garments	5
garner	6
garnet	5
garnett	4
garnier	3
garnish	5
garret	6
garrett	12
garrick	3
garrido	2
garrison	10
garrity	5
garrow	3
garroway	3
garry	5
garson	3
garter	5
garters	4
garth	7
garuda	3
garvey	5
garvin	4
garwood	2
gary	27
garza	6
gas	38
gascoigne	3
gaseous	3
gases	8
gash	5
gasket	4
gasoline	11
gasp	14
gaspar	3
gaspard	3
gasping	24
gasps	40
gassed	5
gasses	3
gassing	3
gassy	3
gaston	7
gastric	5
gat	3
gate	30
gated	3
gatekeeper	4
gates	19
gateway	8
gath	2
gather	23
gathered	17
gathering	15
gatherings	4
gathers	5
gatling	3
gato	4
gator	7
gatorade	3
gators	4
gatsby	4
gatwick	2
gauche	3
gaucho	3
gaudy	4
gauge	8
gauges	3
gauguin	3
gaul	5
gaulle	5
gauls	4
gault	4
gauna	3
gaunt	3
gauntlet	6
gaurav	5
gauri	5
gauss	3
gaussian	3
gautam	4
gauthier	3
gautier	2
gauze	6
gav	3
gave	80
gavel	8
gaveston	3
gavin	13
gaviria	3
gawain	3
gawd	4
gawk	2
gawking	4
gay	38
gaya	3
gayatri	4
gaydar	2
gaye	4
gayer	3
gayest	3
gayle	6
gaylord	3
gaynor	3
gays	9
gaz	4
gaza	5
gaze	11
gazebo	4
gazed	4
gazelle	5
gazelles	3
gazes	3
gazette	6
gazillion	3
gazing	6
gazpacho	3
gbh	3
gbs	3
gcpd	3
gcs	3
gd	3
gdansk	3
gdp	2
gdr	3
ge	6
gear	22
gearbox	4
geared	4
gearing	4
gears	8
geary	3
gecko	4
ged	4
geddes	3
gee	23
geek	10
geeks	6
geeky	3
gees	3
geese	8
geet	3
geeta	5
geetha	5
geez	16
geezer	7
geezers	3
gehrig	3
geiger	5
geils	3
geir	2
geisha	7
geishas	2
gekko	3
gel	9
gelatin	4
gelato	3
gelding	2
gellar	3
geller	4
gem	10
gemini	6
gemma	12
gems	7
gemstone	3
gen	6
gena	4
genaro	2
gendarme	3
gendarmerie	3
gendarmes	4
gender	10
genders	3
gene	19
genealogy	3
general	52
generalissimo	3
generally	15
generals	11
generate	9
generated	7
generates	5
generating	6
generation	21
generations	15
generator	12
generators	6
generic	5
generosity	10
generous	21
generously	5
genes	12
genesis	7
genetic	15
genetically	8
geneticist	3
genetics	7
geneva	10
genevieve	6
genghis	5
genial	2
genie	9
genies	3
genii	3
genital	4
genitalia	4
genitals	6
genius	29
geniuses	7
genji	4
gennaro	4
gennosuke	2
genny	3
geno	3
genoa	5
genocide	6
genome	5
genomex	3
genovese	3
genre	7
genres	3
gent	5
genteel	3
gentile	3
gentiles	3
gentle	21
gentleman	31
gentlemanly	4
gentlemen	55
gentleness	4
gentler	4
gentlest	3
gently	17
gentry	5
gents	9
genuine	16
genuinely	10
genus	3
geo	3
geoff	9
geoffrey	11
geographic	5
geographical	4
geographically	3
geography	8
geological	7
geologist	5
geologists	5
geology	5
geometric	4
geometry	7
geordi	4
geordie	5
georg	6
george	49
georges	9
georgetown	5
georgette	3
georgi	3
georgia	15
georgian	5
georgiana	3
georgie	14
georgina	6
georgy	3
geothermal	3
geppetto	3
ger	3
gerald	12
geraldine	5
geraldo	4
geranium	2
geraniums	3
gerard	10
gerardo	3
gerber	4
gerbil	4
gerd	3
gerda	5
gere	3
gerhard	3
gerhardt	4
geri	3
geriatric	4
germ	5
germain	4
germaine	5
german	36
germanic	3
germans	22
germany	26
germs	8
geronimo	7
gerrard	3
gerrit	3
gerry	12
gershwin	3
gerson	4
gert	4
gertie	5
gertrud	3
gertrude	8
gerty	3
gervais	3
gervase	3
gestapo	11
gestation	2
gesture	14
gestures	8
gesundheit	4
get	316
geta	2
getaway	10
getcha	4
gets	71
gettin	19
getting	107
getty	3
gettysburg	4
getup	4
geum	4
geun	3
geyser	3
geysers	3
gg	3
ghana	3
ghastly	8
ghb	4
ghee	3
ghetto	10
ghettos	3
ghost	35
ghostbusters	4
ghostly	6
ghosts	22
ghoul	5
ghoulish	3
ghouls	5
ghraib	2
ght	4
ghul	3
gi	8
gia	6
giacomo	6
gian	3
giancarlo	3
gianluca	2
gianna	3
gianni	7
giant	28
giants	11
giardello	2
gib	3
gibb	2
gibbering	6
gibberish	9
gibbers	3
gibbon	3
gibbons	6
gibbs	16
gibby	4
giblets	2
gibraltar	5
gibson	11
giddap	4
giddy	7
giddyap	3
giddyup	4
gideon	11
gie	3
gifford	4
gift	41
gifted	11
gifts	20
gig	16
gigantic	10
giggle	8
giggles	18
giggling	16
gigi	9
gigolo	6
gigs	7
gii	3
gil	14
gila	3
gilbert	12
gilberte	3
gilberto	3
gilchrist	2
gilda	5
gilded	4
giles	9
gilfoyle	2
gilgamesh	2
gill	7
gilles	6
gillespie	4
gillette	4
gilliam	4
gillian	7
gillies	3
gilligan	5
gillis	4
gills	5
gilly	5
gilman	3
gilmore	7
gilou	3
gilroy	4
gilt	3
gim	4
gimbert	3
gimme	18
gimmick	5
gimmicks	3
gimp	4
gimpy	3
gin	15
gina	17
ginette	3
ginger	16
gingerbread	5
ginnie	3
ginny	9
gino	9
ginormous	3
ginsberg	3
ginseng	5
ginza	4
gio	4
gioia	3
giordano	3
giordino	3
giorgio	8
giorno	3
giovanna	6
giovanni	10
giovannino	3
gipsy	3
gir	3
giraffe	7
giraffes	4
girard	4
girardi	3
girdle	5
giri	3
girl	118
girlfriend	44
girlfriends	13
girlie	7
girlies	3
girlish	4
girls	74
girly	6
giro	3
girth	3
gis	3
gisaeng	3
gisborne	4
gisburne	2
gisela	3
gisele	3
giselle	6
gist	5
git	8
gita	5
gitano	3
gitmo	3
giulia	6
giuliana	3
giuliani	2
giuliano	4
giulio	6
giuseppe	7
give	168
giveaway	5
given	55
givens	4
giver	5
gives	41
giveth	3
givin	7
giving	53
giza	4
gizmo	5
gizmoduck	2
gizmos	3
gizzard	2
gk	2
gl	3
glacial	3
glacier	7
glaciers	6
glad	60
glade	3
glades	4
gladiator	6
gladiators	5
gladly	12
gladness	3
gladstone	5
gladys	10
glam	3
glamorous	9
glamour	8
glance	11
glanced	4
glances	5
glancing	3
gland	5
glands	6
glandular	3
glare	6
glaring	5
glaser	3
glasgow	7
glass	42
glasses	28
glassware	2
glassy	3
glastonbury	3
glaucoma	3
glaze	4
glazed	4
glazing	2
gleam	4
gleaming	5
glean	3
gleaned	2
gleason	4
gleb	3
glee	9
glen	12
glenda	5
glendale	3
glenn	15
glib	3
glick	2
glide	6
glider	4
gliders	3
glides	3
gliding	4
glimmer	5
glimpse	11
glimpsed	3
glimpses	3
glinda	3
glint	3
glistening	4
glitch	7
glitches	3
glitter	8
glittering	5
glitters	3
glitz	3
glo	3
gloat	6
gloating	4
glob	3
global	18
globalization	3
globally	3
globe	13
globes	4
globetrotters	3
glock	5
gloom	6
gloomy	9
gloria	18
gloriana	3
glories	4
glorified	5
glorify	4
glorious	16
gloriously	3
glory	24
gloss	6
glossy	4
gloucester	5
glove	14
glover	5
gloves	18
glow	12
glowed	3
glowing	10
glows	5
glub	2
glucose	5
glue	13
glued	8
glug	3
gluing	3
glum	5
gluten	5
glutes	2
glutton	4
gluttony	4
glynn	3
gm	5
gmo	2
gmos	3
gnarly	5
gnat	3
gnaw	4
gnawed	3
gnawing	4
gnocchi	4
gnome	6
gnomes	5
go	308
goa	11
goad	3
goal	25
goalie	6
goalkeeper	4
goals	12
goanna	3
goat	19
goatee	4
goats	11
gob	7
gobber	3
gobble	6
gobbled	3
gobbling	4
gobi	4
goblet	4
goblin	7
goblins	5
gobs	2
god	146
goda	3
godard	4
godavari	3
goddam	6
goddamit	3
goddammit	9
goddamn	36
goddamned	8
goddamnit	5
goddard	5
goddaughter	3
goddess	18
goddesses	5
godfather	12
godforsaken	6
godfrey	7
godiva	3
godless	5
godlike	3
godliness	3
godly	4
godmother	8
godot	3
godown	3
godparents	3
gods	27
godsend	5
godsey	4
godson	4
godspeed	6
godwin	3
godzilla	8
goebbels	6
goemon	3
goering	4
goes	72
goethe	5
goetz	3
goff	3
goggles	8
gogh	7
gogo	3
gogol	3
goguryeo	5
goh	3
gohan	4
goi	2
goin	29
going	230
goings	4
goingto	4
goku	7
gol	3
golan	3
gold	46
golda	3
goldar	4
goldberg	7
golden	27
goldfarb	2
goldfinger	3
goldfish	8
goldie	7
goldilocks	5
golding	2
goldman	7
goldmine	3
goldsmith	4
goldstein	5
golem	4
golf	22
golfer	5
golfers	3
golfing	5
goli	3
goliath	8
gollum	4
golly	8
gomer	3
gomez	9
gomorrah	4
gon	8
gona	3
gonads	3
gondo	2
gondola	4
gone	91
goner	6
goners	3
gong	11
gonna	203
gonnae	3
gonorrhea	4
gonzales	5
gonzalez	5
gonzalo	7
gonzo	5
goo	9
goober	3
gooch	3
good	246
goodbye	52
goodbyes	6
goode	4
goodfellow	3
goodie	4
goodies	6
goodly	3
goodman	7
goodness	29
goodnight	21
goods	20
goodson	2
goodwill	8
goodwin	7
goody	8
gooey	4
goof	6
goofball	3
goofed	4
goofing	5
goofy	8
google	11
googled	6
googling	3
googly	3
gook	4
gooks	3
goomer	2
goon	8
goons	9
goop	3
goose	16
gooseberry	3
goosebumps	4
gopal	6
gopala	2
gopher	5
gophers	3
gopi	5
gor	2
gora	2
goran	5
gorbachev	4
gord	3
gordana	3
gordie	3
gordo	5
gordon	25
gordy	5
gore	7
gored	2
goren	4
gorge	6
gorgeous	24
gorges	2
gorgon	3
gorgonzola	2
gorilla	11
gorillas	6
goring	3
gorky	3
gorman	5
gormley	2
gornt	2
goro	6
gorski	2
gory	5
goryeo	3
gosh	30
gosling	3
gospel	9
gospels	4
goss	4
gossamer	3
gossip	17
gossiping	5
gossips	4
got	261
gota	3
gotcha	15
goten	2
goth	5
gotham	11
gothenburg	3
gothic	6
goths	3
goto	4
gots	6
gott	3
gotta	89
gotten	35
gottfried	3
gotti	3
gottlieb	3
gotto	3
gouda	3
gouge	4
gouged	3
gouging	3
goulash	4
gould	5
gourd	5
gourmet	7
gout	5
gov	3
goverment	3
govern	7
governance	3
governed	6
governess	6
governing	5
government	46
governmental	4
governments	9
governor	26
governors	5
governs	3
govind	3
govinda	4
govt	3
gowan	3
gower	3
gown	13
gowns	6
gowri	3
gowron	3
goy	3
goya	4
gp	5
gpa	4
gps	13
gq	3
gr	4
gra	2
grab	41
grabbed	19
grabber	2
grabbing	10
grabby	2
grable	3
grabs	10
grace	36
graced	4
graceful	7
gracefully	5
graceland	4
graces	6
gracia	3
gracias	11
gracie	10
graciela	2
gracious	13
graciously	5
grad	8
grade	25
graded	3
grader	4
graders	5
grades	13
gradient	5
grading	4
gradual	4
gradually	11
graduate	16
graduated	14
graduates	6
graduating	8
graduation	13
grady	10
graeme	4
graf	3
graff	4
graffiti	8
graft	6
grafted	3
grafting	2
grafton	3
grafts	3
graham	17
grail	8
grain	13
grainger	3
grains	7
grainy	3
gram	8
gramercy	3
grammar	7
grammy	6
grammys	3
gramophone	5
grampa	5
gramps	8
grams	10
gran	10
granada	5
granary	3
grand	40
grandad	8
grandchild	8
grandchildren	11
granddad	11
granddaddy	5
granddaughter	13
granddaughters	3
grande	7
grander	3
grandest	4
grandeur	6
grandfather	29
grandfathers	4
grandiose	4
grandkids	6
grandma	35
grandmama	4
grandmas	3
grandmaster	4
grandmother	27
grandmothers	4
grandpa	33
grandparent	2
grandparents	11
grands	3
grandson	17
grandsons	4
grandstand	3
grandstanding	3
grandview	3
grange	5
granger	8
granite	7
grannie	3
grannies	3
granny	18
granola	4
grant	28
granted	19
grantham	4
granting	5
grants	7
granville	5
grape	9
grapefruit	6
grapes	10
grapevine	4
graph	5
graphic	8
graphics	5
graphite	3
graphs	3
grappa	3
grapple	3
grappling	4
gras	8
grasp	12
grasped	4
grasping	5
grass	21
grassed	3
grasses	4
grasshopper	6
grasshoppers	4
grassland	3
grasslands	4
grassroots	3
grassy	4
grata	3
grate	5
grated	3
grateful	26
gratefully	3
grater	3
gratification	4
gratified	3
gratifying	4
gratin	3
grating	4
gratis	3
gratitude	14
gratuitous	3
gratuity	3
grave	28
gravedigger	3
gravel	7
gravely	5
graves	12
gravest	3
gravestone	4
gravestones	3
graveyard	11
graveyards	3
gravitas	2
gravitation	3
gravitational	8
graviton	3
gravity	17
gravy	10
gray	20
grayer	3
grays	2
grayson	12
graysons	3
graze	5
grazed	5
grazia	3
graziano	2
grazie	6
grazing	6
grease	12
greased	5
greaser	2
greasing	2
greasy	9
great	138
greater	22
greatest	34
greatly	11
greatness	10
greats	4
greaves	3
grecian	3
greco	4
gredenko	3
greece	13
greed	12
greedy	14
greek	20
greeks	10
greeley	3
greely	2
green	43
greenbacks	3
greenberg	4
greendale	4
greene	11
greener	5
greenery	3
greenfield	3
greengrocer	3
greenhorn	3
greenhouse	8
greenie	3
greenland	6
greenleaf	3
greenpeace	3
greens	7
greenspan	3
greenway	3
greenwich	6
greenwood	4
greer	7
greet	15
greeted	7
greeting	10
greetings	21
greets	5
greg	25
gregg	6
greggs	2
gregoire	3
gregor	6
gregorian	3
gregorio	5
gregory	12
gregson	5
gremlin	3
gremlins	3
grenada	3
grenade	11
grenades	8
grendel	4
grendizer	4
grenoble	2
grenouille	2
gresham	3
greta	10
gretch	3
gretchen	10
gretel	5
gretzky	3
grew	29
grey	19
greyhound	5
greys	3
gribble	3
grid	13
griddle	3
gridlock	3
grids	3
grief	19
grier	3
grievance	5
grievances	5
grieve	8
grieved	4
grieves	4
grieving	9
grievous	5
griff	7
griffin	13
griffith	7
griffiths	3
grift	3
grifter	4
griggs	3
grigori	3
grigory	4
grill	12
grille	3
grilled	9
grilling	5
grills	3
grim	11
grimace	3
grimaldi	3
grime	3
grimes	7
grimlock	3
grimm	7
grimoire	3
grimsby	2
grimy	3
grin	7
grinch	4
grind	10
grinder	7
grinding	9
grindr	3
grinds	4
grindstone	3
gringo	7
gringos	4
grinning	6
grip	16
gripe	3
griping	3
gripped	4
gripping	4
grips	5
griselda	3
grisha	4
grisham	2
grisly	4
grissom	7
gristle	3
griswold	3
grit	5
grits	5
gritty	4
grizz	2
grizzlies	3
grizzly	7
gro	4
groan	9
groaning	29
groans	37
groat	2
grocer	5
groceries	11
grocery	12
grodd	3
grog	4
grogan	4
groggy	4
grohl	3
groin	6
gromit	3
groom	17
groomed	4
grooming	6
grooms	4
groot	6
groove	9
grooves	4
grooving	3
groovy	7
grope	4
groped	3
groping	5
gross	22
grosse	3
grossed	3
grossest	2
grossing	2
grossly	4
grossman	4
grosvenor	2
grotesque	6
grotto	4
grouch	4
groucho	3
grouchy	4
ground	47
groundbreaking	5
grounded	12
grounder	3
grounders	3
groundhog	4
grounding	4
groundless	3
grounds	17
groundskeeper	3
groundwater	3
groundwork	4
group	47
grouped	3
grouper	3
groupie	5
groupies	5
grouping	3
groups	19
grouse	4
grout	3
grove	11
grovel	5
groveling	3
grover	8
groves	5
grovy	2
grow	40
growed	3
grower	3
growers	3
growin	3
growing	29
growl	8
growling	24
growls	18
grown	28
grownup	5
grownups	5
grows	17
growth	15
grr	5
grrr	5
gru	3
grub	8
grubby	5
gruber	6
grubs	3
grudge	12
grudges	5
gruel	4
grueling	4
gruelling	2
gruesome	7
gruff	4
grug	4
grumble	4
grumbles	5
grumbling	7
grumio	3
grump	3
grumpy	9
grundy	4
grunge	3
grunkle	3
grunt	11
grunting	38
gruntlng	4
grunts	41
grunwald	2
gs	6
gsa	3
gsr	4
gsw	4
gt	10
gto	3
gu	11
gua	3
guacamole	5
guadalajara	3
guadalcanal	4
guadalupe	3
guam	4
guan	5
guang	4
guangdong	3
guangzhou	4
guano	3
guantanamo	5
guapo	3
guarantee	23
guaranteed	13
guaranteeing	3
guarantees	8
guarantor	3
guard	39
guarded	10
guardhouse	3
guardia	3
guardian	17
guardians	8
guardianship	3
guarding	10
guardo	3
guards	26
guardsmen	3
guatemala	6
guatemalan	3
guava	3
gucci	5
guddi	2
guddu	3
gudrun	3
guerilla	4
guerillas	3
guerra	3
guerre	3
guerrero	4
guerrilla	6
guerrillas	5
guess	93
guessed	14
guesses	6
guessing	19
guesswork	3
guest	32
guesthouse	5
guests	28
guevara	4
guff	3
guffawing	2
guffaws	3
guggenheim	4
gugu	4
gui	4
guidance	13
guide	23
guidebook	4
guided	9
guidelines	6
guides	7
guiding	7
guido	8
guild	8
guilders	4
guile	3
guillaume	6
guillermo	6
guillotine	6
guilt	20
guilty	38
guinea	11
guineas	6
guinevere	5
guinness	5
guise	5
guitar	23
guitarist	5
guitars	6
gujarat	3
gujarati	2
guk	3
gul	4
gulab	2
gulag	3
gulch	3
gulf	11
gull	4
gullet	3
gullible	6
gulliver	4
gulls	5
gully	4
gulp	6
gulping	4
gulps	6
gum	16
gumball	3
gumbo	4
gumiho	3
gummer	2
gummi	3
gummy	5
gump	4
gumption	3
gums	6
gumshoe	2
gun	68
guna	3
gunboat	2
gunderson	4
gunfight	5
gunfighter	3
gunfire	17
gung	4
gunga	2
gunk	3
gunman	8
gunmen	6
gunn	6
gunnar	7
gunned	6
gunner	7
gunners	4
gunnery	4
gunning	6
gunny	5
gunpoint	6
gunpowder	8
guns	36
gunshot	24
gunshots	17
gunslinger	3
gunter	4
gunther	7
gunvald	4
guo	9
guppy	4
gupta	7
gurgles	5
gurgling	8
gurney	7
gurren	3
guru	10
guruji	3
gus	19
gush	3
gushing	5
gussie	3
gust	4
gusta	3
gustaf	3
gustav	8
gustave	5
gustavo	6
guster	3
gusting	3
gusto	5
gusts	3
gut	17
guten	4
gutenberg	3
guthrie	6
gutierrez	4
gutless	5
guts	23
gutsy	4
gutted	6
gutter	10
gutters	5
gutting	3
guttural	3
guv	10
guvnor	3
guy	123
guys	124
guzman	4
guzzle	3
guzzling	3
gwan	3
gwang	3
gwen	15
gwendolen	3
gwendolyn	4
gwi	4
gwyneth	4
gye	3
gyeong	4
gym	22
gymnasium	5
gymnast	5
gymnastics	7
gymnasts	3
gyms	3
gynaecologist	3
gynecologist	6
gyp	3
gypsies	8
gypsum	2
gypsy	13
gyro	4
gyroscope	2
gyu	6
gyul	2
gyung	3
ha	61
haa	3
haas	4
hab	3
habeas	4
haben	2
haber	3
habib	5
habit	20
habitable	4
habitat	8
habitation	3
habitats	3
habits	13
habitual	4
habla	3
hablo	2
hacer	2
hachi	4
hacienda	4
hack	15
hacked	11
hacker	9
hackers	6
hackett	4
hacking	9
hackman	3
hackney	3
hacks	5
hacksaw	3
hacky	3
had	210
haddie	4
haddock	4
hades	8
hadji	4
hadley	5
hadn	39
hadrian	4
hadron	2
hadrt	3
hae	9
haemorrhage	4
haemorrhaging	2
haemosu	3
haeshin	3
hafiz	2
hag	9
hagan	4
hagar	3
hagen	6
haggard	4
haggerty	3
haggis	3
haggle	4
haggling	3
hagrid	2
hags	3
hague	5
hah	12
haha	7
hahaha	5
hahahaha	2
hahn	4
hai	8
haider	3
haifa	3
haig	3
haiku	3
hail	20
hailed	5
hailey	6
hailing	5
hails	3
haim	3
haines	5
hair	59
hairball	3
hairbrush	4
haircut	13
haircuts	4
hairdo	6
hairdresser	9
hairdressers	3
hairdressing	3
hairdryer	3
haired	4
hairless	4
hairline	5
hairpiece	2
hairpin	5
hairs	11
hairspray	3
hairstyle	6
hairstyles	3
hairy	12
haiti	6
haitian	4
haj	3
haji	4
hajime	3
hajj	3
hajji	4
hak	3
hakan	3
hakeem	5
hakim	4
hakuna	2
hal	14
halal	3
haldol	3
hale	10
haleh	3
halen	3
hales	3
haley	12
half	69
halford	3
halftime	5
halfway	18
halfwit	3
halibut	5
halifax	5
halil	3
halitosis	2
hall	36
hallam	3
halle	4
hallelujah	14
haller	3
halley	5
hallgrim	3
halliday	4
hallie	5
halliwell	4
hallmark	5
hallmarks	3
hallo	8
halloran	3
hallow	2
hallowed	8
halloween	17
halls	10
hallucinate	4
hallucinating	7
hallucination	7
hallucinations	8
hallucinogenic	3
hallway	15
hallways	5
halo	8
halsey	4
halstead	4
halt	17
halted	4
halter	3
halved	3
halves	6
halvorsen	3
ham	17
hama	3
hamada	4
haman	3
hamas	3
hamburg	8
hamburger	10
hamburgers	7
hamid	5
hamill	3
hamilton	15
hamish	6
hamlet	11
hamlin	3
hamm	2
hammer	20
hammered	7
hammerhead	5
hammering	7
hammers	6
hammersley	3
hammersmith	3
hammett	2
hammock	5
hammond	12
hammy	3
hamoudi	2
hamper	5
hampshire	7
hampstead	3
hampton	7
hamptons	7
hams	3
hamster	8
hamsters	4
hamstring	3
hamza	3
han	18
hana	8
hanadarko	2
hanako	3
hanbyul	3
hancock	6
hand	85
handa	3
handbag	8
handbags	4
handball	4
handbook	5
handbrake	3
handcrafted	3
handcuff	6
handcuffed	7
handcuffs	12
handed	18
handel	3
handful	13
handfuls	3
handgun	6
handguns	3
handheld	3
handicap	7
handicapped	8
handing	12
handiwork	5
handjob	3
handkerchief	10
handkerchiefs	4
handle	48
handlebars	3
handled	16
handler	7
handlers	4
handles	10
handling	16
handmade	5
handmaiden	3
handoff	2
handout	4
handouts	4
handover	4
handpicked	3
handprint	3
hands	78
handset	3
handshake	8
handshakes	3
handsome	31
handsomely	5
handsomest	3
handstand	2
handsy	3
handwriting	12
handwritten	4
handy	15
handyman	6
haneda	2
hang	58
hangar	8
hanged	13
hanger	5
hangers	4
hangin	8
hanging	35
hangings	3
hangman	6
hangout	4
hangover	10
hangovers	3
hangs	13
hangzhou	3
hani	6
hanim	3
hanji	3
hank	25
hanka	3
hankering	3
hankie	3
hankmed	4
hanks	5
hanky	5
hanley	5
hanlon	3
hanna	13
hannah	21
hanne	4
hannes	4
hannibal	11
hannigan	3
hanoi	4
hanover	4
hans	15
hansel	5
hansen	8
hanson	8
hansson	3
hanukkah	5
hanuman	6
hanyang	2
hanzawa	3
hanzo	4
hao	5
hap	6
haphazard	3
hapless	3
happ	3
happen	80
happend	4
happened	114
happenin	5
happening	52
happenings	3
happens	59
happier	17
happiest	12
happily	18
happiness	31
happy	95
har	5
hara	4
harada	3
harakiri	2
harald	5
haram	3
harass	7
harassed	7
harassing	9
harassment	11
harbin	3
harbinger	3
harbor	15
harbored	3
harboring	5
harbors	3
harbour	9
harbouring	3
harbours	2
harcourt	4
hard	92
hardball	4
hardcastle	3
hardcore	7
harden	4
hardened	6
hardening	3
hardens	3
harder	30
hardest	15
hardheaded	3
hardin	4
harding	7
hardison	5
hardly	35
hardman	4
hardness	3
hardship	8
hardships	6
hardsub	3
hardware	11
hardwick	3
hardwicke	2
hardwired	3
hardwood	4
hardworking	6
hardy	10
hare	9
harebrained	3
harem	7
hares	3
hargreaves	3
hargrove	4
hari	8
haris	2
harish	3
harishchandra	3
hark	6
harken	3
harker	5
harkness	4
harkonnen	3
harlan	8
harland	3
harlee	4
harlem	8
harlequin	3
harley	10
harlon	2
harlot	5
harlow	4
harm	30
harman	3
harmed	9
harmful	7
harming	5
harmless	14
harmon	7
harmonic	3
harmonica	7
harmonies	3
harmonious	4
harmonium	3
harmonize	2
harmonizing	3
harmony	13
harms	4
harness	9
harnessed	4
harnesses	3
harnessing	3
harold	18
harp	8
harper	17
harping	4
harpo	3
harpoon	5
harps	2
harpsichord	3
harpy	4
harriet	12
harrigan	3
harriman	3
harrington	6
harris	18
harrisburg	3
harrison	15
harrods	3
harrogate	3
harrow	4
harrowing	4
harry	40
harsh	16
harsher	3
harshest	3
harshly	5
harshness	2
hart	11
hartford	5
hartley	7
hartman	5
hartmann	4
haru	5
haruhi	3
haruka	4
haruko	4
harumi	3
harun	2
haruna	3
haruo	3
harv	4
harvard	13
harve	3
harvest	14
harvested	5
harvester	3
harvesting	5
harvests	3
harvey	20
harwood	3
has	190
hasan	6
hasegawa	3
hash	9
hashimoto	4
hashish	4
hashtag	5
haskell	7
haskins	3
hasn	49
hassan	10
hasselhoff	4
hassle	9
hassled	3
hassles	3
hassling	5
hast	8
hasta	5
haste	9
hasten	5
hastily	4
hastings	11
hasty	9
hat	35
hatch	14
hatchback	3
hatched	6
hatcher	4
hatches	5
hatchet	7
hatching	4
hatchlings	2
hate	67
hated	25
hateful	7
hater	4
haters	5
hates	24
hatfield	4
hath	12
hathaway	6
hathorne	3
hatice	3
hating	10
hatred	16
hats	15
hatter	5
hattie	7
hatton	3
hattori	4
hatun	3
hau	3
haughty	4
haul	13
hauled	7
hauling	7
hauls	3
haunt	10
haunted	15
haunting	9
haunts	7
hauptmann	3
hauser	5
haute	3
hav	4
hava	3
havana	8
have	407
havea	3
havel	2
haven	95
havens	3
havent	4
haverford	3
havers	4
haves	2
haveto	3
haveyou	2
havin	9
having	85
havisham	3
havoc	8
havre	3
haw	4
hawaii	15
hawaiian	8
hawes	3
hawk	14
hawke	6
hawker	3
hawkes	6
hawkeye	8
hawking	6
hawkins	9
hawks	7
hawley	3
hawthorn	3
hawthorne	6
hay	12
hayakawa	3
hayama	3
hayami	2
hayashi	4
hayat	5
hayato	4
hayden	8
haydn	2
hayek	2
hayes	12
hayley	10
haynes	5
hayride	3
hays	3
haystack	6
hayward	5
haywire	5
haywood	3
hayworth	3
hazama	2
hazard	10
hazardous	6
hazards	5
haze	6
hazel	10
hazelnut	4
hazelwood	2
hazing	4
hazmat	4
hazy	5
hazzard	3
hbo	5
hd	4
he	438
hea	3
head	96
headache	19
headaches	10
headband	4
headboard	3
headdress	3
headed	27
header	4
headfirst	3
headgear	3
headhunter	3
headin	4
heading	30
headless	6
headlight	4
headlights	7
headline	9
headliner	3
headlines	10
headlining	3
headlock	3
headlong	3
headman	4
headmaster	10
headmistress	5
headphones	8
headpiece	2
headquarter	4
headquarters	21
heads	32
headset	5
headshot	3
headshots	3
headstone	4
headstones	2
headstrong	5
headway	4
heady	4
heal	18
healed	12
healer	7
healers	3
healey	4
healing	14
heals	7
health	35
healthcare	5
healthier	7
healthiest	3
healthy	27
healy	6
heap	10
heaped	3
heaps	6
hear	112
heard	97
heared	2
hearin	3
hearing	34
hearings	6
hearn	2
hears	15
hearsay	6
hearse	6
hearst	6
heart	86
heartache	7
heartaches	2
heartbeat	13
heartbeats	5
heartbreak	7
heartbreaker	4
heartbreaking	6
heartbroken	8
heartburn	5
hearted	5
heartfelt	6
hearth	5
heartily	5
heartland	5
heartless	10
hearts	27
heartstrings	3
heartthrob	2
heartwarming	3
hearty	7
heat	32
heated	10
heater	8
heaters	3
heath	8
heathcliff	4
heathen	6
heathens	4
heather	17
heathrow	5
heating	11
heats	5
heatstroke	2
heatwave	2
heave	8
heaven	39
heavenly	13
heavens	20
heavier	10
heavies	2
heaviest	5
heavily	23
heaviness	2
heaving	4
heavy	36
heavyweight	7
hebrew	9
hebrews	3
hebrides	2
hecate	3
hecht	3
heck	21
heckle	3
heckler	2
heckling	3
hectares	4
hectic	6
hector	16
hedda	3
hedge	8
hedgehog	7
hedgehogs	4
hedges	5
hedley	7
hedvig	3
hedwig	2
hedy	3
hee	15
heed	9
heeded	3
heeds	3
heel	12
heels	16
heer	3
heera	3
hef	3
heffernan	3
hefner	5
hefty	6
hegel	3
heh	27
hehe	3
hei	5
heidelberg	3
heidi	11
heifer	4
height	17
heighten	3
heightened	5
heights	13
heil	10
heimlich	4
hein	4
heineken	3
heinie	3
heinous	7
heinrich	7
heinz	6
heir	15
heiress	6
heirloom	6
heirlooms	3
heirs	6
heis	3
heisenberg	3
heisman	3
heist	9
heists	3
heitor	2
hejust	3
hel	7
held	35
helen	25
helena	13
helene	7
helga	7
helge	3
helicopter	20
helicopters	9
helios	3
helipad	3
helium	7
helix	4
hell	103
hella	4
hellcat	3
hellcats	3
helle	4
heller	6
hellfire	4
hellhole	5
hellish	5
hellman	3
hello	119
hells	5
hellsing	3
helluva	4
helm	8
helmand	3
helmer	3
helmet	16
helmets	7
helmsman	3
helmut	5
helo	4
heloise	3
help	152
helped	38
helper	7
helpers	5
helpful	19
helpin	3
helping	38
helpings	2
helpless	15
helplessly	3
helplessness	5
helps	25
helsing	5
helsinki	5
helter	2
hem	5
hemant	3
hematoma	5
hemingway	6
hemisphere	7
hemlock	4
hemmed	3
hemoglobin	3
hemorrhage	6
hemorrhagic	3
hemorrhaging	6
hemorrhoid	3
hemorrhoids	4
hemp	5
hen	11
hence	13
henceforth	7
henchman	4
henchmen	5
henderson	12
hendricks	6
hendrik	3
hendrix	7
heng	3
henhouse	3
henk	3
henley	4
henna	5
hennessey	4
hennessy	4
henning	5
henny	3
henri	11
henrickson	3
henrietta	6
henriette	4
henrik	7
henry	41
hens	7
henshaw	4
henson	4
heo	5
hep	5
heparin	3
hepatic	3
hepatitis	6
hepburn	4
hephaestus	3
her	274
hera	7
herald	7
heralds	3
herb	11
herbal	7
herbalife	3
herbalist	2
herbert	10
herbie	6
herbivores	2
herbs	9
herc	5
hercule	4
hercules	16
herd	13
herded	3
herder	3
herders	2
herding	4
herds	6
here	330
hereabouts	3
hereafter	7
hereby	12
hereditary	6
heredity	3
hereford	3
herein	3
heres	2
heresy	5
heretic	5
heretical	3
heretics	5
hereto	4
herewith	3
heritage	11
herman	13
hermann	7
hermano	3
hermaphrodite	3
hermes	6
hermia	3
hermie	3
hermione	5
hermit	6
hermitage	3
hernan	3
hernandez	6
hernando	4
hernia	6
hero	38
herod	5
heroes	20
heroic	12
heroically	3
heroics	4
heroin	17
heroine	9
heroines	3
heroism	6
heron	4
herpes	7
herr	18
herrera	3
herrick	3
herring	7
herrings	3
herriot	6
herrmann	5
hers	20
herschel	4
herself	39
hershel	3
hershey	4
hertfordshire	2
herto	4
hertz	4
herzog	3
hes	6
hesitant	5
hesitate	14
hesitated	6
hesitates	3
hesitating	5
hesitation	8
hess	5
hesse	3
hesselboe	2
hester	6
heston	4
het	4
hetero	3
heterosexual	6
hetman	3
hetty	8
heung	4
hewes	6
hewitt	5
hewlett	3
hex	5
hexenbiest	2
hey	200
heya	3
heyday	3
heydrich	3
heyes	3
heywood	4
hezbollah	3
hh	2
hi	105
hiatus	3
hibbert	3
hibernate	3
hibernating	3
hibernation	4
hibiscus	3
hic	3
hiccup	8
hiccups	7
hick	6
hickey	6
hickman	3
hickok	4
hickory	4
hicks	8
hid	20
hidalgo	2
hidden	30
hide	46
hideaway	4
hideki	2
hideko	3
hideo	5
hideous	11
hideously	3
hideout	9
hideouts	3
hides	11
hideyoshi	4
hidin	3
hiding	37
hie	2
hier	3
hierarchy	6
hieroglyphics	4
hieroglyphs	3
higgins	13
higgs	5
high	70
highball	3
highbrow	3
higher	28
highest	19
highland	6
highlander	4
highlanders	3
highlands	6
highlight	8
highlighted	5
highlighting	3
highlights	7
highly	24
highness	24
highs	4
highschool	3
highsmith	2
hightail	3
hightower	4
highway	19
highwayman	3
highways	6
higuchi	3
hijab	3
hijack	6
hijacked	7
hijacker	3
hijackers	4
hijacking	5
hijo	3
hikari	4
hikaru	8
hike	12
hiked	3
hiker	3
hikers	3
hikes	3
hiking	8
hikmet	2
hil	3
hilarious	15
hilary	8
hilda	10
hilde	4
hildegard	2
hildy	5
hill	30
hillary	10
hillbillies	3
hillbilly	6
hilliard	4
hillman	4
hills	20
hillside	5
hilltop	4
hilly	4
hilt	5
hilton	8
him	291
himalaya	2
himalayan	3
himalayas	6
himanshu	3
himawari	2
himiko	3
himmler	7
himself	62
himura	2
hin	2
hinata	3
hinault	3
hinazuki	3
hind	7
hindenburg	4
hinder	5
hindered	3
hindering	3
hindi	8
hindley	3
hindrance	4
hindsight	5
hindu	8
hinduism	2
hindus	5
hindustan	3
hines	4
hing	5
hinge	4
hinges	7
hinkle	3
hinky	3
hino	2
hint	14
hinted	4
hinting	4
hints	6
hip	18
hippie	8
hippies	7
hippo	6
hippocampus	3
hippocratic	3
hippodrome	2
hippopotamus	4
hippos	4
hippy	5
hips	12
hipster	4
hipsters	3
hiram	4
hirata	2
hirayama	2
hire	24
hired	28
hires	6
hiring	12
hiro	6
hiroki	3
hiroko	4
hiromi	4
hirono	3
hiroshi	8
hiroshima	7
hiroyuki	3
hirsch	4
hiruma	2
his	241
hisako	3
hisashi	3
hispanic	6
hiss	6
hisself	4
hisses	8
hissing	13
hissy	3
historian	7
historians	6
historic	11
historical	13
historically	6
histories	6
history	49
hit	79
hitch	10
hitchcock	7
hitched	7
hitchhike	4
hitchhiked	3
hitchhiker	4
hitchhikers	3
hitchhiking	4
hitching	4
hither	6
hitherto	3
hitler	24
hitman	6
hitmen	2
hitomi	5
hitori	2
hitoshi	2
hitotsu	2
hits	23
hitter	5
hitters	3
hittin	4
hitting	24
hittite	2
hittites	3
hiv	8
hive	8
hives	5
hiya	15
hiyah	3
hjalmar	3
hk	7
hm	27
hmm	60
hmmm	9
hmmph	2
hmo	3
hmph	7
hms	4
ho	32
hoa	2
hoagie	3
hoard	4
hoarder	3
hoarding	4
hoarse	4
hoarsely	3
hoax	8
hobart	4
hobbes	5
hobbies	8
hobbit	5
hobbits	3
hobble	3
hobbs	7
hobby	14
hobie	4
hobo	6
hoboken	3
hobos	3
hobson	5
hoc	3
hochstetter	4
hock	5
hocked	2
hockey	15
hockney	3
hocus	3
hodge	5
hodges	7
hodgins	8
hodja	5
hodor	2
hoe	5
hoedown	3
hoes	4
hofer	2
hoff	3
hoffa	3
hoffman	9
hoffmann	3
hog	10
hogan	13
hogarth	3
hogg	3
hogging	4
hogs	5
hogwarts	4
hogwash	3
hoh	3
hoi	5
hoist	6
hoisted	3
hojo	2
hokage	3
hoke	3
hokey	3
hokkaido	5
hol	4
hola	9
holbrook	4
hold	95
holden	10
holder	8
holders	5
holdin	5
holding	40
holdings	6
holds	20
holdup	6
hole	38
holed	7
holes	20
holger	4
holi	4
holiday	26
holidays	17
holier	2
holiest	4
holiness	10
holistic	3
holl	2
holla	4
holland	12
hollandaise	3
hollander	4
holler	9
hollered	3
hollering	5
hollers	3
holli	5
holliday	4
holling	5
hollingsworth	2
hollis	7
hollister	4
hollow	13
holloway	6
hollowed	3
hollows	2
holly	21
hollywood	23
holm	5
holman	3
holmes	17
holocaust	7
holodeck	5
hologram	7
holograms	3
holographic	5
holosuite	3
holst	3
holster	6
holt	11
holtz	3
holy	42
hom	3
homage	7
hombre	5
hombres	3
home	139
homeboy	5
homeboys	3
homecoming	10
homegirl	3
homegrown	3
homeland	14
homeless	18
homelessness	3
homely	4
homemade	10
homemaker	3
homeopathic	2
homeowner	4
homeowners	4
homer	17
homeroom	5
homerun	3
homes	20
homesick	7
homestead	5
hometown	12
homeward	3
homework	21
homeworld	5
homey	8
homeys	3
homicidal	6
homicide	20
homicides	6
homie	8
homies	5
homing	6
homo	10
homophobe	3
homophobia	3
homophobic	5
homos	4
homosexual	10
homosexuality	6
homosexuals	6
homunculus	3
hon	16
honcho	3
honda	7
hondo	4
honduras	4
hone	4
honed	3
honest	44
honestly	33
honesty	15
honey	69
honeybee	3
honeycomb	3
honeycutt	3
honeydew	3
honeymoon	18
honeymooners	3
honeys	4
honeysuckle	3
hong	22
hongkong	3
honing	3
honk	8
honking	17
honks	13
honky	4
honnold	3
honolulu	6
honor	47
honorable	14
honorably	4
honorary	6
honore	3
honored	16
honoria	3
honoring	6
honors	10
honour	27
honourable	9
honoured	9
honouring	3
honours	6
honza	2
hoo	13
hooch	5
hoochie	3
hood	19
hooded	5
hoodie	6
hoodies	3
hoodlum	5
hoodlums	5
hoodoo	3
hoods	6
hooey	3
hoof	6
hoofbeats	4
hoofs	2
hook	26
hookah	3
hooke	2
hooked	17
hooker	14
hookers	9
hookfang	3
hooking	8
hooks	9
hookup	4
hooky	5
hooli	3
hooligan	5
hooliganism	3
hooligans	6
hoon	4
hoop	7
hooper	6
hoopla	3
hoops	7
hoorah	3
hooray	12
hoot	7
hooten	3
hooter	3
hooters	4
hootie	2
hooting	7
hoots	5
hoover	9
hooves	7
hop	19
hope	89
hoped	20
hopeful	9
hopefully	22
hopeless	16
hopelessly	6
hopelessness	3
hopes	20
hopi	3
hopin	4
hoping	36
hopkins	9
hopped	6
hopper	7
hopping	7
hoppy	3
hops	4
hopscotch	3
hora	3
horace	10
horacio	3
horatio	9
horde	5
hordes	5
hori	3
horizon	12
horizons	6
horizontal	7
horizontally	3
hormonal	5
hormone	7
hormones	10
horn	28
hornblower	4
horne	4
horned	4
horner	3
hornet	6
hornets	4
horns	15
hornstock	2
horny	14
horoscope	7
horoscopes	4
horowitz	4
horrendous	6
horrible	34
horribly	8
horrid	7
horrific	8
horrified	7
horrifying	7
horror	17
horrors	8
hors	6
horse	47
horseback	7
horseman	7
horsemen	6
horseplay	2
horsepower	7
horseradish	3
horses	31
horseshit	5
horseshoe	5
horseshoes	3
horsey	4
horsie	3
horsing	3
horst	5
hortense	5
horton	6
horus	4
horvath	3
hos	5
hosanna	3
hose	12
hosed	3
hoses	4
hoshi	5
hoshino	3
hoskins	4
hospice	6
hospitable	5
hospital	58
hospitalised	2
hospitality	11
hospitalization	3
hospitalized	7
hospitals	14
hoss	7
hossein	3
host	20
hostage	18
hostages	15
hosted	5
hostel	8
hostels	2
hostess	10
hostesses	3
hostile	14
hostiles	5
hostilities	4
hostility	7
hosting	8
hosts	8
hot	66
hotaru	3
hotbed	3
hotcakes	3
hotch	6
hotchkiss	3
hotchner	4
hotdog	4
hotdogs	3
hotel	50
hotels	12
hothead	4
hotheaded	3
hothouse	2
hotline	6
hotness	3
hotpot	2
hots	5
hotshot	7
hotspot	3
hotter	11
hottest	11
hottie	7
hotties	4
hou	5
houdini	7
houghton	3
houlihan	4
hound	9
hounded	4
hounding	4
hounds	7
hour	63
hourglass	4
hourly	5
hours	72
house	116
houseboat	4
houseboy	3
housed	5
houseguest	3
houseguests	2
household	14
households	4
housekeeper	11
housekeepers	3
housekeeping	7
housemaid	4
houseman	3
housemates	3
houses	25
housewarming	5
housewife	9
housewives	7
housework	6
housing	13
houston	14
hove	2
hovel	4
hover	6
hovercraft	3
hovered	3
hovering	7
hovers	3
hovv	3
how	273
howard	24
howards	2
howdy	14
howe	6
howell	5
however	37
howie	8
howl	8
howled	3
howling	14
howls	7
hows	4
howser	3
howto	3
hoy	4
hoyle	4
hoynes	3
hoyt	6
hp	4
hpd	5
hq	10
hr	7
hrs	3
hrt	2
hs	3
hsia	3
hsiang	3
hsiao	4
hsing	2
hsu	4
ht	5
hu	9
hua	8
huai	3
huan	3
huang	9
hub	7
hubba	4
hubbard	5
hubbell	3
hubble	7
hubbub	4
hubby	9
hubcaps	3
huber	3
huberman	3
hubert	8
hubot	3
hubris	4
huck	7
huckleberry	4
hud	4
huddle	6
huddled	4
hudson	13
hue	5
huer	3
huerta	3
hues	3
huevos	3
huey	7
huff	6
huffing	4
huffs	4
huffy	3
hug	24
huge	42
hugely	6
hugged	8
hugger	3
hugging	9
huggins	3
huggy	3
hugh	14
hughes	11
hughie	3
hugo	14
hugs	8
huh	98
hui	7
hula	5
hulk	12
hulks	3
hull	11
hullabaloo	3
hullo	3
hum	11
human	60
humane	7
humanist	3
humanitarian	7
humanities	3
humanity	19
humankind	6
humanly	5
humanoid	5
humanoids	3
humans	28
humble	16
humbled	5
humbling	3
humbly	7
humboldt	3
humbug	4
humdrum	3
hume	4
humerus	3
humid	5
humidity	6
humiliate	10
humiliated	13
humiliates	2
humiliating	12
humiliation	11
humiliations	2
humility	8
hummel	3
hummer	5
humming	19
hummingbird	4
hummingbirds	3
hummus	4
humongous	4
humor	18
humoring	2
humorous	5
humour	11
hump	10
humpback	3
humped	3
humph	4
humphrey	9
humphreys	3
humphries	3
humping	6
humps	4
humpty	5
hums	8
humvee	4
hun	7
hunahpu	3
hunan	3
hunch	12
hunchback	5
hunched	3
hunches	4
hundred	42
hundreds	26
hundredth	4
hung	25
hungarian	9
hungarians	4
hungary	8
hunger	17
hungover	5
hungrier	3
hungry	44
hunh	2
hunk	9
hunker	3
hunks	3
hunky	4
hunnicutt	4
huns	4
hunt	27
hunted	11
hunter	23
hunters	14
huntin	3
hunting	26
huntington	5
huntley	4
huntress	3
hunts	6
huntsman	3
huntsmen	5
huntsville	3
huo	4
hup	9
hur	4
hurdle	5
hurdles	4
hurl	6
hurled	4
hurley	6
hurling	3
huron	2
hurrah	9
hurray	8
hurricane	12
hurricanes	5
hurried	6
hurriedly	3
hurries	3
hurry	67
hurrying	6
hurst	3
hurt	75
hurtful	6
hurtin	3
hurting	23
hurtling	3
hurts	33
hury	3
hus	2
husband	74
husbands	14
hush	15
hushed	5
husk	3
huskies	3
husky	4
hussain	4
hussars	2
hussein	7
hussy	5
hustle	11
hustled	4
hustler	6
hustlers	4
hustling	5
huston	3
hut	16
hutch	7
hutchins	3
hutchinson	4
huts	6
hutton	7
hutu	2
huw	2
huxley	5
huxtable	3
huygens	3
huzzah	4
hwa	8
hwan	5
hwang	9
hy	4
hyacinth	5
hyah	12
hyatt	3
hybrid	9
hybrids	5
hyde	10
hyderabad	6
hydra	7
hydrangeas	3
hydrant	4
hydrate	4
hydrated	4
hydration	3
hydraulic	6
hydraulics	4
hydro	3
hydrocarbons	3
hydrochloric	3
hydroelectric	3
hydrogen	10
hydroponic	2
hydroxide	3
hye	6
hyena	5
hyenas	5
hyeok	3
hyeon	4
hyeong	4
hygiene	8
hygienic	4
hygienist	3
hymen	3
hymie	4
hymn	7
hymns	5
hyneman	3
hyo	7
hyoid	3
hype	6
hyped	3
hyper	5
hyperactive	3
hyperbole	2
hyperdrive	4
hyperion	3
hyperspace	5
hypertension	4
hyperventilating	4
hypnosis	7
hypnotic	5
hypnotised	3
hypnotism	3
hypnotist	4
hypnotize	5
hypnotized	6
hypo	3
hypochondriac	3
hypocrisy	7
hypocrite	9
hypocrites	5
hypocritical	6
hypodermic	3
hypotensive	3
hypotenuse	2
hypothalamus	3
hypothermia	5
hypothermic	2
hypotheses	3
hypothesis	8
hypothetical	7
hypothetically	7
hypoxia	3
hysterectomy	3
hysteria	7
hysterical	12
hysterically	5
hysterics	4
hyuga	3
hyuk	6
hyun	12
hyundai	3
hyung	9
hyungnim	4
hyunto	3
i	1000
ia	7
iab	4
iad	3
iadc	3
iago	3
iain	3
iam	3
ian	21
ianto	3
iast	7
iaw	4
ib	3
iben	3
ibis	3
ibiza	5
ibm	5
ibn	4
ibrahim	6
ibsen	3
ibuprofen	3
ic	3
icac	2
icarly	3
icarus	5
icc	2
ice	45
iceberg	7
icebergs	3
icebox	5
icebreaker	3
icecream	3
iced	9
iceland	8
icelandic	4
iceman	4
ices	3
ich	7
ichabod	4
ichelangelo	3
ichi	6
ichigo	3
ichikawa	3
ichiro	4
ici	3
icicle	3
icicles	3
icing	6
ick	3
icky	4
ico	3
icon	8
iconic	6
icons	4
icu	8
icy	9
id	24
ida	10
idaho	7
ide	3
idea	96
ideal	17
idealism	4
idealist	5
idealistic	4
idealized	2
ideally	5
ideals	9
ideas	33
ident	3
identical	13
identifiable	3
identification	12
identified	17
identifies	4
identify	21
identifying	7
identities	8
identity	23
ideological	5
ideologies	3
ideology	7
ides	3
idiocy	4
idiom	3
idiot	47
idiotic	9
idiots	21
idle	10
idleness	3
idling	4
idly	5
ido	3
idol	15
idolize	2
idolized	3
idols	6
idris	3
ids	7
idyllic	4
ie	5
iearn	4
ieast	6
ied	4
ieds	2
ieft	5
iet	11
ieyasu	4
if	302
ife	3
iffy	4
ifhe	4
ifi	3
ifield	2
ifit	3
ifl	5
ifs	8
ifthe	3
ifthere	3
ifthey	3
ifwe	5
ifyou	11
ig	4
iga	4
igarashi	2
iggy	5
ight	3
iglesias	3
igloo	4
ignacio	6
ignasi	3
ignatius	3
ignite	6
ignited	5
ignites	3
igniting	3
ignition	9
ignoble	2
ignoramus	3
ignorance	11
ignorant	13
ignore	23
ignored	13
ignores	5
ignoring	11
igor	10
igt	3
iguana	5
iguanas	3
ihab	3
ihop	3
ii	19
iib	3
iife	9
iii	11
iike	17
iittle	5
iive	4
ijust	4
ik	3
ikari	3
ike	12
ikea	4
ikebukuro	2
ikeda	3
iku	2
il	12
ilan	3
ilana	6
ilaria	2
ilene	3
iliad	2
iljimae	3
ilk	3
ill	29
illegal	26
illegally	9
illegals	4
illegitimate	7
illicit	6
illinois	9
illiterate	7
illness	18
illnesses	5
illogical	5
ills	4
illuminate	5
illuminated	4
illuminates	3
illuminati	3
illuminating	4
illumination	4
illusion	15
illusionist	3
illusions	8
illustrate	5
illustrated	5
illustrates	3
illustration	4
illustrations	4
illustrator	3
illustrious	6
ilona	4
ilsa	4
ilse	4
ily	3
ilya	5
ilyich	3
im	15
ima	4
image	27
imagery	6
images	18
imaginable	5
imaginary	11
imagination	22
imaginations	5
imaginative	5
imagine	50
imagined	19
imagines	4
imaging	6
imagining	12
imai	2
imam	6
iman	2
imbalance	5
imbecile	9
imbeciles	4
imbued	3
imelda	3
imf	4
imi	3
imitate	7
imitated	3
imitates	10
imitating	11
imitation	7
imitations	3
immaculate	6
immaterial	4
immature	9
immeasurable	3
immediate	17
immediately	41
immemorial	3
immense	10
immensely	6
immensity	2
immerse	4
immersed	5
immersion	4
immigrant	8
immigrants	9
immigrated	3
immigration	11
imminent	9
immobile	3
immobilize	2
immobilized	3
immoral	8
immorality	3
immortal	13
immortality	8
immortalized	3
immortals	5
immovable	3
immune	11
immunity	17
immutable	2
imogen	4
imogene	3
imp	4
impact	20
impacted	4
impacts	5
impaired	6
impairment	3
impala	4
impale	3
impaled	4
impart	4
impartial	5
impassable	3
impasse	4
impassioned	3
impatience	4
impatient	11
impatiently	3
impeach	3
impeachment	3
impeccable	7
impeccably	2
impede	3
impediment	4
impeding	3
impending	6
impenetrable	5
imperative	8
imperfect	6
imperfection	3
imperfections	4
imperial	16
imperialism	4
imperialist	4
imperialists	3
impersonal	4
impersonate	4
impersonated	3
impersonating	6
impersonation	4
impersonator	4
impertinence	4
impertinent	5
impervious	4
impetuous	4
impetus	3
implacable	3
implant	8
implanted	6
implants	7
implausible	3
implement	7
implementation	4
implemented	5
implementing	3
implements	3
implicate	5
implicated	6
implicates	2
implicating	3
implication	5
implications	7
implicit	3
implicitly	3
implied	7
implies	7
implode	3
imploded	3
implore	6
implosion	4
imply	7
implying	10
impolite	6
import	8
importance	16
important	76
importantly	14
imported	9
importer	3
importing	4
imports	5
impose	9
imposed	7
imposes	3
imposing	6
imposition	4
impossibility	4
impossible	43
impossibly	4
imposter	6
imposters	3
impostor	7
impostors	3
impotence	4
impotent	8
impound	5
impounded	4
impoverished	4
impractical	4
impregnable	4
impregnate	3
impregnated	4
impresario	3
impress	16
impressed	22
impresses	4
impressing	4
impression	22
impressionable	4
impressionism	2
impressionist	3
impressionists	3
impressions	9
impressive	23
imprint	6
imprinted	4
imprints	3
imprison	5
imprisoned	10
imprisonment	9
improbable	5
impromptu	4
improper	6
improperly	3
impropriety	3
improv	5
improve	16
improved	12
improvement	10
improvements	6
improves	5
improving	9
improvisation	4
improvise	8
improvised	5
improvising	4
imprudent	3
impudence	4
impudent	5
impulse	11
impulses	7
impulsive	8
impulsively	3
impunity	4
impure	5
impurities	3
impurity	2
imran	3
imre	3
in	505
ina	4
inability	6
inaccessible	4
inaccurate	4
inaction	2
inactive	4
inadequacy	3
inadequate	6
inadmissible	5
inadvertently	5
inane	3
inanimate	4
inappropriate	13
inappropriately	4
inari	3
inasmuch	2
inaudible	14
inaudibly	3
inaugural	4
inaugurate	3
inaugurated	3
inauguration	6
inauspicious	3
inbound	5
inbox	3
inbred	4
inbreeding	3
inc	8
inca	6
incalculable	2
incan	2
incandescent	2
incantation	4
incantations	2
incapable	10
incapacitate	2
incapacitated	4
incarcerated	6
incarceration	5
incarnate	4
incarnation	4
incas	4
incendiary	4
incense	7
incensed	3
incentive	7
incentives	4
inception	3
incessant	4
incessantly	3
incest	5
incestuous	3
inch	17
incheon	3
inches	16
incidence	3
incident	25
incidental	3
incidentally	8
incidents	10
incinerate	3
incinerated	4
incinerator	4
incision	7
incisions	3
incisors	2
incite	4
incited	3
inciting	4
inclination	5
inclinations	2
incline	3
inclined	9
include	16
included	15
includes	12
including	29
inclusion	3
inclusive	3
incognito	5
incoherent	4
incoherently	3
income	15
incomes	3
incoming	12
incomparable	4
incompatible	4
incompetence	6
incompetent	10
incomplete	9
incomprehensible	5
inconceivable	5
inconclusive	5
inconsequential	3
inconsiderate	5
inconsistencies	4
inconsistency	2
inconsistent	5
inconsolable	3
inconspicuous	4
incontinence	3
incontinent	3
incontrovertible	2
inconvenience	9
inconvenienced	3
inconvenient	8
incorporate	5
incorporated	7
incorporating	3
incorrect	7
incorrectly	4
incorrigible	4
incorruptible	3
increase	19
increased	13
increases	9
increasing	12
increasingly	10
incredible	33
incredibly	21
incriminate	5
incriminating	6
incubation	3
incubator	4
incumbent	4
incur	4
incurable	6
incurred	4
incursion	3
ind	3
indebted	7
indecency	3
indecent	7
indecision	3
indecisive	4
indeed	38
indeedy	3
indefinite	4
indefinitely	7
indelible	3
indelicate	3
indemnity	3
indentation	3
indentations	2
indentured	3
independence	14
independent	17
independently	6
independents	2
inder	3
indescribable	4
indestructible	6
indeterminate	2
index	8
india	27
indian	27
indiana	10
indianapolis	5
indians	18
indicate	14
indicated	9
indicates	11
indicating	6
indication	10
indications	6
indicative	4
indicator	5
indicators	4
indict	5
indicted	6
indictment	8
indictments	4
indie	5
indies	6
indifference	6
indifferent	7
indigenous	7
indigent	2
indigestion	6
indignant	3
indignation	4
indignity	3
indigo	4
indio	3
indira	3
indirect	4
indirectly	5
indiscreet	5
indiscretion	4
indiscretions	3
indiscriminate	3
indiscriminately	3
indispensable	6
indisposed	5
indisputable	3
indistinct	31
indistinctly	18
indistinguishable	3
individual	20
individualism	3
individuality	4
individually	7
individuals	13
indivisible	3
indochina	3
indoctrination	2
indomitable	3
indonesia	7
indonesian	5
indoor	6
indoors	8
indra	4
indu	4
induce	6
induced	6
induces	3
inducing	3
inducted	2
induction	5
indulge	9
indulged	4
indulgence	5
indulgences	2
indulgent	3
indulging	4
industrial	14
industrialist	5
industrialists	3
industrialized	2
industries	11
industrious	4
industry	21
indy	5
ine	3
inebriated	3
inedible	3
ineffective	4
ineffectual	3
inefficiency	3
inefficient	4
inept	4
inequality	4
inert	4
inertia	4
inertial	3
ines	4
inescapable	4
inevitability	3
inevitable	13
inevitably	7
inexcusable	4
inexhaustible	3
inexorable	2
inexorably	2
inexpensive	4
inexperience	3
inexperienced	6
inexplicable	5
inexplicably	3
inextricably	2
inez	5
infact	3
infallible	5
infamous	9
infamy	4
infancy	4
infant	10
infantile	4
infantry	9
infants	5
infarction	3
infatuated	4
infatuation	4
infect	6
infected	16
infecting	4
infection	16
infections	6
infectious	7
infects	3
infeld	3
infer	4
inference	3
inferior	9
inferiority	4
infernal	6
inferno	6
infertile	4
infertility	3
infestation	4
infested	5
infidel	5
infidelity	6
infidels	4
infield	3
infiltrate	7
infiltrated	6
infiltrating	4
infiltration	4
infiltrators	2
infinite	11
infinitely	6
infinity	8
infirm	3
infirmary	9
inflame	3
inflamed	4
inflammation	5
inflammatory	4
inflatable	5
inflate	4
inflated	4
inflating	3
inflation	7
inflexible	3
inflict	6
inflicted	7
inflicting	4
influence	21
influenced	9
influences	6
influencing	4
influential	8
influenza	4
influx	3
info	13
infomercial	3
inform	21
informal	6
informally	4
informant	11
informants	5
information	50
informative	4
informed	19
informer	7
informers	4
informing	7
informs	5
infraction	3
infractions	3
infrared	8
infrastructure	7
infringement	3
infront	4
infuriated	3
infuriating	4
infuse	3
infused	4
infuser	3
infusion	4
ing	8
inga	5
inge	5
ingeborg	3
ingenious	8
ingenuity	6
inger	4
ingest	4
ingested	5
ingesting	3
ingestion	2
ingles	3
inglewood	2
ingmar	4
ingots	2
ingrained	3
ingram	5
ingrate	4
ingrates	2
ingratitude	3
ingredient	9
ingredients	12
ingrid	11
inhabit	5
inhabitant	2
inhabitants	9
inhabited	6
inhalation	4
inhale	8
inhaled	4
inhaler	5
inhales	14
inhaling	6
inherent	5
inherently	4
inherit	10
inheritance	12
inherited	12
inheriting	3
inherits	3
inhibit	3
inhibited	3
inhibition	2
inhibitions	5
inhibitor	4
inhibitors	3
inhospitable	4
inhuman	7
inhumane	4
inhumanity	2
inhumans	4
inigo	3
iniquity	3
initial	14
initially	10
initials	9
initiate	9
initiated	8
initiates	3
initiating	5
initiation	7
initiative	11
initiatives	4
inject	8
injected	8
injecting	5
injection	12
injections	7
injector	3
injectors	2
injun	4
injunction	6
injuns	3
injure	5
injured	21
injuries	16
injuring	3
injurious	3
injury	18
injustice	11
injustices	3
ink	14
inkling	5
inky	3
inland	7
inlet	3
inman	3
inmate	9
inmates	11
inn	16
innards	3
innate	5
inner	18
innermost	4
inning	5
innings	4
innit	11
innkeeper	5
innocence	14
innocent	39
innocently	4
innocents	6
innocuous	3
innovate	2
innovation	7
innovations	4
innovative	6
innovator	3
innovators	2
inns	3
innuendo	4
innumerable	3
ino	3
inoculated	3
inoculation	3
inoperable	4
inopportune	2
inorganic	3
inoue	4
input	9
inputs	3
inquest	6
inquire	7
inquired	4
inquiries	7
inquiring	5
inquiry	12
inquisition	7
inquisitive	5
inquisitor	4
inroads	2
ins	5
insane	31
insanely	6
insanity	11
insatiable	5
inscribed	5
inscription	7
inscriptions	4
inscrutable	3
insect	11
insecticide	3
insects	13
insecure	9
insecurities	4
insecurity	5
inseminated	3
insemination	4
insensitive	9
inseparable	6
insert	9
inserted	6
inserting	3
insertion	3
inserts	3
inshallah	3
inshun	3
inside	78
insider	6
insiders	3
insides	7
insidious	4
insight	10
insightful	4
insights	5
insignia	4
insignificant	8
insincere	3
insinuate	3
insinuated	3
insinuating	6
insinuation	3
insinuations	3
insipid	3
insist	22
insisted	16
insistence	4
insistent	6
insisting	8
insists	10
insofar	2
insolence	6
insolent	7
insomnia	7
insomniac	3
inspect	8
inspected	5
inspecting	4
inspection	13
inspections	4
inspector	35
inspectors	7
inspiration	15
inspirational	6
inspirations	2
inspire	10
inspired	17
inspires	6
inspiring	10
inspite	2
instability	5
instagram	7
install	9
installation	7
installations	4
installed	11
installing	5
installment	5
installments	5
instalment	3
instalments	3
instance	19
instances	5
instant	17
instantaneous	5
instantaneously	3
instantly	13
instead	50
instigate	3
instigated	4
instigating	2
instigator	3
instill	3
instilled	3
instinct	15
instinctive	4
instinctively	5
instincts	13
institute	15
instituted	3
institution	13
institutional	4
institutionalized	4
institutions	8
instruct	7
instructed	10
instructing	4
instruction	9
instructions	20
instructive	3
instructor	12
instructors	4
instructs	3
instrument	14
instrumental	16
instrumentation	2
instruments	13
insubordinate	3
insubordination	5
insufferable	5
insufficient	6
insulate	3
insulated	4
insulation	5
insulin	7
insult	18
insulted	13
insulting	12
insults	9
insurance	28
insure	5
insured	8
insurgency	3
insurgent	3
insurgents	5
insurmountable	3
insurrection	4
int	3
intact	13
intake	7
intangible	3
integral	5
integrate	5
integrated	6
integrating	2
integration	5
integrity	13
intel	15
intellect	7
intellectual	12
intellectually	5
intellectuals	6
intelligence	26
intelligent	20
intelligently	3
intend	23
intendant	2
intended	17
intending	6
intends	8
intense	19
intensely	6
intensified	4
intensifies	6
intensify	3
intensifying	3
intensity	8
intensive	8
intent	13
intention	19
intentional	6
intentionally	9
intentions	15
intently	3
intents	4
inter	4
interact	7
interacted	3
interacting	5
interaction	7
interactions	4
interactive	4
interacts	2
intercede	3
intercept	9
intercepted	8
intercepting	3
interception	3
interceptor	3
interceptors	3
intercepts	3
interchange	3
interchangeable	3
intercom	9
interconnected	3
intercontinental	3
intercourse	9
interdimensional	3
interest	37
interested	46
interesting	48
interestingly	5
interests	19
interface	7
interfere	17
interfered	6
interference	11
interferes	4
interfering	10
intergalactic	5
interim	5
interior	13
interiors	3
interject	3
interlock	3
interlocking	2
interloper	2
interlude	3
intermediary	4
intermediate	4
interminable	3
intermission	5
intermittent	4
intern	11
internal	19
internally	6
international	24
internationally	5
interned	3
internet	26
interning	2
internment	3
interns	7
internship	8
interpersonal	3
interplanetary	4
interpol	9
interposing	2
interpret	8
interpretation	9
interpretations	3
interpreted	5
interpreter	8
interpreters	2
interpreting	4
interracial	3
interred	2
interrogate	9
interrogated	7
interrogating	6
interrogation	13
interrogations	4
interrogator	3
interrogators	2
interrupt	20
interrupted	11
interrupting	13
interruption	7
interruptions	5
interrupts	3
intersect	6
intersection	8
interstate	6
interstellar	5
intertwined	4
interval	5
intervals	5
intervene	9
intervened	5
intervening	3
intervention	11
interventions	3
interview	31
interviewed	12
interviewer	8
interviewing	9
interviews	13
intestinal	4
intestine	5
intestines	7
inthe	3
intimacy	9
intimate	14
intimately	5
intimidate	7
intimidated	8
intimidating	8
intimidation	6
into	151
intolerable	6
intolerance	4
intolerant	5
intoxicated	7
intoxicating	6
intoxication	6
intracranial	3
intravenous	3
intrepid	5
intricacies	2
intricate	6
intrigue	6
intrigued	8
intrigues	4
intriguing	9
intrinsic	3
intro	8
introduce	31
introduced	18
introduces	4
introducing	10
introduction	11
introductions	6
introductory	3
introverted	3
intrude	8
intruded	3
intruder	10
intruders	7
intruding	7
intrusion	7
intrusive	4
intubate	5
intubated	3
intubation	4
intuition	9
intuitive	5
inuit	3
inundated	3
inuyasha	3
invade	10
invaded	10
invader	4
invaders	8
invades	3
invading	7
invalid	7
invaluable	7
invariably	4
invasion	15
invasions	3
invasive	4
invent	11
invented	20
inventing	6
invention	13
inventions	7
inventive	5
inventor	8
inventors	4
inventory	11
invents	3
inverness	3
inverse	3
inversion	3
inverted	4
invest	13
invested	12
investigate	19
investigated	10
investigates	3
investigating	19
investigation	33
investigations	10
investigative	7
investigator	13
investigators	9
investing	7
investment	17
investments	8
investor	8
investors	10
invests	2
invigorating	3
invincible	11
invisibility	5
invisible	19
invitation	19
invitational	3
invitations	9
invite	29
invited	33
invites	8
inviting	14
invoice	6
invoices	5
invoke	6
invoked	4
invoking	3
involuntarily	3
involuntary	5
involve	14
involved	43
involvement	11
involves	11
involving	11
invulnerable	4
inward	4
inwards	3
io	7
ioan	3
iodine	5
iolaus	7
ion	6
iona	3
iong	7
ionger	4
ionic	3
ions	3
iook	5
iooked	3
iot	12
iota	3
iou	4
ious	2
iove	11
ioved	3
iow	2
iowa	8
ip	7
ipad	6
ipads	2
ipek	3
iphone	6
ipo	3
ipod	6
ips	3
ipswich	3
iq	8
iqbal	4
ir	4
ira	11
iran	11
iranian	7
iranians	4
iraq	16
iraqi	7
iraqis	4
irate	3
ire	3
ireland	13
irena	5
irene	14
irfan	3
iridium	3
irina	8
iris	13
irisa	3
irises	2
irish	17
irishman	5
irishmen	2
irma	7
iron	27
ironclad	3
ironed	5
ironic	12
ironically	7
ironing	7
irons	6
irony	11
irradiated	3
irrational	8
irrationally	2
irrefutable	4
irregular	8
irregularities	4
irregularity	3
irrelevant	11
irreparable	4
irreplaceable	5
irresistible	8
irrespective	3
irresponsibility	3
irresponsible	11
irreversible	5
irrevocable	3
irrevocably	3
irrigate	3
irrigation	5
irritability	2
irritable	5
irritate	6
irritated	7
irritates	4
irritating	9
irritation	4
irs	7
iru	3
irv	4
irvin	3
irvine	3
irving	9
irwin	6
is	507
isa	6
isaac	14
isaacs	3
isabel	13
isabela	2
isabella	10
isabelle	11
isadora	3
isaiah	6
isak	4
isamu	3
isao	3
iscariot	2
ise	3
ish	5
isha	3
ishaan	3
ishida	4
ishihara	3
ishii	3
ishikawa	4
ishmael	3
ishtar	3
isi	4
isis	8
isla	4
islam	10
islamabad	3
islamic	9
islamist	2
island	42
islanders	4
islands	16
isle	8
isles	6
ismael	3
ismail	5
isn	122
isnt	5
iso	3
isobel	6
isolate	9
isolated	14
isolating	4
isolation	10
isolde	4
isotope	3
isotopes	3
israel	16
israeli	10
israelis	6
israelites	4
iss	3
issa	3
isso	3
issue	31
issued	13
issues	26
issuing	5
ist	6
istanbul	9
isthe	3
istvan	2
it	688
ita	3
italia	3
italian	27
italiano	3
italians	10
italy	22
itch	9
itches	5
itching	8
itchy	9
ite	3
item	18
items	16
itfc	3
ith	3
ithaca	4
itinerant	3
itinerary	6
itis	3
itjust	5
ito	6
its	79
itself	37
itsuki	3
itsy	2
itt	3
itto	3
itunes	5
itv	3
itwas	4
iu	3
iv	12
ivan	17
ivana	3
ivanhoe	3
ivanov	4
ivanova	3
ivanovich	5
ivanovna	4
ivar	4
ive	6
iverson	3
ives	5
ivf	3
ivo	5
ivor	3
ivory	8
ivs	3
ivy	14
iwaki	2
iwas	3
iwill	3
iwo	4
ix	3
iy	3
iyer	2
iz	4
izmir	2
izu	3
izumi	5
izumo	2
izzie	6
izzy	9
ja	15
jaan	3
jab	8
jabba	4
jabbar	4
jabber	3
jabbering	4
jabberwocky	3
jabbing	3
jabez	2
jabs	3
jace	7
jacek	3
jacinta	3
jacinto	4
jack	59
jackal	6
jackals	4
jackass	11
jackasses	3
jacked	7
jacket	28
jackets	8
jackhammer	4
jackie	23
jacking	5
jackman	4
jacko	5
jackpot	10
jackrabbit	3
jacks	8
jackson	25
jacksonville	4
jacky	6
jaclyn	4
jaco	3
jacob	20
jacobi	3
jacobite	2
jacobo	3
jacobs	7
jacobsen	3
jacobson	3
jacoby	3
jacqueline	8
jacques	13
jacqui	3
jacquie	3
jacquou	3
jacuzzi	7
jada	3
jade	13
jaded	4
jaden	3
jadzia	4
jae	13
jaeger	3
jafar	4
jaffa	6
jaffar	2
jaffe	3
jag	7
jagged	5
jagger	6
jaggery	2
jaggi	3
jaggu	3
jago	3
jaguar	8
jaguars	3
jah	3
jahan	3
jai	11
jail	42
jailbird	3
jailbreak	3
jailed	6
jailer	5
jailhouse	4
jails	5
jaime	8
jaimie	2
jain	2
jaipur	3
jairo	3
jaison	3
jakarta	4
jake	34
jakes	4
jakey	4
jakob	7
jakub	3
jal	2
jalapeno	3
jalopy	3
jam	19
jamaica	8
jamaican	6
jamal	10
jambalaya	3
jamboree	3
james	42
jameson	7
jamestown	2
jamey	2
jami	4
jamie	24
jamieson	3
jamil	3
jamila	3
jamison	4
jammed	12
jammer	5
jammies	3
jammin	3
jamming	8
jammy	2
jams	6
jamuna	3
jan	15
jana	7
janaki	3
jandi	3
jane	36
janeiro	5
janek	5
janelle	5
janet	18
janette	3
janeway	6
janey	9
jang	12
jangle	4
jangles	3
jangling	4
jango	3
jani	3
janice	12
janie	7
janina	3
janine	8
janis	6
janitor	11
janitorial	2
janitors	3
janki	3
janko	3
janne	3
jano	3
janos	4
jansen	5
janssen	3
janu	3
january	16
janus	5
janusz	3
janvier	2
jap	6
japan	25
japanese	30
japp	3
japs	7
jar	14
jardine	2
jareau	3
jared	13
jarek	3
jargon	4
jaridian	2
jaridians	2
jarl	3
jarle	2
jarndyce	2
jarod	10
jarrett	4
jarring	3
jarro	2
jarrod	4
jars	7
jarvis	8
jas	4
jase	4
jasmin	3
jasmine	11
jasna	3
jason	29
jasper	11
jassi	3
jastrow	2
jatin	3
jaundice	3
jaunt	3
jaunty	3
java	6
javed	3
javelin	3
javert	3
javi	6
javier	12
jaw	13
jawbone	3
jawohl	5
jaws	9
jax	11
jay	22
jaya	4
jayden	4
jaye	3
jaymes	3
jayne	4
jaywalking	3
jaz	3
jazz	19
jazzed	3
jazzy	6
jb	5
jc	4
jd	7
je	11
jealous	32
jealously	2
jealousy	14
jean	23
jeane	3
jeanette	7
jeanie	5
jeanine	4
jeanne	10
jeannette	4
jeannie	12
jeannine	3
jeannot	3
jeans	14
jeb	6
jed	9
jedediah	3
jedi	9
jedikiah	2
jee	3
jeep	13
jeepers	4
jeeps	3
jeering	5
jeet	3
jeeva	4
jeevan	3
jeeves	7
jeez	19
jef	2
jefe	5
jeff	32
jefferies	3
jeffers	4
jefferson	13
jeffersonian	4
jeffery	3
jeffords	2
jeffrey	14
jeffries	6
jeffy	3
jehovah	5
jeju	4
jekyll	6
jelena	3
jellicle	2
jellies	2
jello	3
jelly	13
jellybean	2
jellybeans	2
jellyfish	7
jem	6
jemaine	4
jemima	3
jemma	4
jen	16
jena	3
jenga	3
jenkins	12
jenks	3
jenn	5
jenna	16
jenner	5
jenni	3
jennie	6
jennifer	20
jennings	8
jenny	27
jens	6
jensen	9
jenson	3
jeon	3
jeong	10
jeongyeon	3
jeopardise	3
jeopardize	7
jeopardized	4
jeopardizing	4
jeopardy	9
jeppe	3
jer	6
jeremiah	8
jeremy	21
jeri	3
jericho	6
jerk	27
jerked	5
jerking	8
jerks	10
jerky	7
jermaine	3
jerome	11
jerri	6
jerries	3
jerrod	5
jerry	29
jersey	18
jerseys	4
jerusalem	13
jervis	3
jerzy	4
jesper	4
jess	20
jessa	3
jesse	23
jessi	5
jessica	22
jessie	15
jessop	2
jessup	5
jessy	3
jest	6
jester	5
jesu	2
jesuit	4
jesuits	3
jesus	56
jet	19
jeter	4
jethro	7
jetpack	2
jets	9
jetson	5
jett	4
jetta	3
jettison	3
jetty	4
jew	16
jewel	12
jeweler	5
jewelers	3
jeweller	4
jewellers	3
jewellery	10
jewelry	17
jewels	15
jewess	2
jewish	21
jews	21
jez	6
jezebel	4
jfk	6
ji	14
jia	7
jian	4
jiang	8
jiao	4
jib	5
jibun	2
jie	6
jiff	3
jiffy	6
jig	5
jigen	3
jigger	3
jiggle	4
jiggling	3
jiggly	3
jiggy	3
jigsaw	6
jihad	6
jihadi	2
jihadists	2
jill	17
jillian	7
jilly	4
jilted	4
jim	38
jima	3
jimbo	7
jimenez	5
jimi	6
jiminy	4
jimmie	5
jimmy	38
jin	19
jing	8
jingle	12
jingles	6
jingling	7
jinkies	3
jinks	3
jinlun	2
jinn	4
jinnah	3
jinny	3
jinx	8
jinxed	4
jip	3
jiro	6
jitterbug	3
jitters	5
jittery	4
jiu	3
jive	6
jiya	3
jizz	4
jj	10
jk	3
jo	23
joachim	4
joakim	3
joan	19
joana	3
joanie	6
joann	3
joanna	11
joanne	8
joao	4
joaquim	3
joaquin	7
job	102
jobe	3
jobless	5
jobs	28
jocelyn	6
jochen	3
jock	11
jockey	9
jockeys	4
jocko	3
jocks	5
jockstrap	3
jodi	6
jodie	7
jody	9
joe	49
joel	15
joelle	3
joes	4
joey	25
joffrey	4
jog	8
jogged	2
jogger	4
jogging	8
jogi	4
jogs	2
johan	8
johann	7
johanna	6
johannes	6
johannesburg	4
johansen	3
johansson	4
john	62
johnathan	2
johnnie	8
johnno	3
johnny	35
johns	7
johnson	24
johnsons	3
johnston	5
johnstone	2
joie	3
join	47
joined	24
joiner	3
joining	19
joins	8
joint	22
jointly	3
joints	9
joji	2
jojo	8
joke	42
joked	4
joker	12
jokers	5
jokes	22
jokin	3
joking	26
jolbon	3
jolene	5
jolie	5
jollies	2
jolly	15
jolson	3
jolt	5
jolyon	3
jon	16
jonah	12
jonas	13
jonathan	20
jonathon	3
jones	25
jonesing	3
jonesy	6
jong	6
joni	5
jonjo	3
jonno	2
jonny	9
jono	3
joo	11
joon	13
joong	3
joplin	4
jordache	3
jordan	22
jordans	2
jordi	5
jordy	3
jorge	11
jorgen	3
jos	4
jose	13
josef	7
josefa	3
josefina	3
josefine	2
joselito	3
joseon	5
joseph	22
josephine	8
josephus	3
josette	3
josh	26
joshi	3
joshua	13
joshy	3
josiah	5
josie	9
joss	7
jostle	2
jot	4
jotaro	3
joubert	2
joules	3
jour	4
journal	14
journalism	8
journalist	16
journalistic	4
journalists	11
journals	7
journey	30
journeyed	4
journeys	6
joust	4
jousting	3
jovan	3
jove	6
jovi	4
jovial	3
joxer	5
joy	31
joyce	13
joyful	8
joyfully	3
joyner	3
joyous	7
joyride	4
joyriding	2
joys	8
joystick	3
jozef	3
jp	8
jr	13
jt	8
jtp	2
ju	10
juan	18
juana	4
juanita	6
juanito	4
juarez	5
jubal	3
jubei	4
jubilation	2
jubilee	6
jud	5
judah	6
judaism	5
judas	10
judd	7
jude	10
judea	4
judge	44
judged	11
judgement	10
judgements	3
judges	19
judging	15
judgment	20
judgmental	6
judgments	5
judgy	2
judi	4
judicial	7
judiciary	4
judith	12
judo	6
judson	4
judy	20
juergens	3
jug	8
juggernaut	3
juggle	5
juggler	3
juggling	6
jughead	3
jugs	5
jugular	5
juha	3
juice	25
juiced	3
juicer	3
juices	6
juicing	3
juicy	11
juilliard	4
jujitsu	3
juju	4
juke	3
jukebox	6
jule	3
jules	16
juli	4
julia	25
julian	19
juliana	5
julianna	3
julianne	5
julie	25
julien	11
julienne	3
juliet	14
julieta	2
juliette	11
julio	11
julius	12
july	19
juma	3
jumba	3
jumble	4
jumbled	3
jumbo	8
jumong	6
jump	40
jumped	23
jumper	9
jumpers	5
jumpin	5
jumping	19
jumps	11
jumpsuit	4
jumpsuits	2
jumpy	8
jun	12
junction	8
juncture	4
june	22
jung	15
jungle	21
jungles	5
juni	3
junie	2
junior	26
juniors	5
juniper	5
junk	19
junket	3
junkie	11
junkies	7
junko	4
junky	3
junkyard	6
juno	4
junpyo	3
junta	3
jupiter	12
jura	3
jurassic	5
jurek	3
jurgen	3
juri	3
juries	5
jurisdiction	11
jurisdictional	2
jurisprudence	2
juror	7
jurors	7
jury	28
jus	4
jussi	3
just	340
justice	36
justices	3
justifiable	4
justification	6
justified	9
justifies	5
justify	12
justifying	3
justin	22
justine	8
justly	4
justo	3
justus	3
jut	2
jutland	3
jutsu	4
juve	3
juvenile	11
juveniles	3
juvie	7
jyoti	3
ka	9
kaali	3
kaan	3
kabaddi	5
kabbalah	2
kabir	7
kaboom	4
kabuki	3
kabul	6
kadir	3
kaede	4
kaew	3
kafka	4
kaga	3
kagami	2
kagan	3
kagawa	3
kage	3
kagome	2
kahlan	4
kahn	7
kahuna	3
kai	13
kaidu	3
kailash	3
kaiser	7
kaitlin	4
kaitlyn	4
kaj	3
kaja	3
kajal	5
kaji	4
kak	2
kaka	3
kakarrot	3
kakashi	3
kaku	2
kal	4
kala	4
kalahari	3
kalashnikov	2
kale	7
kaleb	3
kaleel	2
kaleido	5
kaleidoscope	3
kaley	3
kali	7
kalinda	5
kalle	4
kalpana	3
kalyan	2
kalyani	3
kam	5
kama	4
kamakura	3
kamal	6
kamala	3
kamen	4
kami	3
kamikaze	5
kamil	3
kamini	3
kaminsky	2
kamiya	3
kamla	2
kamp	3
kampf	3
kan	5
kana	4
kanai	3
kanako	3
kanan	5
kanazawa	3
kanda	3
kandahar	4
kandi	3
kane	13
kaneda	3
kaneko	3
kang	17
kangaroo	7
kangaroos	4
kanin	3
kanji	4
kanna	3
kannada	3
kannan	2
kano	4
kansai	3
kansas	12
kansuke	3
kant	4
kanto	3
kanye	5
kanzaki	4
kao	5
kaori	5
kaoru	5
kaos	6
kapa	3
kapil	3
kaplan	6
kapoor	6
kappa	7
kaput	4
kar	3
kara	12
karachi	4
karai	3
karamazov	2
karan	10
karaoke	10
karat	2
karate	12
kardashian	4
kardashians	2
kareem	4
karel	5
karen	25
karenina	3
karev	6
kari	8
karim	6
karin	8
karina	5
karine	4
karishma	3
karl	18
karla	5
karloff	3
karlsson	4
karma	13
karmic	3
karna	2
karnak	3
karnataka	3
karol	4
karp	4
karpov	3
karr	3
karsten	4
karthik	6
karuta	2
karzai	3
kasey	5
kash	2
kashi	4
kashiwagi	3
kashmir	6
kasi	3
kasia	3
kasim	4
kaspar	4
kasper	4
kass	3
kasuga	3
kasumi	3
kaswell	3
kat	12
kata	3
katagiri	3
katana	4
katara	3
katarina	5
kate	30
katerina	5
katey	3
kath	5
katharina	4
katharine	4
katherine	15
kathie	4
kathleen	9
kathmandu	3
kathryn	7
kathy	14
kati	3
katia	6
katie	22
katja	5
katniss	3
kato	7
katrin	4
katrina	10
katrine	5
katsu	3
katsura	3
katsuragi	3
katy	9
katya	8
katz	6
kau	4
kauai	3
kaufman	7
kaul	2
kaur	3
kavanaugh	3
kaveri	3
kavita	3
kavya	3
kawada	3
kawahara	2
kawai	3
kawamura	2
kawasaki	4
kawashima	3
kay	15
kaya	4
kayak	4
kayaking	3
kaye	4
kayla	8
kaylee	4
kaylie	6
kayne	3
kayo	5
kaz	4
kazakhstan	5
kazama	4
kazan	3
kaze	4
kazon	3
kazoo	3
kazu	2
kazuhiko	2
kazuki	3
kazuko	3
kazuma	3
kazumi	3
kazuo	5
kazuya	3
kc	4
kd	3
ke	7
kean	3
keane	5
keanu	3
kearney	3
kearns	3
keating	5
keaton	6
keats	5
kebab	6
kebabs	4
keck	2
kee	5
keefer	3
keegan	5
keel	6
keeled	2
keeler	5
keeley	3
keen	16
keenan	5
keene	4
keener	3
keenly	3
keep	132
keeper	12
keepers	6
keepin	5
keeping	38
keeps	36
keepsake	4
kees	3
keg	7
kegger	3
kegs	4
kei	6
keiichi	3
keiko	6
keira	3
keisha	5
keister	3
keisuke	3
keita	4
keitel	3
keith	19
kel	7
kell	3
keller	11
kellerman	5
kelley	4
kelli	4
kellogg	5
kelly	28
kelp	4
kelsey	6
kelso	7
kelton	3
kelvin	6
kemal	5
kemp	6
kemper	3
ken	21
kenan	3
kendal	4
kendall	9
kendo	3
kendra	6
kendrick	5
keng	2
kenichi	4
kenji	7
kenna	4
kennedy	15
kennedys	3
kennel	5
kennels	3
kenner	3
kenneth	12
kennish	3
kenny	21
keno	3
kenobi	4
kens	3
kenshin	3
kenshiro	2
kensi	8
kensington	5
kent	16
kenta	3
kenton	2
kentucky	9
kenya	7
kenyan	2
kenyon	4
kenzi	5
kenzo	3
keo	3
kepler	5
kepner	4
keppel	3
keppler	3
kept	51
kerala	5
kerb	3
kerchief	3
kerem	4
keri	3
kerim	2
kermit	7
kern	5
kernel	4
kernels	2
kerosene	6
kerouac	3
kerr	4
kerri	3
kerrigan	4
kerry	9
kersey	3
kershaw	3
kerstin	3
keru	3
kes	4
kessler	6
kester	3
ketamine	5
ketchup	10
kettering	3
kettle	11
kettles	2
keung	5
kev	10
kevin	32
kevlar	4
kew	3
key	46
keyboard	10
keyboards	3
keycard	3
keychain	3
keyed	4
keyes	5
keyhole	5
keynes	3
keynote	4
keypad	6
keys	36
keystone	4
keyword	3
kfc	4
kg	8
kgb	8
kha	4
khai	2
khaki	4
khakis	3
khaled	5
khaleesi	2
khalid	5
khalifa	3
khalil	4
khan	17
khanna	5
khartoum	3
khe	3
khloe	5
khlyen	3
khmer	3
khomeini	3
khrushchev	5
khun	6
khurana	4
khushi	3
khyber	3
ki	9
kia	4
kiara	3
kibble	3
kibbutz	4
kibby	3
kibworth	3
kick	38
kickass	3
kickback	3
kickbacks	3
kickball	3
kickboxing	3
kicked	27
kicker	5
kickin	5
kicking	19
kickoff	4
kicks	13
kid	81
kida	2
kidd	4
kidder	4
kiddie	6
kiddies	6
kiddin	8
kidding	52
kiddo	13
kiddy	3
kidman	3
kidnap	14
kidnapped	22
kidnapper	9
kidnappers	9
kidnapping	17
kidnappings	4
kidnaps	3
kidney	15
kidneys	10
kido	2
kids	82
kiefer	3
kiera	4
kieran	5
kierkegaard	2
kiev	6
kif	2
kijima	2
kike	3
kiki	9
kiko	3
kiku	3
kikuchi	3
kiley	2
kilgore	3
kilgrave	3
kilimanjaro	3
kill	109
killed	89
killemoff	3
killer	45
killers	16
killian	5
killin	6
killing	45
killings	10
killjoy	4
kills	22
kilmer	3
kiln	3
kilo	9
kilogram	3
kilograms	5
kilometer	5
kilometers	12
kilometre	4
kilometres	10
kilos	11
kilpatrick	3
kilroy	3
kilt	4
kim	33
kima	3
kimba	3
kimball	5
kimber	5
kimberley	3
kimberly	9
kimble	8
kimchi	6
kimi	6
kimiko	3
kimmel	3
kimmi	3
kimmie	6
kimmy	8
kimo	3
kimono	6
kimonos	3
kimura	6
kin	12
kincaid	7
kinch	4
kind	117
kinda	31
kindaichi	3
kinder	6
kindergarten	10
kindest	5
kindle	3
kindled	2
kindling	4
kindly	16
kindness	16
kindred	5
kinds	24
kinetic	4
king	64
kingdom	24
kingdoms	7
kingly	2
kingman	3
kingpin	4
kings	18
kingsbridge	2
kingship	3
kingsley	6
kingston	6
kink	4
kinko	3
kinks	5
kinky	8
kinney	4
kino	3
kinoshita	3
kinsella	2
kinsey	4
kinship	4
kinsman	4
kinsmen	3
kintaro	2
kinte	3
kion	3
kiosk	5
kiowa	3
kip	8
kipling	4
kipper	4
kippers	3
kippur	3
kir	2
kira	13
kiran	5
kirby	10
kirikou	3
kirill	3
kirin	3
kirk	15
kirkland	4
kirkman	3
kirkpatrick	2
kirkwood	3
kirov	3
kirsch	3
kirsten	9
kirstie	2
kirsty	4
kiryu	2
kisaragi	2
kisha	2
kishan	4
kishen	3
kishida	2
kishore	3
kismet	3
kiss	51
kissed	23
kisser	7
kisses	17
kissin	3
kissing	22
kissinger	5
kissy	3
kit	20
kita	4
kitano	3
kitchen	40
kitchener	3
kitchens	6
kite	10
kites	5
kits	5
kitsch	3
kitt	11
kitten	11
kittens	8
kitties	3
kitto	3
kitty	22
kiwi	5
kiyoko	3
kiyomi	3
kiyoshi	4
kizzy	3
kjeld	3
kk	3
kkk	3
kl	3
klan	5
klara	6
klaus	12
klaxon	5
kleenex	5
klein	8
kleiss	3
kleist	3
klepto	2
kleptomaniac	2
klicks	3
klimt	3
kline	3
klinger	8
klingon	8
klingons	5
klink	9
klinkerhoffen	3
klondike	4
kloss	3
kltt	4
klunk	3
klutz	5
klux	3
km	11
kmart	3
kms	4
kn	3
knack	7
knackered	5
knapp	3
knapsack	3
knave	5
knead	3
knee	19
kneecap	4
kneecaps	4
kneel	12
kneeling	6
kneels	3
knees	25
knell	3
knelt	4
knew	96
knick	3
knickers	8
knicks	6
knievel	3
knife	35
knifed	4
knight	20
knighted	3
knighthood	4
knightley	3
knights	13
knit	7
knitted	4
knitting	8
knives	13
kno	3
knob	8
knobhead	2
knobs	4
knock	40
knocked	24
knocker	3
knockers	3
knockin	4
knocking	29
knockoff	3
knockout	9
knockouts	4
knocks	14
knoll	4
knope	4
knot	11
knots	11
knotted	4
know	368
knowed	4
knowest	3
knowin	3
knowing	35
knowingly	5
knowledge	28
knowledgeable	5
knowles	4
known	57
knows	79
knowthat	4
knowthe	2
knowwhat	4
knowyou	3
knox	9
knoxville	3
knuckle	6
knucklehead	5
knuckleheads	4
knuckles	9
knud	2
knut	4
ko	9
koala	5
koalas	2
koba	3
kobayashi	6
kobe	6
kobol	3
koch	4
kochi	3
koda	3
kodai	4
kodak	3
kodiak	3
koe	3
koen	3
koenig	5
kofi	3
koga	3
koh	4
koharu	3
kohei	3
kohl	4
kohler	3
koi	5
koichi	5
koizumi	3
kojak	4
koji	6
kojima	3
kojiro	2
kojirou	2
kok	3
koko	5
kokoro	3
kol	4
kolchak	5
kolia	3
kolkata	5
kolya	5
kom	3
komal	3
kombat	3
kommandant	7
komodo	3
komsomol	3
kon	3
kondo	4
kong	22
kono	7
konrad	4
konstantin	4
koo	6
kook	5
kooks	3
kooky	4
kool	3
koontz	2
koothrappali	2
kopecks	3
kor	2
kora	3
koran	6
korea	18
korean	17
koreans	7
koreatown	2
korey	3
korn	3
korra	4
korsak	4
koryn	2
kosh	3
kosher	7
koshien	3
kosovo	5
kostas	3
kostya	4
kosuke	3
kota	4
kotaro	3
koto	4
kotoba	2
kotoko	2
kou	3
kouga	4
kouji	5
kourtney	3
kovac	5
kovach	3
kovacs	3
kovak	3
kove	3
kow	3
kowalski	7
kowloon	4
kowtow	3
koyuki	2
koz	2
kozue	2
kp	3
kr	3
kraang	5
kraft	5
krakatoa	3
kraken	4
krakow	4
kramden	3
kramer	10
krampus	3
krang	6
krantz	3
kranz	3
kraus	3
krause	3
krauss	3
kraut	6
krauts	6
krav	2
kravitz	5
kray	3
krebs	3
kree	4
kremlin	6
krieg	3
krieger	4
krill	3
kringle	4
kris	10
krish	3
krishna	12
krishnan	3
krispies	2
krispy	3
kriss	3
krissi	4
krista	6
kristen	9
krister	3
kristi	4
kristian	4
kristin	8
kristina	7
kristine	3
kristoffer	2
kristy	4
kroger	3
kroll	4
kroner	6
kronk	2
kronor	4
kronos	4
krueger	4
krug	3
kruger	6
krumitz	3
krupa	3
krupp	3
kruse	3
krusty	5
krypton	5
kryptonian	4
kryptonite	6
krystal	4
krystle	8
kryten	4
ks	3
kt	4
ku	6
kuala	3
kuan	3
kuba	3
kublai	3
kubo	3
kubrick	4
kudo	4
kudos	5
kuei	3
kuen	3
kui	3
kujo	2
kuk	3
kuki	2
kuku	3
kumar	9
kumbaya	4
kumiko	3
kun	5
kunal	4
kundan	3
kung	15
kungfu	3
kuni	3
kuno	3
kunta	4
kuo	4
kurdish	4
kurdistan	3
kurds	3
kurdy	3
kure	3
kurita	2
kuro	3
kuroda	3
kurokawa	3
kuroki	3
kurosaki	3
kurosawa	4
kursk	3
kurt	16
kurtz	4
kusanagi	2
kush	5
kusum	3
kutty	3
kuvira	3
kuwait	5
kuya	3
kuzmich	2
kwai	5
kwak	3
kwan	7
kwang	5
kwanzaa	3
kwok	4
kwon	7
kwong	3
kwun	4
ky	3
kya	3
kyeongseong	3
kyla	3
kyle	26
kylie	8
kyo	3
kyohei	3
kyoko	7
kyosuke	3
kyoto	8
kyra	4
kystle	3
kyu	3
kyung	8
kyushu	4
la	43
lab	32
label	14
labeled	7
labeling	3
labelled	4
labels	8
labia	3
labor	18
laboratories	5
laboratory	14
labored	5
laborer	4
laborers	5
laboring	3
laborious	2
labors	4
labour	14
laboured	3
labourer	3
labourers	4
labours	3
labrador	4
labs	11
labyrinth	7
lac	4
lace	10
laced	5
lacerated	3
laceration	5
lacerations	5
laces	5
lacey	12
lachie	2
lachlan	4
laci	3
lack	24
lacked	7
lackey	5
lackeys	3
lacking	10
lacks	9
lacquer	3
lacroix	4
lacrosse	6
lacs	3
lactose	4
lacy	5
lad	21
lada	4
ladder	16
ladders	5
laddie	6
laden	8
ladies	54
ladle	4
lads	19
lady	71
ladybird	3
ladybug	4
ladylike	4
ladyship	8
laertes	3
laetitia	3
lafayette	6
lafferty	3
lafite	2
lafitte	3
lafleur	2
lag	6
lagann	3
lager	6
lagertha	2
lagging	3
lagina	4
lago	4
lagoon	6
lagos	3
laguardia	3
laguerta	3
laguna	4
lah	3
lahey	7
lahiri	3
lahore	4
lai	7
laid	26
laida	3
laila	7
lain	5
laine	3
lainey	4
lainie	3
lair	9
laird	6
lait	3
lajos	3
lake	30
lakebottom	3
laker	3
lakers	5
lakes	9
lakeshore	2
lakeside	3
lakewood	3
lakh	7
lakhan	3
lakhs	10
lakota	3
lakshman	3
lakshmi	6
lal	5
lala	6
lali	3
lally	3
lalo	3
lam	11
lama	7
lamar	6
lamarr	3
lamaze	3
lamb	18
lambda	4
lambert	9
lambeth	2
lambo	3
lamborghini	5
lambs	7
lame	17
lament	5
lamentable	2
lamented	2
lamenting	3
lamest	3
lamia	3
laminate	2
laminated	3
lamont	5
lamp	16
lamppost	4
lamps	8
lampshade	3
lan	10
lana	14
lancashire	3
lancaster	7
lance	17
lancelot	6
lancer	3
lancers	3
lances	3
lancia	2
land	54
landau	4
landed	20
lander	4
landers	4
landfall	3
landfill	5
landing	21
landings	5
landis	4
landlady	8
landline	5
landlord	14
landlords	5
landmark	6
landmarks	4
landmine	3
landmines	3
lando	3
landon	5
landowner	4
landowners	4
landru	2
landry	6
lands	17
landscape	13
landscapes	6
landscaping	4
landslide	6
landslides	2
lane	22
lanes	7
laney	4
lang	11
langdon	4
lange	4
langer	3
langford	4
langham	3
langley	8
langly	3
langston	6
langton	3
language	35
languages	12
languish	2
lani	3
lanie	4
lanka	5
lanky	3
lannister	3
lannisters	2
lanny	3
lansing	4
lansky	3
lantern	10
lanterns	6
lanyard	3
lao	7
laos	4
lap	18
lapd	9
lapdog	3
lapel	3
lapis	3
lapland	3
lapointe	3
lapped	2
lapping	4
laps	8
lapse	6
lapsed	3
lapses	3
laptop	15
laptops	4
lar	4
lara	9
larabee	3
laramie	3
larceny	6
lard	6
larder	3
laredo	3
large	36
largely	8
larger	17
largest	18
largo	4
larissa	5
lark	7
larkin	6
larks	2
laroche	3
larrabee	4
larry	30
lars	10
larsan	3
larsen	7
larson	7
larsson	4
larue	4
larva	4
larvae	5
laryngitis	3
larynx	4
las	15
lasagna	8
lasagne	4
lasalle	5
lascivious	3
laser	15
lasers	7
lash	6
lashed	4
lashes	6
lashing	4
lasky	3
lass	8
lasse	5
lassen	2
lasses	3
lassie	8
lassiter	5
lasso	4
last	135
lasted	13
lasting	8
lastly	5
lasts	12
laszlo	5
lat	4
lata	3
latch	7
latched	3
latches	3
late	82
lately	31
lateness	3
latent	5
later	85
lateral	6
laters	3
latest	23
latex	6
latham	4
lathe	3
lather	3
lathrop	3
latif	3
latimer	5
latin	19
latina	4
latino	6
latinos	3
latinum	3
latitude	6
latour	3
latrine	5
latrines	3
lats	2
latte	9
latter	7
lattes	4
lattice	2
lattimer	3
latvia	3
latvian	3
lau	8
laudanum	3
laude	3
lauder	2
lauderdale	4
laugh	44
laughable	4
laughed	17
laughin	4
laughing	58
laughingstock	4
laughlin	3
laughs	60
laughter	42
launch	22
launched	12
launcher	5
launchers	3
launches	5
launching	9
launchpad	4
launder	4
laundered	4
laundering	7
laundromat	5
laundry	20
laura	28
laure	4
laureate	3
laurel	12
laurels	4
lauren	17
laurence	7
laurens	3
laurent	7
lauri	3
laurie	12
lauryn	3
lausanne	3
lava	10
lavage	3
lavatory	6
lavender	7
laverne	5
lavery	2
lavinia	5
lavish	5
lavon	6
law	52
lawd	3
lawful	7
lawfully	5
lawless	4
lawlessness	3
lawmakers	2
lawman	5
lawn	14
lawndale	3
lawnmower	4
lawns	4
lawrence	16
laws	22
lawson	9
lawsuit	12
lawsuits	6
lawton	4
lawyer	42
lawyered	3
lawyering	2
lawyers	20
lax	6
laxative	4
laxatives	3
laxman	4
laxmi	5
lay	36
layaway	2
layer	13
layered	3
layers	11
layin	3
laying	16
layla	9
layman	5
layne	2
layoffs	3
layout	8
layouts	3
layover	3
lays	9
layton	4
laz	3
lazar	4
lazarus	6
laziness	4
lazlo	4
lazy	18
lazybones	3
lb	3
lbs	4
lcd	3
lce	2
ld	5
le	20
lea	9
leach	4
lead	48
leader	35
leaders	18
leadership	14
leadeth	3
leading	25
leads	24
leaf	14
leaflet	4
leaflets	5
leafs	2
leafy	3
league	22
leagues	7
leah	10
leak	18
leakage	4
leaked	10
leaking	10
leaks	8
leaky	5
lean	17
leander	3
leandro	2
leaned	6
leaning	10
leann	5
leanne	7
leans	4
leant	2
leap	14
leaped	4
leapfrog	2
leaping	6
leapinlar	4
leaps	6
leapt	5
lear	6
learn	54
learned	39
learner	6
learning	24
learns	9
learnt	14
leary	5
lease	12
leased	5
leases	4
leash	10
leasing	3
least	75
leather	17
leathers	2
leathery	2
leave	129
leavenworth	4
leaves	35
leavin	6
leaving	64
lebanese	5
lebanon	6
lebeau	6
leblanc	5
lebowski	3
lebron	4
lech	3
leche	3
lecher	3
lecherous	3
lechery	2
leclerc	3
lecter	5
lecture	16
lectured	4
lecturer	5
lectures	8
lecturing	6
led	28
leda	4
ledge	8
ledger	7
ledgers	3
lee	36
leech	6
leeches	6
leeds	7
leek	3
leeks	3
leela	8
leena	4
leer	3
leering	3
leery	4
lees	3
leeway	4
leeza	3
lefebvre	3
left	115
leftist	4
leftover	7
leftovers	8
lefts	3
lefty	7
leg	37
legacies	2
legacy	14
legal	29
legality	3
legalize	3
legalized	3
legally	15
legate	3
legation	3
legend	22
legendary	13
legends	11
legged	3
leggings	3
leggy	3
legible	3
legion	9
legionnaire	3
legionnaires	3
legions	6
legislation	7
legislative	4
legislature	4
legit	10
legitimacy	4
legitimate	13
legitimately	4
legitimize	2
legless	3
lego	4
legos	3
legrand	3
legs	38
legwork	4
leh	3
lehman	4
lehmann	3
lei	7
leia	4
leicester	5
leif	5
leigh	8
leighton	4
leila	7
leipzig	4
leisure	8
leisurely	4
leith	4
lek	3
lela	3
leland	7
lele	3
lelouch	3
lem	6
lemel	2
lemme	7
lemming	2
lemmings	3
lemmy	3
lemoine	3
lemon	18
lemonade	11
lemond	3
lemonis	8
lemons	7
lemur	4
lemurs	4
len	10
lena	14
lend	20
lender	3
lenders	3
lending	7
lends	4
lene	3
leng	4
length	15
lengthen	3
lengths	8
lengthy	5
leni	4
leniency	4
lenient	5
lenin	7
leningrad	5
lenka	3
lennart	3
lennie	6
lennier	3
lennon	7
lennox	8
lenny	14
leno	4
lenora	2
lenore	6
lenox	4
lens	11
lenses	8
lent	11
lentil	3
lentils	4
leo	27
leon	16
leona	4
leonard	17
leonardo	12
leone	5
leonid	4
leonidas	3
leonie	3
leonor	3
leonora	4
leopard	10
leopards	5
leopold	6
leopoldo	3
leotard	3
leper	5
lepers	4
leprechaun	6
leprechauns	4
leprosy	5
ler	3
lerner	3
leroy	8
les	13
lesbian	15
lesbians	8
lesbo	3
lesbos	2
lesion	4
lesions	5
lesley	5
leslie	17
less	56
lessen	4
lesser	9
lessing	3
lesson	29
lessons	20
lest	8
lester	13
lestrade	5
let	243
letdown	3
lethal	12
lethargic	3
lethargy	2
leticia	4
letitia	3
leto	3
lets	23
letter	48
letterbox	3
letterhead	3
lettering	3
letterman	4
letters	31
lettie	3
lettin	4
letting	32
lettuce	9
letty	4
leukaemia	3
leukemia	7
leung	6
leutnant	3
lev	5
levee	3
level	37
leveled	4
leveling	3
levelled	3
levels	18
lever	8
leverage	10
leveraged	3
levers	4
levi	9
leviathan	5
levin	5
levine	6
levinson	3
levitate	3
levitation	3
leviticus	3
levity	3
levon	3
levy	5
lew	6
lewd	5
lewicki	2
lewis	21
lewton	3
lex	14
lexa	3
lexi	7
lexicon	3
lexie	5
lexington	5
lexus	5
lexx	6
lexy	3
ley	4
leyden	3
leyla	5
leyland	2
leyton	3
lf	25
lfl	3
lfyou	3
lg	3
lgbt	3
lhasa	3
lhc	3
li	19
lia	4
liabilities	3
liability	9
liable	10
liaise	3
liaison	9
liaisons	3
liam	17
lian	7
liana	3
liane	3
liang	10
liao	3
liaoxi	3
liar	29
liars	10
lib	5
libby	11
libel	5
liberace	4
liberal	10
liberalism	3
liberals	5
liberate	7
liberated	8
liberating	5
liberation	10
liberator	4
liberators	3
liberia	3
libertarian	2
liberties	6
libertine	3
liberty	19
libido	5
libra	4
librarian	8
librarians	3
libraries	5
library	24
libre	3
libya	6
libyan	4
lice	9
licence	11
licences	2
license	27
licensed	7
licenses	5
licensing	4
lichen	2
lichtenstein	2
lick	15
licked	8
licking	9
licks	5
licorice	5
lid	12
lida	4
liddell	3
liddy	3
lidia	3
lido	4
lidocaine	4
lids	4
lie	58
liebe	2
lieber	2
lieberman	3
liechtenstein	2
lied	34
liege	6
lien	4
lies	35
lieu	5
lieut	4
lieutenant	43
lieutenants	5
lif	3
life	147
lifeblood	3
lifeboat	5
lifeboats	4
lifeguard	6
lifeguards	3
lifeless	6
lifelike	4
lifeline	6
lifelong	8
lifer	3
lifes	3
lifesaver	5
lifesaving	2
lifespan	4
lifestyle	13
lifestyles	4
lifetime	21
lifetimes	5
lift	32
lifted	14
lifting	11
liftoff	5
lifts	8
ligament	3
ligaments	3
ligature	5
light	66
lightbulb	4
lighted	4
lighten	10
lightened	3
lightening	5
lighter	17
lighters	3
lightest	3
lightfoot	3
lightheaded	3
lighthouse	9
lighting	14
lightly	13
lightman	4
lightness	3
lightning	19
lights	35
lightsaber	3
lightweight	6
lightyear	3
lik	5
likable	4
like	322
likeable	4
liked	43
likelihood	6
likely	29
likeness	7
likes	42
likewise	10
likey	3
likeyou	3
liking	13
lil	10
lila	9
lilac	5
lilacs	3
lilah	4
lili	8
lilian	4
liliana	3
liliane	3
lilies	7
lilith	8
lill	5
lille	3
lilli	4
lillian	10
lillie	4
lilly	11
lilo	4
lily	25
lim	6
lima	6
limb	10
limber	4
limbic	2
limbo	6
limbs	10
lime	10
limehouse	3
limelight	5
limerick	3
limes	3
limestone	6
limey	3
limit	20
limitation	4
limitations	8
limited	17
limiting	4
limitless	6
limits	17
limo	12
limoges	3
limos	3
limousine	7
limousines	3
limp	10
limping	6
lin	15
lina	10
linc	5
linchpin	2
lincoln	17
lincolnshire	2
lind	3
linda	23
lindberg	2
lindbergh	4
linde	2
linden	6
linder	3
linderman	3
lindley	3
lindo	3
linds	4
lindsay	14
lindsey	9
lindstrom	3
lindy	5
line	68
lineage	6
linear	6
linebacker	4
lined	12
lineman	2
linen	8
linens	4
liner	6
liners	3
lines	31
lineup	8
ling	13
lingam	2
linger	7
lingered	3
lingerie	8
lingering	6
lingers	4
lingo	5
linguini	3
linguist	3
linguistic	3
linguistics	3
lining	11
link	21
linkage	3
linked	14
linking	7
links	11
linn	3
lino	4
linoleum	3
lint	4
linton	3
linus	8
linux	3
linz	3
lion	22
lionel	12
lioness	4
lionesses	3
lionheart	3
lions	14
lip	16
lipo	3
liposuction	3
lippy	2
lips	27
lipstick	14
lipsticks	2
lipton	4
liquefied	2
liqueur	4
liquid	16
liquidate	4
liquidated	3
liquidation	3
liquidity	2
liquids	5
liquor	19
liquored	2
liquorice	3
lira	7
liras	5
lire	10
lis	5
lisa	29
lisbeth	6
lisbon	10
lise	7
lisette	3
lisi	3
lisp	3
lisping	2
lissa	4
list	45
listed	12
listen	113
listened	20
listener	7
listeners	7
listenin	4
listening	40
listens	11
lister	6
listing	7
listings	4
listless	3
liston	3
lists	10
liszt	3
lit	16
lita	3
litany	3
litchfield	3
lite	3
liter	6
literacy	4
literal	7
literally	26
literary	9
literate	3
literature	14
liters	7
lithium	5
lithuania	4
lithuanian	4
litigation	5
litigator	3
lito	3
litre	5
litres	5
litt	3
litter	9
littered	4
littering	4
little	174
littlefoot	3
littlejohn	3
littlest	4
littleton	3
litton	2
liu	12
liv	12
livable	2
live	99
lived	43
livelihood	7
lively	12
liven	4
liver	19
liverpool	8
livers	4
liverwurst	2
livery	4
lives	62
livestock	8
liveth	2
livia	6
livid	4
lividity	4
livin	10
living	65
livingston	4
livingstone	4
livvie	2
livvy	3
livy	3
liz	19
liza	9
lizard	11
lizards	7
lizzie	13
lizzy	8
lj	3
ljust	4
lk	3
ll	25
llama	4
llamas	3
llc	3
llewellyn	3
lll	4
lloyd	16
lm	6
lmagine	3
lmperial	4
lmpossible	5
ln	18
lnspector	5
lnternational	3
lnternet	2
lo	16
load	26
loaded	21
loader	3
loading	11
loads	15
loaf	9
loafer	4
loafers	5
loafing	3
loan	23
loaned	7
loaner	3
loaning	3
loans	10
loath	2
loathe	6
loathed	4
loathing	3
loathsome	4
loaves	4
lob	4
lobbied	3
lobby	15
lobbying	4
lobbyist	4
lobbyists	3
lobe	7
lobes	4
lobo	7
lobos	5
lobotomy	4
lobster	13
lobsters	6
loc	3
loca	3
local	36
locale	3
locality	3
localized	4
locally	6
locals	12
locate	15
located	16
locating	5
location	28
locations	11
locator	4
loch	6
lock	37
lockbox	3
lockdown	9
locke	8
locked	38
locker	18
lockers	6
locket	7
lockhart	8
lockheed	2
locking	11
lockjaw	3
lockout	2
locks	14
locksley	3
locksmith	5
lockup	6
lockwood	5
loco	7
locomotive	5
locomotives	2
locos	3
locus	2
locust	3
locusts	5
lode	4
loder	2
lodge	13
lodged	7
lodger	4
lodgers	3
lodges	3
lodging	6
lodgings	5
lodi	2
lodz	3
loeb	3
loft	10
lofty	5
log	18
logan	17
logbook	3
logged	7
loggers	3
logging	6
logic	14
logical	14
logically	6
login	3
logistic	3
logistical	3
logistics	5
logo	8
logos	3
logs	10
lohan	3
lohengrin	2
loic	2
loin	4
loincloth	3
loins	5
loire	3
lois	19
loiter	3
loitering	5
lojack	3
lok	5
loki	6
lol	6
lola	15
lolita	5
lollipop	7
lollipops	4
lolly	5
lollypop	2
lolo	3
loman	4
lomax	5
lombard	5
lombardi	3
lombardo	4
lompoc	3
lon	6
londo	3
london	39
londoners	2
lone	11
lonelier	3
loneliest	4
loneliness	12
lonely	31
loner	7
loners	3
lonesome	9
long	131
longed	7
longer	56
longest	12
longevity	5
longfellow	3
longhorn	2
longing	10
longitude	5
longmire	3
longo	4
longs	5
longstocking	3
longstreet	3
longtime	5
longworth	2
lonnie	8
lonny	3
loo	9
loofah	2
look	216
lookalike	2
looked	56
lookee	4
looker	5
lookie	5
lookin	19
looking	107
lookit	5
lookout	11
lookouts	3
looks	90
looky	6
loom	4
looming	5
loomis	5
looms	4
loon	5
looney	4
loong	3
loonies	3
loony	7
loop	13
looped	3
loophole	5
loopholes	3
looping	3
loops	5
loopy	4
loos	3
loose	30
loosed	2
loosely	5
loosen	11
loosened	5
loosening	3
loosens	2
looser	4
loosing	4
loot	10
looted	5
looters	4
looting	6
lop	3
lope	4
lopevi	3
lopez	10
lopsided	3
lor	5
lora	3
lorazepam	3
lorca	3
lord	66
lorde	3
lords	13
lordship	12
lordy	5
lore	5
loredana	3
loreen	3
lorelai	7
lorelei	5
loren	5
lorena	4
lorenz	4
lorenzo	11
loretta	8
lori	11
lorie	3
loring	3
lorna	8
lorne	5
lorraine	10
lorries	4
lorry	8
los	22
lose	64
loser	24
losers	15
loses	16
losin	4
losing	37
loss	29
losses	12
lost	88
lot	120
lothar	2
lothbrok	3
lotion	8
lotions	3
lots	40
lotta	8
lotte	7
lottery	14
lottie	4
lotto	6
lotus	10
lou	22
loud	34
louder	16
loudest	4
loudly	15
loudmouth	4
loudon	3
loudspeaker	5
louella	2
louganis	2
louie	14
louis	26
louisa	9
louise	19
louisiana	9
louisville	4
loulou	3
lounge	13
lounging	3
loup	2
lourdes	5
louse	6
lousy	20
lout	4
louts	2
louvre	6
lov	2
lovable	6
love	170
loveable	4
lovebirds	7
lovecraft	3
loved	55
lovejoy	11
lovelace	3
loveless	4
lovelier	4
lovelies	3
loveliest	5
loveliness	3
lovell	4
lovelorn	2
lovely	48
lovemaking	5
lover	29
loverboy	3
lovers	19
loves	43
lovesick	4
lovett	3
lovey	4
lovin	8
loving	26
lovingly	5
low	38
lowdown	4
lowe	6
lowell	7
lowen	3
lowenstein	3
lower	29
lowered	9
lowering	6
lowers	5
lowery	3
lowest	10
lowing	3
lowlands	3
lowlife	6
lowlifes	4
lowly	8
lowry	5
lows	4
lox	3
loxley	3
loy	3
loyal	20
loyalist	3
loyalists	3
loyally	3
loyalties	5
loyalty	19
lozano	2
lp	5
lps	3
ls	25
lsd	7
lsn	9
lt	43
ltd	9
lts	4
lu	12
luan	2
luann	3
luanne	4
luau	5
lubbock	3
lube	5
lubricant	4
lubrication	2
luc	9
luca	11
lucas	21
lucca	4
lucci	2
luce	5
lucerne	2
lucho	2
luci	3
lucia	10
lucian	4
luciana	4
luciano	7
lucid	6
lucidity	2
lucie	7
lucien	8
lucienne	3
lucifer	10
lucilla	3
lucille	9
lucinda	6
lucio	4
lucious	7
lucius	6
luck	59
lucked	4
luckier	5
luckiest	7
luckily	16
lucknow	4
lucky	57
lucrative	7
lucrecia	4
lucretia	3
lucrezia	6
lucy	27
ludicrous	6
ludie	2
ludlow	4
ludmila	3
ludo	4
ludovic	3
ludwig	7
luego	3
luffy	3
luftwaffe	5
lug	6
luger	3
luggage	17
lugging	3
lugosi	3
lui	6
luigi	8
luis	14
luisa	8
luiz	3
luk	4
luka	6
lukas	7
luke	27
lukewarm	4
lukey	2
lula	5
lull	4
lulla	4
lullabies	3
lullaby	7
lulled	2
lulu	11
lum	5
lumbago	2
lumbar	4
lumber	7
lumbering	3
lumberjack	5
lumberjacks	2
lumen	3
lumiere	3
luminol	2
luminous	5
lump	11
lumps	7
lumpur	3
lumpy	6
lun	4
luna	9
lunacy	4
lunar	9
lunatic	14
lunatics	6
lunch	47
lunchbox	4
luncheon	7
lunches	7
lunching	3
lunchroom	3
lunchtime	9
lund	5
lundgren	3
lundy	4
lune	3
lung	16
lunge	4
lunged	3
lungs	17
luo	6
lupe	5
lupin	8
lupita	3
lupo	4
lupus	5
lurch	6
lurcio	4
lure	12
lured	8
lures	4
lurid	3
luring	4
lurk	4
lurking	8
lurks	4
luscious	5
lush	6
lust	14
luster	3
lustful	4
lustig	2
lusting	3
lusts	3
lusty	3
lute	5
luther	12
lutheran	3
luthor	9
luthorcorp	3
lutz	5
luv	5
lux	7
luxan	3
luxembourg	5
luxor	3
luxuries	5
luxurious	7
luxury	15
luz	4
lv	3
lve	2
lvpd	3
ly	5
lycra	3
lydecker	4
lydia	15
lye	3
lyekka	3
lyell	2
lyin	6
lying	50
lyla	7
lyle	10
lyman	5
lyme	4
lymph	4
lymphoma	4
lyn	3
lynch	9
lynched	4
lynching	4
lynda	4
lyndon	5
lyndsey	4
lynette	7
lynley	3
lynn	13
lynne	5
lynx	4
lyon	8
lyons	5
lyra	4
lyre	3
lyric	6
lyrical	4
lyrics	12
lysander	3
lytton	3
lyuba	3
lz	3
ma	63
maa	3
maam	3
maar	2
maari	3
maarten	2
mab	2
mabel	9
mabuse	3
mac	23
maca	3
macabre	4
macadamia	3
macao	4
macarena	3
macaroni	7
macaroon	2
macaroons	3
macarthur	6
macau	6
macaulay	3
macbeth	7
macchiato	3
macdonald	6
macdougall	3
macduff	3
mace	8
macedonia	4
macedonian	3
macey	3
macfarlane	2
macgregor	4
macgyver	11
mach	5
macha	2
machado	3
machete	6
machetes	3
machi	3
machiavelli	4
machiavellian	2
machiko	4
machin	3
machinations	2
machine	43
machinery	11
machines	20
macho	9
machu	4
macintosh	4
macintyre	3
maciste	3
mack	12
mackay	4
mackenzie	9
mackerel	6
mackey	5
mackie	4
mackintosh	3
macklin	4
maclaren	3
maclean	3
macleish	3
macleod	9
macmillan	4
macneil	3
macon	4
macpherson	4
macro	3
macy	8
mad	54
madagascar	6
madalena	3
madam	41
madame	29
madan	4
madcap	3
maddalena	3
madden	6
maddening	3
madder	4
maddie	13
maddox	7
maddy	9
made	123
madea	4
madeira	3
madeleine	9
madeline	10
madelyn	2
mademoiselle	15
madero	2
madge	6
madhav	3
madhavan	3
madhavi	3
madhouse	6
madhu	6
madhuri	4
madi	3
madigan	2
madison	14
madly	9
madman	12
madmen	4
madness	18
mado	3
madoff	3
madoka	3
madonna	11
madras	5
madre	4
madrid	12
mads	6
madsen	4
madurai	3
madwoman	3
mae	11
maeby	3
maeda	3
maelstrom	3
maestro	11
maeve	3
mafia	13
mafioso	3
mag	6
maga	3
magali	3
magazine	25
magazines	14
magda	8
magdalena	5
magdalene	4
mage	3
magee	3
magellan	3
magenta	4
maggie	24
maggot	6
maggots	7
maggy	3
magi	4
magic	41
magical	18
magically	7
magician	14
magicians	6
magister	3
magistrate	11
magistrates	4
magma	6
magna	4
magnanimous	4
magnate	4
magnesium	5
magnet	10
magnetic	13
magnetism	5
magneto	3
magnets	6
magnification	3
magnificence	4
magnificent	18
magnificently	3
magnifico	2
magnified	3
magnifique	3
magnify	4
magnifying	5
magnitude	7
magnolia	5
magnum	12
magnus	10
magnusson	3
magog	4
magoo	4
magpie	4
mags	6
maguire	6
magus	3
mah	4
maha	3
mahadev	3
mahal	6
mahalakshmi	3
mahalo	3
maharaj	3
maharaja	3
maharajah	3
maharashtra	3
mahatma	4
mahdi	4
mahendra	4
maher	3
mahesh	4
mahi	4
mahir	5
mahjong	7
mahler	4
mahmoud	4
mahmud	3
mahmut	4
mahogany	4
mahone	3
mahoney	6
mai	10
maia	6
maid	23
maidana	3
maiden	13
maidens	5
maids	9
maigret	3
maiko	3
mail	27
mailbox	9
mailboxes	3
mailed	6
mailer	4
mailing	5
mailman	7
mailroom	4
mails	4
maim	3
maimed	4
main	36
maine	9
mainframe	6
mainland	10
mainline	3
mainly	13
mains	4
mainsail	2
mainstream	7
maintain	18
maintained	8
maintaining	8
maintains	5
maintenance	13
mainwaring	3
mais	5
maisie	4
maison	4
maite	3
maitland	4
maitre	5
maize	3
maj	3
maja	5
majestic	7
majesties	4
majesty	36
majid	4
majnu	3
major	46
majorca	3
majored	4
majoring	3
majority	14
majorly	3
majors	6
mak	7
make	183
makeover	7
makeovers	3
maker	13
makers	7
makes	77
makeshift	4
maketh	3
makeup	21
makeups	4
maki	5
makin	10
making	77
makings	4
makino	3
makis	3
mako	6
makoto	6
maksim	2
mal	10
mala	5
malachi	4
malachy	3
malady	3
malaga	3
malaise	2
malaria	7
malarkey	3
malawi	2
malay	4
malaya	4
malayalam	4
malaysia	6
malaysian	4
malcolm	19
maldives	3
maldonado	3
male	32
maleficent	2
malek	3
malena	3
males	12
malevolent	3
malfeasance	3
malfunction	8
malfunctioned	4
malfunctioning	5
malfunctions	3
malhotra	5
mali	5
malia	5
malibu	8
malice	6
malicious	7
maliciously	3
malick	3
malign	3
malignant	6
maligned	3
malik	10
malika	3
malin	4
malina	3
malini	3
malka	2
malkovich	3
mall	18
mallard	5
malle	3
malleable	3
mallet	4
malli	3
mallika	3
mallory	10
malloy	6
malls	5
malnourished	3
malnutrition	4
malo	3
malone	10
maloney	3
malory	4
malpractice	5
malt	6
malta	5
malted	2
maltese	4
malti	3
malu	2
malvina	2
malvo	3
malware	4
mam	11
mama	44
mamacita	3
maman	5
mamas	4
mamba	3
mambo	6
mame	3
mami	6
mamie	5
mamiya	3
mamma	10
mammal	6
mammals	8
mammogram	2
mammoth	7
mammoths	4
mammy	8
mamo	3
mamoru	3
man	202
mana	6
manabu	3
manage	30
manageable	4
managed	27
management	18
manager	34
managerial	3
managers	8
manages	8
managing	12
manami	3
manassas	3
manatee	3
manav	3
mancha	3
manchester	10
manchu	4
manchuria	5
manchurian	3
mancini	4
mancuso	3
manda	3
mandala	3
mandalay	3
mandar	3
mandarin	8
mandate	6
mandated	3
mandatory	8
mandel	3
mandela	5
manderley	3
mandi	3
mandible	3
mandolin	3
mandrake	4
mandy	13
mane	5
manet	4
manette	3
maneuver	8
maneuvering	4
maneuvers	6
manfred	5
manfredi	3
mang	3
manga	5
mangal	3
manganese	2
mange	3
manger	5
mangle	2
mangled	5
mango	8
mangoes	5
mangrove	3
mangroves	2
mangy	5
manhandled	2
manhattan	15
manhole	4
manhood	7
manhunt	6
mani	6
mania	5
maniac	13
maniacal	4
maniacally	5
maniacs	6
manic	9
manicure	6
manicured	3
manicures	2
manicurist	3
manifest	9
manifestation	5
manifestations	3
manifested	4
manifesting	3
manifesto	6
manifests	4
manifold	4
manila	6
manilow	3
maninder	3
manion	3
manipulate	10
manipulated	9
manipulates	3
manipulating	7
manipulation	7
manipulative	6
manipulator	4
manitoba	3
manju	4
mankind	16
manley	3
manliness	3
manly	9
manmade	3
mann	7
manna	3
manned	5
mannequin	6
mannequins	4
manner	18
mannered	3
mannerisms	3
manners	18
manni	3
manning	10
mannion	3
mannix	11
mannu	3
manny	14
mano	6
manoel	3
manoeuvre	5
manoeuvres	4
manohar	3
manoj	3
manolis	3
manolo	7
manon	5
manor	10
manos	3
manpower	7
mans	6
manservant	4
mansfield	6
mansion	15
mansions	5
manslaughter	9
manson	6
mansour	3
manta	4
mantel	4
mantelpiece	3
manticore	3
mantis	6
mantle	7
mantra	5
mantrid	3
mantua	3
manu	7
manual	14
manually	6
manuals	4
manuel	12
manuela	6
manuelo	2
manufacture	7
manufactured	7
manufacturer	7
manufacturers	6
manufactures	3
manufacturing	8
manure	7
manuscript	10
manuscripts	5
many	105
manya	3
mao	9
maori	3
map	28
maple	8
maples	2
mapped	5
mapping	5
maps	11
maquis	4
mar	7
mara	10
maradona	3
marais	2
marat	4
marathon	10
marathons	3
marauder	3
marauders	3
marauding	2
marbella	3
marble	11
marbles	8
marburg	4
marc	14
marce	3
marceau	3
marcel	12
marcela	4
marceline	3
marcelino	3
marcella	5
marcelle	3
marcello	6
marcellus	4
marcelo	4
march	27
marchand	3
marched	8
marchers	2
marches	6
marchese	2
marchetti	3
marching	13
marchioness	3
marci	4
marcia	8
marciano	3
marcie	7
marcin	3
marco	18
marconi	4
marcos	8
marcus	22
marcy	8
mardi	6
mardle	2
mare	9
marek	6
maren	3
mares	4
marg	3
marga	4
margaret	21
margarine	4
margarita	9
margaritas	5
margate	3
margaux	4
marge	13
margene	4
margery	3
margherita	4
margie	6
margin	8
marginal	4
marginalized	3
marginally	3
margins	5
margit	3
margo	8
margot	9
margrethe	3
marguerite	9
mari	8
maria	30
mariachi	4
mariah	4
mariam	2
marian	9
mariana	8
marianas	2
marianna	3
marianne	11
mariano	5
maribel	3
marie	23
mariel	4
marietta	3
mariette	3
marigny	2
marigold	5
marijuana	13
marika	5
mariko	4
marilla	4
marilyn	14
marin	6
marina	13
marinade	3
marinara	3
marinate	3
marinated	3
marine	18
mariner	3
mariners	3
marines	13
marino	6
mario	16
marion	12
marionette	3
mariposa	3
maris	6
marisa	7
marisha	3
mariska	2
marisol	6
marissa	10
marit	3
marita	3
marital	7
maritime	5
marius	7
marja	3
marjorie	10
mark	46
marked	16
marker	10
markers	7
market	34
marketed	3
marketing	12
marketplace	6
markets	10
markham	6
markie	3
marking	7
markings	7
marko	7
markos	3
markov	3
marks	25
marksman	4
marksmanship	3
marksmen	2
markus	6
marky	4
marla	6
marlboro	4
marlborough	2
marlene	8
marley	8
marlin	5
marlo	4
marlon	8
marlott	3
marlow	5
marlowe	7
marly	2
marmaduke	3
marmalade	5
marne	2
marni	3
marnie	7
maron	3
maroney	3
maroni	2
maroon	5
marooned	4
marple	6
marquee	4
marquesa	4
marquess	3
marquette	3
marquez	5
marquis	10
marquise	5
marr	4
marrakech	3
marrakesh	3
marred	3
marriage	47
marriages	10
married	74
marries	8
marriott	4
marrow	8
marry	51
marrying	19
mars	19
marsala	3
marsden	4
marseillaise	3
marseille	7
marseilles	6
marsh	13
marsha	7
marshak	3
marshal	17
marshall	18
marshals	7
marshes	4
marshmallow	6
marshmallows	6
marsten	2
marston	4
mart	6
marta	12
martel	4
martell	4
marten	4
martens	2
martha	20
marthe	4
marti	4
martial	16
martian	9
martians	6
martin	34
martina	6
martine	6
martinelli	3
martinez	10
martini	10
martinique	3
martinis	6
martino	4
martins	4
marty	24
martyr	9
martyrdom	4
martyred	3
martyrs	6
maru	5
maruti	3
maruyama	3
marv	6
marvel	9
marvellous	12
marvelous	15
marvelously	2
marvels	3
marvin	12
marwan	5
marx	8
marxism	3
marxist	4
mary	45
maryam	3
maryann	3
maryland	8
marys	4
marzipan	3
mas	6
masa	4
masahiro	3
masai	2
masaki	4
masako	4
masala	3
masao	4
masaru	3
masato	3
masayuki	3
mascara	5
mascot	8
masculine	7
masculinity	4
mase	2
maserati	4
mash	8
masha	6
mashed	8
mashiro	3
mask	23
masked	9
maskell	3
masking	4
masks	12
masochist	4
mason	22
masonic	3
masonry	3
masons	5
masquerade	6
masquerading	4
mass	25
massa	5
massachusetts	8
massacre	11
massacred	5
massacres	4
massage	17
massaged	3
massager	3
massages	6
massaging	4
masse	3
masseria	3
masses	10
masseur	5
masseuse	5
massey	4
massimo	5
massing	3
massive	23
massively	5
masson	3
massoud	3
mast	6
mastectomy	3
master	57
mastercard	3
masterchef	9
mastered	7
masterful	4
mastering	3
mastermind	7
masterminded	3
masterpiece	11
masterpieces	4
masters	17
masterson	5
mastery	4
mastodon	3
masts	3
masturbate	7
masturbated	3
masturbating	6
masturbation	6
mat	11
mata	5
matador	5
mataemon	3
matata	3
match	40
matchbook	3
matchbox	4
matched	11
matches	19
matching	12
matchmaker	5
matchmaking	4
matchstick	3
matchup	2
mate	39
mated	3
mateo	9
mater	6
material	25
materialism	3
materialistic	3
materialize	3
materialized	3
materials	14
maternal	7
maternity	8
mates	15
matey	5
math	19
mathai	2
mathematical	8
mathematically	4
mathematician	6
mathematicians	4
mathematics	10
mather	4
mathers	3
matheson	4
mathew	4
mathews	4
mathias	6
mathieu	6
mathilda	3
mathilde	5
mathis	5
mathison	3
maths	8
mathur	3
mati	2
matias	4
matilda	7
matilde	4
matinee	5
mating	8
matisse	4
matlock	3
mato	3
matriarch	3
matrices	2
matrimonial	4
matrimony	7
matrix	10
matron	8
mats	6
matson	2
matsu	3
matsuda	4
matsudaira	3
matsui	3
matsuko	3
matsumoto	4
matsumura	2
matsushima	2
matt	29
matte	4
matteo	5
matter	93
mattered	9
matterhorn	2
matters	32
matthew	20
matthews	11
matthias	4
matti	4
mattia	3
mattias	3
mattie	7
mattress	12
mattresses	5
matty	12
mature	15
matured	5
maturing	3
maturity	7
matzo	3
mau	5
maud	6
maude	7
maudie	3
maudlin	3
maui	5
maul	3
mauled	4
maura	8
maureen	11
maurice	15
mauricio	4
mauritius	3
maurizio	4
mauro	3
maury	5
mauser	4
mausoleum	5
mauve	3
maverick	6
mavericks	4
mavis	6
maw	6
max	41
maxed	5
maxi	5
maxie	6
maxim	7
maxime	4
maximilian	4
maximize	4
maximum	15
maximus	5
maxine	9
maxwell	11
may	114
maya	19
mayan	6
mayans	4
maybe	142
maybelle	3
mayberry	3
maybes	3
mayday	10
mayer	6
mayes	3
mayfair	5
mayfield	5
mayflower	4
mayhem	7
mayhew	4
maykel	3
mayko	3
maynard	5
mayo	7
mayonnaise	7
mayor	31
mayoral	3
mayors	3
mays	4
mayu	3
mayumi	4
mayuri	2
mayweather	3
maz	2
mazda	3
maze	10
mazel	5
mba	5
mc	8
mcallister	5
mcavoy	3
mcbain	3
mcbeal	3
mcbride	6
mccabe	5
mccain	5
mccall	6
mccallister	3
mccallum	3
mccann	5
mccarthy	8
mccartney	5
mccauley	3
mcclain	3
mcclane	4
mcclaren	5
mcclellan	3
mcclintock	3
mccloud	3
mcclure	3
mccluskey	4
mcconaughey	3
mcconnell	3
mccord	5
mccormack	3
mccormick	5
mccoy	11
mccrae	2
mccready	3
mccullough	4
mcd	2
mcdeere	4
mcdermott	3
mcdonald	9
mcdonalds	3
mcdowell	3
mcduck	5
mcenroe	3
mcfadden	3
mcfarland	4
mcfly	3
mcgarrett	5
mcgarry	3
mcgee	14
mcgill	5
mcginnis	3
mcginty	3
mcgovern	4
mcgowan	4
mcgrath	4
mcgraw	4
mcgregor	4
mcguire	5
mchale	3
mchugh	3
mcintyre	3
mckay	9
mckee	3
mckeever	2
mckenna	6
mckenzie	7
mckinley	6
mckinney	4
mckinnon	3
mclane	4
mclaren	5
mclaughlin	3
mclean	3
mcleod	4
mclntyre	3
mcluhan	3
mcmahon	4
mcmann	2
mcmanus	4
mcmillan	3
mcmurphy	3
mcnab	3
mcnair	2
mcnally	6
mcnamara	6
mcneal	2
mcneil	4
mcnulty	4
mcphee	3
mcpherson	4
mcquaid	3
mcqueen	7
mcrae	2
mctavish	3
mcveigh	4
md	5
mdma	3
me	473
mea	5
meacham	2
mead	6
meade	6
meaden	3
meadow	9
meadows	7
meager	4
meagre	3
meal	28
meals	15
mealtime	2
mean	169
meaner	4
meanest	5
meanie	3
meaning	32
meaningful	9
meaningless	12
meanings	4
meanness	3
means	78
meant	51
meantime	20
meanwhile	19
mears	4
measles	6
measly	5
measurable	3
measure	18
measured	10
measurement	5
measurements	8
measures	14
measuring	8
meat	34
meatball	7
meatballs	8
meathead	4
meatloaf	6
meatlug	3
meats	5
meatwad	6
meaty	4
mecca	7
mech	3
mecha	3
mechanic	13
mechanical	13
mechanically	3
mechanics	9
mechanism	11
mechanisms	5
mechanized	3
med	12
medal	16
medalist	3
medallion	7
medallions	3
medals	10
medavoy	3
meddle	7
meddled	3
meddlesome	3
meddling	7
medea	4
medellin	4
medevac	4
medford	3
media	27
medial	3
median	3
mediate	4
mediation	4
mediator	4
medic	11
medicaid	3
medical	36
medically	6
medicare	4
medicate	2
medicated	4
medication	17
medications	7
medici	6
medicinal	6
medicine	31
medicines	9
medics	5
medieval	11
medina	6
mediocre	7
mediocrity	4
meditate	6
meditating	5
meditation	9
meditative	2
mediterranean	9
medium	14
mediums	3
medley	4
meds	13
medusa	6
mee	4
meechum	2
meehan	2
meek	6
meeker	3
meeks	4
meena	6
meenakshi	3
meenie	3
meeny	3
meep	3
meer	2
meera	7
meet	93
meetin	3
meeting	58
meetings	18
meets	15
meg	14
mega	7
megalomaniac	3
megan	17
megaphone	4
megatron	6
megazord	4
meggie	3
megha	4
meghan	7
meghna	3
megumi	5
meh	5
mehdi	2
mehmet	6
mehra	4
mehta	4
mei	11
meier	3
meiji	3
mein	8
meine	3
meir	4
meisner	3
meister	3
mekong	3
mel	17
melancholic	4
melancholy	8
melanie	13
melanoma	3
melba	3
melbourne	7
meld	3
meldrick	3
meldrum	3
melee	3
melina	3
melinda	9
melissa	16
mellie	6
mello	3
mellon	3
mellow	8
mellowed	3
melly	3
melman	3
melmotte	3
melodic	3
melodies	4
melodious	3
melodrama	5
melodramatic	5
melody	14
melon	8
melons	5
melrose	5
melt	14
meltdown	7
melted	11
melting	10
melton	2
melts	7
melville	5
melvin	8
mem	3
member	31
members	30
membership	10
membrane	5
membranes	3
meme	4
memento	6
mementos	3
memo	11
memoir	4
memoirs	6
memorabilia	4
memorable	8
memorandum	4
memorial	14
memorials	2
memories	29
memorise	3
memorised	2
memorize	8
memorized	7
memorizing	4
memory	37
memos	4
memphis	9
memsahib	3
men	95
menace	9
menachem	2
menacing	5
menage	2
menagerie	3
mend	9
mended	5
mendel	4
mendelssohn	3
mendes	3
mendez	5
mending	5
mendoza	7
menelaus	3
menendez	2
meng	6
mengele	3
menial	4
meningitis	5
menon	3
menopause	6
menorah	2
mens	4
mensa	3
mensch	3
menstrual	4
menstruating	2
menstruation	3
menswear	2
mental	24
mentalist	3
mentality	7
mentally	13
menthe	2
menthol	3
mention	38
mentioned	29
mentioning	8
mentions	7
mentor	11
mentored	2
mentoring	3
mentors	3
menu	17
menus	6
menzies	2
meow	10
meowing	6
meows	7
mer	5
merc	4
mercado	2
mercantile	3
mercedes	13
mercenaries	7
mercenary	7
mercer	7
merch	3
merchandise	11
merchandising	3
merchant	12
merchants	8
merci	10
mercia	3
mercier	3
mercies	3
merciful	10
mercifully	3
merciless	6
mercilessly	4
mercury	11
mercutio	3
mercy	27
merde	4
mere	16
meredith	13
merely	20
merge	8
merged	5
merger	8
mergers	3
merging	4
meridian	4
meringue	5
merit	10
merits	6
merle	6
merlin	11
merlot	4
merlyn	4
mermaid	10
mermaids	5
merman	4
merrick	6
merrier	5
merrill	5
merrily	6
merriman	2
merriment	3
merrin	3
merritt	4
merry	25
mert	3
merton	4
mertz	3
merv	3
mervyn	2
meryl	6
mes	5
mesa	5
mescaline	3
mesdames	3
meself	7
mesh	5
mesmerized	4
mesmerizing	3
mesopotamia	3
mess	45
message	49
messaged	3
messages	22
messaging	4
messala	2
messalina	3
messed	22
messenger	14
messengers	6
messer	4
messes	8
messi	3
messiah	9
messier	3
messieurs	4
messin	5
messina	3
messing	19
messy	14
mestre	2
met	70
meta	4
metabolic	4
metabolism	5
metal	26
metallic	9
metallica	3
metals	7
metamorphosis	4
metaphor	10
metaphorical	3
metaphorically	5
metaphors	5
metaphysical	4
metaphysics	3
metas	2
metatron	3
metcalf	3
metcalfe	3
mete	3
meteor	10
meteoric	2
meteorite	7
meteorites	4
meteorological	3
meteorologist	3
meteors	5
meter	12
meters	18
meth	11
methadone	5
methamphetamine	4
methane	7
methanol	3
methinks	4
method	17
methodical	4
methodically	3
methodist	3
methodology	4
methods	15
methuselah	3
meticulous	6
meticulously	4
metin	3
meto	3
metre	6
metres	13
metric	4
metro	11
metronome	3
metropolis	8
metropolitan	8
mets	6
mette	4
mettle	3
metz	4
metzger	4
mew	4
mews	4
mexican	17
mexicans	8
mexico	25
meyer	8
meyers	6
mezzanine	3
mg	5
mgm	5
mh	3
mhm	5
mhmm	3
mi	17
mia	18
miami	18
miao	5
mic	10
mica	4
micah	7
mice	13
mich	3
micha	3
michael	50
michaela	5
michaels	8
michal	5
michel	13
michelangelo	10
michele	9
michelin	4
michelle	21
michi	4
michigan	10
michiko	6
michio	4
mick	15
micke	3
mickey	19
micki	6
micky	6
micro	5
microbe	3
microbes	5
microchip	4
microchips	3
microcosm	2
microfilm	4
microns	3
microorganisms	2
microphone	11
microphones	5
microscope	8
microscopic	7
microsoft	5
microwave	11
microwaves	4
mics	4
mid	8
midair	3
midas	4
midday	7
middle	48
middleman	5
middlemen	3
middleton	6
middleweight	4
midfield	3
midgard	3
midge	5
midget	8
midgets	5
midland	4
midlands	4
midlife	4
midnight	27
midori	5
midshipman	3
midsomer	4
midst	10
midsummer	5
midterm	5
midterms	4
midtown	6
midway	6
midwest	6
midwestern	3
midwife	7
midwives	3
mie	3
mieko	2
mieze	3
miffed	3
mifflin	3
mifune	3
mig	3
might	113
mightier	3
mightiest	4
mightily	2
mightn	4
mighty	22
mignon	4
migo	3
migraine	6
migraines	5
migrant	4
migrants	4
migrate	4
migrated	4
migrating	4
migration	6
migrations	3
migratory	3
migs	3
miguel	14
miguelito	3
miho	3
mija	4
mijo	4
mika	7
mikado	4
mikael	5
mikaelson	3
mikage	3
mikami	3
mikasa	3
mikayla	3
mike	47
mikes	4
mikey	15
mikhail	7
miki	7
mikkel	3
mikko	3
miko	4
mil	7
mila	6
milady	9
milan	13
milanese	3
milano	4
milburn	3
mild	11
mildew	3
mildly	6
mildred	10
mile	21
mileage	6
milena	5
miles	47
milestone	5
milestones	3
miley	6
milf	4
milford	3
milhouse	5
mili	4
miliband	2
milieu	3
militant	6
militants	4
militarily	2
military	36
militia	9
militias	3
milk	34
milked	4
milkha	2
milking	6
milkman	5
milkshake	6
milkshakes	3
milky	9
mill	15
milla	2
millan	3
millar	3
millard	3
mille	4
millennia	5
millennial	3
millennium	8
miller	21
millers	3
millet	3
milli	3
millicent	5
millie	11
milligan	3
milligram	3
milligrams	7
millimeter	6
millimeters	4
millimetre	3
millimetres	2
milling	3
millington	3
million	57
millionaire	12
millionaires	6
millions	28
millionth	4
millisecond	3
milliseconds	3
mills	12
millstone	3
milly	7
milner	5
milo	12
milord	9
milos	5
milt	5
milton	10
milwaukee	6
mim	3
mima	4
mime	6
mimes	3
mimi	12
mimic	5
mimicking	6
mimics	7
mimmi	3
mimmo	2
mimosa	3
mimosas	3
mimsy	3
min	15
mina	10
minaj	3
minami	4
minas	3
minase	3
minato	2
minbari	4
mince	5
minced	3
mincemeat	4
mind	104
minded	7
mindful	4
minding	7
mindless	6
minds	23
mindset	5
mindy	10
mine	77
minecraft	2
mined	5
minefield	6
minefields	2
miner	7
mineral	9
minerals	6
miners	10
minerva	5
mines	14
miney	3
ming	14
mingle	7
mingled	3
mingling	4
mingo	3
minh	5
mini	12
miniature	8
miniatures	3
minibar	4
minibus	4
minimal	8
minimalist	3
minimise	3
minimize	5
minimum	15
mining	11
minion	4
minions	6
miniscule	3
miniskirt	3
minister	34
ministerial	3
ministers	10
ministries	3
ministry	15
minivan	6
mink	7
minkus	3
minna	5
minneapolis	5
minnelli	3
minnesota	8
minnie	8
minnow	3
mino	3
minor	19
minori	4
minorities	5
minority	8
minors	6
minoru	3
minos	3
minotaur	5
mins	4
minsk	4
minster	3
minstrel	4
minstrels	3
mint	12
minted	3
mints	6
minty	4
mintz	2
minuet	3
minus	14
minuscule	2
minute	81
minutes	78
minwoo	3
minx	5
miny	3
mio	6
mir	5
mira	9
miracle	26
miracles	14
miraculous	8
miraculously	6
mirage	7
mirai	4
miramar	3
miranda	15
mire	4
mired	3
mireille	3
mirek	2
miri	3
miriam	10
mirjana	3
mirko	3
miro	4
mirren	2
mirror	27
mirrored	4
mirrors	11
mirth	3
mirza	4
mis	4
misa	5
misadventure	3
misaki	5
misako	3
misato	3
misbehave	4
misbehaved	3
misbehaving	3
miscalculated	3
miscalculation	3
miscarriage	7
miscarriages	3
miscarried	3
miscavige	2
miscellaneous	3
mischa	4
mischief	9
mischievous	6
miscommunication	3
misconception	4
misconceptions	2
misconduct	6
misconstrued	2
miscreant	3
miscreants	2
misdeeds	4
misdemeanor	5
misdemeanors	3
misdirection	3
miser	5
miserable	22
miserably	5
miseries	3
miserly	2
misery	16
misfire	3
misfit	4
misfits	4
misfortune	11
misfortunes	5
misgivings	3
misguided	7
misha	8
mishap	6
mishaps	3
misheard	3
mishima	4
mishka	3
mishra	4
misinformation	3
misinformed	4
misinterpret	3
misinterpreted	4
misjudge	3
misjudged	6
mislaid	3
mislead	5
misleading	5
misled	6
miso	5
misogynist	3
misogynistic	3
misplace	3
misplaced	7
misread	5
misrepresented	3
miss	99
missed	45
misses	14
misshapen	3
missie	3
missile	15
missiles	13
missin	4
missing	52
mission	39
missionaries	6
missionary	8
missions	11
missis	3
mississippi	11
missouri	8
misspelled	3
misspoke	2
misstep	3
missus	11
missy	13
mist	10
mistake	51
mistaken	20
mistakenly	4
mistakes	25
mistaking	5
mister	32
mistletoe	5
mistook	6
mistreat	3
mistreated	5
mistress	21
mistresses	5
mistrial	5
mistrust	5
mists	3
misty	8
misunderstand	10
misunderstanding	17
misunderstandings	5
misunderstood	12
misuse	4
misused	3
mit	7
mita	4
mitch	17
mitchell	16
mitchie	3
mitchum	3
mite	5
mites	4
mitigate	3
mitigating	4
mitigation	2
mito	3
mitochondrial	2
mitra	3
mitral	3
mitsu	3
mitsubishi	3
mitsuko	6
mitsuo	3
mitsuru	3
mitt	5
mitten	2
mittens	5
mitts	4
mitya	4
mitzi	4
mitzvah	8
mitzvahs	3
miu	3
miura	3
miwa	3
mix	22
mixed	23
mixer	7
mixers	3
mixes	5
mixing	10
mixture	10
miya	3
miyagi	4
miyako	3
miyamoto	4
miyazaki	3
miyuki	5
miz	3
mizoguchi	3
mizuki	6
mizuno	4
mizushima	3
mj	5
mk	3
ml	4
mla	5
mlle	3
mm	45
mma	5
mme	6
mmh	3
mmhmm	5
mmm	42
mmmm	7
mmmmm	4
mms	3
mn	2
mnemonic	3
mnh	4
mo	17
moai	2
moan	8
moana	3
moaned	3
moaning	20
moans	14
moat	5
mob	16
mobbed	3
mobile	22
mobiles	4
mobilise	3
mobility	5
mobilization	4
mobilize	5
mobilized	4
mobilizing	3
mobius	3
mobley	3
mobs	3
mobster	5
mobsters	4
moby	6
moccasins	3
mocha	5
mochizuki	3
mochou	3
mock	12
mocked	6
mockery	6
mocking	10
mockingbird	5
mockingly	4
mocks	4
mod	5
mode	14
model	31
modeled	4
modeling	9
modelled	3
modelling	5
models	16
modem	4
moderate	6
moderately	4
moderates	3
moderation	5
moderator	3
modern	27
modernity	3
modernize	2
modes	3
modest	13
modestly	3
modesto	4
modesty	8
modi	3
modicum	3
modification	5
modifications	5
modified	8
modify	6
modifying	3
modigliani	2
mods	3
modular	2
modulator	2
module	8
modules	3
modus	3
moe	10
moffat	3
mogadishu	2
mogens	3
mogo	4
mogul	4
mohamed	4
mohammad	5
mohammed	8
mohan	6
mohawk	4
mohini	4
mohit	3
moi	7
moines	4
moira	7
moist	8
moisture	7
moisturizer	3
mojave	4
mojito	4
mojitos	3
mojo	7
mok	4
mol	3
molar	3
molars	3
molasses	4
mold	11
moldavia	2
molded	4
molding	4
moldova	3
molds	4
moldy	4
mole	15
molecular	8
molecule	6
molecules	8
molehill	2
moles	5
molesley	3
molest	4
molestation	3
molested	6
molester	4
molesters	3
molesting	4
moley	3
molina	4
moll	4
mollari	3
mollie	4
molloy	3
molly	23
moloch	4
molotov	4
molten	7
molto	3
moly	5
mom	103
mombasa	3
moment	75
momentarily	6
momentary	5
momento	4
momentous	5
moments	25
momentum	8
momma	11
mommies	4
mommy	36
momo	6
momoko	4
moms	12
mon	12
mona	14
monaco	6
monahan	3
monami	3
monarch	7
monarchs	4
monarchy	7
monasteries	4
monastery	11
monastic	3
monday	27
mondays	6
monde	3
mondo	6
monet	5
monetary	5
money	128
moneybags	3
moneylender	2
moneymaker	3
moneypenny	2
mong	4
monger	3
mongo	4
mongol	5
mongolia	5
mongolian	5
mongoloid	2
mongols	5
mongoose	4
mongrel	5
mongrels	3
moni	3
monica	18
monies	3
monika	5
moniker	3
monique	8
monitor	20
monitored	7
monitoring	11
monitors	8
monk	20
monkey	26
monkeys	15
monkfish	2
monks	11
mono	6
monocle	3
monogamous	4
monogamy	4
monogram	3
monogrammed	3
monolith	3
monologue	6
monologues	2
monopolize	2
monopoly	8
monorail	3
monotone	3
monotonous	4
monotony	3
monoxide	5
monroe	13
mons	3
monsanto	4
monseigneur	4
monsieur	26
monsignor	7
monsoon	6
monster	34
monsters	19
monstrosity	5
monstrous	9
mont	5
montage	5
montague	6
montaigne	3
montalbano	4
montana	10
montauk	3
monte	10
montecito	6
montenegro	5
monterey	4
montero	3
monterrey	3
montevideo	3
montez	3
montezuma	3
montgomery	10
month	50
monthly	10
months	67
monti	4
montmartre	4
montoya	4
montparnasse	3
montreal	9
montrose	4
monty	13
monument	10
monumental	6
monuments	6
moo	9
mooch	3
mood	29
moods	7
moody	9
mooing	6
mook	4
mookie	4
moolah	3
moomin	4
moon	40
moonbase	4
moonbeam	3
moonbeams	2
mooney	5
mooning	3
moonlight	12
moonlighting	4
moonlit	4
moons	8
moonshine	6
moonstone	3
moor	7
moore	13
moored	3
mooring	3
moors	5
moos	4
moose	11
moot	4
mop	10
mopalmo	2
mope	4
moped	5
mopey	3
moping	6
mopped	3
mopping	5
mops	3
mor	5
mora	3
moral	19
morale	9
morales	7
morality	10
morally	7
morals	9
moran	8
moratorium	3
moray	5
morbid	7
morbidly	2
mordecai	6
mordechai	3
mordor	3
mordred	3
more	187
moreau	5
morehouse	3
morel	4
moreland	3
morell	2
morelli	4
morello	3
moreno	7
moreover	10
mores	2
moretti	6
morey	3
morg	2
morgan	24
morgana	5
morgen	3
morgenstern	3
morgue	14
mori	5
moriarty	6
morin	2
morita	3
moritz	4
mork	4
morland	3
morley	4
mormon	6
mormons	4
morn	7
mornin	9
morning	103
mornings	9
moro	4
moroccan	5
morocco	8
moron	19
moronic	4
morons	10
morose	3
morph	4
morpheus	4
morphin	5
morphine	12
morphing	2
morra	3
morrell	3
morrie	3
morrigan	3
morris	15
morrison	9
morrissey	4
morrow	7
morse	10
morsel	4
mort	8
mortal	15
mortality	7
mortally	3
mortals	8
mortar	7
mortars	4
mortem	4
morten	4
mortensen	2
mortgage	13
mortgaged	4
mortgages	5
morticia	3
mortician	4
mortified	5
mortifying	3
mortimer	7
mortis	4
morton	9
mortuary	7
morty	8
morwenna	3
mos	3
mosaic	4
mosby	3
mosca	4
moscow	18
mose	3
moser	3
moses	12
mosey	3
mosfilm	2
moshe	5
mosley	4
mosque	10
mosques	3
mosquito	9
mosquitoes	8
mosquitos	3
moss	10
mossad	6
most	99
mostly	26
mosul	2
mot	3
motel	18
motels	5
moth	8
mothballs	3
mothefrucker	4
mother	114
motherboard	2
motherfuck	3
motherfucker	26
motherfuckers	13
motherfuckin	6
motherfucking	11
motherhood	5
mothering	3
motherland	7
motherless	4
motherly	4
mothers	18
mothership	4
mothra	4
moths	6
moti	3
motif	4
motion	21
motionless	4
motions	7
motivate	5
motivated	10
motivates	3
motivating	3
motivation	10
motivational	4
motivations	3
motivator	3
motive	20
motives	10
motley	3
moto	6
motocross	3
motor	18
motorbike	8
motorbikes	4
motorboat	4
motorcade	4
motorcar	3
motorcycle	16
motorcycles	6
motoring	3
motorist	3
motorists	3
motorized	3
motors	8
motorway	5
motown	4
mott	4
motta	3
motto	10
mou	4
mouch	4
mould	6
moulded	2
moulds	3
mouldy	3
moulin	4
mouna	3
mound	7
mounds	4
mount	18
mountain	33
mountaineer	3
mountaineering	3
mountainous	3
mountains	26
mountainside	3
mountaintop	4
mountbatten	3
mounted	8
mountie	3
mounties	3
mounting	6
mounts	4
mourn	9
mourned	4
mourners	4
mournful	4
mourning	11
mourns	3
mouse	20
mousetrap	4
mousey	2
moussa	3
mousse	6
moustache	11
moustaches	3
mousy	3
mouth	50
mouthed	3
mouthful	6
mouthing	8
mouthpiece	4
mouths	14
mouthwash	4
mouthy	3
move	99
moved	44
movement	24
movements	14
mover	4
movers	5
moves	27
movie	50
movies	32
movin	9
moving	53
mow	7
mowbray	2
mowed	4
mower	5
mowgli	4
mowing	5
moxie	3
moya	7
moyer	3
moz	6
mozambique	3
mozart	9
mozzarella	5
mozzie	4
mp	8
mph	4
mps	6
mr	74
mri	8
mrs	41
ms	16
msg	3
mstoll	6
mt	8
mtv	6
mu	9
muad	4
muah	3
muay	4
mubarak	3
much	160
muchacho	3
muchachos	3
muchas	4
mucho	5
muck	8
mucked	3
mucking	4
mucky	3
mucous	2
mucus	4
mud	20
muddle	4
muddled	4
muddy	9
mueller	6
muerte	3
muff	5
muffin	10
muffins	8
muffled	17
muffler	4
muffy	3
mug	13
mugged	7
mugger	4
muggers	3
mugging	5
mughal	2
mugs	7
muhammad	10
muhammed	2
mui	4
muir	5
muirfield	3
mujahideen	3
mujinju	2
muk	3
mukesh	3
mukherjee	3
mukhtar	3
mulan	3
mulatto	3
mulberry	4
mulcahy	4
mulch	3
mulder	12
muldoon	4
mule	12
mules	6
mulholland	3
mull	3
mullah	3
mullen	4
muller	6
mullet	4
mulligan	6
mulling	2
mullins	4
mulrooney	2
multi	3
multimillionaire	3
multinational	5
multinationals	3
multiple	18
multiplex	2
multiplication	4
multiplied	5
multiply	7
multiplying	4
multitasking	3
multitude	5
multitudes	3
multiverse	3
mulwray	3
mum	44
mumbai	13
mumble	5
mumbled	3
mumbles	9
mumbling	12
mumbo	4
mummies	5
mummification	3
mummified	4
mummy	23
mumps	4
mums	5
mumtaz	3
mun	5
munch	8
munchausen	3
munchies	4
munching	5
munchkin	4
munchkins	3
muncie	3
mundane	6
mundo	4
mundy	3
mune	3
mung	3
mungo	3
munich	9
municipal	7
municipality	5
munitions	6
munk	3
munna	6
munni	4
munoz	3
munro	4
munroe	3
munsch	3
munson	4
munster	4
muntz	3
muppet	5
muppets	4
mur	2
murad	3
murakami	3
mural	5
murali	3
murals	3
murari	2
murat	7
murata	3
murchison	3
murder	59
murdered	35
murderer	29
murderers	14
murderess	4
murderface	4
murdering	12
murderous	7
murders	21
murdoc	3
murdoch	10
murdock	9
muriel	7
murillo	3
murky	5
murli	3
murmur	6
murmuring	14
murmurs	7
murph	6
murphy	16
murray	15
murtaugh	4
murthy	4
muruga	3
murugan	4
mus	3
musa	5
musashi	7
muscle	18
muscles	15
muscular	7
muse	7
muses	3
museum	22
museums	7
mush	7
mushroom	9
mushrooms	12
mushy	6
music	85
musical	18
musically	4
musicals	5
musician	14
musicians	12
musk	5
musket	5
musketeer	4
musketeers	6
muskets	4
muskrat	2
muslim	15
muslims	11
muslin	3
musn	3
muss	3
mussel	3
mussels	5
mussolini	7
must	142
musta	3
mustache	12
mustaches	3
mustafa	7
mustang	8
mustangs	4
mustapha	3
mustard	11
muster	6
mustered	3
mustn	24
musty	4
mutagen	3
mutant	13
mutants	7
mutate	3
mutated	5
mutating	3
mutation	7
mutations	5
mute	10
muted	4
muthu	4
mutilate	3
mutilated	6
mutilation	4
mutilations	3
mutiny	8
muto	2
mutt	9
mutter	4
muttering	12
mutters	9
muttley	3
mutton	7
mutts	4
mutual	14
mutually	6
muy	6
muzak	3
muzzle	6
muzzy	3
mv	3
mva	3
mvp	4
mwah	11
my	414
mya	3
myanmar	3
mycroft	4
myeong	4
myer	2
myers	7
myjob	3
myka	5
mykonos	2
mylene	3
myles	4
myocardial	3
myra	7
myriad	4
myriam	3
myrna	4
myron	5
myrrh	3
myrtle	7
myself	91
myspace	4
mysteries	11
mysterious	22
mysteriously	7
mystery	27
mystic	8
mystical	8
mysticism	3
mystics	3
mystified	3
mystique	5
myth	15
mythbusters	6
mythic	3
mythical	6
mythological	4
mythology	8
myths	7
myung	6
mywife	2
na	20
naacp	3
nab	6
nabbed	5
naboo	3
nacho	5
nachos	6
nada	8
nader	3
nadezhda	3
nadia	12
nadine	9
nadir	3
nadiya	3
nadja	3
nads	3
nadu	4
nadya	4
nae	4
nag	8
naga	4
nagai	3
nagano	3
nagar	4
nagasaki	5
nagata	3
nagato	2
nagavalli	2
nagel	3
nagged	3
nagging	9
nagi	3
nagisa	3
nagoya	3
nags	3
nagumo	3
nagus	3
nagy	3
nah	30
nai	6
naidu	4
naik	3
nail	21
nailed	13
nailing	5
nails	17
naina	6
nair	4
nairobi	4
naive	15
naivety	2
nak	5
naka	4
nakagawa	3
nakai	2
nakajima	3
nakamura	6
nakanishi	3
nakano	3
naked	30
nakedness	3
nakrang	3
nam	13
namaste	6
name	126
named	39
nameless	6
namely	6
names	38
namesake	4
nametag	2
nami	5
namibia	3
naming	8
nan	11
nana	13
nanami	3
nance	5
nancy	21
nanda	4
nandhini	3
nandi	3
nandini	5
nandita	3
nando	5
nandu	6
nanette	4
nang	3
nani	5
nanites	4
nanjing	3
nanjo	3
nanking	3
nanna	4
nanni	3
nannies	5
nanny	17
nano	3
nanobots	3
nanosecond	2
nanotechnology	3
nantes	3
nantucket	4
nao	5
naoki	4
naoko	4
naomi	15
naonka	2
naosuke	2
naoto	3
nap	17
napa	4
napalm	4
nape	3
napier	3
napkin	9
napkins	7
naples	11
napoleon	13
napoleonic	2
napoli	3
nappies	4
napping	5
nappy	5
naps	5
napster	3
nara	4
narang	2
narasimha	2
narayan	5
narayana	3
narayanan	3
narc	5
narcisse	4
narcissism	4
narcissist	4
narcissistic	5
narcissus	3
narco	4
narcolepsy	3
narcotic	4
narcotics	11
narcs	3
nardo	3
narf	4
nari	2
narita	3
narn	4
narnia	3
narra	3
narrate	4
narrated	3
narrating	12
narration	5
narrative	7
narrator	39
narrow	16
narrowed	6
narrower	3
narrowing	4
narrowly	4
narrows	6
naru	4
naruse	3
naruto	6
nary	3
nas	4
nasa	12
nasal	6
nascar	4
nash	10
nashville	8
nasir	3
nassar	2
nassau	5
nasser	5
nastier	2
nastiest	3
nastiness	3
nasty	25
nastya	3
nat	11
natal	3
natalia	7
natalie	18
natalya	4
natasha	11
nate	19
nath	4
nathalie	6
nathan	21
nathaniel	7
nation	27
national	34
nationalism	4
nationalist	5
nationalists	4
nationalities	3
nationality	6
nationally	3
nationals	7
nations	15
nationwide	6
native	18
natives	9
nativity	4
nato	7
natsu	4
natsuki	3
natsuko	3
natsume	3
natsumi	4
natty	3
natural	34
naturalist	3
naturally	23
nature	37
natures	3
naught	6
naughty	18
nausea	7
nauseated	3
nauseating	4
nauseous	7
nautical	5
nautilus	4
nav	5
nava	3
navajo	4
naval	12
navarre	3
navarro	5
navcom	3
nave	3
navel	5
navid	6
navidad	3
navigate	7
navigating	4
navigation	8
navigational	4
navigator	7
navigators	3
navin	3
navy	23
naw	7
nawab	4
nay	10
naylor	3
naz	4
nazarene	3
nazareth	5
nazca	3
nazi	15
nazim	3
nazir	4
nazis	13
nazism	3
nba	6
nbc	7
nc	2
ncaa	3
ncic	2
ncis	9
nco	2
nd	6
nder	11
ne	12
neal	14
neanderthal	5
neanderthals	6
neapolitan	4
near	49
nearby	20
nearer	8
nearest	14
nearing	6
nearly	34
nears	3
nearsighted	3
neary	3
neat	16
neater	2
neath	2
neatly	6
neb	2
nebraska	7
nebuchadnezzar	2
nebula	7
necessarily	18
necessary	35
necessities	5
necessity	9
neck	37
necking	3
necklace	19
necklaces	5
neckline	3
necks	9
necktie	5
necromancer	3
necrosis	3
nectar	7
ned	16
neddy	3
nedra	3
nee	4
need	190
needed	52
needful	2
needing	13
needle	17
needlepoint	3
needles	11
needless	7
needlessly	4
needlework	3
needn	13
needs	66
needto	2
needy	9
neeko	3
neel	3
neela	5
neelix	5
neelu	3
neely	4
neeson	2
neetu	3
nefarious	4
nefertiti	3
neff	3
negate	3
negative	24
negatively	4
negatives	6
negativity	5
neglect	8
neglected	9
neglecting	5
negligee	3
negligence	7
negligent	5
negligible	3
negotiable	4
negotiate	15
negotiated	6
negotiating	9
negotiation	9
negotiations	11
negotiator	6
negotiators	3
negra	2
negro	11
negroes	7
negros	2
neha	7
nehru	3
neigh	3
neighbor	22
neighborhood	27
neighborhoods	7
neighboring	6
neighborly	4
neighbors	21
neighbour	13
neighbourhood	12
neighbourhoods	2
neighbouring	4
neighbours	13
neighing	7
neighs	7
neil	18
neill	3
neiman	3
nein	6
neither	43
nel	3
neleh	3
nell	10
nella	3
nelle	4
nellie	8
nello	3
nelly	7
nelson	18
nemesis	7
nemo	7
nen	2
nena	3
nene	4
neo	5
neolithic	3
neon	7
nepal	5
nephew	21
nephews	6
nepotism	3
neptune	8
ner	2
nerd	12
nerds	8
nerdy	5
neri	3
nero	10
neruda	2
nerv	2
nerve	21
nerves	18
nervous	39
nervously	10
nervousness	4
nerys	3
nesbitt	4
ness	7
nessa	5
nessie	3
nest	17
nesting	5
nestled	3
nestor	6
nests	6
net	18
netflix	4
nether	3
netherlands	6
netherworld	3
nets	8
netted	2
nettie	3
netting	3
nettle	3
nettles	4
network	22
networking	5
networks	8
neumann	3
neural	8
neuro	5
neurological	6
neurologist	5
neurology	3
neuron	3
neurons	5
neuroscience	3
neuroses	3
neurosis	4
neurosurgeon	5
neurosurgery	3
neurotic	7
neurotoxin	2
neuter	2
neutered	3
neutral	11
neutralise	3
neutrality	4
neutralize	6
neutralized	5
neutrino	3
neutrinos	3
neutron	6
neutrons	4
nev	4
nevada	10
neve	3
never	180
neverland	3
nevermind	6
nevermore	3
nevers	3
nevertheless	12
neville	8
nevins	4
new	133
newark	6
newberg	3
newberry	3
newbie	6
newbies	3
newborn	8
newborns	3
newcastle	5
newcomer	7
newcomers	5
newell	3
newer	5
newest	10
newfangled	2
newfound	5
newfoundland	4
newgate	2
newhouse	3
newkirk	5
newly	11
newlywed	4
newlyweds	6
newman	9
newport	6
news	68
newscast	3
newscaster	6
newsflash	3
newsletter	5
newsman	3
newsome	3
newspaper	25
newspaperman	4
newspapers	17
newsreader	3
newsreel	5
newsreels	3
newsroom	4
newsstand	4
newsweek	3
newsworthy	2
newt	6
newton	12
next	108
nexus	4
ney	3
nez	2
nfl	5
ng	12
ngai	2
ngan	2
ngo	4
ngs	3
nguyen	3
nhl	3
nhs	5
ni	14
nia	6
niagara	6
niall	3
niamh	3
niang	4
nibble	6
nibbles	4
nibbling	4
nibs	3
nic	5
nicaragua	5
niccolo	3
nice	119
nicely	18
niceness	2
nicer	14
nicest	11
niceties	3
niche	5
nichol	2
nicholas	15
nicholls	3
nichols	7
nicholson	6
nicht	5
nick	39
nicked	9
nickel	11
nickelodeon	3
nickels	6
nickers	3
nicki	9
nickie	3
nicking	4
nicklas	2
nickname	14
nicknamed	5
nicknames	6
nicks	4
nicky	15
nico	10
nicodemus	3
nicola	8
nicolai	3
nicolas	9
nicole	18
nicolette	3
nicotine	6
nicu	3
nid	2
nidge	3
nie	4
niece	17
nieces	5
niecy	3
niels	5
nielsen	5
nietzsche	5
nietzschean	4
nietzscheans	3
nieves	3
nifty	5
nig	3
nigar	2
nige	2
nigel	14
niger	3
nigeria	5
nigerian	4
nigga	16
niggas	8
nigger	15
niggers	9
nigh	5
nighlok	3
night	139
nightcap	6
nightclub	11
nightclubs	5
nightdress	3
nightfall	8
nightgown	6
nighthawk	3
nighthorse	3
nightie	4
nightingale	8
nightingales	3
nightlife	4
nightly	6
nightmare	24
nightmares	14
nightmarish	2
nights	29
nightshade	3
nightshirt	2
nightstand	5
nightstick	2
nighttime	6
nighty	3
nihaal	3
nihal	3
nik	5
nika	3
nike	5
nikhil	5
niki	6
nikita	11
nikki	15
nikko	3
niklas	4
niklaus	4
niko	7
nikola	5
nikolai	8
nikolaj	3
nikolay	2
nikos	4
nil	5
nile	8
niles	12
nilka	3
nils	5
nilsson	3
nim	5
nima	2
nimah	3
nimble	5
nimbus	2
nimrod	3
nin	3
nina	21
nincompoop	3
nine	38
niner	4
niners	3
nines	4
nineteen	8
nineteenth	3
nineties	3
ninety	8
ning	5
nini	3
ninja	15
ninjas	6
ninny	5
nino	8
nintendo	4
ninth	11
niobe	3
nip	8
nipped	3
nipper	3
nipping	3
nipple	8
nipples	10
nippon	3
nippy	3
nips	4
niro	4
nirvana	6
nis	4
nisa	3
nisha	6
nishi	4
nishida	3
nishimura	3
nissan	4
nisse	2
nit	3
nita	4
nite	3
nitin	3
nitrate	5
nitrates	2
nitric	3
nitro	5
nitrogen	8
nitroglycerin	3
nitrous	4
nits	3
nitwit	5
nitwits	3
niu	3
nix	5
nixon	10
nk	4
no	390
noa	4
noah	17
noam	3
nob	3
nobby	3
nobel	9
nobility	7
nobis	3
nobita	3
noble	22
nobleman	6
noblemen	3
nobler	3
nobles	8
noblest	4
nobly	3
nobodies	4
nobody	74
noboru	4
nobu	4
nobuko	3
nobunaga	5
nobuo	2
noche	3
noches	4
nocturnal	5
nod	10
noda	3
nodame	3
nodded	5
nodding	5
node	4
nodes	4
nodos	3
nods	3
noel	11
noelle	5
nog	4
nogales	2
noggin	4
noh	3
noi	4
noir	6
noirish	2
noise	32
noises	14
noisily	3
noisy	12
nok	3
nokia	3
nol	2
nola	5
nolan	12
nom	4
noma	2
nomad	5
nomadic	4
nomads	5
nome	4
nomi	3
nominal	4
nominate	6
nominated	8
nomination	8
nominations	4
nomine	4
nominee	6
nominees	6
nomura	3
non	12
nona	5
nonce	3
nonchalant	3
nondescript	2
none	53
nonetheless	9
nonexistent	4
nonfat	3
nong	4
noni	3
nonna	3
nonnatus	3
nonny	3
nono	3
nonprofit	3
nonsense	33
nonsensical	3
nonstop	7
nonviolence	2
nonviolent	4
noo	4
noob	3
noodle	9
noodles	13
noogie	3
nook	5
nooks	3
noon	20
noona	5
noonan	3
noone	5
nooo	6
noooo	5
nooooo	3
noooooo	2
noor	4
noora	2
noose	8
nopd	3
nope	30
nor	35
nora	16
norad	3
norah	5
norbac	3
norbert	4
norbit	3
nord	3
nordic	4
nordmann	2
noreen	4
norfolk	6
nori	3
noriega	3
noriko	5
norm	11
norma	10
normal	47
normalcy	3
normality	3
normally	24
norman	18
normandie	2
normandy	7
normans	4
normie	3
norms	4
norrell	3
norrie	3
norris	8
norse	5
north	41
northbound	4
northeast	8
northeastern	3
northern	17
northerners	3
northman	2
northumberland	4
northumbria	2
northward	3
northwest	9
northwestern	5
norton	10
norval	2
norway	10
norwegian	9
norwegians	3
norwich	3
norwood	4
nos	5
nose	37
nosebleed	5
nosebleeds	3
nosedive	2
noses	10
nosey	4
nosferatu	3
nosh	3
nosing	4
nostalgia	6
nostalgic	6
nostra	3
nostradamus	5
nostril	4
nostrils	6
nosy	8
not	385
notable	4
notably	3
notarized	3
notary	7
notation	3
notch	9
notches	4
note	35
notebook	12
notebooks	6
noted	11
notepad	3
notes	25
noteworthy	2
noth	3
nother	4
nothin	24
nothing	147
nothingness	5
nothings	4
notice	39
noticeable	5
noticed	33
notices	8
noticing	10
notification	5
notified	9
notify	12
notifying	3
noting	4
notion	12
notions	6
notjust	5
notoriety	4
notorious	10
notoriously	4
notre	6
notte	3
notting	3
nottingham	6
notwithstanding	4
nou	2
nougat	3
nought	4
noun	4
nourish	4
nourished	3
nourishing	3
nourishment	5
nous	4
nouveau	3
nova	10
novak	8
novel	19
novelist	6
novels	10
novelty	7
november	17
novice	6
novices	3
novotny	3
now	283
nowadays	17
nowhere	33
nowt	5
nowyou	2
nox	2
noxious	3
nozomi	3
nozzle	4
npr	3
nr	5
nra	3
nri	2
ns	3
nsa	10
nsc	3
nss	4
nt	5
ntac	3
nts	3
ntsb	3
nu	6
nuance	3
nuanced	2
nuances	3
nub	3
nubia	3
nubian	3
nucky	4
nuclear	22
nuclei	3
nucleus	6
nude	12
nudes	4
nudge	6
nudie	3
nudist	4
nudity	6
nugent	4
nugget	6
nuggets	6
nuh	4
nui	4
nuisance	11
nuit	3
nuke	6
nuked	3
nukes	5
null	4
num	4
numata	3
numb	10
number	75
numbered	7
numbering	2
numbers	33
numbing	3
numbness	4
numbnuts	3
numbskull	3
numerals	3
numerical	4
numero	4
numerous	11
nun	13
nuna	3
nunez	3
nunnery	4
nuno	2
nuns	10
nunzio	3
nuptial	4
nuptials	3
nur	3
nuremberg	4
nuri	3
nuria	3
nurse	33
nursed	5
nursemaid	4
nursery	11
nurses	15
nursing	13
nurture	6
nurtured	4
nurturing	5
nut	17
nutcase	6
nutcracker	4
nutella	2
nuthouse	4
nutjob	3
nutmeg	4
nutrient	3
nutrients	6
nutrition	6
nutritional	4
nutritionist	3
nutritious	5
nuts	32
nutshell	5
nutter	5
nutters	3
nutty	7
nuys	4
nva	3
ny	5
nyada	2
nyah	4
nyang	4
nyborg	3
nyc	3
nye	3
nyet	4
nygma	3
nylon	5
nylons	3
nymph	4
nympho	3
nymphomaniac	4
nymphs	3
nypd	11
nyssa	4
nyu	5
nyx	2
nzt	4
oa	3
oaf	6
oahu	4
oak	13
oakes	3
oakland	6
oakley	4
oaks	6
oakwood	3
oan	5
oar	5
oars	5
oasis	7
oat	3
oates	4
oath	16
oaths	4
oatmeal	7
oats	6
oaxaca	3
ob	5
obama	11
obedience	8
obedient	8
obediently	2
obelisk	4
obelix	4
oberoi	3
oberon	3
oberst	3
obese	5
obesity	5
obey	19
obeyed	7
obeying	5
obeys	4
obi	3
obit	2
obituaries	4
obituary	6
object	24
objected	5
objecting	3
objection	19
objectionable	3
objections	9
objective	13
objectively	4
objectives	6
objectivity	4
objects	17
obligated	7
obligation	12
obligations	8
obligatory	4
oblige	7
obliged	13
obliges	2
obliging	3
oblique	3
obliterate	4
obliterated	5
oblivion	7
oblivious	6
obnoxious	8
oboe	4
obscene	8
obscenities	3
obscenity	4
obscure	8
obscured	4
obscurity	4
observant	5
observation	13
observational	3
observations	7
observatory	7
observe	16
observed	11
observer	8
observers	5
observes	3
observing	9
obsess	4
obsessed	18
obsessing	5
obsession	13
obsessions	4
obsessive	7
obsessively	3
obsidian	3
obsolete	7
obstacle	10
obstacles	9
obstetrician	3
obstetrics	3
obstinacy	3
obstinate	5
obstruct	4
obstructed	3
obstructing	5
obstruction	8
obtain	11
obtained	9
obtaining	4
obtuse	3
obvious	29
obviously	43
oc	3
occasion	20
occasional	9
occasionally	13
occasions	11
occipital	3
occult	6
occupancy	3
occupant	4
occupants	4
occupation	12
occupational	5
occupations	3
occupied	14
occupies	4
occupy	9
occupying	5
occur	14
occured	3
occurred	18
occurrence	6
occurrences	3
occurring	6
occurs	9
ocd	5
ocean	29
oceanic	4
oceans	10
och	4
ocho	3
ochoa	3
ock	3
ocp	3
octagon	3
octave	5
octavia	5
octavian	4
octavio	4
octavius	4
october	17
octopus	9
octus	4
ocular	3
od	7
oda	5
odd	28
oddball	4
oddest	3
oddity	2
oddly	8
odds	20
ode	4
odell	3
oder	3
odessa	6
odette	6
odi	2
odie	4
odile	4
odin	8
odious	4
odo	6
odor	7
odorless	2
odors	3
odour	4
ods	2
odum	2
odysseus	4
odyssey	6
oe	3
oedipus	4
of	556
ofa	5
ofcourse	5
ofelia	3
off	167
offal	3
offed	4
offence	12
offences	5
offend	12
offended	15
offender	9
offenders	8
offending	5
offends	5
offense	19
offenses	6
offensive	14
offer	46
offered	28
offering	22
offerings	6
offers	15
offhand	4
office	70
officer	51
officers	28
offices	13
official	28
officially	20
officials	14
officiate	3
offing	3
offline	6
offload	3
offs	3
offscreen	7
offset	4
offshore	8
offside	3
offspring	9
offstage	3
offthe	3
ofher	4
ofhere	4
ofhim	3
ofhis	4
ofit	4
ofjustice	3
oflife	2
oflove	3
ofmy	3
oft	4
often	44
oftentimes	3
ofthat	4
ofthe	13
ofthem	5
ofthese	3
ofthis	5
ofthose	3
oftime	2
ofus	2
ofwhat	2
ofyou	6
ofyour	5
og	4
ogami	4
ogata	4
ogawa	3
ogden	6
ogle	3
ogling	4
ogre	7
ogres	3
oh	283
ohh	30
ohhh	11
ohhhh	5
ohhhhh	3
ohio	12
ohm	4
oho	3
oi	19
oil	33
oiled	4
oils	5
oily	6
oink	5
ointment	7
oishi	3
oj	4
ojai	4
ok	116
oka	3
okabe	2
okada	4
okamoto	3
okano	2
okatsu	2
okay	223
okayed	3
okey	6
okeydoke	3
okeydokey	3
oki	3
okie	2
okinawa	6
okita	3
oklahoma	9
okra	3
oksana	3
oktoberfest	2
okubo	3
okuda	2
ol	13
ola	5
olaf	7
olav	3
old	122
olde	3
olden	5
older	33
oldest	16
oldham	3
oldie	4
oldies	4
oldman	3
olds	4
ole	9
oleg	7
olfactory	3
olga	10
oli	3
oligarchs	2
olin	3
olive	13
oliver	22
olives	8
olivia	19
olivier	7
olle	3
olli	3
ollie	10
olly	6
olmedo	2
olof	3
olsen	7
olson	5
olsson	2
olya	3
olympia	5
olympiad	2
olympian	3
olympic	11
olympics	10
olympus	6
om	8
oma	3
omaha	6
oman	3
omar	13
ome	3
omega	9
omelet	8
omelets	3
omelette	6
omelettes	3
omen	8
omens	4
omer	4
ometepe	2
omg	4
omi	4
omicron	3
ominous	12
omission	4
omit	3
omitted	3
omni	3
omnibus	2
omnipotent	4
omnipresent	3
omniscient	3
omnitrix	3
omo	4
omoi	3
on	409
ona	3
onassis	2
onboard	9
once	97
oncologist	4
oncology	4
oncoming	4
ondina	3
one	280
onedin	4
oneness	3
ones	53
oneself	9
onesie	3
ong	4
ongoing	10
oni	4
onion	11
onions	11
onizuka	3
online	23
onlookers	4
only	176
ono	5
ons	2
onscreen	2
onset	5
onslaught	4
onslow	3
onstage	8
ontario	4
onthe	3
onto	33
onur	3
onward	7
onwards	7
ony	3
onyx	3
oo	6
ood	4
oodles	2
oof	10
oogie	2
ooh	55
oohs	2
ook	3
oolong	3
oom	2
oome	7
oompa	3
oomph	4
oona	4
ooo	8
oooh	11
oooo	2
ooooh	5
oooooh	3
oop	6
oops	17
oopsie	3
oot	4
ooty	3
ooze	4
oozes	2
oozing	5
op	10
opa	4
opal	5
opaque	3
ope	3
open	89
opened	32
opener	8
openers	3
opening	31
openings	5
openly	10
openness	4
opens	31
opera	19
operandi	3
operas	5
operate	17
operated	10
operates	7
operatic	3
operating	16
operation	34
operational	10
operations	17
operative	9
operatives	7
operator	16
operators	6
operetta	3
ophelia	6
ophthalmologist	2
opiate	3
opiates	3
opie	4
opinion	32
opinionated	3
opinions	12
opium	9
oppa	11
oppenheimer	4
opponent	14
opponents	8
opportune	3
opportunist	4
opportunistic	3
opportunities	13
opportunity	36
opposable	2
oppose	9
opposed	13
opposes	4
opposing	8
opposite	23
opposites	5
opposition	12
oppress	3
oppressed	7
oppressing	2
oppression	7
oppressive	5
oppressor	3
oppressors	3
oprah	9
opry	3
ops	10
opt	4
opted	4
optic	5
optical	6
optics	4
optimal	4
optimism	7
optimist	5
optimistic	10
optimization	2
optimum	4
optimus	6
option	22
optional	5
options	20
optometrist	2
opulent	2
opus	4
or	210
ora	4
orabeoni	3
orac	4
oracle	8
oral	9
orale	2
orally	3
oran	3
orange	22
oranges	9
orangutan	4
orator	3
oratory	2
orb	7
orbison	2
orbit	15
orbital	6
orbiter	2
orbiting	6
orbits	6
orbs	3
orc	3
orca	3
orchard	7
orchards	3
orchestra	13
orchestral	7
orchestras	3
orchestrate	3
orchestrated	5
orchestrating	2
orchestration	2
orchid	7
orchids	6
orcs	4
ord	3
ordained	5
ordeal	8
order	66
ordered	31
ordering	13
orderlies	3
orderly	9
orders	39
ordinance	5
ordinarily	6
ordinary	25
ordnance	4
ore	7
oregano	4
oregon	9
oren	4
oreo	3
oreos	3
orestes	4
org	3
organ	15
organic	13
organically	3
organics	2
organisation	9
organisations	4
organise	7
organised	10
organising	5
organism	8
organisms	7
organist	3
organization	20
organizational	3
organizations	8
organize	12
organized	17
organizer	5
organizers	4
organizes	3
organizing	8
organs	14
orgasm	10
orgasmic	2
orgasms	6
orgies	4
orgy	8
orhan	4
ori	5
orient	6
oriental	7
orientation	8
oriented	4
orifice	3
origami	4
origin	13
original	33
originality	4
originally	15
originals	6
originate	4
originated	7
originates	3
originating	3
origins	8
orin	4
orion	8
orjust	3
orkney	2
orla	3
orlando	9
orleans	14
orlov	3
orly	3
orm	2
ormond	3
ornament	6
ornamental	3
ornaments	6
ornate	3
ornery	4
orphan	14
orphanage	13
orphanages	3
orphaned	5
orphans	10
orpheus	5
orr	3
orry	4
orsini	4
orson	8
ortega	5
orthe	3
ortho	4
orthodontist	3
orthodox	6
orthodoxy	2
orthopedic	4
ortiz	6
orton	3
orville	5
orwell	4
oryou	3
oryu	3
os	6
osaka	9
osama	6
osamu	3
osborn	4
osborne	7
osbourne	4
oscar	21
oscars	5
oscillating	3
oscillator	3
osgood	5
oshima	3
oshin	4
osiris	5
oska	3
oskar	7
oslo	6
osman	5
osmond	3
oso	3
osprey	2
oss	3
osten	2
ostend	3
ostensibly	3
ostentatious	3
osteoporosis	2
ostia	3
ostracized	3
ostrich	6
ostriches	3
osvaldo	3
oswald	9
oswin	3
ot	7
ota	4
otaku	3
othello	5
other	142
others	58
otherwise	39
otherworldly	5
otis	10
oto	2
otomo	3
otsu	3
otsuka	2
ott	3
ottawa	4
otter	6
otters	4
otto	14
ottoman	6
ottomans	3
ou	14
ouch	20
ought	35
oughta	12
oughtn	4
oughtta	3
oui	12
ouija	5
ounce	9
ounces	9
our	203
ourjob	2
ours	32
ourself	4
ourselves	39
oust	3
ousted	3
out	295
outa	3
outage	4
outback	4
outbid	3
outboard	3
outbreak	8
outbreaks	3
outburst	5
outbursts	4
outcast	6
outcasts	5
outcome	12
outcomes	4
outcry	3
outdated	6
outdid	3
outdo	3
outdone	4
outdoor	8
outdoors	8
outed	4
outer	15
outfield	2
outfit	21
outfits	9
outfitted	3
outgoing	6
outgrew	2
outgrow	3
outgrown	4
outgunned	3
outhouse	5
outing	7
outings	3
outlandish	3
outlast	3
outlaw	8
outlawed	5
outlaws	7
outlet	8
outlets	5
outline	7
outlined	4
outlines	3
outlining	3
outlive	5
outlived	4
outlook	6
outlying	3
outmoded	2
outnumber	4
outnumbered	8
outpatient	4
outpost	7
outposts	3
outpouring	2
output	8
outrage	9
outraged	6
outrageous	13
outrageously	3
outrank	3
outreach	5
outright	6
outrun	7
outs	7
outset	4
outshine	3
outside	66
outsider	9
outsiders	9
outskirts	7
outsmart	4
outsmarted	4
outsourcing	3
outspoken	4
outstanding	13
outstretched	3
outta	30
outward	6
outwardly	3
outwards	3
outweigh	3
outweighs	3
outwit	4
outwith	3
outwitted	3
ouyang	3
ouzo	3
ov	3
oval	7
ovarian	3
ovaries	5
ovary	3
ovation	4
ove	4
oven	16
ovens	4
over	175
overacting	2
overactive	3
overall	11
overalls	5
overbearing	4
overblown	2
overboard	11
overbooked	2
overcame	5
overcast	3
overcoat	5
overcome	15
overcomes	3
overcoming	4
overcompensating	3
overconfident	3
overcooked	5
overcrowded	4
overcrowding	3
overdid	4
overdo	7
overdoing	5
overdone	4
overdose	9
overdosed	4
overdraft	3
overdrawn	3
overdressed	4
overdrive	4
overdue	8
overestimate	4
overestimated	3
overexcited	3
overextended	3
overflow	5
overflowed	2
overflowing	6
overflows	3
overgrown	5
overhaul	4
overhead	10
overhear	5
overheard	11
overhearing	4
overheat	3
overheated	4
overheating	4
overjoyed	5
overkill	5
overland	3
overlap	5
overlapping	10
overlay	3
overload	7
overloaded	5
overloading	3
overlook	8
overlooked	8
overlooking	6
overlooks	3
overlord	4
overlords	3
overly	8
overnight	17
overpaid	3
overpass	4
overpopulation	2
overpower	4
overpowered	4
overpowering	4
overpriced	4
overprotective	4
overqualified	2
overrated	7
overreact	5
overreacted	6
overreacting	9
overreaction	3
override	9
overrides	2
overriding	3
overrule	3
overruled	8
overrun	6
overs	3
oversaw	3
overseas	12
oversee	6
overseeing	4
overseer	4
oversees	3
overshadowed	3
overshot	2
oversight	7
oversized	5
oversleep	2
overslept	6
overstating	2
overstayed	3
overstep	3
overstepped	4
overstepping	3
overt	3
overtake	6
overtaken	4
overtaking	3
overthe	3
overthere	4
overthink	3
overthinking	3
overthrew	2
overthrow	7
overthrowing	2
overthrown	4
overtime	12
overtly	2
overton	2
overtook	3
overture	4
overtures	2
overturn	4
overturned	6
overview	4
overwatch	2
overweight	6
overwhelm	5
overwhelmed	11
overwhelming	12
overwhelmingly	3
overwhelms	3
overwork	3
overworked	5
overwrought	3
overzealous	4
ovulating	4
ovulation	3
ow	40
owada	3
owari	3
owe	40
owed	14
owen	18
owens	7
owes	15
owie	2
owing	6
owl	12
owls	6
own	111
owned	18
owner	29
owners	15
ownership	8
owning	7
owns	20
owt	4
oww	6
ox	11
oxen	5
oxford	12
oxide	5
oxnard	2
oxy	5
oxycodone	3
oxycontin	3
oxygen	19
oxymoron	3
oxytocin	3
oy	9
oyabun	2
oyama	3
oye	5
oyku	3
oyster	8
oysters	9
oyuki	3
oz	11
ozaki	3
ozawa	3
ozone	5
ozu	4
ozzie	5
ozzy	7
pa	23
paan	3
paappi	3
pablito	4
pablo	14
pac	4
pace	15
paced	3
pacemaker	5
pacer	3
paces	7
pacey	7
pacheco	3
pachinko	3
pacific	16
pacifier	4
pacifist	4
pacify	4
pacing	6
pacino	5
pack	33
package	22
packaged	4
packages	9
packaging	6
packard	4
packed	20
packer	5
packers	3
packet	10
packets	6
packin	3
packing	17
packs	10
paco	9
pact	11
pad	13
padawan	3
padded	5
paddies	3
padding	4
paddington	4
paddle	9
paddles	6
paddling	5
paddock	4
paddy	11
padilla	2
padlock	4
padlocked	2
padma	4
padre	9
padres	3
pads	8
padua	3
paedophile	4
paedophiles	2
paella	4
pagan	7
paganini	3
pagans	4
page	30
pageant	10
pageants	4
paged	7
pager	7
pagers	3
pages	18
pagina	3
paging	6
pagoda	4
pah	4
pai	5
paid	48
paige	16
pail	5
pain	52
paine	4
pained	5
painful	21
painfully	6
paining	4
painkiller	4
painkillers	7
painless	7
painlessly	2
pains	13
painstaking	3
painstakingly	3
paint	30
paintball	5
paintbrush	3
painted	19
painter	14
painters	7
painting	29
paintings	17
paints	7
pair	29
paired	6
pairing	4
pairs	11
paisa	2
paise	3
paisley	4
pajama	4
pajamas	10
pak	7
paki	4
pakistan	12
pakistani	7
pakistanis	3
pal	30
palace	27
palaces	6
paladin	10
palais	3
palanquin	5
palatable	3
palate	6
palatial	3
palazzo	3
pale	16
paler	2
palermo	6
pales	3
palestine	7
palestinian	6
palestinians	6
palette	5
paley	3
pali	3
palin	6
palisades	3
pall	3
palladium	3
palle	4
pallet	3
pallets	3
pally	4
palm	17
palma	4
palme	3
palmer	14
palms	9
palo	4
paloma	6
palomares	2
palomino	2
palos	2
palp	3
palpable	4
palpitations	4
pals	12
palsy	3
paltrow	3
paltry	4
pam	16
pamela	11
pammi	2
pammy	3
pamper	4
pampered	5
pampering	3
pampers	3
pamphlet	6
pamphlets	5
pamplona	2
pan	18
panache	3
panama	8
pancake	9
pancakes	13
panchayat	3
pancho	6
pancreas	5
pancreatic	4
panda	11
pandas	4
pandemic	4
pandemonium	4
pander	3
pandering	3
pandey	5
pandi	3
pandit	4
panditji	2
pandora	6
pandu	3
pane	4
panel	14
panels	7
panes	2
pang	6
pangs	4
panhandle	3
pani	2
panic	23
panicked	12
panicking	7
panicky	4
panics	4
panini	3
panisse	3
panna	3
panned	3
panning	3
panorama	4
panoramic	3
pans	7
pansies	3
pansy	5
pant	7
pantheon	4
panther	9
panthers	7
panties	14
panting	27
pantomime	4
pantry	7
pants	36
pantsuit	3
panty	5
pantyhose	4
panzer	4
pao	7
paola	5
paolino	2
paolo	10
pap	6
papa	33
papacy	3
papal	6
paparazzi	7
paparazzo	2
papaya	5
paper	46
paperback	3
paperboy	3
papers	36
paperweight	3
paperwork	18
papi	9
pappa	4
pappas	3
pappi	3
pappu	5
pappy	6
paprika	4
papua	3
papyrus	3
paquita	2
par	8
para	7
parable	3
parabolic	3
paracelsus	3
paracetamol	3
parachute	10
parachuted	3
parachutes	4
parachuting	2
parade	17
paraded	3
parades	5
paradigm	4
paradine	3
parading	4
paradis	3
paradise	20
paradox	7
paradoxes	3
paradoxical	3
paraffin	3
paragon	4
paragraph	8
paragraphs	3
paraguay	4
parakeet	4
paralegal	4
parallel	11
parallels	3
paralysed	5
paralysis	7
paralytic	3
paralyze	4
paralyzed	10
paralyzing	3
paramedic	7
paramedics	9
parameter	4
parameters	7
paramilitary	3
paramount	6
paramour	3
paranoia	9
paranoid	16
paranormal	7
parapet	2
paraphernalia	4
paraphrase	2
paraplegic	3
parasite	8
parasites	7
parasitic	3
parasol	4
paratrooper	3
paratroopers	4
parcel	9
parcels	5
parched	5
parchment	5
pardner	3
pardon	34
pardoned	5
pardons	4
parent	19
parental	7
parentheses	2
parenthood	4
parenting	8
parents	62
parfait	3
pari	3
pariah	4
parietal	3
pariqual	3
paris	39
parish	11
parishioner	2
parishioners	4
parisian	6
parisians	3
park	45
parka	3
parked	17
parker	22
parkes	3
parking	25
parkinson	5
parkman	4
parkour	3
parks	12
parkway	4
parlance	2
parlay	3
parley	4
parliament	13
parliamentary	5
parlor	10
parlors	3
parlour	6
parm	3
parma	4
parmesan	5
parnell	4
paro	5
parochial	2
parody	4
parole	15
paroled	5
parolee	3
parolees	2
parr	4
parris	3
parrish	6
parrot	11
parrots	5
parry	5
parsa	3
parsley	5
parsnip	2
parson	6
parsons	8
part	82
partake	5
parted	8
parthenon	3
partial	11
partially	8
partials	2
participant	5
participants	6
participate	13
participated	6
participates	2
participating	7
participation	7
particle	9
particles	12
particular	28
particularly	22
particulars	5
particulates	3
partied	5
parties	23
parting	8
partisan	5
partisans	6
partition	5
partly	10
partner	41
partnered	4
partnering	3
partners	22
partnership	12
partnerships	3
parton	4
partridge	7
parts	29
party	76
partying	10
parvati	7
pas	9
pasa	4
pasadena	5
pascal	7
paschal	3
pascoe	4
pascual	3
pasha	8
pashto	3
paso	7
pasolini	3
pasquale	5
pasqualino	2
pass	52
passable	3
passage	15
passages	6
passageway	5
passageways	3
passcode	3
passe	3
passed	40
passenger	15
passengers	17
passerby	3
passes	19
passin	3
passing	26
passion	24
passionate	14
passionately	6
passions	7
passive	7
passkey	3
passover	4
passport	20
passports	10
password	15
passwords	5
past	61
pasta	13
paste	9
pasted	3
pastel	3
pasteur	3
pasties	2
pastime	5
pasting	2
pastis	2
pastor	14
pastoral	4
pastrami	4
pastries	6
pastry	9
pasts	3
pasture	7
pastures	6
pasty	4
pat	20
patagonia	3
patch	18
patched	6
patches	7
patching	4
patchouli	2
patchwork	3
patchy	2
pate	4
patel	6
patent	8
patented	5
patently	2
patents	5
pater	3
paternal	5
paternity	6
paterno	2
paterson	3
path	30
pathan	3
pathetic	23
pathetically	3
pathogen	4
pathogens	3
pathological	5
pathologist	7
pathologists	2
pathology	6
pathos	3
paths	12
pathway	5
pathways	5
patience	21
patient	40
patiently	6
patients	27
patil	3
patio	7
patmore	3
patriarch	4
patriarchal	3
patrice	6
patricia	12
patrick	24
patrik	4
patriot	9
patriotic	8
patriotism	6
patriots	7
patris	3
patrizia	3
patrol	20
patrolled	3
patrolling	6
patrolman	4
patrolmen	2
patrols	8
patron	9
patronage	4
patronise	3
patronising	3
patronize	5
patronizing	4
patrons	7
pats	5
patsy	9
pattaya	2
patted	3
patter	4
pattering	4
pattern	21
patterned	3
patterns	13
patterson	10
patti	7
pattie	2
patties	4
patting	4
patton	7
patty	15
pau	3
paul	45
paula	16
paulette	4
pauley	3
pauli	3
paulie	10
paulina	4
pauline	10
paulinho	3
paulo	9
paulson	4
paulus	3
pauly	6
paunch	2
pauper	5
paupers	3
pause	11
paused	4
pauses	3
pausing	3
pavarotti	3
pave	4
paved	6
pavel	7
pavement	8
pavements	3
pavilion	6
paving	4
pavlov	3
pavlovich	3
paw	9
pawan	3
pawel	2
pawing	3
pawn	12
pawnbroker	3
pawned	5
pawnee	6
pawns	5
pawnshop	5
paws	8
pax	4
paxton	6
pay	81
payable	4
payal	5
payback	10
paycheck	9
paychecks	4
payday	7
payed	3
payin	4
paying	33
payload	4
payment	18
payments	11
payne	6
payoff	6
payoffs	3
payout	4
paypal	2
payphone	4
payroll	10
pays	19
payson	5
payton	4
paz	4
pb	3
pbht	3
pbs	4
pc	9
pca	2
pcp	4
pcs	3
pd	10
pda	4
pe	6
pea	9
peabody	5
peace	47
peaceful	19
peacefully	11
peacekeeper	4
peacekeepers	4
peacekeeping	3
peacemaker	4
peacetime	3
peach	12
peaches	9
peachy	6
peacock	9
peacocks	4
peak	13
peaked	4
peaking	2
peaks	7
peaky	2
peal	3
peanut	14
peanutbutter	3
peanuts	12
pear	7
pearce	7
pearl	17
pearls	10
pearly	5
pears	6
pearson	7
peas	10
peasant	11
peasants	11
pease	2
peasy	3
peat	4
pebble	6
pebbles	6
pecan	4
pecans	2
peck	9
pecked	3
pecker	5
peckham	3
pecking	4
peckish	3
pecos	3
pecs	4
peculiar	12
ped	3
pedal	9
pedaling	3
pedals	4
pedantic	3
peddle	4
peddler	5
peddlers	3
peddling	5
peder	3
pedersen	3
pedes	3
pedestal	6
pedestrian	6
pedestrians	4
pediatric	4
pediatrician	5
pediatrics	4
pedicure	4
pedigree	5
pedophile	6
pedophiles	4
pedro	15
pedrosa	3
peds	3
pee	22
peed	8
peeing	8
peek	11
peekaboo	3
peeked	4
peeking	7
peel	12
peeled	7
peeler	3
peeling	6
peels	4
peep	9
peeped	3
peeper	3
peepers	3
peephole	3
peeping	8
peeps	5
peer	7
peered	2
peering	4
peerless	3
peers	8
pees	4
peeta	2
peeved	3
peewee	3
peg	13
pegasus	6
pegged	6
peggy	16
pegs	5
pei	4
peking	5
pel	3
pelant	4
pele	3
pelham	4
pelican	5
pelicans	3
pell	3
pelle	3
pellet	4
pellets	5
pelosi	2
pelt	5
pelts	3
pelvic	5
pelvis	7
pemberton	4
pembleton	3
pembroke	3
pen	24
pena	4
penal	7
penalized	3
penalties	5
penalty	16
penance	8
pence	6
penchant	4
pencil	14
pencils	7
pendant	7
pendejo	3
pending	10
pendleton	5
pendragon	3
pendrick	4
pendulum	5
penelope	11
penetrate	9
penetrated	6
penetrates	3
penetrating	6
penetration	6
peng	5
penguin	11
penguins	8
penicillin	6
peninsula	7
penis	19
penises	6
penitence	3
penitent	3
penitentiary	7
penknife	3
penmanship	3
penn	9
pennant	4
penned	3
penner	4
pennies	9
penniless	6
pennington	4
pennsylvania	10
penny	26
penrose	3
pens	8
pensacola	3
pension	13
pensioner	3
pensioners	4
pensions	5
pensive	3
pent	3
pentagon	11
pentagram	4
penthouse	9
pentothal	3
peon	3
peonies	3
peons	2
peony	4
peop	2
people	175
peoples	11
peoria	3
pep	9
pepa	3
pepe	8
pepi	3
pepita	3
pepito	3
peppa	3
peppe	3
pepper	16
peppered	3
peppermint	5
pepperoni	6
peppers	8
peppi	3
peppino	5
peppone	3
peppy	4
pepsi	6
per	28
pera	2
peralta	5
perce	2
perceive	7
perceived	7
perceives	3
percell	4
percent	24
percentage	10
percentages	4
percentile	3
perception	10
perceptions	4
perceptive	6
perch	5
perchance	4
perched	4
percival	5
percocet	3
percussion	4
percussive	3
percy	12
perdition	3
pere	2
peregrine	3
pereira	4
perennial	3
perez	9
perfect	62
perfected	6
perfecting	4
perfection	11
perfectionist	4
perfectly	33
perfecto	3
perforated	4
perform	23
performance	26
performances	9
performed	15
performer	8
performers	7
performing	15
performs	5
perfume	16
perfumed	4
perfumes	5
perhaps	62
peri	5
pericardial	2
pericardium	2
pericles	3
perignon	3
peril	7
perilous	5
perils	4
perimeter	14
perimortem	3
period	28
periodic	4
periodically	4
periods	8
peripheral	4
periphery	3
periscope	5
perish	10
perished	6
perishing	2
peritta	2
periwinkle	2
perjure	3
perjured	3
perjury	7
perk	6
perkins	9
perks	7
perky	5
perla	3
perm	5
permafrost	3
permanence	2
permanent	17
permanently	11
permian	3
permissible	3
permission	29
permit	17
permits	8
permitted	10
permitting	4
pernell	4
pernicious	3
pernille	3
pernod	3
pero	5
peron	3
peroxide	4
perp	9
perpendicular	3
perpetrated	4
perpetrator	8
perpetrators	5
perpetual	6
perpetually	3
perpetuate	3
perpetuity	3
perplexed	4
perplexing	3
perps	4
perri	3
perrier	3
perrin	4
perrine	6
perry	16
persecute	4
persecuted	6
persecuting	3
persecution	7
persephone	3
perseus	4
perseverance	5
persevere	4
persevered	2
pershing	3
persia	5
persian	8
persians	4
persimmon	3
persist	6
persisted	3
persistence	5
persistent	9
persistently	3
persists	4
person	82
persona	6
personable	3
personage	2
personal	46
personalities	8
personality	20
personalized	3
personally	30
personals	3
personification	2
personified	3
personnel	16
persons	16
perspective	16
perspectives	3
perspiration	3
perspiring	2
persson	3
persuade	14
persuaded	10
persuading	4
persuasion	6
persuasive	7
pert	3
pertain	2
pertaining	4
pertains	3
perth	4
pertinent	5
perturbed	3
peru	9
perumal	3
peruse	3
peruvian	5
perv	6
pervasive	3
perverse	6
perversion	4
perversions	3
pervert	14
perverted	7
perverting	3
perverts	6
pervs	3
pervy	3
pesetas	6
pesky	5
peso	3
pesos	9
pessimism	3
pessimist	4
pessimistic	5
pest	8
pester	4
pestered	3
pestering	6
pesticide	4
pesticides	5
pestilence	5
pesto	4
pests	5
pet	21
peta	3
petal	4
petals	7
petar	3
pete	30
petechial	3
peter	45
peterman	3
peters	9
petersburg	7
petersen	4
peterson	11
petey	7
peti	3
petit	6
petite	6
petition	11
petitioned	3
petitioner	3
petitioning	2
petitions	4
petr	4
petra	9
petrelli	3
petri	4
petrie	5
petrified	6
petro	3
petrol	12
petroleum	5
petronius	2
petros	3
petrov	5
petrovic	3
petrovich	5
petrovna	3
petrus	3
pets	11
petter	4
petticoat	4
petticoats	3
pettigrew	3
petting	6
petty	17
petulant	3
petunia	4
petya	4
peugeot	4
pew	6
pews	3
peyote	3
peyton	10
pez	3
pezuela	3
pezzini	2
pfc	3
pfeiffer	4
pff	4
pfff	3
pfft	8
pg	3
ph	5
phalanx	3
phallic	3
phallus	3
phan	2
phantom	12
phantoms	4
pharaoh	10
pharaohs	5
pharisees	3
pharma	3
pharmaceutical	8
pharmaceuticals	6
pharmacies	3
pharmacist	6
pharmacy	10
pharrell	6
phase	17
phased	3
phaser	5
phasers	5
phases	5
phat	3
phd	7
pheasant	6
pheasants	3
pheebs	4
phelan	2
phelps	6
phenomena	7
phenomenal	8
phenomenon	12
pheromone	3
pheromones	5
phew	10
phi	5
phil	27
philadelphia	12
philanderer	3
philandering	3
philanthropic	3
philanthropist	4
philanthropy	3
philby	4
philharmonic	4
philip	19
philipp	3
philippa	3
philippe	11
philippine	3
philippines	8
philips	4
philistine	4
philistines	4
phill	3
phillies	3
phillip	14
phillipe	3
phillips	11
philly	10
philo	3
philomena	3
philosopher	10
philosophers	6
philosophical	7
philosophically	3
philosophies	3
philosophy	15
phineas	4
phipps	4
phlegm	3
phlox	4
phnom	2
pho	2
phobia	5
phobias	3
phoebe	15
phoebus	3
phoenician	2
phoenicians	2
phoenix	14
phone	90
phonebook	2
phoned	14
phones	21
phoney	6
phonies	3
phoning	6
phonograph	4
phony	12
phooey	4
phosphate	2
phosphorous	2
phosphorus	4
photo	34
photocopier	3
photocopies	3
photocopy	4
photogenic	4
photograph	20
photographed	9
photographer	16
photographers	8
photographic	7
photographing	5
photographs	17
photography	13
photon	5
photonic	2
photons	4
photos	28
photoshop	4
photoshopped	3
photosynthesis	3
phrase	15
phrased	3
phrases	7
phrasing	3
phryne	3
phu	3
phuket	3
phuong	3
phyllis	10
physical	27
physicality	2
physically	17
physician	12
physicians	5
physicist	7
physicists	6
physics	15
physio	3
physiological	5
physiology	5
physiotherapy	2
physique	5
pi	9
pia	6
piak	2
pianist	8
piano	27
pianos	4
piao	3
piazza	5
pic	6
picard	8
picasso	9
piccadilly	4
picchu	3
piccolo	5
pick	65
pickaxe	3
picked	39
picker	4
pickering	3
pickers	3
picket	7
picketing	3
pickets	3
pickett	4
pickford	2
pickin	4
picking	27
pickings	4
pickle	10
pickled	7
pickles	10
pickpocket	5
pickpockets	3
picks	14
pickup	11
pickups	3
pickwick	2
picky	8
picnic	15
picnics	4
pico	3
pics	5
pictorial	2
picture	54
pictured	8
pictures	39
picturesque	4
picturing	5
pidge	3
pie	25
piece	54
pieced	3
pieces	32
piecing	3
pied	5
piedmont	3
pier	12
pierce	16
pierced	8
pierces	3
piercing	7
piercings	3
piero	5
pierre	17
pierrot	5
piers	5
pierson	4
pies	10
piet	3
pieter	3
pietje	2
pietro	7
piety	4
pig	31
pigalle	3
pigeon	13
pigeons	10
piggies	3
piggy	11
piggyback	4
pigheaded	3
piglet	6
piglets	3
pigment	4
pigments	3
pigpen	2
pigs	19
pigskin	2
pigsty	5
pigtails	4
pika	6
pikachu	5
pike	10
pikes	2
pil	5
pilaf	2
pilar	6
pilate	5
pilates	6
pile	18
piled	6
piles	8
pileup	3
pilfering	2
pilgrim	7
pilgrimage	8
pilgrims	7
piling	6
pilkington	3
pill	18
pillage	4
pillaged	3
pillaging	3
pillai	3
pillar	8
pillars	6
pillock	3
pillow	17
pillowcase	3
pillows	9
pills	26
pillsbury	3
pilot	25
piloted	3
piloting	4
pilots	12
pim	5
pimento	2
pimp	14
pimped	3
pimpernel	3
pimpin	2
pimping	5
pimple	5
pimples	5
pimps	6
pin	19
pina	4
pinata	3
pinball	6
pincer	2
pincers	3
pinch	12
pinche	2
pinched	8
pinches	3
pinching	5
pindar	3
pine	13
pineal	2
pineapple	9
pineapples	4
pineda	3
pines	7
pinewood	3
piney	3
ping	11
pinged	3
pinging	4
pings	4
pinhead	4
pining	5
pink	23
pinker	2
pinkerton	4
pinkie	7
pinks	3
pinky	13
pinnacle	5
pinned	10
pinning	4
pino	4
pinocchio	7
pinochet	3
pinochle	2
pinot	5
pinpoint	7
pinpointed	3
pins	10
pint	11
pinter	3
pinto	5
pints	7
pinup	3
pio	4
pioneer	8
pioneered	3
pioneering	4
pioneers	7
piotr	4
pious	7
pip	8
pipe	20
piped	3
pipeline	8
pipelines	3
piper	14
pipes	13
piping	5
pippa	5
pippi	5
pippin	3
pippo	3
pippy	3
pips	4
pipsqueak	3
piqued	3
piracy	5
piranha	4
piranhas	3
pirate	15
pirated	3
pirates	14
pirelli	3
piri	3
pirouette	3
pisa	4
pisces	4
pish	3
piss	27
pissant	3
pissarro	2
pissed	26
pisser	3
pisses	8
pissing	12
pissy	4
pistachio	5
pistachios	3
pistol	15
pistols	8
piston	4
pistons	4
pit	20
pita	3
pitbull	3
pitch	20
pitched	7
pitcher	9
pitchers	4
pitches	5
pitchfork	4
pitchforks	3
pitching	8
pitfalls	3
pithy	2
piti	3
pitiable	3
pitied	4
pitiful	10
pitiless	3
pitkin	3
pits	9
pitstop	3
pitt	8
pittance	3
pitted	3
pitting	3
pittman	4
pitts	3
pittsburgh	9
pituitary	3
pity	28
pitying	3
piu	2
pius	3
pivot	4
pivotal	4
pix	2
pixar	3
pixel	3
pixels	3
pixie	5
pixies	3
pixy	2
piya	3
pizarro	3
pizza	27
pizzas	8
pizzazz	3
pizzeria	4
pj	6
pjs	3
pk	4
pl	4
pla	4
placard	2
placate	3
place	124
placebo	4
placed	20
placement	7
placenta	5
places	38
placid	4
placing	9
plagiarism	3
plagiarized	3
plague	15
plagued	6
plagues	4
plaid	5
plain	21
plainclothes	3
plainly	6
plains	9
plaintiff	7
plaintiffs	4
plaintive	2
plait	5
plan	64
planck	3
plane	42
planes	17
planet	41
planetarium	4
planetary	7
planets	16
plank	7
planks	5
plankton	5
planned	29
planner	7
planners	3
plannin	3
planning	34
plans	37
plant	29
plantagenet	4
plantain	2
plantation	8
plantations	4
planted	16
planter	3
planters	2
planting	9
plants	20
plaque	7
plaques	3
plasma	10
plaster	9
plastered	6
plastic	22
plastics	5
plata	3
plate	27
plateau	7
plated	3
platelets	3
plates	18
platform	15
platforms	5
plating	5
platinum	8
platitudes	3
plato	7
platonic	5
platoon	11
platoons	3
platt	4
platter	8
platters	3
platypus	4
plausible	7
play	90
playa	4
playback	5
playbook	5
playboy	10
playboys	3
playdate	3
played	39
player	28
players	21
playful	8
playfully	4
playground	11
playgrounds	3
playhouse	4
playin	9
playing	71
playlist	4
playmate	5
playmates	3
playoff	3
playoffs	6
playpen	3
playroom	3
plays	34
playstation	5
plaything	4
playthings	3
playtime	5
playwright	5
plaza	10
plckman	3
ple	3
plea	13
plead	13
pleaded	6
pleading	8
pleads	4
pleas	4
pleasant	21
pleasantly	4
pleasantries	4
please	171
pleased	28
pleases	9
pleasing	7
pleasurable	4
pleasure	43
pleasures	9
pleats	2
pled	4
pledge	13
pledged	6
pledges	6
pledging	4
pleiades	3
plentiful	4
plenty	36
plethora	3
plexus	3
pliable	2
pliers	5
plight	7
plimpton	2
pliny	2
plo	3
plod	2
plonk	3
plop	4
plot	18
plots	7
plotted	6
plotting	9
plough	6
ploughed	3
ploughing	3
plow	7
plowed	4
plowing	4
plows	2
ploy	7
pluck	9
plucked	6
plucking	4
plucky	4
plug	15
plugged	7
plugging	4
plugs	6
plum	9
plumage	3
plumb	5
plumber	11
plumbers	5
plumbing	9
plume	4
plumes	3
plummer	4
plummet	4
plummeted	3
plummeting	3
plump	6
plums	5
plunder	6
plundered	4
plundering	3
plunge	8
plunged	6
plunger	4
plunges	3
plunging	4
plunkett	3
plural	5
plus	34
plush	4
pluto	8
plutonium	6
ply	4
plying	2
plymouth	6
plywood	4
pm	17
pms	3
pneumatic	3
pneumonia	9
pneumothorax	3
po	12
poach	4
poached	5
poacher	4
poachers	5
poaching	6
pocahontas	4
pocket	29
pocketbook	4
pocketed	3
pocketful	3
pockets	17
poco	3
pocus	3
pod	12
podcast	5
podiatrist	3
podium	6
pods	6
poe	7
poem	18
poems	12
poet	16
poetic	9
poetry	18
poets	8
pogo	4
pogue	5
poi	3
poignant	5
poindexter	3
point	78
pointe	3
pointed	15
pointer	4
pointers	5
pointing	15
pointless	13
points	29
pointy	6
poirot	11
poise	4
poised	5
poison	27
poisoned	17
poisoner	3
poisoning	13
poisonous	11
poisons	6
poitiers	2
pok	3
poke	12
poked	6
pokemon	4
poker	17
pokes	3
pokey	4
poking	10
pol	5
polack	3
poland	13
polanski	3
polar	10
polaris	3
polarity	4
polaroid	4
polaroids	3
poldark	5
poldi	2
pole	19
polenta	3
poles	11
poli	3
police	88
policeman	20
policemen	12
policewoman	5
policies	9
policing	5
policy	23
polina	3
polio	5
polish	18
polished	8
polishing	6
polite	17
politely	7
politeness	4
politic	3
political	28
politically	9
politician	12
politicians	14
politics	24
polk	4
polka	6
poll	8
pollack	4
pollard	4
pollen	7
polling	5
pollo	3
pollock	5
polls	9
pollute	4
polluted	6
polluting	4
pollution	8
pollux	3
polly	13
pollyanna	3
polo	10
polonium	3
polonius	3
poltergeist	4
poly	4
polyester	4
polygamy	3
polygraph	6
polymer	4
polynesia	2
polynesian	3
polyps	3
polytechnic	2
pom	4
pomegranate	4
pomeroy	3
pomp	4
pompadour	2
pompeii	5
pompey	5
pompous	7
pon	3
ponce	4
ponch	4
poncho	4
pond	14
ponder	5
pondered	3
pondering	4
ponderosa	4
ponds	4
pong	8
pongo	3
ponies	8
pont	3
ponte	3
pontiac	4
pontiff	3
pontius	4
pontoon	3
pontus	3
pony	14
ponytail	6
ponytails	3
ponyville	3
ponzi	4
poo	10
pooch	5
poochie	3
poodle	7
poodles	3
poof	8
poofs	3
poofter	3
pooh	8
pooja	9
pookie	3
pool	31
poole	6
pooled	3
pooling	3
pools	8
poolside	3
poon	4
poonam	3
poontang	2
poop	13
pooped	6
pooper	4
pooping	4
poops	3
poopy	3
poor	61
poorer	6
poorest	5
poorhouse	2
poorly	10
pootie	3
pop	37
popcorn	13
pope	20
popes	3
popeye	6
poplar	4
popo	3
popov	4
poppa	4
popped	14
popper	4
poppers	4
poppet	3
poppies	3
poppin	4
popping	12
poppins	5
poppy	11
poppycock	3
pops	17
popsicle	5
popsicles	3
populace	4
popular	26
popularity	8
populate	3
populated	6
population	19
populations	6
por	10
porcelain	7
porch	12
porcupine	4
pore	3
pores	5
porgy	3
pork	18
porkchop	3
porky	6
porn	18
porno	9
pornographer	3
pornographic	5
pornography	8
pornos	3
porous	3
porpoise	3
porque	3
porridge	8
porsche	10
porsches	2
port	21
porta	4
portable	8
portal	12
portals	4
porte	3
porter	15
porterhouse	4
porters	4
portfolio	7
porthole	3
porthos	4
portia	5
portion	11
portions	6
portland	10
portman	3
porto	4
portobello	2
portrait	14
portraits	7
portray	5
portrayal	3
portrayed	5
portraying	3
portrays	2
ports	7
portsmouth	4
portugal	8
portuguese	11
portwenn	3
pos	16
pose	14
posed	8
poseidon	6
poser	4
poses	7
posey	3
posh	9
posies	2
posing	9
position	43
positioned	6
positioning	4
positions	16
positive	28
positively	10
positives	3
positivity	3
posner	3
posse	8
posses	3
possess	13
possessed	14
possesses	7
possessing	5
possession	18
possessions	9
possessive	5
possibilities	13
possibility	22
possible	61
possibly	35
possum	6
possums	3
post	30
postage	4
postal	7
postcard	10
postcards	7
posted	16
poster	13
posterior	4
posterity	5
posters	11
posthumous	3
posthumously	3
posting	8
postman	8
postmark	3
postmarked	3
postmaster	3
postmortem	7
postpartum	3
postpone	10
postponed	8
postponement	3
postponing	4
posts	10
posture	7
posturing	3
postwar	3
pot	25
potassium	7
potato	17
potatoes	18
potency	4
potent	7
potential	23
potentially	11
potentials	2
pothead	3
pothole	3
potholes	4
potion	11
potions	5
potluck	3
potomac	4
potpourri	3
pots	10
potsdam	3
potted	3
potter	13
potters	2
pottery	7
potts	5
potty	7
potus	4
pouch	7
pouches	3
poughkeepsie	3
poul	3
poultice	3
poultry	5
pounce	5
pounced	3
pound	18
pounded	5
pounder	3
pounding	15
pounds	28
pour	20
poured	12
pouring	14
pours	7
pout	5
pouting	4
pouty	3
poverty	14
pow	10
powder	19
powdered	6
powders	3
powell	11
power	69
powered	8
powerful	34
powerfully	3
powerhouse	4
powering	7
powerless	9
powerpoint	3
powers	28
pows	3
powwow	3
pox	6
poxy	3
pp	4
pr	11
pra	3
prabha	3
prabhakar	3
prabhu	3
practical	16
practicality	2
practically	21
practice	34
practiced	10
practices	9
practicing	15
practise	10
practised	5
practising	7
practitioner	4
practitioners	3
prada	5
pradesh	3
pradhan	3
prado	4
prae	3
prager	2
pragmatic	4
prague	10
prairie	8
prairies	3
praise	18
praised	9
praises	6
praising	6
prakash	5
pram	5
prance	3
prancer	3
prancing	4
prank	13
pranked	3
pranking	3
pranks	7
prankster	3
prasad	6
prashant	3
prat	4
pratap	6
pratt	9
prattle	3
prattling	3
praveen	3
prawn	5
prawns	5
pray	32
prayed	12
prayer	20
prayers	17
prayin	2
praying	17
prays	5
pre	5
preach	10
preached	5
preacher	12
preachers	4
preaches	3
preaching	8
prearranged	2
precarious	5
precaution	9
precautionary	4
precautions	9
precede	2
preceded	4
precedence	4
precedent	7
precedents	3
precedes	4
preceding	3
precinct	13
precincts	4
precious	25
precipice	4
precipitate	2
precipitation	3
precise	14
precisely	20
precision	9
preclude	3
precocious	3
preconceived	3
preconceptions	2
precursor	3
predates	2
predator	10
predators	11
predatory	4
predecessor	6
predecessors	4
predestined	3
predetermined	3
predicament	7
predicated	3
predict	12
predictable	9
predicted	11
predicting	5
prediction	7
predictions	6
predictive	2
predicts	4
predisposed	3
predisposition	3
prednisone	3
predominantly	3
preemptive	3
preet	3
preeti	5
preface	3
prefect	7
prefectural	3
prefecture	5
prefer	32
preferable	4
preferably	8
preference	7
preferences	4
preferential	3
preferred	11
prefers	9
prefrontal	2
pregnancies	4
pregnancy	14
pregnant	38
prego	3
prehistoric	7
prejudice	9
prejudiced	6
prejudices	4
prejudicial	3
prelim	3
preliminaries	3
preliminary	11
prelude	4
prem	8
premarital	3
premature	9
prematurely	5
premed	3
premeditated	6
premeditation	3
premier	8
premiere	9
premieres	2
preminger	3
premise	5
premises	12
premium	7
premiums	3
premonition	6
premonitions	3
prenatal	4
prendergast	2
prentice	4
prentiss	6
prenup	5
prenuptial	3
preoccupation	3
preoccupied	7
prep	13
prepaid	4
preparation	11
preparations	10
preparatory	3
prepare	32
prepared	33
preparedness	2
prepares	6
preparing	17
preposterous	8
prepped	6
prepping	6
preppy	3
prerequisite	3
prerogative	5
pres	4
presbyterian	4
preschool	5
prescott	7
prescribe	7
prescribed	8
prescribing	3
prescription	13
prescriptions	6
presence	26
present	47
presentable	5
presentation	14
presentations	3
presented	14
presenter	5
presenting	9
presently	8
presents	21
preservation	6
preservatives	3
preserve	13
preserved	10
preserver	3
preserves	4
preserving	6
preside	3
presided	3
presidency	8
president	53
presidente	4
presidential	11
presidents	8
presiding	5
presley	6
press	39
pressed	12
presses	6
pressing	13
pressman	3
pressure	37
pressured	6
pressures	7
pressuring	5
pressurized	4
prestige	7
prestigious	7
presto	5
preston	11
presumably	9
presume	13
presumed	6
presuming	3
presumption	4
presumptuous	6
pretence	4
pretend	32
pretended	13
pretender	4
pretenders	3
pretending	21
pretends	7
pretense	5
pretenses	4
pretentious	7
pretext	6
prettier	12
prettiest	10
pretty	95
pretzel	6
pretzels	6
prevail	8
prevailed	5
prevailing	4
prevails	4
prevalent	3
prevent	20
preventative	3
prevented	9
preventing	7
prevention	5
preventive	3
prevents	7
preview	8
previews	3
previous	20
previously	24
prey	16
preyed	3
preying	4
preys	3
prez	3
priam	2
price	39
priced	4
priceless	10
prices	15
pricey	5
pricing	3
prick	18
pricked	4
pricking	3
prickly	5
pricks	7
pride	26
prideful	2
prides	3
pried	3
priest	29
priestess	6
priesthood	5
priestly	3
priests	13
prig	2
prim	3
prima	5
primal	6
primaries	3
primarily	8
primary	16
primate	4
primates	4
prime	27
primed	5
primer	4
primeval	3
primitive	12
primitives	3
primo	6
primordial	4
primrose	3
primus	3
prince	38
princely	4
princes	9
princess	35
princesses	7
princeton	8
principal	21
principally	2
principals	4
principle	15
principled	3
principles	14
pringle	4
pringles	3
print	21
printed	12
printer	9
printers	4
printing	10
printout	3
prints	21
prior	15
priorities	9
prioritize	4
priority	17
priors	7
priory	4
priscilla	6
prism	5
prison	46
prisoner	25
prisoners	22
prisons	8
priss	3
prissy	4
pristine	6
pritam	3
pritchard	6
pritchett	3
prithee	3
prithvi	3
prius	4
privacy	18
private	44
privately	10
privates	5
privatization	3
privilege	15
privileged	9
privileges	9
privy	6
prix	6
priya	10
priyanka	3
prize	24
prized	6
prizes	8
pro	18
proactive	4
prob	4
probabilities	3
probability	9
probable	9
probably	84
probate	4
probation	12
probationary	3
probative	2
probe	12
probed	3
probert	2
probes	5
probie	5
probing	5
problem	90
problema	2
problematic	6
problemo	5
problems	46
probst	5
procedural	3
procedure	19
procedures	10
proceed	21
proceeded	5
proceeding	8
proceedings	9
proceeds	7
process	31
processed	10
processes	7
processing	11
procession	8
processor	5
processors	3
proclaim	6
proclaimed	5
proclaiming	3
proclaims	3
proclamation	5
procreate	3
procreation	3
proctologist	2
proctor	7
procurator	3
procure	5
procured	4
procurement	3
procuring	3
prod	4
prodded	3
prodding	3
prodigal	5
prodigious	4
prodigy	6
produce	20
produced	17
producer	19
producers	11
produces	9
producing	11
product	21
production	23
productions	7
productive	8
productivity	5
products	15
prof	5
profane	4
profanity	4
profess	4
professed	3
profession	16
professional	29
professionalism	5
professionally	8
professionals	10
professions	4
professor	43
professors	7
proffer	2
proficiency	3
proficient	4
profile	19
profiled	3
profiler	4
profiles	6
profiling	5
profit	18
profitable	8
profited	3
profiting	3
profits	13
profound	11
profoundly	6
profusely	3
progeny	4
prognosis	6
program	32
programme	14
programmed	11
programmer	5
programmers	3
programmes	6
programming	9
programs	12
progress	25
progressed	5
progresses	3
progressing	6
progression	5
progressive	8
progressively	3
prohibit	4
prohibited	9
prohibiting	2
prohibition	6
prohibits	4
project	33
projected	6
projectile	5
projectiles	3
projecting	5
projection	7
projectionist	3
projections	5
projector	8
projectors	2
projects	13
proletarian	4
proletariat	4
proliferation	2
prolific	4
prologue	4
prolong	5
prolonged	6
prolonging	3
prom	17
promenade	5
prometheus	5
promicin	3
prominence	3
prominent	9
prominently	2
promiscuity	3
promiscuous	4
promise	63
promised	41
promises	18
promising	13
promissory	3
promo	4
promos	2
promote	11
promoted	13
promoter	5
promoters	3
promotes	4
promoting	7
promotion	17
promotional	4
promotions	5
prompt	6
prompted	5
prompter	2
prompting	3
promptly	6
prone	7
pronoun	2
pronounce	12
pronounced	9
pronouncing	3
pronouns	2
pronto	7
pronunciation	4
proof	32
proofread	3
proofs	5
prop	9
propaganda	10
propagate	3
propagation	3
propane	5
propel	4
propellant	3
propelled	3
propeller	6
propellers	3
propensity	3
proper	28
properly	26
properties	12
property	31
prophecies	5
prophecy	11
prophesied	3
prophesy	3
prophet	12
prophetic	4
prophets	7
propofol	3
proportion	8
proportional	3
proportions	7
proposal	18
proposals	7
propose	18
proposed	14
proposes	5
proposing	9
proposition	12
propositions	2
propped	3
proprietary	4
proprietor	5
propriety	3
props	9
propulsion	6
pros	9
prosaic	2
prosciutto	3
prose	5
prosecute	9
prosecuted	7
prosecuting	6
prosecution	15
prosecutions	3
prosecutor	18
prosecutors	6
prospect	9
prospecting	3
prospective	6
prospector	3
prospectors	3
prospects	7
prospectus	3
prosper	7
prospered	3
prosperity	9
prospero	3
prosperous	7
prost	3
prostate	7
prosthesis	3
prosthetic	5
prosthetics	4
prostitute	15
prostitutes	10
prostitution	10
prostrate	3
protagonist	4
protect	48
protected	19
protecting	22
protection	26
protections	3
protective	13
protector	10
protectorate	3
protectors	5
protects	10
protege	4
protein	11
proteins	6
protest	16
protestant	7
protestants	5
protested	4
protester	3
protesters	6
protesting	7
protestors	4
protests	7
proteus	3
protocol	15
protocols	8
proton	5
protons	5
prototype	9
prototypes	4
protracted	3
protruding	3
proud	45
prouder	4
proudest	4
proudly	8
proust	4
prove	44
proved	18
proven	14
provenance	3
provence	4
provenza	5
proverb	6
proverbial	5
proverbs	4
proves	15
provide	24
provided	18
providence	8
provider	6
providers	3
provides	11
providing	11
province	11
provinces	6
provincial	7
proving	11
provision	5
provisional	5
provisions	8
provo	3
provocateur	2
provocation	6
provocative	6
provoke	10
provoked	8
provokes	3
provoking	5
provolone	3
provost	4
prowess	5
prowl	5
prowler	4
prowling	4
proximal	3
proximity	7
proxy	7
prozac	4
pru	3
prude	5
prudence	6
prudent	7
prudhoe	2
prudie	3
prudish	3
prue	8
pruitt	4
prune	5
prunes	4
pruning	4
prussia	5
prussian	5
prussians	3
pry	9
pryce	4
prying	6
pryor	5
ps	5
psalm	4
psalms	3
pseudo	3
pseudonym	4
psh	3
psi	5
psoriasis	3
pssh	3
psst	11
pst	2
psych	11
psyche	7
psyched	7
psychedelic	4
psychiatric	11
psychiatrist	15
psychiatrists	6
psychiatry	6
psychic	16
psychically	2
psychics	5
psycho	16
psychoanalysis	4
psychoanalyst	3
psychobabble	2
psychological	13
psychologically	6
psychologist	11
psychologists	5
psychology	12
psychopath	10
psychopathic	4
psychopaths	5
psychos	4
psychosis	6
psychosomatic	3
psychotherapist	3
psychotherapy	3
psychotic	10
psychotropic	3
pt	4
pta	5
pterodactyl	4
ptolemy	4
ptsd	5
pu	6
pub	18
puberty	7
pubes	5
pubic	6
public	46
publication	7
publications	4
publicist	6
publicity	14
publicize	3
publicized	3
publicly	10
publish	12
published	15
publisher	10
publishers	6
publishes	3
publishing	10
pubs	6
pucci	2
puccini	3
puck	8
pucker	4
puckett	3
pucks	3
pud	3
puddin	3
pudding	13
puddings	3
puddle	8
puddles	4
pudgy	3
pueblo	3
puerta	2
puerto	10
puff	11
puffed	4
puffer	3
puffin	3
puffing	4
puffs	6
puffy	6
pug	5
pugh	3
pugsley	3
puja	3
pujol	2
puke	12
puked	6
pukes	3
puking	6
pulaski	3
pulitzer	6
pull	56
pulled	35
puller	3
pulley	4
pulleys	2
pullin	3
pulling	26
pullman	4
pullover	3
pulls	14
pulmonary	6
pulp	8
pulpit	4
pulsar	3
pulsating	4
pulse	20
pulses	5
pulsing	5
pulverize	3
pulverized	3
pum	4
puma	5
pumice	3
pummel	3
pummeled	3
pump	18
pumped	10
pumpernickel	3
pumping	11
pumpkin	13
pumpkins	5
pumps	9
pun	7
punch	26
punched	12
punches	10
punching	11
punchline	3
punchy	4
punctual	6
punctuality	5
punctuation	3
puncture	8
punctured	6
punctures	3
pundit	3
pune	4
pungent	3
punish	19
punishable	5
punished	19
punisher	3
punishes	4
punishing	10
punishment	22
punishments	4
punitive	4
punjab	6
punjabi	5
punjabis	2
punk	20
punked	3
punks	10
punky	3
puns	4
punt	4
punta	3
punter	3
punters	4
puny	6
pup	8
pupil	10
pupils	10
pupkin	2
puppet	13
puppeteer	4
puppets	8
puppies	10
puppy	16
pups	6
purcell	5
purchase	13
purchased	10
purchases	5
purchasing	6
purdy	4
pure	27
purebred	3
puree	5
purely	11
purer	3
purest	5
purgatory	7
purge	7
purged	4
purging	3
puri	4
purification	4
purified	4
purify	5
purifying	3
purim	2
purist	3
puritan	4
puritanical	2
puritans	3
purity	9
purple	16
purpose	31
purposeful	3
purposefully	3
purposely	6
purposes	12
purr	4
purring	5
purrs	3
purse	21
purser	3
purses	5
pursuant	3
pursue	14
pursued	8
pursuers	3
pursues	3
pursuing	10
pursuit	13
pursuits	4
purty	2
purview	3
purvis	3
pus	5
pusan	3
push	42
pushed	25
pusher	5
pushers	3
pushes	9
pushin	3
pushing	23
pushkin	4
pushover	5
pushpa	3
pushups	3
pushy	7
puss	9
pussies	7
pussy	22
pussycat	7
pussycats	3
put	139
puta	4
putin	6
putnam	4
putney	3
puto	3
putrid	4
puts	24
putt	4
putter	4
putties	3
puttin	6
putting	41
putty	5
putz	5
puyo	5
puzzle	15
puzzled	6
puzzles	8
puzzling	5
pvc	3
px	2
pyare	3
pygmies	3
pygmy	4
pyjama	2
pyjamas	6
pyle	3
pylon	3
pylons	3
pym	4
pyo	5
pyongyang	4
pyotr	4
pyramid	11
pyramids	8
pyramus	3
pyre	4
pyrenees	3
pyro	3
pyromaniac	3
pyrotechnics	2
pythagoras	4
python	7
pythons	3
qa	3
qaeda	5
qasim	3
qatar	2
qb	3
qc	5
qi	9
qian	3
qiang	3
qiao	4
qin	8
qing	8
qiu	5
qt	2
qu	7
qua	3
quack	9
quacking	4
quacks	4
quad	6
quadrant	8
quadruple	4
quads	2
quagmire	6
quahog	4
quai	2
quaid	3
quail	6
quaint	7
quake	6
quaker	4
quakes	3
quaking	3
qualification	4
qualifications	7
qualified	14
qualifies	5
qualify	9
qualifying	4
qualities	12
quality	23
qualms	4
quan	4
quandary	3
quantico	6
quantify	3
quantities	7
quantity	8
quantum	11
quanzhen	3
quarantine	9
quarantined	5
quark	6
quarks	3
quarrel	12
quarreled	4
quarreling	4
quarrelled	3
quarrelling	4
quarrels	5
quarries	3
quarry	9
quart	4
quarter	23
quarterback	9
quartered	4
quarterly	4
quartermaster	4
quarters	18
quartet	5
quarts	3
quartz	5
quasar	2
quash	2
quasimodo	3
quatermain	3
quatermass	3
quay	4
quayle	3
que	14
queasy	5
quebec	6
queen	43
queenie	6
queens	13
queensland	3
queer	12
queers	5
quel	3
quell	4
quelle	3
quench	5
quenched	3
quentin	10
querida	2
queries	3
query	4
quesadilla	2
quest	14
questa	3
question	70
questionable	7
questioned	14
questioning	17
questionnaire	5
questionnaires	2
questions	54
queue	9
queues	3
queuing	4
qui	6
quibble	4
quiche	5
quick	53
quicken	3
quickens	2
quicker	14
quickest	6
quickfire	3
quickie	5
quickly	46
quicksand	5
quicksilver	2
quid	14
quieres	3
quiero	4
quiet	56
quieten	2
quieter	7
quietest	2
quietly	23
quiets	3
quigley	4
quill	6
quills	3
quilt	6
quilts	2
quimby	4
quince	4
quincey	2
quincy	6
quinine	4
quinlan	4
quinn	18
quinoa	3
quint	4
quintana	3
quintessential	3
quinton	3
quintus	3
quips	2
quirk	3
quirke	3
quirks	4
quirky	5
quirt	2
quit	42
quite	76
quito	2
quits	8
quitted	2
quitter	6
quitters	3
quitting	13
quiver	4
quivering	4
quixote	5
quiz	10
quizzes	3
quo	7
quoi	4
quorum	3
quot	5
quota	7
quotas	4
quotation	4
quotations	3
quote	16
quoted	6
quotes	7
quoting	7
qur	4
quran	3
qureshi	3
ra	12
raah	2
rab	3
rabb	7
rabbi	11
rabbis	3
rabbit	21
rabbits	12
rabble	6
raben	3
rabid	6
rabies	7
rabin	3
raccoon	7
raccoons	5
race	39
racecar	3
raced	6
racehorse	4
racehorses	2
raceman	4
racer	7
racers	5
races	13
racetrack	6
rach	7
rachael	6
rache	3
rachel	28
rachid	4
rachmaninoff	2
racial	8
racially	3
racine	4
racing	18
racism	7
racist	14
racists	4
rack	13
racked	4
racket	12
racketeering	4
rackets	4
rackham	3
racking	4
racks	4
racoon	2
racquet	3
racquetball	4
racy	4
rad	7
rada	3
radar	18
radcliffe	5
radek	3
radford	4
radha	8
radhe	3
radhika	3
radial	4
radiance	4
radiant	7
radiate	3
radiated	3
radiates	3
radiating	3
radiation	17
radiator	7
radiators	3
radical	13
radically	5
radicals	5
radio	47
radioactive	9
radioactivity	5
radioed	4
radiohead	3
radiologist	3
radiology	5
radios	7
radish	5
radishes	4
radium	4
radius	11
radley	4
radon	3
radovan	3
radu	3
rae	8
raf	7
rafa	5
rafael	10
rafe	6
raff	3
raffaele	4
rafferty	4
raffi	3
raffle	6
rafi	5
rafiq	3
raft	10
rafters	4
rafting	3
rafts	4
rag	11
raga	3
rage	18
raged	4
rager	3
rages	5
ragged	6
raggedy	4
ragging	3
raghav	3
raghavan	3
raghu	6
raging	10
raglan	3
ragnar	7
ragnarok	3
rags	9
ragtag	3
ragtime	4
rah	6
rahim	3
rahl	5
rahm	2
rahman	3
rahui	3
rahul	10
rai	6
raid	16
raided	8
raider	4
raiders	7
raiding	5
raids	7
raikou	3
rail	11
railing	6
railings	3
railly	2
railroad	13
railroaded	3
railroads	5
rails	8
railway	13
railways	6
rain	36
raina	6
rainbow	15
rainbows	6
raincoat	6
raincoats	3
raindrop	2
raindrops	4
raine	3
rained	8
rainer	6
raines	6
rainey	4
rainfall	5
rainforest	6
rainforests	3
rainier	3
raining	17
rainmaker	3
rains	13
rainstorm	3
rainwater	3
rainy	10
raisa	2
raise	37
raised	27
raises	9
raisin	5
raising	17
raisins	6
raj	14
raja	11
rajah	3
rajan	4
rajasthan	3
rajat	3
rajeev	4
rajesh	6
raji	2
rajiv	5
rajjo	2
rajput	3
raju	8
rajveer	3
rake	7
raked	3
rakes	3
rakesh	4
rakhi	3
raki	3
raking	4
raksha	3
raleigh	5
ralf	3
rallied	4
rallies	5
rallo	5
rally	13
rallying	4
ralph	19
ralphie	6
ralston	3
ram	17
rama	10
ramaa	2
ramada	2
ramadan	4
raman	3
rambabu	3
rambaldi	4
ramble	4
rambler	3
rambling	6
ramblings	3
rambo	7
ramen	7
ramesh	6
ramesses	3
rami	4
ramifications	4
ramirez	8
ramiro	5
ramji	3
rammed	4
rammer	2
ramming	3
ramon	10
ramona	7
ramone	4
ramones	3
ramos	6
ramp	9
rampage	6
rampaging	3
rampant	5
rampart	3
ramparts	3
ramps	3
ramrod	3
rams	4
ramsay	11
ramse	3
ramses	4
ramsey	8
ramu	5
ramya	3
ran	48
rana	5
ranbir	3
rance	3
ranch	17
rancher	4
ranchers	4
ranches	3
ranching	2
rancho	4
rancid	4
rancor	3
rand	8
randal	4
randall	13
randhir	3
randi	4
randolph	9
random	19
randomly	7
randy	20
rane	3
rang	15
ranga	3
range	25
ranged	2
ranger	15
rangers	17
ranges	5
ranging	4
rangoon	3
rani	7
ranjeet	3
ranjit	4
rank	15
ranked	6
rankin	5
ranking	6
rankings	3
ranks	11
ransack	3
ransacked	4
ransacking	2
ransom	15
ransome	3
rant	5
ranting	5
rants	3
ranveer	3
ranvir	3
rao	7
raoul	8
rap	16
rape	24
raped	20
rapes	6
raph	5
raphael	10
rapid	12
rapidly	13
rapido	2
rapids	5
raping	8
rapist	10
rapists	6
rapper	6
rappers	4
rapping	7
rapport	5
raps	4
raptor	5
raptors	3
rapture	5
rapunzel	4
raquel	8
rare	25
rarely	14
rarer	3
rarest	5
raring	3
rarity	6
raro	3
ras	3
rasa	2
rascal	15
rascals	7
rasgotra	3
rash	14
rashad	3
rasheed	3
rashes	3
rashid	6
rashly	3
rashmi	3
rasmus	4
rasmussen	3
rasp	2
raspberries	4
raspberry	8
rasping	3
rasputin	5
raspy	4
rasta	4
rat	27
ratan	3
ratatouille	3
ratchet	5
rate	26
rated	6
rates	11
rath	3
rather	57
rathod	2
rathore	3
ratified	3
rating	8
ratings	9
ratio	8
ration	7
rational	11
rationale	3
rationality	3
rationalize	3
rationally	4
rationed	3
rationing	4
rations	8
ratios	3
raton	3
rats	20
ratted	6
ratting	4
rattle	9
rattled	6
rattler	3
rattles	8
rattlesnake	5
rattlesnakes	3
rattling	14
ratty	4
raucous	4
raul	8
raunchy	3
raus	4
ravage	3
ravaged	5
ravages	3
ravan	3
ravana	3
rave	7
ravel	3
raven	12
ravenna	2
ravenous	4
ravens	5
raves	3
ravi	10
ravine	6
raving	8
ravings	3
ravioli	5
ravish	2
ravishing	5
ravn	3
ravu	3
raw	18
rawdon	2
rawhide	3
rawley	3
rawlings	4
rawlins	4
rawls	3
rawr	3
ray	37
raya	3
rayanne	3
rayburn	5
raydor	3
raylan	9
raymond	18
rayna	7
rayne	2
rays	11
rayyan	5
raza	4
raze	3
razed	3
razer	2
razia	3
razor	13
razors	4
razzle	2
rb	5
rc	4
rcmp	2
rd	6
rdx	3
re	29
rea	4
reach	41
reachable	3
reached	28
reacher	2
reaches	13
reaching	15
reacquainted	2
react	16
reacted	8
reacting	7
reaction	22
reactionary	5
reactions	9
reactivate	3
reactivated	3
reactive	4
reactor	10
reactors	4
reacts	6
read	73
reade	4
reader	10
readers	9
readily	5
readin	3
readiness	5
reading	37
readings	10
readjust	2
readout	3
reads	14
ready	96
reagan	13
real	101
realisation	3
realise	21
realised	16
realises	4
realising	5
realism	5
realist	4
realistic	12
realistically	4
realities	6
reality	30
realization	6
realize	43
realized	32
realizes	9
realizing	9
really	202
realm	13
realms	5
reals	3
realtor	6
realtors	2
realty	4
realy	3
ream	3
reams	2
reap	7
reaped	3
reaper	8
reapers	3
reaping	3
reappear	4
reappeared	4
reappears	3
reapply	2
rear	16
rearden	2
reardon	5
reared	4
rearing	3
rearrange	6
rearranged	4
rearranging	3
rears	3
rearview	4
reason	71
reasonable	20
reasonably	7
reasoned	4
reasoning	8
reasons	29
reassemble	3
reassembled	3
reassess	3
reassign	3
reassigned	5
reassignment	3
reassurance	4
reassure	7
reassured	5
reassuring	7
reattach	3
reb	5
reba	5
rebar	3
rebate	2
rebeca	3
rebecca	21
rebecka	2
rebekah	5
rebel	15
rebelled	4
rebelling	4
rebellion	12
rebellions	2
rebellious	6
rebels	13
rebirth	7
reboot	5
reborn	9
rebound	7
rebs	3
rebuild	11
rebuilding	7
rebuilt	7
rebuke	3
rebus	3
rebuttal	4
rec	6
recalibrate	3
recall	22
recalled	7
recalling	4
recalls	4
recant	3
recanted	3
recap	5
recapture	4
recaptured	3
recast	3
recede	3
receding	4
receipt	14
receipts	9
receive	25
received	31
receiver	9
receivers	3
receives	8
receiving	15
recent	21
recently	31
recep	3
receptacle	3
reception	18
receptionist	8
receptions	3
receptive	5
receptor	3
receptors	4
recess	9
recessed	2
recesses	3
recession	7
recharge	6
recharged	3
recharging	3
recheck	3
rechecked	2
recipe	15
recipes	7
recipient	6
recipients	3
reciprocal	3
reciprocate	4
reciprocated	3
recital	7
recitation	2
recite	9
recited	4
recites	3
reciting	5
reckless	13
recklessly	4
recklessness	3
reckon	21
reckoned	6
reckoning	6
reckons	6
reclaim	7
reclaimed	4
reclaiming	3
reclamation	3
reclining	3
recluse	4
reclusive	3
recognisable	3
recognise	17
recognised	10
recognises	3
recognising	3
recognition	12
recognizable	4
recognizance	3
recognize	32
recognized	17
recognizes	7
recognizing	5
recoil	4
recollect	4
recollection	6
recollections	3
recommend	18
recommendation	11
recommendations	6
recommended	12
recommending	6
recommends	4
recompense	3
recon	8
reconcile	6
reconciled	5
reconciliation	6
reconfigure	3
reconnaissance	7
reconnect	6
reconnected	3
reconnecting	3
reconsider	11
reconsidered	4
reconsidering	3
reconstruct	6
reconstructed	4
reconstructing	3
reconstruction	8
reconstructive	3
reconvene	4
record	46
recorded	18
recorder	11
recorders	3
recording	21
recordings	7
records	33
recount	5
recoup	3
recourse	4
recover	18
recovered	17
recovering	10
recovers	5
recovery	16
recreate	7
recreated	4
recreating	4
recreation	6
recreational	5
recruit	11
recruited	9
recruiter	4
recruiters	2
recruiting	8
recruitment	5
recruits	8
rectal	4
rectangle	3
rectangular	3
rectified	3
rectify	5
rector	4
rectory	4
rectum	4
recuperate	4
recuperating	3
recurrence	3
recurring	5
recuse	3
recycle	6
recycled	5
recycling	7
red	61
redacted	3
redcoats	3
redder	3
reddick	3
redding	5
reddington	6
reddish	3
reddy	7
redecorate	4
redecorated	3
redecorating	4
redeem	8
redeemed	5
redeemer	4
redeeming	4
redefine	3
redefined	2
redemption	10
redesign	3
redesigned	2
redevelopment	3
redfern	3
redford	4
redhead	8
redheaded	4
redheads	4
redial	2
redid	3
redirect	5
redirected	3
rediscover	3
rediscovered	3
redline	2
redman	3
redmond	4
redneck	6
rednecks	4
redness	3
redo	7
redoing	3
redone	3
redress	3
reds	8
redskins	4
reduce	13
reduced	13
reduces	5
reducing	6
reduction	7
redundancy	3
redundant	6
redwood	4
ree	3
reece	6
reed	15
reeds	4
reef	10
reefer	4
reefs	5
reek	5
reeked	3
reeking	3
reeks	6
reel	9
reelected	2
reelection	4
reeling	5
reels	4
reena	4
reenact	3
reenactment	4
reentry	3
rees	3
reese	13
reestablish	3
reevaluate	3
reeve	4
reeves	7
ref	7
refer	13
referee	9
referees	3
reference	15
referenced	3
references	9
referencing	3
referendum	5
referral	4
referrals	3
referred	11
referring	13
refers	7
refill	8
refilled	3
refills	4
refine	4
refined	9
refinement	4
refineries	3
refinery	5
refining	3
reflect	12
reflected	8
reflecting	6
reflection	12
reflections	5
reflective	4
reflector	3
reflects	7
reflex	7
reflexes	7
reflux	3
refocus	2
reform	12
reformation	4
reformatory	3
reformed	6
reformer	2
reformers	2
reforming	3
reforms	5
refrain	8
refresh	7
refreshed	5
refresher	3
refreshing	10
refreshment	5
refreshments	6
refrigerated	3
refrigeration	4
refrigerator	12
refrigerators	3
refuel	4
refueling	4
refuge	11
refugee	9
refugees	11
refund	8
refunds	3
refurbished	2
refusal	7
refuse	26
refused	22
refuses	13
refusing	11
refute	4
reg	9
regain	10
regained	7
regaining	4
regains	3
regal	5
regalia	3
regan	6
regard	14
regarded	8
regarding	17
regardless	13
regards	14
regatta	3
regency	5
regenerate	5
regenerated	3
regenerating	3
regeneration	5
regenerative	2
regent	8
regents	3
reggae	5
reggie	14
regime	11
regimen	4
regiment	12
regimental	4
regiments	4
regimes	3
regina	12
reginald	6
region	17
regional	10
regionals	5
regions	8
regis	5
register	17
registered	17
registering	5
registers	5
registrar	5
registration	12
registry	7
regress	2
regression	5
regret	29
regretful	3
regretfully	3
regrets	14
regrettable	5
regrettably	4
regretted	7
regretting	6
regroup	6
regs	3
regular	28
regularity	3
regularly	11
regulars	6
regulate	5
regulated	4
regulates	3
regulating	3
regulation	8
regulations	12
regulator	4
regulators	3
regulatory	3
rehab	13
rehabilitate	3
rehabilitated	4
rehabilitation	7
rehan	3
rehash	2
rehearsal	17
rehearsals	9
rehearse	11
rehearsed	6
rehearsing	10
reheat	3
rei	5
reich	9
reichsfuhrer	2
reichstag	3
reid	12
reiden	3
reign	12
reigned	3
reigning	4
reigns	5
reiji	3
reiko	5
reilly	6
reimburse	4
reimbursed	3
reimbursement	2
reims	3
rein	6
reina	4
reincarnate	3
reincarnated	5
reincarnation	6
reindeer	10
reiner	4
reinforce	5
reinforced	6
reinforcement	5
reinforcements	10
reinforcing	3
reinhardt	4
reinhold	3
reins	7
reinstate	4
reinstated	5
reinstatement	3
reintroduce	2
reinvent	4
reinvented	3
reinventing	3
reis	3
reiterate	4
reject	12
rejected	15
rejecting	6
rejection	9
rejects	6
rejoice	8
rejoiced	3
rejoices	3
rejoicing	4
rejoin	6
rejoined	2
rejuvenate	3
rejuvenated	3
rejuvenation	3
rekha	4
rekindle	3
rekindled	2
rel	3
relapse	6
relapsed	3
relatable	3
relate	11
related	21
relates	5
relating	6
relation	13
relations	16
relationship	44
relationships	18
relative	17
relatively	11
relatives	18
relativity	6
relaunch	3
relax	46
relaxation	6
relaxed	14
relaxes	5
relaxing	10
relay	9
relayed	4
relaying	3
relays	4
release	32
released	25
releases	7
releasing	10
relegated	3
relent	3
relentless	8
relentlessly	5
relevance	6
relevant	13
reliability	4
reliable	14
reliably	3
reliance	3
reliant	3
relic	8
relics	7
relied	6
relief	20
relies	6
relieve	11
relieved	16
relieves	3
relieving	5
religion	21
religions	7
religious	21
religiously	3
relinquish	5
relish	6
relive	7
reliving	4
reload	6
reloading	3
relocate	5
relocated	5
relocating	3
relocation	4
reluctance	4
reluctant	8
reluctantly	5
rely	16
relying	7
rem	5
remade	3
remain	33
remainder	6
remained	15
remaining	16
remains	26
remake	5
remand	5
remanded	5
remark	8
remarkable	18
remarkably	8
remarked	4
remarks	9
remarried	7
remarry	5
rematch	6
rember	3
rembrandt	8
remedial	3
remedied	2
remedies	5
remedy	9
remember	112
remembered	24
remembering	12
remembers	14
remembrance	6
remi	5
remind	30
reminded	15
reminder	11
reminders	4
reminding	9
reminds	21
remington	6
reminisce	4
reminiscent	4
reminiscing	4
remiss	4
remission	5
remit	3
remix	4
remmy	3
remnant	4
remnants	6
remo	4
remodel	4
remodeled	3
remodeling	4
remorse	10
remorseful	3
remote	19
remotely	9
remotest	3
removal	8
remove	26
removed	21
remover	4
removes	5
removing	10
remuneration	3
remus	5
remy	7
ren	8
rena	4
renaissance	8
renal	5
renaldo	3
rename	3
renamed	3
renard	4
renata	6
renato	5
renaud	3
renault	5
render	8
rendered	7
rendering	5
renders	3
rendezvous	11
rendition	4
rene	11
renee	10
renegade	6
renegades	3
renege	2
renegotiate	4
renew	7
renewable	3
renewal	5
renewed	7
renewing	3
renfield	5
renko	4
renner	2
rennie	3
renny	3
reno	9
renoir	5
renounce	7
renounced	4
renovate	4
renovated	4
renovating	4
renovation	6
renovations	4
renown	3
renowned	8
rent	29
rental	11
rentals	4
rented	15
renter	3
renting	8
renton	3
rents	6
renu	4
renzo	4
reopen	7
reopened	5
reopening	4
reorganization	2
reorganize	3
rep	10
repaid	6
repaint	3
repainted	3
repair	17
repaired	10
repairing	6
repairman	5
repairs	10
reparations	3
repartee	3
repatriation	2
repay	14
repaying	3
repayment	3
repeal	3
repealed	3
repeat	28
repeated	11
repeatedly	10
repeating	12
repeats	6
repel	5
repelled	3
repellent	4
repent	9
repentance	5
repentant	3
repented	3
repenting	3
repercussions	6
repertoire	4
repetition	5
repetitive	4
rephrase	6
replace	20
replaceable	3
replaced	16
replacement	13
replacements	5
replaces	4
replacing	9
replay	6
replaying	3
replenish	4
replica	7
replicas	3
replicate	6
replicated	3
replicating	3
replication	3
replicator	4
replicators	4
replied	9
replies	5
reply	15
replying	3
repo	4
repopulate	2
report	52
reported	22
reportedly	5
reporter	25
reporters	15
reporting	16
reports	25
repose	4
reposition	2
repository	3
repossess	3
repossessed	3
reprehensible	4
represent	19
representation	8
representations	3
representative	14
representatives	9
represented	11
representing	12
represents	14
repress	3
repressed	6
repressing	2
repression	5
repressive	3
reprieve	4
reprieved	2
reprimand	5
reprimanded	4
reprisal	3
reprisals	4
reproach	6
reproduce	7
reproduced	3
reproducing	3
reproduction	6
reproductive	5
reprogram	4
reprogrammed	3
reprogramming	3
reps	5
reptile	6
reptiles	7
reptilian	4
republic	17
republican	11
republicans	8
republics	3
repugnant	4
repulse	3
repulsed	3
repulsion	3
repulsive	7
reputable	4
reputation	24
reputations	4
repute	3
reputed	4
request	28
requested	16
requesting	10
requests	11
requiem	4
require	18
required	19
requirement	6
requirements	8
requires	17
requiring	5
requisite	3
requisition	5
requisitioned	3
reread	3
reroute	4
rerouted	3
rerouting	3
rerun	4
reruns	4
res	4
resale	3
reschedule	8
rescheduled	4
rescind	3
rescinded	3
rescue	26
rescued	13
rescuer	3
rescuers	3
rescues	4
rescuing	8
research	33
researched	5
researcher	7
researchers	8
researches	3
researching	8
resection	3
resell	3
resemblance	9
resemble	8
resembled	4
resembles	7
resembling	4
resent	10
resented	5
resentful	4
resenting	3
resentment	8
resents	3
reservation	14
reservations	10
reserve	14
reserved	12
reserves	8
reservoir	7
reservoirs	3
reset	9
resetting	2
reshape	3
reshma	4
reside	6
resided	2
residence	15
residences	3
residency	6
resident	13
residential	7
residents	13
resides	6
residing	4
residual	5
residue	9
resign	13
resignation	12
resigned	10
resigning	6
resigns	3
resilience	3
resilient	5
resin	4
resist	20
resistance	19
resistant	6
resisted	7
resisting	8
resists	4
resnick	3
resolute	4
resolution	10
resolutions	3
resolve	13
resolved	11
resolving	3
resonance	5
resonant	2
resonate	3
resonates	3
resonating	2
resort	14
resorted	3
resorting	3
resorts	4
resound	2
resounding	4
resource	7
resourceful	7
resourcefulness	3
resources	18
respect	45
respectability	4
respectable	13
respected	15
respectful	8
respectfully	8
respecting	6
respective	5
respectively	3
respects	14
respiration	5
respirator	4
respiratory	7
respite	4
resplendent	3
respond	19
responded	10
respondent	2
responders	4
responding	12
responds	6
response	21
responses	6
responsibilities	13
responsibility	31
responsible	36
responsibly	4
responsive	4
ressler	5
rest	74
restart	6
restaurant	35
restaurants	13
rested	8
restful	4
resting	14
restitution	4
restless	12
restlessness	4
restock	3
reston	4
restoration	7
restorative	2
restore	13
restored	11
restores	3
restoring	6
restrain	7
restrained	6
restraining	9
restraint	7
restraints	6
restrict	4
restricted	10
restricting	3
restriction	4
restrictions	7
restrictive	3
restroom	9
restrooms	3
restructure	3
restructuring	4
rests	9
result	26
resulted	7
resulting	7
results	29
resume	13
resumed	4
resumes	8
resuming	3
resupply	3
resurface	3
resurfaced	3
resurrect	5
resurrected	6
resurrection	9
resuscitate	4
resuscitated	2
resuscitation	4
resync	4
resynced	2
retail	8
retailer	3
retailers	3
retain	8
retained	6
retainer	7
retainers	3
retaining	4
retains	3
retake	5
retaliate	5
retaliated	3
retaliation	6
retard	9
retarded	11
retards	4
retches	5
retching	6
retention	3
rethink	7
rethinking	3
reticent	2
retina	4
retinal	3
retinue	3
retire	15
retired	18
retirement	15
retires	4
retiring	9
retort	3
retrace	5
retracing	3
retract	5
retracted	3
retraction	4
retractor	3
retreat	17
retreated	6
retreating	6
retreats	4
retrial	3
retribution	7
retrieval	4
retrieve	11
retrieved	6
retriever	4
retrieving	4
retro	6
retrograde	3
retrospect	5
retrospective	3
retrovirus	3
return	56
returned	30
returning	20
returns	18
reuben	7
reunification	3
reunion	14
reunions	4
reunite	6
reunited	8
reuniting	3
reuse	2
reuven	2
rev	6
reva	3
reve	2
reveal	20
revealed	16
revealing	9
reveals	10
reveille	3
revel	4
revelation	9
revelations	6
revelry	3
revels	3
revenant	3
revenge	29
revenged	2
revenue	9
revenues	4
revere	5
revered	6
reverence	6
reverend	19
reverie	2
reversal	5
reverse	17
reversed	8
reverses	3
reversible	3
reversing	5
revert	4
reverted	3
review	18
reviewed	7
reviewer	3
reviewing	7
reviews	9
revise	5
revised	5
revising	3
revision	4
revisions	3
revisit	5
revisited	2
revisiting	2
revival	6
revive	8
revived	6
reviving	3
revoir	8
revoke	5
revoked	6
revolt	9
revolted	3
revolting	7
revolts	3
revolution	23
revolutionaries	6
revolutionary	14
revolutionize	4
revolutionized	3
revolutions	5
revolve	4
revolved	3
revolver	9
revolvers	3
revolves	5
revolving	5
revs	9
revue	4
revulsion	3
revved	3
revving	11
reward	24
rewarded	10
rewarding	7
rewards	8
rewind	7
rewinding	4
rewinds	2
rewire	3
rework	2
rewrite	8
rewrites	3
rewriting	4
rewritten	4
rewrote	3
rex	17
rey	6
reyes	7
reykjavik	3
reynaldo	3
reynard	3
reynold	3
reynolds	13
reza	5
rhade	4
rhapsody	3
rhe	2
rhea	5
rhetoric	5
rhetorical	6
rhett	5
rhetta	3
rheumatism	5
rhib	2
rhine	5
rhinestones	2
rhino	8
rhinoceros	5
rhinos	4
rho	3
rhoades	3
rhoda	6
rhode	6
rhodes	9
rhodesia	3
rhonda	8
rhubarb	5
rhydian	4
rhyme	10
rhymed	2
rhymes	8
rhyming	4
rhys	6
rhythm	16
rhythmic	8
rhythmically	5
rhythms	5
ri	10
ria	5
rian	3
riaz	2
rib	11
ribbentrop	2
ribbit	3
ribbon	10
ribbons	7
ribcage	3
ribs	14
ric	4
rica	6
rican	6
ricans	3
ricardo	10
riccardo	4
ricci	4
ricco	3
rice	25
rich	45
richard	37
richards	10
richardson	7
riche	3
richelieu	3
richer	10
riches	9
richest	10
richie	15
richly	3
richmond	9
richness	4
richter	6
ricin	3
rick	27
rickard	2
rickets	3
rickety	3
rickey	3
ricki	4
rickie	4
rickman	3
ricks	3
rickshaw	6
ricky	24
rico	13
ricochet	4
ricocheting	3
ricochets	3
ricotta	3
rid	40
riddance	7
ridden	7
riddick	3
ridding	3
riddle	10
riddled	5
riddler	4
riddles	7
ride	50
rider	12
riders	9
rides	12
ridge	13
ridges	5
ridgeway	3
ridicule	6
ridiculed	5
ridiculing	3
ridiculous	36
ridiculously	6
ridin	5
riding	26
ridley	6
rie	4
rien	4
riend	2
riesling	2
rife	4
riff	6
riffraff	4
riffs	3
rifle	18
rifles	11
rifling	3
rift	8
rig	14
riga	3
rigby	6
rigged	10
rigging	5
riggins	4
riggs	8
righ	3
right	299
righteous	11
righteousness	7
rightful	9
rightfully	6
rightly	8
righto	6
rights	29
righty	8
rigid	7
rigidity	2
rigoletto	3
rigor	6
rigorous	5
rigs	5
rigsby	5
rihanna	4
rika	5
rikard	2
riker	6
rikers	5
riki	3
rikke	2
rikki	4
riko	4
rile	3
riled	5
riles	2
riley	18
rim	8
rimbaud	3
rimini	3
rimmer	6
rims	4
rin	7
rina	5
rinaldi	3
rinaldo	3
rind	3
rinds	3
ring	48
ringed	3
ringer	6
ringers	3
ringing	38
ringle	2
ringleader	5
ringmaster	3
ringo	7
rings	39
ringside	4
ringtone	6
rink	7
rinko	3
rino	2
rinse	7
rinsed	2
rio	13
riordan	3
rios	4
riot	14
rioters	3
rioting	4
riots	9
rip	22
ripe	10
ripen	3
ripened	3
ripley	7
ripped	19
ripper	9
ripping	11
ripple	5
ripples	5
rippling	3
rips	7
risa	4
rise	28
risen	9
riser	3
rises	12
rishabh	2
rishi	5
rising	17
risk	39
risked	11
riskier	2
risking	12
risks	16
risky	16
risotto	7
rita	19
ritalin	4
ritchie	9
rite	7
rites	8
rito	2
ritsuko	3
rittenhouse	3
ritter	5
ritu	3
ritual	16
ritualistic	3
rituals	9
ritz	6
ritzy	2
riva	3
rival	13
rivalries	3
rivalry	7
rivals	8
rivas	3
river	40
rivera	7
riverbank	4
riverbed	3
riverboat	3
riverdale	4
rivers	14
riverside	6
rivet	3
riveted	3
riveting	4
rivets	3
riviera	6
rivka	2
riya	4
riyadh	2
riza	3
rizzo	6
rizzoli	5
rj	6
rl	3
rm	11
rn	3
rna	3
rne	3
ro	9
roach	7
roaches	5
road	55
roadblock	7
roadblocks	6
roadhouse	3
roadie	4
roadkill	4
roads	18
roadside	6
roadster	3
roadway	2
roam	10
roamed	5
roaming	9
roams	4
roan	4
roanoke	3
roar	12
roared	3
roaring	17
roark	4
roarke	3
roars	15
roary	3
roast	15
roasted	8
roasting	5
roasts	2
rob	27
robb	4
robbed	20
robber	11
robberies	8
robbers	11
robbery	24
robbie	14
robbing	12
robbins	8
robbo	3
robby	8
robe	12
robert	34
roberta	8
roberto	11
roberts	13
robertson	7
robes	7
robeson	3
robespierre	4
robie	3
robin	24
robins	3
robinson	13
robles	3
robo	5
robocop	3
robot	21
robotic	6
robotics	4
robotnik	6
robots	13
robs	5
robson	4
robust	6
robyn	7
roc	5
rocca	2
rocco	9
rocha	3
roche	3
rochefort	3
rochelle	6
rochester	6
rock	48
rocked	8
rockefeller	7
rocker	7
rockers	4
rocket	19
rockets	10
rockfish	3
rockford	4
rockies	4
rockin	7
rocking	10
rockland	3
rocks	25
rockstar	3
rocksteady	3
rockwell	5
rocky	18
rod	15
rodders	2
roddy	5
rode	14
rodent	6
rodents	5
rodeo	10
roderick	5
rodger	4
rodgers	4
rodin	3
rodman	3
rodney	15
rodolfo	4
rodrigo	8
rodrigues	3
rodriguez	9
rods	7
roe	5
roebuck	3
rog	6
rogan	3
roge	3
rogelio	5
roger	33
rogers	12
rogue	13
rogues	5
rohan	7
rohit	7
rohypnol	3
rojas	4
rok	3
roku	3
roland	12
rolando	3
role	28
roles	10
rolex	6
rolf	6
rolfe	3
roll	37
rolled	14
roller	12
rollercoaster	3
rollers	5
rolli	2
rollie	4
rollin	8
rolling	22
rollins	7
rollo	5
rolls	15
rolly	3
rolo	3
rolodex	3
roly	3
rom	6
roma	6
romain	3
roman	23
romana	4
romance	19
romances	4
romancing	4
romania	7
romanian	7
romanians	3
romano	6
romanov	3
romans	13
romantic	29
romantically	5
romanticism	3
romantics	3
rome	28
romek	3
romeo	16
romero	6
romi	4
rommel	6
rommie	5
romney	4
romp	3
romulan	5
romulans	4
romulus	4
romy	4
ron	20
rona	3
ronald	11
ronaldo	5
ronan	4
ronda	4
rondo	2
rong	5
ronin	5
ronni	3
ronnie	17
ronny	7
ronon	4
ronson	3
roo	5
roof	30
roofie	3
roofied	2
roofies	3
roofing	3
roofs	6
rooftop	8
rooftops	5
rook	9
rooker	2
rookie	12
rookies	5
rooks	3
room	100
roomful	3
roomie	4
roomies	3
rooming	4
roommate	16
roommates	9
rooms	25
roomy	3
rooney	6
roop	3
roos	3
roosevelt	13
roost	5
rooster	11
roosters	4
root	17
rooted	6
rooting	7
roots	15
rope	24
roped	5
roper	6
ropes	12
roping	3
roque	3
rorschach	2
rory	15
ros	5
rosa	16
rosalee	4
rosales	3
rosalia	3
rosalie	7
rosalind	4
rosalinda	2
rosaline	3
rosalita	3
rosamund	3
rosanna	4
rosaria	2
rosario	6
rosary	5
rosaura	3
rosco	4
roscoe	7
rose	35
roseanna	2
roseanne	5
rosebud	4
rosemary	10
rosen	7
rosenberg	4
rosenthal	4
roses	17
rosetta	5
rosette	3
rosewood	5
rosey	3
roshan	4
roshni	3
rosie	16
rosina	3
rosita	5
roslin	3
roslyn	3
ross	21
rossetti	2
rossi	9
rossini	3
rosso	3
rossum	3
roster	7
rostov	3
roswell	5
rosy	8
rot	15
rota	3
rotary	4
rotate	7
rotated	3
rotates	3
rotating	6
rotation	8
rotator	2
rotc	3
rote	2
roth	7
rothman	3
rothschild	4
rothstein	4
roti	2
rotisserie	2
rotor	4
rotors	3
rots	4
rotted	5
rotten	20
rotter	3
rotterdam	4
rotting	10
rottweiler	3
roubles	4
rouen	4
rouge	8
rough	29
roughed	4
rougher	4
roughest	3
roughing	3
roughly	11
roughness	3
roulette	7
round	49
roundabout	5
rounded	7
rounder	3
roundhouse	3
rounding	6
rounds	17
roundup	4
rourke	4
rouse	5
roused	3
rousing	4
rousseau	5
rout	3
route	25
routed	4
router	4
routes	9
routine	21
routinely	4
routines	6
routing	4
roux	3
rove	3
rover	10
rovere	3
rovers	3
roving	4
row	25
rowan	7
rowboat	4
rowdies	3
rowdy	7
rowe	4
rowed	3
rowena	5
rowing	7
rowland	4
rowley	3
rows	8
rox	4
roxane	3
roxanne	7
roxie	5
roxton	5
roxy	8
roy	22
royal	29
royale	4
royally	4
royals	5
royalties	5
royalty	9
royce	8
royston	2
roz	10
rpg	4
rpm	3
rr	4
rrr	3
rs	12
rst	3
rsvp	4
rt	4
ru	6
ruan	2
rub	18
rubbed	8
rubber	16
rubbers	4
rubbery	3
rubbing	10
rubbish	19
rubble	8
rube	5
ruben	7
rubens	3
rubicon	3
rubies	5
rubik	3
rubin	5
rubio	3
ruble	3
rubles	6
rubs	5
ruby	17
rucker	2
rucksack	3
ruckus	7
ruda	3
rudd	4
rudder	7
ruddy	6
rude	25
rudely	4
rudeness	5
rudi	6
rudimentary	4
rudnick	4
rudolf	5
rudolph	7
rudra	3
rudy	14
rue	10
ruel	3
ruff	5
ruffian	4
ruffians	4
ruffle	3
ruffled	3
ruffles	3
rufus	9
rug	13
rugby	8
ruger	2
rugged	7
rugs	5
rui	4
ruin	29
ruination	2
ruined	30
ruining	14
ruins	14
ruiz	7
rukh	3
rukia	2
rule	35
ruled	14
ruler	11
rulers	7
rules	41
ruling	11
rum	13
rumba	5
rumble	7
rumbled	3
rumbles	9
rumbling	18
rumblings	3
rumi	3
rummage	4
rummaging	3
rummy	5
rumor	16
rumored	5
rumors	17
rumour	9
rumoured	3
rumours	10
rump	5
rumpelstiltskin	3
rumple	3
rumplestiltskin	3
rumpole	9
rumpus	3
rumsfeld	3
run	92
runabout	3
runaround	3
runaway	10
runaways	4
rundown	6
rune	5
runes	4
rung	8
rungs	3
runkle	3
runner	12
runners	7
runneth	3
runnin	10
running	64
runny	5
runoff	3
runs	29
runt	6
runway	14
runways	3
rupa	5
rupali	2
rupaul	5
rupee	5
rupees	14
rupert	11
rupture	6
ruptured	6
rural	8
rus	3
ruse	7
rush	29
rushed	13
rushes	6
rushing	13
rushmore	4
rushworth	2
rusk	4
ruskin	4
ruslan	3
russ	11
russel	4
russell	21
russia	21
russian	30
russians	18
russkies	3
russo	8
rust	8
rusted	5
rustic	5
rusting	3
rustle	6
rustlers	3
rustles	4
rustling	10
rustom	2
rusty	16
rut	8
rutabaga	2
rutger	3
ruth	18
rutherford	5
ruthie	7
ruthless	12
ruthlessly	4
ruthlessness	3
rutland	3
rutledge	6
rutles	3
ruxin	5
ruzek	2
rv	7
rwanda	4
ry	4
ryan	32
rydell	4
ryder	8
rye	8
rygel	5
ryker	3
ryland	4
ryo	8
ryoko	4
ryoma	3
ryosuke	2
ryota	3
ryu	7
ryuji	3
ryung	3
ryunosuke	3
ryuzaki	3
sa	10
saab	4
saad	3
saba	4
saban	2
sabbath	7
sabbatical	5
sabe	3
saber	6
sabers	3
sabes	2
sabina	5
sabine	8
sable	5
sabotage	11
sabotaged	7
sabotaging	5
saboteur	4
saboteurs	3
sabre	5
sabrina	13
sabu	4
saburo	3
sac	5
sacco	2
sacha	5
sachi	3
sachiko	5
sachin	6
sachs	5
sack	18
sacked	8
sacking	3
sacko	2
sacks	8
sacrament	5
sacramento	6
sacraments	3
sacred	21
sacrifice	25
sacrificed	13
sacrifices	12
sacrificial	5
sacrificing	7
sacrilege	5
sacrilegious	3
sacristy	3
sacrosanct	2
sacs	2
sad	45
sada	3
sadako	4
sadat	3
saddam	8
saddened	4
saddens	3
sadder	5
saddest	6
saddle	13
saddlebags	2
saddled	5
saddles	3
sade	4
sadhu	3
sadie	12
sadiq	3
sadism	3
sadist	6
sadistic	6
sadists	2
sadler	3
sadly	14
sadness	13
sado	3
sae	5
saeed	3
saeki	3
saeko	3
safa	2
safari	7
safe	63
safecracker	2
safeguard	6
safeguarding	2
safeguards	3
safehouse	2
safekeeping	5
safely	19
safer	17
safes	4
safest	9
safety	30
saffron	5
saffy	2
sag	4
saga	7
sagan	3
sagar	4
sagara	2
sage	11
sages	3
saget	3
sagging	3
saggy	3
sagittarius	4
sahab	2
sahara	7
saheb	5
sahib	8
sahiba	3
sahil	4
sahir	3
sai	8
said	169
saigo	3
saigon	7
saijo	2
sail	18
sailboat	5
sailed	10
sailing	14
sailor	15
sailors	11
sails	9
sainsbury	3
saint	23
sainted	3
sainthood	2
saintly	4
saints	12
saipan	3
saira	3
sais	4
saitama	2
saith	3
saito	5
saiyan	4
sajid	3
sakai	4
sakamoto	4
sake	43
sakes	13
saki	5
sakina	2
saks	3
saku	3
sakura	7
sakurai	3
sal	13
sala	3
salaam	6
salacious	2
salad	20
saladin	3
salads	6
salah	3
salam	4
salamanca	3
salamander	4
salami	7
salander	3
salaries	6
salary	18
salas	3
salazar	6
sale	25
saleem	3
saleh	2
salem	9
salerno	3
sales	20
salesgirl	3
salesman	13
salesmen	6
salesperson	3
saleswoman	3
salford	3
salgado	2
salient	3
salih	3
salim	7
salinas	3
saline	7
salinger	5
salisbury	4
saliva	8
salle	3
sallie	3
sally	23
salma	4
salman	4
salmon	13
salmonella	3
salmoneus	3
salome	5
salomon	3
salon	12
salons	4
saloon	9
saloons	3
salsa	8
salt	24
salted	5
salter	3
salts	6
saltwater	4
salty	10
salud	5
salut	3
salutation	3
salutations	4
salute	14
saluted	3
salutes	4
saluting	3
salvador	8
salvage	8
salvaged	4
salvation	13
salvatore	9
salve	4
salvo	5
salzburg	3
sam	53
sama	3
samantha	17
samar	4
samara	3
samaritan	7
samaritans	3
samba	7
sambar	3
samcro	2
same	110
sameer	7
sameera	3
sami	6
samir	6
samira	4
sammi	3
sammie	2
sammy	19
samoa	3
samoan	3
samosas	3
samovar	2
sample	20
sampled	3
sampler	3
samples	16
sampling	5
sampson	6
samson	9
samuel	14
samuels	5
samurai	15
samy	3
san	30
sana	5
sanada	4
sanae	3
sanatorium	5
sanchez	10
sancho	5
sancti	3
sanctified	3
sanctify	3
sanctimonious	4
sanction	5
sanctioned	6
sanctions	5
sanctity	5
sanctuary	11
sanctum	4
sand	24
sandal	4
sandals	7
sandalwood	3
sandbag	3
sandbags	3
sandbox	4
sander	5
sanders	10
sanderson	6
sandhu	3
sandhya	5
sandi	5
sanding	2
sandler	3
sandman	5
sandor	3
sandoval	6
sandpaper	3
sandra	16
sandrine	4
sandro	6
sands	9
sandstone	4
sandstorm	4
sandstrom	2
sandusky	3
sandwich	22
sandwiched	3
sandwiches	14
sandy	19
sane	11
sanford	5
sang	18
sangria	3
sanh	3
sania	3
sanitarium	5
sanitary	5
sanitation	6
sanitizer	3
sanity	7
sanjana	6
sanjay	7
sanju	4
sank	9
sanna	4
sanne	4
sano	3
sans	5
sansa	3
sanskrit	4
sanson	2
sant	4
santa	29
santana	6
santas	3
santi	5
santiago	10
santillana	3
santini	4
santino	4
santo	7
santorini	3
santos	10
santosh	3
santy	3
sanya	3
sao	5
saori	4
sap	8
saperstein	3
sapiens	4
sapling	3
saplings	2
sapna	5
sapphire	6
sapphires	3
sapporo	3
sappy	4
saps	3
sar	3
sara	23
saracen	4
sarah	37
sarajevo	5
saran	3
sarang	3
sarasota	2
saraswati	3
saratoga	4
sarcasm	8
sarcastic	8
sarcastically	4
sarcophagus	5
sardar	4
sardine	5
sardines	7
sardinia	3
saree	4
sarge	17
sargent	4
sari	8
sarin	4
sarina	2
saris	3
sarita	3
sark	4
sarkar	2
saro	3
saroja	3
saroyan	5
sars	3
sarsaparilla	3
sartre	3
sas	5
sasa	3
sasaki	5
sascha	3
sash	6
sasha	14
sashay	3
sashi	3
sashimi	4
sasi	3
saskatchewan	3
saskia	4
sasquatch	5
sass	4
sassy	6
sasuke	5
sat	27
satan	16
satanic	6
satanist	2
satanists	3
satch	2
satchel	5
sated	2
satellite	18
satellites	9
sathya	4
satin	6
satire	4
satirical	3
satisfaction	13
satisfactory	8
satisfied	20
satisfies	4
satisfy	12
satisfying	8
sato	7
satoko	3
satomi	4
satoru	4
satoshi	4
satou	3
sats	7
satsuki	3
satsuma	3
saturated	4
saturation	4
saturday	31
saturdays	7
saturn	9
satya	4
satyr	3
sau	3
sauce	21
saucepan	2
saucer	8
saucers	5
sauces	4
saucy	5
saudi	8
saudis	3
sauerkraut	5
saul	12
sauna	9
saunders	8
sauron	3
sausage	15
sausages	10
sauteed	3
sauvage	3
sav	3
sava	3
savage	14
savagely	3
savagery	3
savages	9
savaii	2
savanna	3
savannah	8
savant	3
save	67
saved	45
saver	4
saverio	3
saves	11
savi	4
savile	2
savin	3
saving	28
savings	14
savino	3
savio	2
savior	11
saviors	3
saviour	7
savitar	3
savitri	3
savonarola	3
savor	5
savory	4
savour	3
savoury	2
savoy	5
savvy	5
saw	102
sawa	2
sawada	3
sawaki	2
sawako	3
sawant	2
sawdust	5
sawed	4
sawing	5
sawmill	4
saws	4
sawyer	9
sax	5
saxena	4
saxon	6
saxons	4
saxony	3
saxophone	6
say	200
saya	4
sayaka	3
sayer	3
sayers	3
sayeth	3
sayid	5
sayin	13
saying	91
sayings	4
sayo	3
sayonara	5
says	86
sayu	2
sayuri	4
saz	3
sbk	3
sc	3
scab	5
scabbard	3
scabby	3
scabies	3
scabs	4
scaffold	4
scaffolding	5
scala	3
scalded	3
scalding	3
scale	19
scaled	4
scales	9
scaling	3
scallop	4
scallops	7
scalp	8
scalped	3
scalpel	8
scalpels	2
scalping	2
scalps	3
scaly	3
scam	13
scammed	4
scamming	4
scamp	4
scamper	2
scampi	3
scams	5
scan	17
scandal	17
scandalous	7
scandals	5
scandinavia	4
scandinavian	4
scanlan	3
scanlon	5
scanned	7
scanner	10
scanners	7
scanning	8
scans	9
scant	3
scapegoat	6
scapegoats	2
scapula	3
scar	16
scarab	4
scarborough	3
scarce	8
scarcely	7
scarcity	3
scare	28
scarecrow	8
scarecrows	2
scared	61
scaredy	3
scares	14
scarf	13
scarface	5
scarier	6
scariest	6
scaring	13
scarlet	9
scarlett	10
scarran	3
scarrans	3
scarred	6
scarring	5
scars	12
scarsdale	3
scarves	5
scary	28
scat	5
scathing	2
scatter	8
scattered	12
scattering	4
scatters	2
scatting	5
scavenge	3
scavenger	5
scavengers	4
scavenging	3
scavo	3
scenario	14
scenarios	6
scene	45
scenery	10
scenes	17
scenic	5
scent	15
scented	5
scents	4
scepter	5
sceptical	4
sceptre	3
schaefer	3
schaeffer	3
schafer	3
schanke	4
schedule	25
scheduled	15
schedules	7
scheduling	5
scheherazade	2
schematic	4
schematics	5
scheme	15
schemer	3
schemes	8
scheming	6
schiff	3
schiller	6
schilling	3
schillinger	3
schindler	3
schizo	3
schizophrenia	6
schizophrenic	6
schizophrenics	2
schlep	3
schmeling	3
schmidt	12
schmitt	2
schmooze	3
schmuck	7
schmucks	3
schnabel	3
schnapps	6
schneider	7
schnell	4
schnitzel	4
schofield	3
scholar	11
scholarly	3
scholars	8
scholarship	14
scholarships	5
scholastic	3
schon	2
school	91
schoolboy	5
schoolboys	3
schoolchildren	3
schooled	4
schooler	3
schoolgirl	6
schoolgirls	4
schoolhouse	4
schooling	6
schoolmaster	4
schoolmate	3
schoolmates	3
schools	19
schoolteacher	6
schoolwork	4
schoolyard	4
schooner	4
schopenhauer	3
schrader	3
schroeder	4
schrute	3
schubert	5
schuester	3
schultz	12
schulz	3
schumacher	3
schumann	4
schuster	3
schuyler	4
schwartz	6
schwarz	3
schwarzenegger	4
schweitzer	3
sci	3
sciatica	3
science	33
sciences	7
scientific	19
scientifically	6
scientist	19
scientists	21
scientologist	2
scientology	6
scimitar	3
scintillating	3
scion	2
scipio	3
scissor	4
scissors	13
sciuto	2
sclerosis	4
scobie	2
scoff	4
scoffing	5
scoffs	26
scofield	5
scold	9
scolded	7
scolding	6
scolds	3
scoliosis	3
scone	4
scones	5
scoob	7
scooby	10
scooch	3
scoop	11
scooped	5
scooping	3
scoops	4
scoot	7
scooter	11
scooters	3
scope	10
scopes	3
scoping	2
scopolamine	2
scorch	4
scorched	5
scorching	5
score	25
scoreboard	4
scored	12
scorer	3
scores	14
scoring	7
scorn	6
scorned	5
scorpio	5
scorpion	9
scorpions	5
scorpius	4
scorsese	4
scot	5
scotch	16
scotches	3
scotia	4
scotland	18
scots	7
scotsman	4
scott	30
scottie	6
scottish	11
scottsdale	3
scotty	13
scoundrel	13
scoundrels	7
scour	4
scoured	4
scourge	5
scouring	4
scout	16
scouted	4
scouting	6
scouts	11
scowl	3
scrabble	6
scram	10
scramble	7
scrambled	9
scrambler	3
scrambling	6
scranton	4
scrap	11
scrapbook	5
scrape	9
scraped	6
scrapes	6
scraping	9
scrapings	2
scrapped	4
scrapping	3
scrappy	4
scraps	7
scratch	21
scratched	10
scratcher	2
scratches	9
scratching	10
scratchy	5
scrawny	5
scream	26
screamed	11
screamer	4
screamin	3
screaming	45
screams	33
screech	15
screeches	8
screeching	20
screen	24
screened	4
screening	9
screenings	3
screenplay	10
screenplays	2
screens	8
screenwriter	4
screw	31
screwball	3
screwdriver	8
screwed	27
screwing	15
screws	10
screwup	3
screwy	4
scribble	4
scribbled	3
scribbles	3
scribbling	4
scribe	4
scribes	3
scrimmage	3
scrip	3
script	21
scripted	3
scripts	7
scripture	6
scriptures	6
scriptwriter	3
scroll	9
scrolling	2
scrolls	6
scrooge	9
scrotum	5
scrounge	3
scrounging	3
scrub	11
scrubbed	6
scrubber	3
scrubbing	7
scrubs	5
scruff	3
scruffy	5
scrumptious	4
scruples	5
scrupulous	3
scrutinized	3
scrutiny	6
scuba	6
scudder	3
scuff	3
scuffle	4
scuffling	3
scull	3
scullery	3
scully	11
sculpt	5
sculpted	5
sculpting	6
sculptor	6
sculptors	3
sculpture	10
sculptures	6
scum	16
scumbag	11
scumbags	6
scurry	3
scurrying	3
scurvy	4
scuse	4
scusi	3
scuttle	3
scuttlebutt	3
scylla	4
scythe	4
sd	4
sdh	8
sdi	6
sdl	3
sdu	3
se	14
sea	46
seabed	4
seabirds	3
seabiscuit	4
seaboard	4
seacrest	3
seafaring	3
seafood	8
seagal	3
seagull	6
seagulls	7
seahawk	2
seahorse	3
seal	21
sealed	17
sealing	5
seals	10
seam	5
seaman	7
seamen	4
seamless	3
seams	6
seamstress	5
seamus	5
sean	26
seance	4
seaplane	2
seaport	2
seaquest	4
sear	4
search	41
searched	18
searcher	3
searchers	2
searches	7
searching	25
searchlight	2
searchlights	2
seared	4
searing	4
sears	6
seas	13
seashell	2
seashells	3
seashore	4
seasick	6
seasickness	2
seaside	7
season	31
seasonal	6
seasoned	7
seasoning	5
seasons	11
seat	44
seatbelt	6
seatbelts	4
seated	14
seating	6
seats	21
seattle	14
seaver	4
seawater	4
seaweed	7
seaworld	3
seaworthy	2
seb	4
sebastian	17
sebastien	4
sec	22
secluded	5
seclusion	4
secnav	4
second	82
secondary	10
seconded	3
secondhand	4
secondly	10
seconds	41
secrecy	10
secret	56
secretarial	3
secretariat	4
secretaries	6
secretary	29
secrete	2
secreted	3
secretion	2
secretions	3
secretive	7
secretly	15
secrets	28
secs	3
sect	8
section	25
sectionals	3
sectioned	2
sections	9
sector	15
sectors	5
sects	3
secular	5
secure	24
secured	11
securely	4
securing	6
securities	6
security	50
sed	3
sedan	7
sedate	5
sedated	7
sedation	4
sedative	8
sedatives	5
seder	3
sedgwick	3
sediment	4
sediments	2
sedition	3
sedona	3
seduce	11
seduced	9
seducer	3
seduces	3
seducing	5
seduction	6
seductive	6
see	249
seed	15
seeded	3
seeding	3
seedling	2
seedlings	3
seeds	14
seedy	4
seeger	3
seein	6
seeing	55
seek	24
seeker	7
seekers	4
seeking	15
seeks	9
seeley	4
seem	59
seema	5
seemed	37
seeming	4
seemingly	8
seems	69
seen	99
seenu	5
seep	3
seeped	3
seeping	3
seeps	3
seer	4
sees	30
seesaw	3
seetha	3
seething	4
seeyou	3
sefton	3
segal	3
segawa	2
seger	3
segment	8
segments	4
segregated	3
segregation	5
segue	3
segundo	3
seher	3
sei	4
seiji	5
seiko	2
seimei	3
seine	5
seinfeld	5
seismic	5
seiya	2
seize	13
seized	11
seizes	3
seizing	6
seizure	10
seizures	7
sek	3
sekai	3
seki	3
selam	3
selby	4
seldom	9
select	11
selected	13
selecting	5
selection	12
selections	3
selective	5
selects	3
selena	6
selene	3
self	22
selfie	7
selfies	4
selfish	21
selfishly	3
selfishness	6
selfless	6
selflessly	3
selflessness	3
selfridge	6
selim	5
selina	7
sell	51
selleck	3
seller	9
sellers	6
sellin	4
selling	32
sellout	3
sells	14
selma	7
seltzer	4
selves	6
selwyn	2
sem	3
sema	3
semantics	4
semblance	3
semen	9
semester	11
semesters	3
semi	5
semiautomatic	2
semifinal	3
semifinals	4
seminal	4
seminar	9
seminars	4
seminary	6
semis	2
semper	4
semple	2
semtex	3
semyon	3
sen	7
sena	3
senate	13
senator	24
senators	7
send	68
sendai	3
sender	5
sending	30
sends	18
seneca	3
senegal	3
seng	3
senhor	3
senile	7
senility	2
senior	25
seniority	5
seniors	8
senna	4
senor	11
senora	6
senorita	5
senpai	5
sensation	12
sensational	9
sensations	5
sense	58
sensed	9
sensei	12
senseless	8
senses	17
sensibilities	3
sensibility	4
sensible	13
sensibly	4
sensing	8
sensitive	22
sensitivity	8
sensor	9
sensors	12
sensory	6
sensual	7
sensuality	4
sensuous	3
sent	63
senta	2
sentence	25
sentenced	13
sentences	10
sentencing	6
sentient	4
sentiment	9
sentimental	13
sentimentality	4
sentiments	6
sentinel	5
sentinels	3
sentries	4
sentry	6
seo	11
seok	7
seol	5
seon	5
seong	7
seonjun	3
seoul	13
separate	25
separated	18
separately	9
separates	7
separating	7
separation	11
separatist	4
separatists	4
seperate	2
sepp	3
seppuku	3
sepsis	3
sept	3
september	18
septic	6
septimus	3
septum	3
sequel	6
sequels	3
sequence	14
sequences	5
sequencing	3
sequential	2
sequestered	3
sequins	4
ser	5
sera	6
serafina	3
seraphim	3
serb	4
serbia	6
serbian	7
serbs	5
serena	13
serenade	5
serendipity	3
serene	6
serengeti	3
serenity	7
serf	3
serfs	3
serge	8
sergeant	38
sergeants	4
sergei	10
sergey	5
sergeyevich	3
sergio	9
serial	19
serials	3
series	25
serious	61
seriously	49
seriousness	6
serizawa	3
serling	3
sermon	9
sermons	5
serotonin	3
serpent	9
serpentine	3
serpents	4
serpico	3
serra	3
serrano	4
serrated	3
serum	9
servalan	2
servant	21
servants	17
serve	33
served	25
server	11
servers	7
serves	14
service	45
serviced	4
servicemen	3
services	24
servicing	4
servile	3
serving	19
servings	3
servitude	4
servo	3
seryozha	4
sesame	7
sesh	2
session	19
sessions	11
sesterces	2
set	76
setback	7
setbacks	4
seth	17
sethi	2
sethu	4
seti	3
sets	20
setsuko	4
settee	3
setter	3
setting	24
settings	6
settle	31
settled	23
settlement	14
settlements	6
settler	3
settlers	7
settles	8
settling	11
setup	12
seu	3
seul	3
seung	9
seurat	2
seuss	3
seve	2
seven	50
sevens	4
seventeen	10
seventeenth	3
seventh	14
seventies	4
seventy	8
sever	6
several	35
severance	6
severe	17
severed	10
severely	10
severide	4
severing	3
severity	5
severus	3
sevilla	2
seville	5
sew	11
sewage	6
seward	4
sewed	6
sewell	3
sewer	11
sewers	7
sewing	11
sewn	6
sews	3
sex	58
sexes	5
sexier	5
sexiest	6
sexism	3
sexist	7
sexless	3
sexting	3
sexton	3
sexual	27
sexuality	9
sexually	14
sexy	28
seychelles	2
seymour	8
sforza	4
sfpd	2
sg	3
sgc	3
sgt	4
sh	12
sha	7
shabana	3
shabbat	4
shabby	7
shack	11
shacked	3
shacking	3
shackle	3
shackled	4
shackles	6
shackleton	4
shacks	3
shad	3
shade	13
shaded	3
shades	9
shading	3
shado	3
shadow	24
shadowed	3
shadowhunter	2
shadowhunters	3
shadowing	4
shadows	17
shadowy	4
shadwell	3
shady	10
shaeffer	2
shaft	12
shafted	3
shafts	5
shag	9
shagged	5
shagging	6
shaggy	9
shah	7
shahid	3
shahir	3
shahrukh	3
shaina	3
shaka	4
shake	30
shakedown	4
shaken	10
shaker	5
shakers	3
shakes	10
shakespeare	14
shakespearean	3
shakily	5
shakin	5
shaking	18
shakira	5
shakti	4
shakuntala	2
shaky	8
shal	3
shale	4
shalimar	4
shalini	4
shall	76
shallots	3
shallow	12
shallows	3
shalom	6
shalt	9
shalu	3
sham	8
shaman	8
shamans	4
shamar	2
shambles	5
shambo	3
shame	36
shamed	6
shameful	10
shamefully	3
shameless	11
shamelessly	4
shames	3
shaming	3
shampoo	10
shamrock	4
shamu	2
shamus	3
shan	13
shana	5
shanaya	3
shane	18
shang	6
shanghai	12
shanghaied	2
shania	4
shank	5
shankar	9
shanked	3
shanks	3
shannon	12
shanthi	3
shanti	6
shanty	4
shanxi	2
shao	5
shaolin	8
shape	29
shaped	11
shapeless	2
shapely	3
shapes	10
shapeshifter	2
shaping	6
shapiro	5
shaq	4
shaquille	3
sharat	2
sharath	2
shard	5
shards	5
share	44
shared	19
shareholder	5
shareholders	6
shares	15
shari	4
sharia	3
sharif	4
sharing	18
shark	19
sharkey	3
sharks	14
sharky	4
sharma	7
sharman	3
sharon	15
sharona	5
sharp	24
sharpe	7
sharpen	6
sharpened	5
sharpener	3
sharpening	4
sharpens	2
sharper	6
sharpest	4
sharpie	3
sharply	13
sharpness	2
sharps	3
sharpshooter	3
sharpshooters	3
shashi	4
shasta	3
shastri	3
shat	4
shatner	4
shatter	7
shattered	12
shattering	9
shatters	10
shaun	8
shauna	5
shave	16
shaved	11
shaven	3
shaver	3
shaves	3
shaving	10
shavings	3
shaw	14
shawl	6
shawn	18
shawna	3
shawnee	3
shawshank	3
shay	7
shayne	5
shaz	4
shazam	3
shazia	3
she	311
shea	7
shear	3
sheared	3
shearing	2
shears	5
sheath	4
sheaves	2
sheba	6
shebang	3
shed	19
shedding	6
sheds	5
sheehan	2
sheela	3
sheen	5
sheena	5
sheep	21
sheepdog	3
sheepskin	2
sheer	12
sheesh	6
sheet	17
sheetal	3
sheets	17
sheffield	7
sheik	7
sheikh	7
sheila	14
shek	3
shekels	4
shekhar	7
shekhawat	2
shel	4
shelby	11
sheldon	12
shelf	13
shelia	3
shell	19
shelled	3
shelley	9
shellfish	5
shelling	5
shells	12
shelly	12
shelter	20
sheltered	6
sheltering	3
shelters	7
shelton	6
shelved	2
shelves	8
shen	7
shenandoah	2
shenanigans	5
sheng	5
shenzhen	3
shep	6
shepard	7
shephard	2
shepherd	15
shepherdess	3
shepherds	6
sheppard	7
sher	4
sheraton	3
sherbet	3
shere	2
sheri	4
sheridan	8
sherif	4
sheriff	33
sheriffs	4
sherlock	12
sherm	2
sherman	11
sherpa	3
sherpas	3
sherri	4
sherry	12
sherwood	6
sheryl	5
shes	5
shetland	4
shetty	4
sheung	3
shh	40
shhh	11
shhhh	4
shi	9
shia	3
shiatsu	3
shiba	3
shibata	3
shibuya	4
shield	17
shielded	4
shielding	5
shields	12
shift	25
shifted	8
shifter	3
shifting	8
shifts	12
shifty	4
shifu	5
shigeru	3
shih	4
shiho	2
shii	3
shiina	3
shik	4
shikha	2
shikoku	3
shil	4
shill	3
shilla	4
shilling	6
shillings	8
shiloh	4
shilpa	2
shim	5
shima	4
shimada	4
shimako	2
shimizu	4
shimla	3
shimmer	4
shimmering	5
shimmy	5
shimon	3
shin	12
shinagawa	3
shinbei	3
shinde	3
shindig	5
shindo	5
shindou	2
shine	22
shined	4
shiner	4
shines	11
shing	6
shingen	3
shingle	3
shingles	3
shingo	3
shinhwa	3
shinichi	5
shinigami	3
shinin	3
shining	17
shinji	6
shinjuku	5
shinkichi	3
shinnosuke	3
shino	3
shinobi	3
shinobu	4
shinohara	3
shinpei	3
shins	3
shinsengumi	3
shinsuke	3
shintaro	3
shinto	2
shinwell	2
shiny	14
shiori	3
ship	51
shipbuilding	2
shipmates	3
shipment	13
shipments	5
shipped	10
shipping	12
ships	23
shipshape	3
shipwreck	5
shipwrecked	4
shipyard	6
shipyards	3
shira	3
shiraz	3
shire	4
shirin	4
shirk	3
shirl	3
shirley	14
shiro	6
shirou	3
shirt	32
shirtless	4
shirts	14
shish	3
shit	97
shitbag	3
shite	8
shitfaced	3
shithead	8
shitheads	4
shithole	7
shithouse	3
shitless	5
shitload	5
shits	8
shitstorm	3
shitter	4
shittin	3
shitting	10
shitty	16
shiv	6
shiva	11
shivaji	3
shivani	4
shivas	2
shiver	6
shivering	8
shivers	5
shizu	3
shizuka	4
shizuko	4
shizuku	2
shizuma	2
shizuo	2
shizuru	2
shlomo	3
sho	5
shoal	3
shoals	4
shobha	3
shochiku	3
shock	27
shocked	19
shocker	5
shocking	14
shockingly	4
shocks	7
shockwave	3
shod	3
shoddy	4
shoe	22
shoebox	4
shoelace	4
shoelaces	5
shoemaker	5
shoes	40
shoeshine	3
shogun	8
shogunate	5
shoji	3
shoko	3
sholto	2
shona	3
shone	6
shoo	10
shook	12
shoop	3
shoot	61
shooter	17
shooters	7
shootin	6
shooting	36
shootings	6
shootout	6
shoots	14
shop	42
shopkeeper	5
shopkeepers	3
shoplift	2
shoplifter	3
shoplifting	6
shopped	4
shopper	4
shoppers	5
shopping	27
shops	14
shore	18
shoreline	4
shores	9
short	47
shortage	8
shortages	4
shortbread	2
shortcake	3
shortcomings	4
shortcut	10
shortcuts	4
shorted	4
shorten	5
shortened	4
shortening	3
shorter	12
shortest	6
shorthand	5
shorthanded	3
shorting	2
shortly	18
shortness	4
shorts	14
shortsighted	3
shortstop	4
shortwave	3
shorty	10
shostakovich	3
shot	71
shota	3
shotgun	15
shotguns	4
shots	27
shou	4
shoud	2
shouidn	3
should	169
shoulda	7
shoulder	24
shoulders	18
shouldn	64
shouldnt	2
shout	22
shouted	10
shouting	35
shouts	17
shove	16
shoved	9
shovel	12
shoveling	4
shovels	5
shoves	3
shoving	7
show	110
showa	3
showbiz	5
showboat	3
showcase	7
showdown	7
showed	36
shower	31
showered	6
showering	6
showers	11
showgirl	3
showgirls	3
showin	3
showing	30
showman	4
showmanship	3
shown	21
showoff	2
showroom	5
shows	35
showstopper	3
showtime	8
showy	3
shozo	3
shrank	3
shrapnel	7
shravan	3
shred	8
shredded	6
shredder	10
shredding	4
shreds	7
shrek	5
shreveport	3
shrew	5
shrewd	6
shrewsbury	2
shreya	2
shri	3
shriek	5
shrieking	10
shrieks	10
shrill	4
shrimp	14
shrimps	4
shrine	11
shrines	3
shrink	14
shrinking	6
shrinks	6
shrivel	3
shriveled	3
shrooms	3
shropshire	2
shroud	6
shrouded	4
shrouds	2
shrub	3
shrubbery	3
shrubs	3
shrug	4
shrugged	3
shrunk	6
shrunken	3
shruthi	3
shruti	3
shtick	3
shu	7
shuck	3
shucks	6
shudder	5
shuddering	6
shudders	5
shue	4
shuffle	8
shuffleboard	3
shuffled	3
shuffling	5
shui	6
shuichi	3
shuji	3
shukla	3
shum	2
shun	7
shunned	4
shunt	4
shura	3
shush	9
shushes	3
shushing	6
shuster	2
shut	79
shutdown	5
shuts	12
shutter	13
shutters	7
shutting	11
shuttle	14
shuttlecraft	3
shuttles	4
shweta	3
shy	22
shyam	5
shylock	3
shyness	5
shyster	3
si	16
sia	4
siam	4
siamese	5
sian	3
siao	3
siberia	8
siberian	4
sibley	4
sibling	6
siblings	10
sic	5
sichuan	3
sicilian	6
sicilians	3
sicily	8
sick	61
sickbay	4
sicken	3
sickened	3
sickening	5
sickens	3
sicker	5
sickest	3
sickle	5
sickly	5
sickness	14
sicko	5
sickos	2
sid	16
siddharth	5
siddhartha	3
siddhu	4
side	74
sidearm	3
sidebar	4
sideboard	3
sideburns	4
sidecar	3
sided	4
sidekick	8
sidekicks	3
sideline	4
sidelined	3
sidelines	6
sides	22
sideshow	5
sideswipe	3
sidetracked	4
sidewalk	10
sidewalks	4
sideways	9
sidewinder	3
sidharth	3
sidhu	3
siding	5
sidle	4
sidney	12
sidonia	3
sidorov	3
sie	6
sieg	5
siege	9
siegel	5
siegfried	8
siena	3
sienna	4
siento	3
sierra	10
siesta	4
sieve	4
sift	4
sifting	4
sifu	3
sig	4
siggy	3
sigh	15
sighed	3
sighing	18
sighs	64
sight	34
sighted	7
sighting	7
sightings	7
sights	11
sightseeing	6
sigma	5
sigmund	5
sign	57
signage	2
signal	30
signaled	3
signaling	4
signalling	3
signals	14
signature	20
signatures	9
signe	4
signed	31
significance	10
significant	16
significantly	7
signifies	4
signify	4
signifying	3
signing	16
signor	8
signora	8
signore	5
signorina	5
signpost	3
signs	25
sigrid	4
sigurd	4
sik	3
sikander	4
sikes	4
sikh	4
sikhs	3
sil	4
silas	9
silence	30
silenced	7
silencer	5
silences	4
silene	3
silent	26
silently	9
silhouette	5
silhouettes	3
silica	3
silicon	7
silicone	5
silk	16
silken	3
silks	4
silky	5
sill	4
silla	2
silliest	3
silliness	3
silly	38
silo	5
silos	3
silt	3
silva	7
silvana	4
silver	29
silverman	4
silverware	6
silvery	4
silvia	7
silvio	5
sim	9
sima	4
simba	4
simcoe	3
simeon	4
simi	3
simian	3
similar	24
similarities	6
similarity	5
similarly	6
simmer	5
simmering	3
simmi	3
simmons	10
simms	7
simo	3
simon	30
simona	4
simone	12
simons	4
simple	48
simpler	10
simplest	7
simpleton	4
simplicity	7
simplified	3
simplify	5
simplistic	4
simply	36
simpson	14
simpsons	6
simran	5
sims	6
simulate	5
simulated	5
simulating	3
simulation	7
simulations	4
simulator	4
simultaneous	4
simultaneously	8
sin	25
sinai	4
sinaloa	2
sinan	4
sinatra	7
sinbad	6
since	94
sincere	13
sincerely	12
sincerest	4
sincerity	8
sinclair	9
sind	3
sindhu	2
sine	3
sinead	3
sinestro	2
sinful	7
sing	49
singapore	10
singe	2
singed	3
singer	22
singers	10
singh	16
singham	2
singhania	3
singin	6
singing	41
single	47
singled	4
singles	8
singleton	3
sings	16
singsong	5
singsongy	4
singular	6
singularity	4
singularly	3
sinha	4
sinister	10
sink	20
sinker	4
sinkhole	4
sinking	12
sinks	7
sinned	8
sinner	10
sinners	9
sinning	3
sins	18
sinus	5
sinuses	4
sio	3
siobhan	8
sion	3
sioux	6
sip	12
siphon	4
siphoning	3
sipowicz	4
sippin	2
sipping	6
sippy	3
sips	4
sir	147
sire	17
sired	3
siree	3
siren	22
sirena	3
sirens	17
siri	5
sirius	4
sirloin	3
siro	3
sirrah	2
sirree	4
sirs	8
sis	17
sisi	3
sisko	5
sissi	3
sissies	4
sissy	10
sister	73
sisterhood	5
sisters	26
sistine	3
sisyphus	3
sit	83
sita	7
sitar	3
sitch	3
sitcom	6
sitcoms	3
site	28
sites	13
sith	3
sitrep	3
sits	16
sitter	7
sittin	8
sitting	47
situ	2
situated	5
situation	48
situations	14
siu	7
siv	2
siva	4
six	66
sixers	2
sixes	5
sixpence	4
sixteen	11
sixteenth	3
sixth	16
sixties	4
sixty	11
siya	3
sizable	4
size	34
sizeable	4
sized	5
sizes	8
sizing	3
sizzle	4
sizzler	3
sizzles	3
sizzling	8
ska	2
skaar	5
skank	7
skanks	3
skanky	4
skate	10
skateboard	6
skateboarding	4
skateboards	3
skated	3
skater	5
skaters	4
skates	8
skating	10
skedaddle	4
skeet	4
skeeter	4
skeffington	2
skeletal	4
skeleton	11
skeletons	8
skelter	2
skelton	2
skeptic	3
skeptical	7
skepticism	4
skeptics	3
sketch	13
sketchbook	3
sketched	3
sketches	8
sketching	4
sketchy	6
skewed	3
skewer	3
skewered	2
skewers	2
ski	13
skid	6
skidded	3
skidding	3
skids	3
skied	2
skier	3
skiers	3
skies	14
skiff	3
skiing	10
skilful	3
skill	17
skilled	10
skillet	3
skillful	5
skillfully	3
skills	24
skim	5
skimmed	4
skimming	5
skimp	3
skimpy	3
skin	36
skinhead	4
skinheads	4
skinned	6
skinner	9
skinnier	3
skinning	3
skinny	16
skins	8
skint	4
skip	20
skipped	11
skipper	12
skipping	9
skippy	5
skips	6
skirmish	4
skirmishes	3
skirt	16
skirting	2
skirts	8
skis	6
skit	3
skitter	2
skitters	3
skittish	4
skittles	4
skivvies	3
skjern	3
skoda	2
skrill	3
skulking	4
skull	21
skullion	3
skulls	8
skunk	8
skunks	3
skupin	3
skwisgaar	3
sky	37
skydiver	2
skydiving	4
skye	7
skylar	5
skylark	3
skyler	5
skylight	4
skyline	4
skynet	4
skype	6
skyrocket	3
skyrocketed	2
skyscraper	4
skyscrapers	4
skywalker	5
sl	4
slab	7
slabs	3
slack	11
slacker	4
slackers	3
slacking	4
slacks	4
slade	8
slag	7
slags	2
slain	7
slam	12
slammed	9
slammer	5
slamming	8
slams	15
slander	7
slandered	3
slandering	3
slanderous	3
slang	6
slant	4
slanted	3
slap	20
slapped	12
slapper	3
slapping	8
slappy	3
slaps	7
slash	9
slashed	7
slasher	5
slashes	3
slashing	4
slate	9
slated	3
slater	8
slats	3
slattery	3
slaughter	13
slaughtered	10
slaughterhouse	6
slaughtering	5
slav	3
slava	3
slave	23
slaved	3
slaver	3
slavers	3
slavery	11
slaves	18
slavic	3
slaving	4
slavs	3
slaw	3
slay	8
slayed	3
slayer	8
slayers	3
slaying	5
slays	2
sleaze	4
sleazebag	3
sleazy	6
sled	7
sledding	3
sledge	6
sledgehammer	4
sleek	4
sleep	76
sleeper	8
sleepers	4
sleepin	4
sleeping	42
sleepless	7
sleepover	7
sleepovers	3
sleeps	14
sleepwalk	3
sleepwalker	3
sleepwalking	6
sleepy	15
sleepyhead	4
sleet	6
sleeve	12
sleeves	9
sleigh	8
sleight	3
slender	6
slept	31
sleuth	3
slew	5
slice	15
sliced	8
slicer	2
slices	7
slicing	6
slick	10
slicker	3
slid	6
slide	18
slider	4
sliders	3
slides	8
sliding	9
slight	16
slightest	13
slightly	20
slim	13
slime	8
slimeball	3
slimmer	3
slimming	3
slimy	8
sling	7
slinging	4
slings	3
slingshot	5
slink	4
slinky	3
slip	23
slipped	19
slipper	6
slippers	11
slippery	11
slippin	3
slipping	11
slips	9
slipstream	5
slit	11
slither	3
slithering	3
slits	3
slitting	2
sliver	4
sloan	9
sloane	8
slob	7
slobber	3
slobbering	3
slobs	3
slocum	3
slog	3
slogan	8
slogans	5
sloop	2
slop	6
slope	9
slopes	6
sloping	3
sloppy	11
sloshed	3
sloshing	4
slot	10
sloth	5
slots	5
slouch	4
slouching	2
slough	3
slovak	4
slovakia	3
slovenia	3
slow	42
slowed	8
slower	11
slowest	4
slowing	9
slowly	31
slowpoke	3
slows	7
slpowlcz	3
sludge	4
slug	10
slugged	4
slugger	4
slugging	3
sluggish	4
slugs	7
sluice	4
slum	6
slumber	8
slumming	4
slump	5
slumped	3
slums	6
slung	3
slur	3
slurp	4
slurping	7
slurps	5
slurred	3
slurring	5
slurry	2
slurs	3
slush	4
slut	18
sluts	7
slutty	7
sly	10
sm	5
smack	14
smackdown	2
smacked	6
smackers	3
smacking	5
smacks	6
small	62
smaller	20
smallest	11
smallhausen	3
smallpox	6
smalls	5
smallville	6
smarmy	3
smart	46
smartass	5
smarten	3
smarter	16
smartest	10
smartly	3
smartness	2
smartphone	4
smarts	5
smarty	4
smash	17
smashed	15
smasher	3
smashes	5
smashing	11
smear	7
smeared	6
smearing	3
smears	3
smee	3
smell	44
smelled	12
smelling	10
smells	26
smelly	9
smelt	6
smelting	3
smidge	3
smile	39
smiled	11
smiles	13
smiley	9
smilin	3
smiling	21
smirk	4
smirking	3
smite	4
smith	29
smithereens	4
smithers	5
smiths	4
smithsonian	4
smithy	4
smitten	6
smitty	6
smock	3
smog	5
smoke	39
smoked	14
smoker	6
smokers	5
smokes	11
smokescreen	4
smokey	6
smokin	6
smoking	25
smoky	6
smoldering	4
smooch	4
smooches	4
smooching	4
smooth	20
smoothed	3
smoother	5
smoothest	2
smoothie	6
smoothies	4
smoothing	3
smoothly	10
smorgasbord	3
smother	5
smothered	5
smothering	4
sms	5
smudge	5
smudged	4
smudges	3
smug	8
smuggle	8
smuggled	8
smuggler	6
smugglers	6
smuggling	11
smurf	7
smurfette	3
smurfs	4
smut	4
smythe	4
sn	3
snack	15
snacking	3
snacks	12
snafu	3
snag	6
snagged	5
snags	2
snail	7
snails	7
snake	25
snakebite	3
snakes	15
snakeskin	2
snap	19
snapchat	3
snape	3
snapped	11
snapper	4
snapping	8
snappy	7
snaps	12
snapshot	5
snapshots	4
snare	5
snares	3
snarky	3
snarl	3
snarling	12
snarls	7
snart	3
snatch	10
snatched	10
snatcher	4
snatchers	3
snatches	3
snatching	5
snazzy	4
sneak	19
sneaked	6
sneaker	4
sneakers	9
sneaking	13
sneaks	5
sneaky	10
sneer	3
sneering	3
sneeze	8
sneezed	4
sneezes	8
sneezing	6
sneha	3
snell	3
snicker	3
snickering	6
snickers	8
snide	4
sniff	10
sniffed	4
sniffer	4
sniffing	13
sniffle	3
sniffles	15
sniffling	8
sniffs	15
sniggering	3
sniggers	3
snip	6
snipe	4
sniper	12
snipers	7
snipes	3
sniping	3
snippy	3
snitch	10
snitched	4
snitches	4
snitching	3
sniveling	4
snivelling	3
snively	2
snob	7
snobbish	3
snobby	3
snobs	4
snog	3
snogging	3
snook	3
snooker	5
snooki	3
snoop	8
snooper	2
snooping	9
snoopy	5
snoot	2
snooty	4
snooze	5
snore	7
snored	3
snores	7
snoring	14
snorkel	3
snorkeling	3
snort	6
snorted	3
snorting	8
snorts	9
snot	7
snotlout	4
snotty	5
snout	6
snow	30
snowball	6
snowballs	3
snowboard	3
snowboarding	4
snowden	4
snowed	5
snowfall	3
snowflake	5
snowflakes	4
snowing	8
snowman	7
snowmen	3
snowmobile	4
snowplow	2
snows	5
snowstorm	5
snowy	7
snp	3
snub	3
snubbed	3
snuck	11
snuff	7
snuffed	4
snufkin	2
snug	5
snuggle	5
snuggling	3
snyder	5
so	345
soak	9
soaked	10
soaking	8
soaks	3
soames	6
soap	18
soapbox	3
soaps	5
soapy	4
soar	6
soared	4
soaring	6
soars	3
sob	7
soba	3
sobbing	24
sober	17
sobered	3
sobering	3
sobriety	6
sobs	15
soc	3
soccer	17
sociable	5
social	32
socialise	2
socialism	7
socialist	9
socialists	5
socialite	3
socialize	5
socializing	4
socially	8
societal	3
societies	7
society	32
sociological	3
sociology	4
sociopath	6
sociopathic	3
sociopaths	3
sock	12
socked	3
socket	6
sockets	4
socks	18
soco	3
socrates	6
sod	9
soda	18
sodas	5
sodding	4
sodium	8
sodom	5
sodomized	3
sodomy	4
sods	3
soe	3
sofa	13
sofas	3
sofi	2
sofia	13
sofie	5
soft	30
softball	7
soften	7
softened	4
softener	3
softening	3
softens	3
softer	7
softest	3
softie	4
softly	19
softness	4
software	13
softy	3
soggy	5
sohn	2
soho	6
soil	18
soiled	5
soils	3
soir	3
soiree	4
soju	5
sokka	4
sol	10
solace	6
solana	3
solange	4
solano	4
solar	17
solaris	3
solarium	3
sold	38
soldering	3
soldier	32
soldiering	3
soldiers	33
sole	14
soledad	4
soleil	4
solely	8
solemn	9
solemnly	7
soles	5
solicit	3
solicitation	4
solicited	3
soliciting	4
solicitor	9
solicitors	4
solid	23
solidarity	8
solider	3
solidified	3
solidify	3
solidly	2
solids	3
solis	4
solitaire	4
solitary	11
solitude	9
solloway	3
solly	4
solo	16
soloist	3
solomon	11
solon	3
solos	4
solovyov	3
solstice	5
solution	25
solutions	9
solve	26
solved	18
solveig	2
solvent	4
solver	2
solves	6
solving	10
som	4
soma	4
somali	4
somalia	4
somber	7
sombre	4
sombrero	3
some	201
somebody	77
someday	26
somehow	35
someone	118
someones	3
someplace	21
somers	3
somersault	4
somersaults	3
somerset	4
someth	3
somethin	21
something	190
somethings	4
sometime	24
sometimes	67
someting	3
someway	3
somewhat	15
somewhere	57
somewheres	3
somme	3
sommelier	3
sommer	2
sommers	4
son	106
sona	4
sonali	3
sonar	8
sonata	5
sondra	4
sone	2
song	55
songbird	3
songs	26
songwriter	5
songwriters	3
songwriting	3
songyang	3
soni	3
sonia	14
sonic	16
sonja	8
sonnet	4
sonnets	3
sonny	18
sono	4
sonofabitch	4
sonogram	3
sonora	3
sons	24
sont	3
sontag	3
sonu	3
sony	6
sonya	9
soo	13
sook	6
sookie	8
soon	86
sooner	30
soonest	3
soong	3
sooo	3
sooraj	2
soos	3
soot	5
soothe	6
soothes	3
soothing	7
soothsayer	3
sop	3
soph	5
sophia	13
sophie	21
sophisticated	14
sophistication	5
sophomore	7
soppy	3
soprano	6
sopranos	3
sor	4
sora	8
sorata	2
soraya	4
sorbet	3
sorbonne	4
sorcerer	7
sorcerers	3
sorceress	5
sorcery	5
sordid	7
sore	17
sorely	5
soren	4
sorenson	4
sores	5
soriano	2
sorority	8
sorrel	3
sorrento	3
sorrier	3
sorrow	16
sorrowful	4
sorrows	9
sorry	169
sort	64
sorta	7
sorted	13
sortie	3
sorting	7
sorts	18
sory	7
sos	5
sosa	4
sosuhno	3
sot	3
sotheby	3
soto	5
sotto	3
sou	5
souffle	4
sought	12
soul	45
soulful	5
soulless	4
soulmate	4
souls	20
sound	60
sounded	21
sounder	3
sounding	11
soundly	5
soundproof	3
sounds	62
soundtrack	5
soundwave	2
soup	27
soups	4
sour	13
source	27
sourced	3
sources	15
sourdough	3
sourpuss	3
sous	5
sousa	3
south	42
southall	3
southampton	5
southbound	4
southeast	9
southeastern	3
southerly	3
southern	19
southerner	3
southerners	4
southfork	5
southland	3
southpaw	2
southside	3
southwest	9
southwestern	3
souvenir	11
souvenirs	6
souza	3
sovereign	9
sovereigns	3
sovereignty	5
soviet	18
soviets	8
sow	8
sowed	3
sowing	4
sown	4
sows	3
sox	6
soy	10
soya	4
soybean	3
soybeans	3
soyuz	2
sp	6
spa	12
space	48
spacecraft	9
spaced	5
spaceiy	3
spaceman	4
spaceport	2
spaces	9
spaceship	12
spaceships	4
spacesuit	3
spacey	3
spacing	4
spacious	5
spade	8
spades	8
spaghetti	12
spain	21
spake	3
spalding	3
spam	7
span	8
spandex	4
spangler	3
spaniard	5
spaniards	6
spaniel	4
spanish	31
spank	8
spanked	5
spanking	7
spanky	4
spanner	4
spanning	3
spans	4
spanx	3
spar	4
spare	30
spared	12
spares	4
sparing	5
spark	13
sparked	5
sparking	4
sparkle	8
sparkler	3
sparklers	3
sparkles	5
sparkling	8
sparkly	5
sparks	9
sparky	7
sparring	5
sparrow	8
sparrows	4
sparse	3
sparta	5
spartacus	7
spartan	6
spartans	4
spas	3
spasm	4
spasms	4
spassky	2
spastic	3
spat	7
spate	3
spatial	5
spats	3
spatter	6
spatula	4
spaulding	4
spawn	6
spawned	4
spawning	3
spaz	4
spazer	3
speak	72
speakeasy	3
speaker	16
speakerphone	4
speakers	10
speakin	3
speaking	54
speaks	28
spear	11
spearhead	3
spears	9
spec	5
special	62
specialise	3
specialised	4
specialises	3
specialist	13
specialists	7
speciality	5
specialize	6
specialized	7
specializes	5
specializing	4
specially	11
specials	6
specialties	4
specialty	11
species	23
specific	22
specifically	17
specifications	4
specifics	6
specified	5
specify	5
specimen	10
specimens	7
speck	6
speckled	2
specks	3
specs	7
spectacle	9
spectacles	5
spectacular	14
spectacularly	4
spectator	5
spectators	7
specter	5
spector	4
spectra	3
spectral	3
spectre	3
spectrometer	3
spectrum	8
speculate	7
speculated	3
speculating	4
speculation	9
speculations	3
speculative	3
speculators	2
sped	5
speech	30
speeches	11
speechless	8
speed	35
speedboat	4
speeded	2
speeding	11
speedo	3
speedometer	3
speeds	8
speedster	3
speedway	3
speedy	8
speer	3
spell	27
spellbound	3
spelled	8
spelling	9
spellman	3
spells	11
spelt	4
spence	9
spencer	17
spend	48
spender	5
spending	24
spends	12
spenser	3
spent	44
sperm	14
spew	4
spewed	3
spewing	4
sphere	8
spheres	5
spherical	3
sphincter	4
sphinx	6
spic	4
spice	11
spiced	3
spicer	3
spices	7
spics	2
spicy	12
spider	17
spiderman	5
spiders	10
spidey	4
spied	5
spiel	3
spielberg	5
spies	13
spiffy	3
spike	16
spiked	6
spikes	7
spiking	4
spiky	3
spill	15
spilled	12
spiller	3
spilling	7
spills	5
spilt	5
spin	20
spinach	7
spinal	9
spindle	3
spine	12
spineless	5
spines	4
spinner	4
spinnin	2
spinning	15
spinoza	2
spins	7
spinster	5
spiny	2
spiral	9
spiraling	3
spirals	3
spire	3
spires	3
spirit	37
spirited	6
spirits	21
spiritual	17
spiritualist	3
spirituality	4
spiritually	5
spiritus	4
spiro	4
spiros	2
spit	21
spite	15
spiteful	4
spitfire	4
spits	10
spitter	3
spittin	2
spitting	10
spittle	2
spitz	3
spitzer	3
spivey	3
splash	11
splashed	5
splashes	5
splashing	8
splat	5
splatter	4
splattered	4
splattering	2
spleen	7
splendid	17
splendidly	4
splendor	5
splendour	4
splice	3
spliced	3
splicing	2
spliff	3
splint	4
splinter	8
splintered	3
splinters	5
split	31
splits	6
splitting	10
splurge	3
spluttering	3
splutters	4
spock	12
spoil	17
spoiled	14
spoiler	5
spoilers	3
spoiling	8
spoils	7
spoilsport	3
spoilt	7
spokane	3
spoke	34
spoken	25
spokes	3
spokesman	6
spokesperson	5
sponge	10
spongebob	4
sponges	4
sponging	3
spongy	3
sponsor	12
sponsored	8
sponsoring	4
sponsors	7
sponsorship	4
spontaneity	4
spontaneous	9
spontaneously	5
spoof	3
spook	7
spooked	7
spooks	4
spooky	10
spool	3
spoon	14
spooner	3
spoonful	4
spooning	3
spoons	7
sporadic	3
spore	2
spores	5
spork	2
sport	21
sporting	9
sports	24
sportscaster	3
sportsman	4
sportsmanship	3
sportsmen	3
sporty	4
spot	39
spotless	6
spotlight	10
spotlights	3
spots	16
spotted	16
spotter	4
spotters	3
spotting	5
spotty	4
spousal	3
spouse	8
spouses	5
spout	5
spouting	5
sprague	2
sprain	5
sprained	7
sprang	5
spratt	3
sprawl	3
sprawled	3
sprawling	3
spray	15
sprayed	7
spraying	6
sprays	4
spread	30
spreader	3
spreading	15
spreads	9
spreadsheet	3
spreadsheets	2
sprechen	2
spree	8
spring	30
springboard	3
springer	5
springfield	8
springing	4
springs	13
springsteen	4
springtime	6
sprinkle	6
sprinkled	4
sprinkler	4
sprinklers	4
sprinkles	5
sprinkling	3
sprint	6
sprinter	3
sprinting	3
sprints	3
sprite	4
spritz	3
spritzer	3
sprocket	3
sprout	6
sprouted	3
sprouting	3
sprouts	6
spruce	5
sprung	7
spry	3
spud	5
spuds	3
spun	7
spunk	5
spunky	3
spur	6
spurious	3
spurn	3
spurned	3
spurred	3
spurs	6
spurt	4
sputnik	3
sputtering	7
sputters	5
spy	24
spyder	3
spying	13
spyware	3
sq	3
squab	3
squabble	4
squabbles	3
squabbling	4
squad	24
squadron	11
squadrons	4
squads	6
squalid	3
squall	3
squalor	4
squander	4
squandered	4
squandering	3
squanto	3
square	29
squared	8
squarely	4
squares	8
squash	9
squashed	6
squashing	3
squat	9
squats	3
squatter	3
squatters	4
squatting	5
squaw	4
squawk	5
squawking	10
squawks	7
squeak	8
squeaking	12
squeaks	9
squeaky	6
squeal	11
squealed	4
squealer	3
squealing	14
squeals	10
squeamish	4
squeeze	18
squeezed	8
squeezes	3
squeezing	8
squelch	2
squelching	3
squid	9
squids	3
squiggly	2
squint	4
squinting	3
squire	8
squires	3
squirm	4
squirming	4
squirrel	11
squirrelly	3
squirrels	7
squirt	8
squirted	3
squirting	3
squirts	3
squish	5
squished	3
squishing	4
squishy	4
sr	4
sri	7
srivastav	2
srjanapala	4
srt	3
sru	2
ss	11
ssh	8
sshh	3
ssi	2
sss	3
sssh	3
st	20
sta	4
stab	17
stabbed	18
stabbing	10
stabbings	2
stabilise	3
stabilised	3
stability	9
stabilize	7
stabilized	6
stabilizer	3
stabilizers	3
stabilizing	4
stable	19
stabler	6
stables	9
stabs	5
stace	4
stacey	10
stache	2
staci	3
stacie	3
stack	12
stacked	7
stackhouse	4
stacking	5
stacks	6
stacy	12
stadium	13
stadiums	3
staff	31
staffed	3
staffer	3
staffers	3
staffing	3
stafford	5
staffs	3
stag	8
stage	38
stagecoach	5
staged	9
stages	10
stagg	3
stagger	4
staggered	4
staggering	7
staging	7
stagnant	4
stahl	5
stain	12
stained	8
staines	2
staining	3
stainless	4
stains	10
stair	4
staircase	9
staircases	2
stairs	25
stairway	6
stairwell	7
stake	21
staked	6
stakeout	7
stakeouts	3
stakes	11
staking	5
stalag	5
stale	8
stalemate	4
stalin	11
stalingrad	5
stalk	7
stalked	6
stalker	11
stalkers	3
stalking	12
stalks	4
stall	14
stalled	6
stalling	9
stallion	7
stallions	3
stallone	4
stalls	6
stalwart	3
stamford	3
stamina	7
stammer	3
stammering	11
stammers	10
stamp	14
stamped	7
stampede	6
stamper	3
stamping	4
stamps	10
stan	23
stance	8
stances	3
stand	73
standard	21
standardized	3
standards	14
standby	9
standin	5
standing	45
standish	4
standoff	4
standout	2
standpoint	5
stands	23
standstill	5
standup	3
stanfield	3
stanford	9
stanhope	3
stanislav	3
stanislaw	2
stank	5
stanley	19
stannis	3
stanton	9
staph	3
staple	6
stapled	3
stapler	5
staples	5
stapleton	4
star	46
starbase	3
starboard	10
starbuck	7
starbucks	6
starburst	3
starch	5
starched	2
stardate	5
stardom	4
stardust	5
stare	16
stared	8
stares	6
starfighter	2
starfire	3
starfish	5
starfleet	10
stargate	8
stargazer	2
starin	2
staring	25
stark	14
starkey	3
starks	3
starla	3
starlet	3
starlight	6
starling	6
starr	6
starred	4
starring	11
starry	5
stars	35
starscream	4
starship	8
starships	3
starsk	2
starsky	6
start	94
started	73
starter	8
starters	10
startin	5
starting	44
startle	6
startled	9
startling	6
starts	38
startup	3
starvation	7
starve	13
starved	9
starves	2
starving	20
stas	3
stash	12
stashed	8
stashing	2
stasi	3
stasis	6
stat	8
state	53
stated	10
stately	4
statement	28
statements	14
staten	6
stateroom	3
states	34
stateside	4
statesman	4
statesmen	3
statewide	3
static	15
stating	7
station	49
stationary	5
stationed	9
stationery	5
stationmaster	3
stations	17
statistic	4
statistical	5
statistically	6
statistics	9
stats	7
statue	18
statues	10
statuette	3
stature	6
status	21
statute	7
statutes	4
statutory	4
stauffenberg	3
staunch	3
stave	3
stavros	4
stax	3
stay	115
stayed	31
stayin	5
staying	41
stays	23
std	5
stds	3
ste	3
stead	5
steadfast	4
steadily	7
steadman	4
steady	22
steak	18
steakhouse	3
steaks	9
steal	38
stealer	3
stealin	3
stealing	26
steals	11
stealth	8
stealthily	3
stealthy	3
steam	17
steamboat	3
steamed	7
steamer	5
steamers	2
steaming	7
steamroller	3
steamship	3
steamy	4
steckler	3
stedman	2
steed	11
steel	21
steele	11
steelers	2
steely	3
steen	2
steep	9
steeped	4
steeper	3
steeple	3
steer	12
steerage	2
steered	4
steering	11
steers	4
stef	5
stefan	14
stefani	3
stefania	3
stefano	6
steffen	2
steffi	3
stegman	3
stein	9
steinar	3
steinberg	3
steiner	6
steinmetz	3
stell	3
stella	15
stellar	6
stem	10
stemming	2
stems	5
sten	4
stench	9
stencil	2
stenographer	3
stent	3
step	54
stepan	4
stepbrother	4
stepdad	5
stepdaughter	4
stepfather	9
stepford	3
steph	9
stephan	5
stephane	3
stephanie	14
stephen	21
stephens	9
stephenson	3
stephie	3
stepladder	2
stepmom	4
stepmother	8
steppe	4
stepped	18
steppes	3
steppin	3
stepping	14
steps	25
stepsister	3
stepson	5
stereo	11
stereos	3
stereotype	5
stereotypes	5
stereotypical	3
sterile	7
sterility	2
sterilization	3
sterilize	4
sterilized	4
sterling	10
stern	11
sternum	4
steroid	4
steroids	9
stethoscope	4
stetson	5
steve	37
steven	22
stevens	12
stevenson	6
stevie	14
stew	13
steward	8
stewardess	6
stewardesses	3
stewards	3
stewart	14
stewed	4
stewey	3
stewie	8
stewing	3
sti	3
stian	4
stick	46
sticker	8
stickers	6
stickin	3
sticking	18
stickler	4
sticks	18
stickup	3
sticky	12
stiff	15
stiffed	3
stiffen	2
stiffer	2
stiffness	3
stiffs	4
stiffy	3
stifle	4
stifled	4
stifler	3
stifling	5
stig	8
stigma	4
stil	3
stiles	8
stiletto	3
stilettos	3
still	149
stillborn	3
stiller	3
stillman	4
stillness	4
stills	5
stillson	3
stillwater	3
stillwell	3
stilton	3
stilts	4
stimulant	4
stimulants	3
stimulate	6
stimulated	4
stimulates	4
stimulating	6
stimulation	6
stimuli	4
stimulus	4
stina	2
stine	3
sting	13
stinger	5
stingers	3
stinging	4
stingray	3
stings	7
stingy	7
stink	17
stinker	5
stinkin	5
stinking	12
stinks	16
stinky	10
stinson	3
stint	5
stipe	2
stipend	4
stipulate	3
stipulated	3
stipulates	2
stipulation	3
stir	13
stirling	5
stirred	8
stirring	9
stirrup	3
stirrups	3
stirs	5
stitch	11
stitched	6
stitches	11
stitching	5
stix	3
sto	3
stock	24
stockade	4
stockbroker	4
stocked	6
stockholder	3
stockholders	5
stockholm	9
stocking	7
stockings	9
stockman	3
stockpile	4
stockpiling	3
stockroom	3
stocks	10
stockton	5
stockwell	3
stocky	3
stoddard	3
stoic	3
stoick	2
stoke	5
stoked	6
stoker	4
stokes	9
stole	37
stolen	32
stoller	3
stomach	30
stomachache	4
stomachs	6
stomp	7
stomped	4
stomping	6
stomps	3
stone	36
stonebridge	3
stoned	11
stonehenge	5
stoner	5
stoners	2
stones	20
stonewall	4
stonewalling	3
stoney	4
stoning	2
stony	4
stood	27
stooge	4
stooges	5
stool	10
stools	4
stoop	7
stooped	3
stop	141
stoplight	3
stopover	3
stopped	46
stopper	3
stoppin	3
stopping	23
stops	28
stopwatch	4
storage	16
store	42
stored	10
storefront	3
storehouse	4
storekeeper	2
storeroom	6
stores	15
storey	3
storeys	3
stories	35
storing	5
stork	6
storks	3
storm	30
stormed	7
stormfly	2
storming	5
storms	10
stormy	7
story	75
storybook	4
storybrooke	4
storyline	3
storyteller	5
storytellers	2
storytelling	4
stottlemeyer	3
stout	6
stove	13
stoves	3
stow	5
stowaway	5
stowaways	3
stowe	3
stowed	4
stoy	3
str	3
straddle	2
straddling	3
stradivarius	3
stragglers	3
straight	55
straightaway	7
straighten	13
straightened	8
straightening	4
straighter	3
straightforward	9
straights	3
strain	13
strained	7
straining	8
strains	6
strait	4
straitjacket	4
straits	5
straker	3
strand	7
stranded	9
strands	5
strang	3
strange	52
strangely	11
strangeness	3
stranger	26
strangers	20
strangest	8
strangle	10
strangled	12
stranglehold	2
strangler	5
strangles	3
strangling	6
strangulation	6
strap	10
strapless	2
strapped	8
strapping	4
straps	6
strasbourg	3
strasser	3
strata	3
stratagem	2
strategic	10
strategically	4
strategies	7
strategist	4
strategize	3
strategy	19
stratford	3
stratos	3
stratosphere	3
stratton	4
strauss	7
stravinsky	3
straw	13
strawberries	9
strawberry	11
straws	7
stray	11
strayed	5
straying	3
strays	5
streak	10
streaking	3
streaks	4
stream	15
streamers	3
streaming	7
streamline	3
streamlined	3
streams	7
streep	4
street	58
streetcar	5
streetlight	3
streetlights	3
streets	30
streisand	4
strenght	3
strength	34
strengthen	8
strengthened	4
strengthening	4
strengthens	3
strengths	7
strenuous	4
strep	3
stress	22
stressed	14
stresses	4
stressful	10
stressing	6
stretch	19
stretched	10
stretcher	7
stretchers	3
stretches	7
stretching	9
stretchy	2
strewn	4
striations	3
stricken	5
strickland	5
strict	15
stricter	3
strictest	4
strictly	15
stride	7
strides	5
strife	6
strigoi	3
strike	33
striker	5
strikers	4
strikes	16
striking	12
strikingly	2
strindberg	3
string	18
stringent	3
stringer	5
stringing	4
strings	15
stringy	3
strip	20
stripe	5
striped	5
stripes	10
stripped	10
stripper	11
strippers	7
stripping	7
strips	7
striptease	4
strive	7
strives	3
striving	5
strobe	3
strode	3
stroganoff	3
stroh	3
stroke	18
stroked	4
strokes	8
stroking	4
stroll	11
strolled	3
stroller	5
strolling	6
strolls	3
strom	3
strong	53
strongarm	2
stronger	26
strongest	14
stronghold	6
strongly	14
strongman	3
stroud	3
struck	21
structural	7
structurally	3
structure	18
structured	4
structures	9
strudel	4
struggle	23
struggled	10
struggles	8
struggling	17
strum	3
strumming	4
strumpet	3
strums	3
strung	8
strut	5
struts	3
strutting	4
strychnine	4
stryker	4
stu	11
stuart	16
stub	5
stubb	3
stubbed	2
stubble	3
stubborn	19
stubbornly	3
stubbornness	5
stubbs	5
stubby	3
stubs	3
stuck	41
stuckey	2
stud	10
studded	3
studebaker	2
student	34
students	32
studied	19
studies	19
studio	27
studios	9
studious	3
studs	5
study	37
studying	24
stuff	81
stuffed	16
stuffing	9
stuffs	5
stuffy	8
stumble	7
stumbled	10
stumbles	4
stumbling	6
stump	7
stumped	5
stumps	4
stumpy	4
stun	7
stung	7
stunk	4
stunned	9
stunner	3
stunning	13
stunningly	3
stunt	14
stunted	3
stuntman	5
stuntmen	3
stunts	7
stupendous	4
stupid	68
stupider	4
stupidest	7
stupidity	10
stupidly	5
stupor	4
sturdy	6
sturgeon	4
sturgis	3
sturm	3
stutter	6
stuttering	8
stutters	6
stuttgart	4
stuyvesant	2
sty	4
style	30
styled	3
styles	9
styling	5
stylings	2
stylish	7
stylist	6
styrofoam	4
styx	3
su	12
suarez	5
suave	4
sub	14
subaru	5
subatomic	4
subbed	2
subbing	5
subbu	4
subclavian	2
subcommittee	4
subconscious	9
subconsciously	4
subcutaneous	3
subdivision	3
subdue	5
subdued	5
subdural	3
subhash	3
subject	29
subjected	7
subjecting	2
subjective	5
subjects	14
subjugate	2
subjugated	2
sublet	3
sublime	7
subliminal	4
submarine	12
submarines	6
submerge	3
submerged	6
submersible	3
submission	7
submissions	3
submissive	5
submit	13
submitted	9
submitting	4
subordinate	5
subordinates	5
subpoena	8
subpoenaed	5
subpoenas	3
subrip	4
subs	8
subscribe	5
subscribed	2
subscriber	3
subscribers	3
subscription	5
subscriptions	3
subsection	3
subsequent	6
subsequently	5
subservient	3
subside	3
subsided	3
subsides	3
subsidiaries	3
subsidiary	4
subsidies	4
subsidize	3
subsidy	3
subspace	6
substance	13
substances	7
substandard	3
substantial	9
substantially	4
substantiate	3
substation	4
substitute	11
substituted	4
substitutes	3
substituting	3
substitution	4
subterfuge	3
subterranean	5
subtext	4
subtitle	8
subtitled	6
subtitles	23
subtitling	7
subtle	13
subtleties	3
subtlety	4
subtly	4
subtract	4
suburb	5
suburban	7
suburbia	3
suburbs	9
subversion	3
subversive	6
subvert	3
subway	15
subways	4
subxpacio	4
succeed	19
succeeded	13
succeeding	5
succeeds	6
success	30
successes	5
successful	25
successfully	11
succession	7
successive	3
successor	9
successors	3
succubus	4
succulent	4
succumb	5
succumbed	4
such	95
suck	28
sucka	3
sucked	15
sucker	16
suckered	3
suckers	9
sucking	13
suckle	3
suckling	3
sucks	24
sucky	4
sucre	3
suction	9
sudan	6
sudanese	3
sudden	30
suddenly	40
sudha	3
sudo	3
sudoku	3
suds	3
sue	26
sued	9
suede	5
suen	3
sues	3
suey	3
suez	4
suffer	27
suffered	22
sufferer	3
sufferers	3
suffering	26
sufferings	4
suffers	10
suffice	8
sufficient	12
sufficiently	6
suffocate	7
suffocated	6
suffocates	2
suffocating	8
suffocation	4
suffolk	4
suffrage	3
suffragette	3
sufi	2
suga	2
sugar	30
sugarcane	3
sugarcoat	3
sugarplum	2
sugars	5
sugary	4
suge	3
suggest	31
suggested	18
suggesting	17
suggestion	15
suggestions	11
suggestive	4
suggests	14
sugi	3
sugita	2
sugiyama	3
sugu	2
suh	6
suhani	3
sui	3
suicidal	9
suicide	33
suicides	7
suing	9
suis	4
suit	38
suitable	14
suitably	3
suitcase	17
suitcases	8
suite	16
suited	10
suites	5
suiting	3
suitor	6
suitors	5
suits	22
suk	6
sukekiyo	3
suki	5
sukiyaki	3
sul	4
suleiman	3
suleyman	3
sulfate	3
sulfur	6
sulfuric	4
sulk	5
sulking	7
sulky	3
sullen	4
sullied	3
sullivan	13
sully	9
sulphur	5
sultan	12
sultana	4
sultry	4
sulu	5
sum	16
suma	3
suman	4
sumatra	3
sumerian	3
sumi	3
sumida	3
summa	2
summarize	4
summary	6
summat	5
summation	3
summed	4
summer	40
summerhouse	3
summerlee	3
summers	10
summertime	6
summing	2
summit	11
summits	2
summon	11
summoned	11
summoning	4
summons	7
sumner	4
sumo	7
sump	2
sumptuous	4
sums	8
sun	48
suna	3
sunaina	3
sunbae	5
sunbathe	3
sunbathing	4
sunbeam	3
sunblock	3
sunburn	4
sunburned	3
sunburst	2
sundae	5
sundaes	3
sundance	5
sundar	3
sunday	32
sundays	10
sunder	4
sunderland	3
sundial	3
sundown	8
sundry	3
sune	3
sunflower	5
sunflowers	4
sung	14
sungkyunkwan	4
sunglasses	10
sunil	5
sunita	4
sunk	11
sunken	5
sunlight	12
sunni	3
sunny	17
sunnydale	3
sunnyvale	3
sunrise	12
sunroof	3
suns	6
sunscreen	5
sunset	15
sunsets	4
sunshine	17
sunspots	3
sunstroke	3
suntan	4
sunup	4
sup	6
super	34
superb	11
superbly	3
superboy	7
supercar	3
supercharged	3
supercomputer	3
superficial	8
superfluous	4
supergirl	6
superglue	3
superheated	2
superhero	11
superheroes	7
superhuman	5
superintendant	3
superintendent	13
superior	18
superiority	6
superiors	9
superman	17
supermarket	12
supermarkets	4
supermassive	3
supermax	2
supermen	3
supermodel	5
supermodels	3
supernatural	11
supernova	6
supernovas	2
superpower	5
superpowers	5
supersonic	4
superstar	10
superstars	4
superstition	8
superstitions	5
superstitious	8
supervillain	2
supervise	7
supervised	6
supervising	5
supervision	8
supervisor	13
supervisors	4
supervisory	3
supper	19
suppertime	3
supple	4
supplement	5
supplemental	4
supplementary	3
supplements	4
supplied	8
supplier	8
suppliers	6
supplies	19
supply	22
supplying	6
support	41
supported	12
supporter	6
supporters	9
supporting	13
supportive	11
supports	9
suppose	51
supposed	73
supposedly	12
supposing	8
supposition	3
suppository	2
suppress	8
suppressed	6
suppressing	4
suppression	4
supremacy	5
supreme	16
supremely	3
sur	6
sura	3
suraj	5
sure	157
surefire	3
surely	32
suresh	5
surest	3
surety	3
surf	12
surface	26
surfaced	5
surfaces	6
surfacing	3
surfboard	4
surfed	3
surfer	7
surfers	5
surfing	10
surge	9
surgeon	19
surgeons	9
surgeries	7
surgery	31
surges	4
surgical	11
surgically	5
surging	4
suri	6
surly	4
surmise	3
surmised	2
surname	8
surnames	3
surpass	5
surpassed	5
surpasses	3
surplus	6
surprise	46
surprised	39
surprises	16
surprising	16
surprisingly	11
surreal	6
surrealism	3
surrealist	3
surrender	22
surrendered	9
surrendering	5
surrenders	4
surrey	4
surrogacy	3
surrogate	7
surrogates	3
surround	10
surrounded	21
surrounding	13
surroundings	8
surrounds	6
suru	2
surveillance	21
surveilling	3
survey	11
surveyed	3
surveying	4
surveyor	5
surveyors	3
surveys	4
survival	18
survive	33
survived	21
survives	8
surviving	11
survivor	14
survivors	15
surya	6
sus	3
susan	26
susana	5
susanna	6
susannah	5
susanne	5
susceptible	6
sushi	12
susi	3
susie	12
suspect	37
suspected	18
suspecting	6
suspects	19
suspend	8
suspended	16
suspenders	4
suspending	4
suspense	7
suspenseful	13
suspension	10
suspicion	15
suspicions	10
suspicious	22
suspiciously	4
suss	3
sussex	4
sussman	3
sustain	9
sustainability	3
sustainable	5
sustained	12
sustaining	4
sustains	3
sustenance	4
susu	2
susumu	3
susy	3
sutherland	4
sutra	5
sutter	5
sutton	10
suture	6
sutures	5
suu	2
suv	8
suvs	3
suwa	3
sux	3
suzaku	3
suzan	3
suzanna	3
suzanne	11
suze	4
suzette	4
suzhou	3
suzi	3
suzie	8
suzu	4
suzuki	7
suzy	8
sven	8
svend	3
svengali	3
svensson	3
sveta	3
svetlana	5
svr	3
svu	5
swab	7
swabbed	3
swabs	4
swag	5
swagger	5
swahili	4
swain	7
swallow	17
swallowed	13
swallowing	6
swallows	7
swam	8
swami	6
swamiji	2
swamp	14
swamped	6
swamps	5
swampy	3
swamy	3
swan	12
swanee	3
swank	3
swanky	4
swann	5
swans	6
swanson	6
swap	12
swapped	6
swapping	5
swaps	3
swarek	3
swarm	7
swarmed	3
swarming	6
swarms	3
swarthy	2
swastika	4
swat	9
swatches	2
swatting	2
sway	10
swayed	5
swaying	5
sways	3
swayze	3
swear	48
swearengen	3
swearing	8
swears	7
sweat	22
sweated	4
sweater	15
sweaters	6
sweatin	2
sweating	13
sweatpants	4
sweats	6
sweatshirt	6
sweatshop	3
sweaty	11
swede	6
sweden	12
swedes	5
swedish	13
sweeney	6
sweep	16
sweeper	4
sweepers	3
sweeping	9
sweeps	6
sweepstakes	3
sweet	57
sweeten	5
sweetened	3
sweetener	3
sweeter	8
sweetest	10
sweetheart	36
sweethearts	6
sweetie	33
sweeties	3
sweetly	6
sweetness	8
sweets	14
sweetums	2
sweetwater	3
sweety	6
swell	16
swelled	4
swelling	10
swells	6
sweltering	3
swenson	3
swept	12
swerve	4
swerved	4
swerving	2
swift	11
swiftly	7
swifty	3
swig	4
swill	4
swim	26
swimmer	7
swimmers	5
swimming	23
swims	5
swimsuit	6
swimsuits	3
swindle	5
swindled	4
swindler	5
swindlers	3
swindling	3
swindon	2
swine	12
swines	3
swing	23
swinger	3
swingers	4
swingin	3
swinging	12
swings	9
swipe	7
swiped	6
swiping	3
swirl	5
swirling	5
swirls	3
swirly	2
swish	5
swishing	3
swiss	13
switch	28
switchblade	3
switchboard	5
switched	15
switcheroo	2
switches	8
switching	10
switek	3
switzerland	13
swivel	4
swollen	10
swoon	4
swoop	6
swooped	3
swooping	3
swoops	3
swoosh	3
sword	31
swordfish	4
swordplay	3
swords	13
swordsman	7
swordsmanship	4
swordsmen	3
swore	15
sworn	14
swum	3
swung	7
sy	6
sybil	8
sycamore	4
syd	9
sydney	18
syed	2
sykes	7
syl	3
sylar	4
syllable	4
syllables	4
syllabus	3
sylvain	3
sylvester	8
sylvia	14
sylvie	7
symbiosis	3
symbiote	4
symbiotic	3
symbol	18
symbolic	8
symbolically	3
symbolism	4
symbolize	4
symbolized	3
symbolizes	4
symbols	11
symmetrical	4
symmetry	5
sympathetic	9
sympathies	6
sympathise	3
sympathize	6
sympathizer	3
sympathizers	3
sympathy	15
symphonies	2
symphony	9
symposium	4
symptom	7
symptomatic	3
symptoms	16
synagogue	6
synagogues	3
synapses	3
synaptic	3
sync	19
synced	6
synch	4
synchro	6
synchronicity	2
synchronization	3
synchronize	4
synchronized	6
syndicate	8
syndicated	3
syndicates	2
syndrome	12
syne	4
synergy	4
synod	3
synonymous	4
synopsis	2
syntax	3
synth	4
synthesis	3
synthesize	3
synthesized	3
synthesizer	3
synthetic	8
synthetics	2
syphilis	7
syracuse	5
syria	9
syrian	6
syrians	3
syringe	8
syringes	4
syrup	10
system	51
systematic	5
systematically	5
systemic	3
systems	21
systolic	4
szabo	2
sze	3
ta	14
tab	11
tabasco	3
tabatha	4
tabby	4
tabernacle	3
tabitha	6
table	48
tableau	3
tablecloth	5
tablecloths	3
tables	16
tablet	9
tablets	9
tabloid	5
tabloids	5
taboo	6
taboos	3
tabor	3
tabs	8
tac	5
tach	2
tachibana	4
tachy	3
tachycardia	3
tachycardic	2
tachyon	3
tack	7
tacked	3
tackle	11
tackled	5
tackles	3
tackling	4
tacks	4
tacky	7
taco	11
tacoma	3
tacos	8
tacs	2
tact	5
tactful	4
tactic	8
tactical	10
tactically	2
tactics	11
tactile	3
tactless	3
tad	10
tada	5
tadashi	4
tadd	2
tadeusz	3
tadpole	4
tadpoles	3
tae	15
taeko	3
taekwondo	3
taelon	6
taelons	6
taels	7
taffeta	3
taffy	5
taft	5
tag	17
taggart	6
tagged	7
tagging	5
tagore	3
tags	8
taguchi	3
tahir	3
tahiti	6
tahoe	5
tai	10
taichi	3
taiga	3
tail	24
tailed	5
tailgate	3
tailing	7
tailings	2
taillight	3
tailor	10
tailored	4
tailoring	3
tailors	3
tailpipe	3
tails	13
tailspin	2
taint	5
tainted	8
taipan	3
taipei	5
tais	3
taiwan	10
taiwanese	5
taj	8
taja	3
tajima	3
tak	7
taka	3
takada	3
takagi	3
takahashi	5
takako	3
takano	3
takao	3
takashi	7
takayama	3
take	214
takeaway	4
takechi	3
takeda	5
takedown	4
taken	63
takeo	3
takeoff	7
takeout	6
takeover	7
taker	5
takers	5
takeru	2
takes	55
takeshi	5
taketh	3
taki	4
takigawa	2
takin	10
taking	79
takings	3
taku	3
takuma	3
takumi	5
takuto	2
takuya	3
tal	5
talbot	9
talcum	3
tale	18
talent	27
talented	19
talentless	3
talents	12
tales	15
tali	3
talia	6
taliban	9
talisman	7
talismans	2
talk	140
talkative	6
talked	48
talker	6
talkers	2
talkie	3
talkies	3
talkin	19
talking	108
talks	25
talkto	3
talky	3
tall	27
tallahassee	4
taller	12
tallest	6
tallied	2
tallinn	3
tallis	3
tallulah	3
tally	7
talmud	3
talon	5
talons	4
talyn	5
tam	7
tama	4
tamaki	3
tamale	3
tamales	3
tamar	3
tamara	8
tamarind	3
tamayo	2
tambourine	4
tame	9
tamed	5
tamer	4
tami	5
tamika	3
tamiko	2
tamil	7
taming	3
tamiya	2
tammi	3
tammy	12
tampa	6
tamper	4
tampered	7
tampering	6
tampon	5
tamponade	2
tampons	5
tamra	4
tamsin	4
tamura	4
tan	14
tana	3
tanaka	8
tancredi	3
tandang	3
tandem	4
tandoori	3
tandy	5
tane	2
tang	11
tangent	3
tangerine	4
tangerines	3
tangible	6
tangier	3
tangiers	3
tangle	5
tangled	8
tangles	3
tango	11
tangos	2
tangy	3
tani	3
tania	7
tanikaze	3
tanja	3
tank	24
tanked	4
tanker	7
tankers	4
tanking	3
tanks	15
tanned	5
tannen	3
tanner	14
tanning	5
tannoy	4
tano	4
tans	3
tansy	3
tantalising	2
tantalizing	3
tantamount	3
tanto	3
tantric	3
tantrum	5
tantrums	5
tanuki	3
tanya	13
tanz	3
tanzania	4
tao	9
taoist	4
tap	18
tapas	4
tape	34
taped	9
taper	3
tapes	16
tapestries	3
tapestry	5
tapeworm	4
taping	6
tapioca	4
tapped	10
tapping	12
taps	9
tar	8
tara	17
taran	2
tarantino	3
tarantula	4
tardes	2
tardiness	3
tardis	10
tardy	4
tarek	5
target	33
targeted	10
targeting	10
targets	14
tariff	3
tarik	3
tariq	7
tarmac	5
tarn	3
tarnation	3
tarnish	4
tarnished	4
taro	7
tarot	5
tarp	6
tarr	3
tarragon	2
tarrant	4
tarred	2
tarry	3
tarsus	3
tart	10
tartan	3
tartar	4
tartare	3
tartars	3
tartarus	3
tarts	6
taru	3
tarun	3
taryn	3
tarzan	10
tas	3
tase	3
taser	6
tash	4
tasha	8
tashi	3
task	23
tasked	4
taskmaster	2
tasks	9
tasmania	3
tassel	3
tassels	3
taste	38
tasted	13
tasteful	5
tasteless	5
taster	3
tastes	19
tastier	3
tasting	8
tasty	14
tat	7
tata	5
tate	12
tater	4
taters	3
tates	3
tatiana	6
tats	3
tatsu	3
tatsumi	3
tatsuo	4
tatsuya	5
tattered	3
tatters	3
tattle	3
tattletale	3
tattoo	20
tattooed	8
tattooing	4
tattoos	11
tatum	4
tatyana	3
tau	6
taub	4
taught	34
taunt	5
taunted	3
taunting	6
taunts	3
taurus	5
taut	3
tavern	9
taverns	3
tawdry	4
tawney	3
tawni	3
tawny	3
tax	22
taxation	4
taxed	3
taxes	16
taxi	27
taxicab	3
taxidermist	3
taxidermy	3
taxing	4
taxis	6
taxman	3
taxpayer	5
taxpayers	6
tay	4
taylor	25
taz	3
tb	5
tbe	3
tc	4
tch	4
tchaikovsky	4
td	2
te	12
tea	45
teach	43
teacher	43
teachers	19
teaches	11
teaching	23
teachings	7
teacup	4
teague	3
teahouse	4
teak	3
teal	9
team	68
teamed	5
teaming	4
teammate	6
teammates	7
teams	21
teamsters	3
teamwork	8
teapot	5
tear	26
teardrop	3
teardrops	3
tearful	4
tearfully	3
tearing	13
tears	28
teary	3
teas	5
tease	12
teased	6
teaser	3
teases	3
teasing	11
teaspoon	4
teaspoons	3
teat	3
teatime	3
teats	3
tech	16
technical	15
technicalities	3
technicality	5
technically	19
technician	8
technicians	6
technicolor	4
technique	17
techniques	12
techno	7
technodrome	4
technological	7
technologically	3
technologies	7
technology	25
techs	5
tectonic	4
tecumseh	3
ted	26
teddy	22
tedious	7
tee	9
teeger	3
teela	2
teeming	5
teemu	2
teen	11
teenage	16
teenager	14
teenagers	12
teenie	2
teens	9
teensy	4
teeny	7
teepee	3
tees	3
teetering	3
teeth	33
teething	4
teflon	3
tegan	4
tehran	5
teito	2
tej	2
teja	3
tel	7
tele	3
telecast	4
telecom	4
telecommunications	3
telegram	14
telegrams	5
telegraph	8
telekinesis	3
telekinetic	3
telemachus	3
telemetry	4
telenovela	3
telepath	3
telepathic	5
telepathically	3
telepaths	3
telepathy	5
telephone	28
telephoned	7
telephones	6
telephoning	3
telephoto	3
teleport	6
teleportation	4
teleported	3
teleporter	3
teleporting	2
teleprompter	3
telescope	11
telescopes	5
telethon	3
teletype	2
televised	4
television	27
televisions	3
telex	3
telford	4
tell	202
teller	10
tellers	3
tellin	10
telling	69
tells	35
telltale	4
telly	10
telugu	5
tem	3
temp	9
temper	17
temperament	6
temperamental	4
temperance	5
temperate	3
temperature	21
temperatures	10
tempered	5
tempers	4
tempest	5
templar	6
templars	4
template	4
temple	28
temples	9
templeton	5
tempo	7
temporal	8
temporarily	11
temporary	18
temps	4
tempt	8
temptation	11
temptations	5
tempted	10
tempting	9
temptress	3
tempts	2
tempura	4
tempus	3
temujin	2
ten	59
tenacious	5
tenacity	5
tenant	9
tenants	9
tenctonese	3
tend	18
tended	6
tendencies	6
tendency	8
tender	16
tenderloin	3
tenderly	5
tenderness	8
tenders	3
tending	6
tendon	4
tendons	4
tends	9
tendulkar	3
tenement	4
tenements	2
tenets	3
tenfold	3
teng	3
tengo	3
tengu	3
tennant	3
tenner	5
tennessee	9
tennis	17
tennison	3
tennyson	5
tenor	5
tens	10
tense	18
tensed	7
tension	16
tensions	6
tent	18
tentacle	3
tentacles	6
tentative	4
tenth	10
tents	8
tenuous	3
tenure	6
tenzin	3
teo	5
teodoro	3
tepid	3
teppei	3
tequila	12
ter	4
tere	3
terence	6
teresa	14
tereza	3
teri	7
teriyaki	3
terje	3
term	22
termed	3
terminal	12
terminally	4
terminals	3
terminate	8
terminated	8
terminating	3
termination	6
terminator	6
terminology	4
terminus	4
termite	4
termites	6
terms	27
terra	6
terrace	11
terraces	3
terracotta	2
terrain	9
terran	3
terrance	6
terre	3
terrell	3
terrence	8
terrestrial	4
terri	7
terrible	49
terribly	22
terrier	4
terrific	23
terrified	17
terrifies	4
terrify	4
terrifying	14
territorial	6
territories	8
territory	20
terror	17
terrorism	11
terrorist	19
terrorists	16
terrorize	4
terrorized	5
terrorizing	5
terrors	5
terry	23
tes	3
tesco	4
tesla	8
tesoro	2
tess	14
tessa	10
tessanne	3
tessie	3
test	48
testament	10
tested	17
tester	4
testes	3
testicle	5
testicles	8
testicular	3
testified	9
testifies	4
testify	19
testifying	7
testimonial	3
testimonials	2
testimonies	4
testimony	18
testing	20
testosterone	7
tests	25
testy	4
tet	4
tetanus	5
tetch	3
tether	5
tethered	4
tetra	3
tetris	3
tetsu	4
tetsuo	4
tetsuya	3
tex	7
texan	4
texans	3
texas	22
text	26
textbook	8
textbooks	5
texted	11
textile	5
textiles	4
texting	11
texts	12
texture	8
textures	4
teyla	4
tezuka	3
tgs	2
th	15
tha	11
thackeray	3
thackery	3
thad	6
thaddeus	4
thai	12
thailand	11
thais	2
thakur	7
thallium	3
thames	7
than	140
thane	5
thang	4
thank	164
thanked	9
thankful	13
thankfully	7
thanking	10
thankless	4
thanks	117
thanksgiving	17
thankyou	7
thanos	4
thar	3
that	595
thataway	3
thatcher	8
thats	12
thattaboy	2
thatyou	4
thaw	6
thawed	4
thawing	2
thawne	2
thay	3
thayer	4
thc	3
the	889
thea	8
theandromeda	2
theater	24
theaters	6
theatre	19
theatres	5
theatrical	7
theatrics	4
thebes	4
thee	24
theft	16
thefts	5
their	145
theirs	15
theis	3
thejob	3
thelma	7
them	215
theme	26
themed	3
themes	6
themself	3
themselves	39
then	210
thence	3
theo	14
theodora	3
theodore	9
theologian	2
theologians	3
theological	3
theology	5
theora	3
theorem	4
theoretical	7
theoretically	8
theories	13
theorist	3
theorists	7
theory	30
ther	7
therapeutic	6
therapies	4
therapist	15
therapists	5
therapy	21
there	331
thereabouts	3
thereafter	5
thereby	6
therefore	26
therein	5
thereof	4
theres	6
theresa	11
therese	6
thermal	8
thermals	3
thermite	3
thermodynamics	3
thermometer	6
thermometers	2
thermonuclear	3
thermos	5
thermostat	4
theron	3
these	154
theses	3
theseus	4
thesis	10
thespian	2
thessaloniki	2
thet	3
theta	8
they	326
theyjust	2
theyre	4
theywere	2
thi	5
thiago	2
thibault	3
thick	21
thickens	3
thicker	7
thickest	3
thicket	3
thickness	5
thief	29
thierry	5
thievery	3
thieves	19
thieving	7
thigh	9
thighs	10
thimble	3
thin	23
thine	8
thing	156
thingie	2
thingies	4
things	132
thingy	8
think	253
thinker	6
thinkers	5
thinkin	12
thinking	82
thinks	49
thinkyou	4
thinly	3
thinner	8
thinning	3
thins	3
third	44
thirdly	4
thirds	5
thirst	11
thirsty	19
thirteen	11
thirteenth	4
thirties	4
thirty	19
this	447
thistle	3
thither	3
thls	3
tho	3
thom	5
thomas	31
thompkins	2
thompson	14
thomson	5
thong	7
thongs	3
thor	11
thora	3
thoracic	4
thoracotomy	3
thorax	3
thorazine	3
thoreau	3
thorgy	2
thorin	3
thorn	9
thorndyke	3
thorne	8
thornfield	3
thornhill	3
thorns	7
thornton	8
thorny	4
thorough	12
thoroughbred	4
thoroughfare	2
thoroughly	12
thorpe	6
those	135
thou	26
though	73
thought	139
thoughtful	12
thoughtfully	3
thoughtless	5
thoughts	30
thoughtyou	2
thousand	41
thousands	31
thousandth	3
thr	3
thrace	3
thrall	3
thrash	7
thrashed	6
thrashing	6
thread	13
threaded	2
threads	7
thready	3
threat	27
threaten	16
threatened	23
threatening	19
threatens	9
threats	16
three	113
threes	5
threesome	8
threesomes	3
threshold	9
threw	32
thrice	5
thrift	4
thrifty	4
thrill	13
thrilled	15
thriller	6
thrilling	9
thrills	5
thrive	8
thrived	4
thrives	4
thriving	7
throat	38
throats	9
throb	3
throbbing	6
throes	4
thrombosis	3
throne	18
thrones	5
throng	3
throttle	8
through	116
throughout	21
throw	54
throwaway	3
throwback	3
throwed	3
thrower	3
throwin	4
throwing	26
thrown	24
throws	13
thrt	3
thru	4
thrush	3
thrust	11
thruster	4
thrusters	6
thrusting	3
thrusts	3
thud	14
thudding	10
thuds	10
thug	10
thugs	10
thule	3
thumb	15
thumbelina	3
thumbprint	4
thumbs	10
thump	8
thumper	3
thumping	8
thumps	5
thunder	24
thunderbird	6
thunderbirds	3
thunderbolt	5
thunderbolts	2
thundercats	3
thunderclap	7
thunderclaps	3
thundering	5
thunderous	3
thunders	4
thunderstorm	5
thunderstorms	3
thunderzord	3
thunk	5
thurber	3
thurgood	3
thurman	3
thursday	22
thursdays	6
thurston	4
thus	20
thwack	2
thwart	4
thwarted	4
thy	25
thyme	4
thyroid	4
thyself	5
ti	8
tia	6
tiago	2
tian	6
tiana	3
tiananmen	3
tianjin	3
tiara	6
tibbs	4
tiber	3
tiberius	6
tibet	7
tibetan	6
tibetans	2
tibi	2
tibia	4
tibor	3
tic	5
tick	13
ticked	5
ticker	5
ticket	32
tickets	29
ticking	14
tickle	10
tickled	6
tickles	7
tickling	6
ticklish	5
ticks	6
ticktock	3
tico	3
tics	2
tidal	7
tidbit	3
tide	15
tides	7
tidied	4
tidings	5
tidy	12
tidying	5
tie	32
tied	26
tieh	3
tien	6
tiene	2
tier	5
tierney	4
tierra	3
tiers	2
ties	16
tiff	5
tiffany	11
tiffin	3
tig	5
tiger	23
tigers	11
tigger	5
tiggers	2
tigh	3
tight	35
tighten	9
tightened	4
tightening	5
tightens	3
tighter	10
tightest	2
tightly	9
tightness	2
tightrope	4
tights	7
tigre	2
tigress	4
tigris	2
tijuana	6
tiki	5
til	12
tilda	4
tilden	3
tile	7
tiles	8
till	58
tiller	4
tillie	3
tillman	4
tilly	6
tilt	7
tilted	4
tilting	3
tim	29
timber	8
timberlake	3
timbers	4
timbuktu	4
time	225
timed	7
timeframe	3
timeless	6
timeline	9
timelines	2
timely	5
timeout	3
timepiece	2
timer	11
timers	4
times	78
timeshare	3
timetable	6
timid	7
timing	20
timings	3
timmins	3
timmons	3
timmy	12
timo	5
timor	3
timothy	10
timson	3
timur	3
tin	16
tina	21
tincture	2
tinder	4
tine	3
tiner	3
tinfoil	3
ting	8
tinge	2
tingle	5
tingles	3
tingling	6
tingly	4
tiniest	6
tink	6
tinker	8
tinkerbell	3
tinkering	4
tinkle	5
tinkles	3
tinkling	6
tinned	3
tinny	5
tino	5
tins	5
tinsel	3
tinsley	2
tint	3
tinted	4
tintin	6
tiny	31
tio	3
tip	26
tipped	11
tipper	4
tippi	4
tipping	6
tippy	3
tips	15
tipsy	5
tiptoe	4
tiptoeing	3
tipton	2
tira	2
tiramisu	4
tire	17
tired	52
tiredness	3
tireless	4
tirelessly	4
tires	25
tiresome	6
tiring	8
tis	10
tish	4
tissue	16
tissues	7
tit	9
tita	3
titan	9
titanic	9
titanium	6
titans	8
titch	2
titi	3
title	22
titled	4
titles	8
tito	9
tits	18
titti	3
titties	8
titty	6
tituba	3
titus	8
tivo	4
tivoli	3
tiwari	4
tizzy	3
tj	7
tk	3
tl	3
tlak	3
tlc	3
tlhe	4
tm	3
tmi	3
tmz	3
tn	3
tnt	4
to	771
toa	3
toad	11
toads	5
toady	3
toast	25
toasted	6
toaster	8
toasters	3
toasting	4
toasts	4
toasty	3
tobacco	13
tobacconist	2
tobe	3
tobey	4
tobi	3
tobias	9
tobin	5
toboni	3
tobruk	3
toby	19
tock	6
tod	6
toda	3
today	113
todd	22
toddler	6
toddlers	3
toddy	5
todo	4
todos	3
toe	15
toei	3
toenail	4
toenails	5
toes	17
toffee	5
tofu	8
toga	4
togashi	3
toge	2
together	102
togetherness	4
togo	3
togusa	3
toh	3
toho	3
toi	4
toil	6
toiled	3
toilet	29
toiletries	3
toilets	10
toiling	3
toine	3
tojo	3
tok	5
toke	4
token	11
tokens	4
toki	6
tokugawa	6
tokyo	21
tol	3
told	134
toledo	6
tolerable	4
tolerance	9
tolerant	6
tolerate	14
tolerated	7
tolerates	3
tolerating	3
toll	11
tollbooth	3
tolling	8
tolliver	4
tolls	6
tolly	4
tolson	2
tolstoy	4
tom	46
toma	4
tomahawk	3
tomans	3
tomas	9
tomato	13
tomatoes	12
tomb	15
tomboy	4
tombs	7
tombstone	7
tombstones	3
tomcat	4
tome	4
tomek	3
tomfoolery	3
tomi	4
tomie	4
tomiko	3
tomlin	3
tommaso	4
tommi	3
tommie	3
tommorow	2
tommy	35
tomo	3
tomoe	3
tomoko	4
tomorrow	93
tomorrows	3
tompkins	3
toms	3
ton	16
tone	22
toned	3
toner	3
tones	8
tong	10
tonga	3
tongs	4
tongue	29
tongues	9
toni	12
tonia	3
tonic	9
tonics	3
tonight	93
tonino	4
tonio	4
tonkin	3
tonne	3
tonnes	6
tonnie	3
tono	3
tons	18
tonsils	5
tonto	4
tony	38
tonya	7
too	188
toodles	3
took	95
tool	17
toolbox	5
tools	19
toon	2
tooni	3
toot	7
tooth	18
toothache	5
toothbrush	10
toothbrushes	4
toothless	6
toothpaste	8
toothpick	5
toothpicks	4
tootie	2
tootin	3
tooting	4
toots	7
tootsie	4
top	60
topanga	7
topaz	4
topeka	4
toph	3
topher	5
topic	13
topical	3
topics	6
topless	6
topo	3
topography	3
topped	6
topper	5
topping	5
toppings	3
topple	4
toppled	3
tops	13
topside	5
topsoil	2
topsy	3
tor	7
tora	4
torah	5
toranaga	3
torben	4
torch	14
torched	5
torches	7
torching	2
torchwood	4
tore	14
tori	7
tories	4
torino	3
torment	10
tormented	7
tormenting	5
tormentor	3
torments	5
torn	18
tornado	9
tornadoes	4
toro	6
toronto	9
toros	3
torpedo	9
torpedoed	3
torpedoes	7
torquay	2
torque	5
torrance	4
torre	3
torrence	3
torrent	4
torrente	3
torrential	3
torres	9
torrey	2
torrid	3
torrio	3
torso	7
torsten	3
tort	2
tortellini	3
tortilla	4
tortillas	3
tortoise	7
tortoises	4
torture	21
tortured	15
torturer	3
tortures	5
torturing	10
torturous	3
toru	4
torvald	2
tory	9
tosa	4
tosca	4
tosh	5
toshi	4
toshiko	3
toshio	4
toshiro	3
toss	16
tossed	11
tosser	4
tosses	4
tossing	7
tot	5
total	32
totaled	4
totalitarian	3
totality	3
totally	50
totals	3
tote	4
totem	5
totes	4
toth	2
toti	2
toting	2
toto	8
tots	4
tottenham	2
tou	4
touch	61
touchdown	9
touchdowns	3
touche	4
touched	27
touches	13
touching	21
touchstone	2
touchy	8
tough	45
toughen	4
tougher	11
toughest	10
toughness	3
tought	3
touker	3
toulon	4
toulouse	4
touma	2
toupee	4
tour	29
toured	4
tourette	4
touring	7
tourism	7
tourist	13
tourists	13
tournament	15
tournaments	4
tourney	2
tourniquet	4
tours	9
toussaint	4
tout	5
touya	5
tov	6
tow	11
toward	21
towards	34
towed	7
towel	17
towels	13
tower	25
towering	5
towers	12
towing	4
towler	3
town	70
towne	3
townhouse	4
townie	3
towns	12
townsend	6
townsfolk	3
townshend	2
township	4
townspeople	4
tox	8
toxic	13
toxicity	4
toxicology	5
toxie	4
toxin	6
toxins	7
toy	21
toya	4
toyama	3
toyed	3
toying	5
toyo	3
toyota	6
toyotomi	3
toyou	4
toys	18
tp	3
tr	5
tra	4
trace	25
traceable	3
traced	12
tracer	4
traces	15
tracey	7
trachea	4
tracheotomy	2
traci	5
tracing	7
track	38
tracked	13
tracker	8
trackers	4
tracking	18
tracks	21
tracksuit	3
tract	5
traction	6
tractor	11
tractors	4
tracts	3
tracy	17
trade	30
traded	10
trademark	6
trader	8
traders	7
trades	6
tradesman	3
tradesmen	3
trading	14
tradition	20
traditional	17
traditionally	6
traditions	10
trafalgar	4
traffic	27
trafficked	3
trafficker	4
traffickers	5
trafficking	10
trafford	3
tragedies	5
tragedy	19
trager	3
tragg	5
tragic	17
tragically	6
trail	22
trailed	3
trailer	16
trailers	4
trailing	6
trails	7
train	50
trained	22
trainee	7
trainees	4
trainer	11
trainers	6
training	33
trains	15
traipsing	3
trait	6
traitor	21
traitorous	4
traitors	11
traits	7
trajectories	2
trajectory	8
tram	7
tramp	11
tramping	2
trample	5
trampled	6
trampling	4
trampoline	5
tramps	5
trams	3
tran	4
trance	9
trang	2
tranny	4
tranq	3
tranquil	5
tranquility	5
tranquilizer	5
tranquilizers	4
tranquillity	3
trans	7
transaction	9
transactions	7
transatlantic	3
transceiver	3
transcend	4
transcended	3
transcendence	2
transcendent	3
transcendental	3
transcends	4
transcontinental	3
transcribed	4
transcript	9
transcription	3
transcripts	5
transfer	23
transfered	2
transference	4
transferred	18
transferring	8
transfers	6
transform	11
transformation	10
transformations	3
transformative	3
transformed	11
transformer	5
transformers	4
transforming	6
transforms	5
transfusion	6
transfusions	3
transgender	5
transgression	4
transgressions	4
transient	4
transistor	4
transistors	2
transit	8
transition	10
transitional	3
transitioning	3
transitions	3
translate	12
translated	10
translates	6
translating	6
translation	14
translations	4
translator	10
translators	4
translucent	3
transmission	14
transmissions	6
transmit	8
transmits	3
transmitted	7
transmitter	10
transmitters	4
transmitting	7
transmutation	3
transparency	4
transparent	8
transpired	4
transplant	12
transplantation	2
transplanted	3
transplants	5
transpo	2
transponder	5
transport	19
transportation	11
transported	9
transporter	8
transporters	3
transporting	7
transports	5
transpose	3
transsexual	3
transverse	3
transvestite	5
transvestites	3
transylvania	5
trap	27
trapdoor	4
trapeze	5
trapp	3
trapped	25
trapper	5
trapping	5
trappings	3
traps	12
trash	24
trashcan	3
trashed	8
trashing	4
trashy	5
trask	5
trauma	19
traumas	4
traumatic	9
traumatised	3
traumatized	6
trav	4
travel	33
traveled	14
traveler	9
travelers	7
traveling	20
travelled	11
traveller	6
travellers	6
travelling	15
travels	13
travers	6
traverse	4
travesty	4
traviata	3
travis	17
travolta	4
trawl	3
trawler	4
trawling	3
tray	12
traynor	3
trays	5
tre	5
treacherous	8
treachery	7
treacle	3
tread	9
treading	4
treadmill	5
treads	4
treadwell	3
treason	13
treasonous	3
treasure	26
treasured	5
treasurer	6
treasures	11
treasury	10
treat	37
treatable	4
treated	25
treaties	4
treating	18
treatise	3
treatment	26
treatments	9
treats	13
treaty	12
treble	4
treblinka	3
tree	41
treehouse	3
trees	29
treetop	2
treetops	3
trek	9
trekking	3
trellis	2
tremaine	3
tremayne	2
tremblay	2
tremble	8
trembled	4
trembles	4
trembling	10
treme	2
tremendous	14
tremendously	6
tremor	4
tremors	5
trench	9
trenches	8
trend	8
trending	4
trends	5
trendy	6
trent	12
trenton	5
trepidation	3
tres	6
trespass	7
trespassed	3
trespasser	3
trespassers	3
trespasses	5
trespassing	10
tresses	4
trev	5
treville	3
trevor	16
trey	10
tri	4
triad	7
triads	4
triage	5
trial	35
trials	12
triangle	11
triangles	4
triangular	4
triangulate	4
triangulation	3
triathlon	3
tribal	14
tribbiani	3
tribe	21
tribeca	4
tribes	11
tribesmen	3
tribulations	3
tribunal	7
tribune	6
tribute	11
tributes	3
triceratops	3
tricia	5
trick	33
tricked	14
trickery	5
trickier	3
tricking	5
trickle	4
trickles	2
trickling	4
tricks	22
trickster	5
tricky	15
tricorder	3
tricycle	4
trident	5
tried	69
trier	2
tries	20
trieste	3
trifecta	3
triffids	3
trifle	7
trifled	3
trifles	4
trifling	4
trig	4
trigger	21
triggered	10
triggering	4
triggers	7
trigonometry	3
trilby	3
trill	3
trilling	6
trillion	7
trillions	4
trills	3
trilogy	4
trim	9
trimble	3
trimester	4
trimmed	5
trimmer	3
trimming	4
trimmings	3
trina	7
trine	3
trini	4
trinidad	4
trinity	8
trinket	4
trinkets	5
trio	7
trip	46
tripathi	3
tripe	4
triple	14
tripled	4
triplets	5
triplicate	3
tripod	4
tripoli	4
tripp	7
tripped	10
trippin	5
tripping	8
trippy	4
trips	13
tris	4
trish	11
trisha	5
tristan	10
trite	3
triton	4
triumph	13
triumphal	3
triumphant	7
triumphantly	3
triumphed	4
triumphs	5
trivia	6
trivial	9
trix	3
trixie	7
trod	3
troels	2
trog	2
troi	4
trois	4
trojan	6
trojans	3
troll	9
trolley	7
trolling	4
trollop	4
trolls	6
troma	3
tromaville	4
trombone	5
tron	4
troop	11
trooper	7
troopers	6
troops	24
tropez	3
trophies	8
trophy	14
tropic	4
tropical	10
tropicana	2
tropics	5
trot	7
troth	3
trotsky	3
trotter	5
trotters	3
trotting	3
troubadour	3
trouble	71
troubled	15
troublemaker	6
troublemakers	5
troubles	19
troublesome	8
troubling	10
trough	6
troupe	8
trouper	3
trouser	4
trousers	14
trousseau	3
trout	9
trove	4
trowel	3
troy	17
tru	7
truant	3
trubel	3
truce	10
truck	41
trucker	6
truckers	5
trucking	5
truckload	4
trucks	15
trudi	4
trudy	10
true	86
truer	4
truest	4
truffaut	3
truffle	6
truffles	6
trujillo	3
truly	33
truman	9
trumbo	3
trumbull	3
trump	12
trumped	3
trumpet	11
trumpeter	2
trumpeting	5
trumpets	7
trumps	5
truncheon	3
trunk	20
trunks	9
truro	3
truscott	3
truss	3
trust	70
trusted	23
trustee	5
trustees	5
trusting	12
trusts	11
trustworthy	8
trusty	5
truth	72
truthful	8
truthfully	7
truths	7
try	106
tryin	15
trying	103
tryout	4
tryouts	5
tryst	3
ts	5
tsa	4
tsai	5
tsang	3
tsao	3
tsar	8
tse	4
tseng	3
tsing	3
tsk	9
tso	2
tsoukalos	4
tsu	3
tsubaki	3
tsuchiya	3
tsui	5
tsukamoto	2
tsuna	3
tsunami	7
tsunamis	3
tsung	3
tsurugi	3
tsutomu	3
tsuyoshi	3
tt	5
tthe	3
tto	3
tts	3
tu	11
tua	2
tuan	4
tub	16
tuba	5
tubbs	6
tubby	5
tube	18
tuberculosis	6
tubes	11
tubing	4
tubman	3
tubs	4
tubular	3
tucci	3
tuck	13
tucked	9
tucker	14
tuckered	3
tucking	4
tucks	3
tuco	3
tucson	6
tudor	5
tuesday	22
tuesdays	6
tuff	3
tuffnut	3
tuft	2
tug	8
tugboat	3
tugging	4
tugs	3
tui	3
tuition	9
tuitions	2
tula	3
tulio	3
tulip	6
tulips	5
tulle	2
tulley	2
tullius	3
tully	6
tulsa	5
tulsi	2
tum	6
tumble	7
tumbled	4
tumbler	3
tumblers	3
tumbles	2
tumbleweed	3
tumbling	6
tummy	10
tumor	13
tumors	5
tumour	6
tumours	2
tums	3
tumult	2
tumultuous	3
tun	3
tuna	13
tundra	4
tune	20
tuned	10
tuner	3
tunes	9
tung	8
tungsten	3
tunic	4
tuning	7
tunis	3
tunisia	5
tunisian	3
tunnel	22
tunneling	3
tunnels	13
tunney	2
tuo	2
tupac	4
tuppence	4
tupper	3
tupperware	4
tuppy	3
turban	5
turbine	4
turbines	4
turbo	9
turbot	2
turbulence	6
turbulent	5
turd	8
turds	4
turf	11
turgut	3
turin	6
turing	4
turk	11
turkey	21
turkeys	6
turkish	12
turks	9
turlough	3
turmeric	3
turmoil	7
turn	87
turnaround	4
turnbull	4
turncoat	3
turned	54
turner	16
turnin	4
turning	33
turnip	5
turnips	4
turnoff	3
turnout	6
turnover	5
turnpike	4
turns	40
turnstile	2
turntable	3
turpentine	3
turpin	3
turquoise	4
turret	4
turrets	3
turtle	17
turtleneck	4
turtles	15
tus	2
tuscan	3
tuscany	4
tush	4
tushy	3
tusk	4
tusks	4
tusseries	3
tussle	3
tut	6
tutankhamun	3
tutelage	2
tutor	11
tutored	3
tutorial	4
tutoring	6
tutors	4
tuts	4
tutsi	3
tutti	4
tuttle	5
tutu	4
tuval	3
tuvok	6
tux	7
tuxedo	7
tuxedos	3
tv	50
tvs	6
twa	3
twain	6
twang	2
twas	4
twat	9
twats	3
twayne	3
tweak	4
tweaked	4
tweaker	2
tweaking	3
tweaks	3
tweed	5
tweedle	4
tweek	3
tween	3
tweet	8
tweeted	4
tweeting	5
tweets	5
tweety	3
tweezers	4
twelfth	5
twelve	19
twelvetrees	3
twenties	6
twentieth	4
twenty	25
twerk	3
twerp	5
twice	38
twiddle	2
twiddling	3
twig	7
twiggy	2
twigs	5
twiki	4
twila	4
twilight	12
twin	16
twine	4
twinge	3
twink	3
twinkie	4
twinkies	3
twinkle	8
twinkling	4
twins	18
twirl	5
twirling	4
twist	18
twisted	16
twister	6
twisting	8
twists	6
twisty	3
twit	5
twitch	6
twitchell	2
twitches	3
twitching	5
twitchy	4
twitter	10
twittering	4
twix	3
twixt	2
two	163
twos	5
twosome	3
twyla	3
ty	15
tybalt	4
tycho	3
tycoon	5
tye	3
tying	10
tyke	3
tylenol	4
tyler	21
tyne	2
type	39
typed	7
types	17
typewriter	9
typewriters	3
typhoid	5
typhoon	6
typhoons	3
typhus	4
typical	19
typically	9
typing	11
typist	4
typo	4
tyr	5
tyra	7
tyrannical	3
tyrannosaurus	4
tyranny	8
tyrant	8
tyrants	4
tyre	8
tyree	3
tyrell	4
tyres	10
tyrion	3
tyrol	3
tyrone	6
tyson	9
tzu	4
ua	4
uav	3
ub	3
uber	6
ubiquitous	3
ubu	3
uc	3
uch	3
uchi	3
ucla	5
uday	5
udder	3
udders	2
udo	3
udon	3
ueda	4
ueno	4
ueo	3
uesugi	3
ufc	3
ufo	10
ufos	6
ug	3
uganda	5
ugh	33
uglier	5
uglies	2
ugliest	5
ugliness	5
ugly	32
ugo	4
uh	143
uhh	17
uhhh	5
uhhuh	3
uhm	8
uhn	2
uhtred	4
uhuh	4
uhura	4
ui	3
uk	12
ukip	3
ukraine	8
ukrainian	7
ukrainians	3
ukulele	4
ul	3
ula	3
ulcer	7
ulcers	4
ulf	4
uli	2
ulises	4
ulla	4
ullman	3
ulna	3
ulrich	5
ulrik	4
ulrike	3
ulster	2
ulterior	5
ultimate	18
ultimately	14
ultimatum	6
ultra	7
ultraman	4
ultrasonic	3
ultrasound	8
ultraviolet	5
ultron	4
uly	3
ulysses	7
um	91
uma	5
umar	2
umberto	4
umbilical	5
umbrella	14
umbrellas	6
ume	2
umi	3
umm	12
ummm	4
ump	3
umpire	5
un	16
una	7
unable	19
unabomber	3
unacceptable	11
unaccompanied	3
unaccounted	5
unadulterated	3
unaffected	4
unafraid	4
unanimous	7
unanimously	4
unannounced	6
unanswered	5
unappealing	2
unappreciated	3
unarmed	10
unassuming	3
unattached	3
unattainable	3
unattended	5
unattractive	5
unauthorised	3
unauthorized	7
unavailable	7
unavoidable	5
unaware	10
unawares	3
unbalanced	5
unbearable	11
unbearably	3
unbeatable	5
unbecoming	4
unbeknownst	3
unbelievable	26
unbelievably	7
unbelievers	3
unbiased	3
unblemished	3
unblock	2
unborn	7
unbreakable	5
unbridled	4
unbroken	4
unburden	3
unbutton	4
unbuttoned	3
unc	4
uncalled	4
uncanny	6
uncaring	3
uncertain	9
uncertainty	7
unchain	3
unchallenged	3
unchanged	5
unchanging	3
uncharted	5
unchecked	4
uncivilized	3
unclaimed	3
uncle	61
unclean	5
unclear	8
uncles	8
uncomfortable	20
uncomfortably	3
uncommon	7
uncommonly	3
uncomplicated	3
uncompromising	3
unconcerned	3
unconditional	6
unconditionally	5
unconfirmed	4
unconnected	2
unconscionable	3
unconscious	17
unconsciously	4
unconsciousness	3
unconstitutional	3
uncontrollable	6
uncontrollably	3
uncontrolled	4
unconventional	6
uncool	6
uncooperative	4
uncouth	4
uncover	8
uncovered	9
uncovering	4
uncuff	4
uncut	4
und	7
undamaged	3
undaunted	2
undead	7
undecided	4
undefeated	6
undeniable	5
undeniably	3
under	81
underage	8
underbelly	3
undercarriage	3
undercooked	4
undercover	17
undercut	3
underdeveloped	3
underdog	5
underdogs	3
underestimate	11
underestimated	8
underestimating	4
underfoot	4
undergarments	3
undergo	7
undergoes	2
undergoing	5
undergone	4
undergrad	3
undergraduate	3
underground	21
undergrowth	3
underhand	3
underhanded	4
underhill	3
underline	3
underlined	4
underling	3
underlings	3
underlying	6
undermine	7
undermined	4
undermines	3
undermining	4
underneath	21
underpaid	3
underpants	9
underpass	3
underprivileged	4
underrated	3
undersea	3
undersecretary	3
undershirt	3
underside	4
undersigned	3
understaffed	3
understand	113
understandable	10
understandably	4
understanding	24
understands	17
understated	3
understatement	7
understood	34
understudy	5
undertake	6
undertaken	4
undertaker	6
undertakers	3
undertaking	6
underthe	3
undertook	3
undertow	2
underwater	13
underway	8
underwear	20
underwent	4
underwood	6
underworld	11
undesirable	4
undetectable	4
undetected	5
undetermined	3
undeveloped	3
undid	3
undies	5
undignified	3
undisciplined	3
undisclosed	3
undiscovered	4
undisputed	4
undisturbed	4
undivided	4
undo	11
undocumented	4
undoing	5
undone	9
undoubtedly	9
undress	10
undressed	9
undressing	5
undue	4
unduly	3
undying	4
une	5
unearth	3
unearthed	5
unearthly	3
unease	3
uneasiness	2
uneasy	9
uneducated	5
unemployed	12
unemployment	9
unending	4
unequal	3
unequivocal	2
unequivocally	3
unethical	6
uneven	5
uneventful	4
unexpected	17
unexpectedly	8
unexplainable	3
unexplained	6
unexploded	3
unexplored	4
unfair	17
unfairly	4
unfaithful	8
unfamiliar	7
unfashionable	2
unfathomable	3
unfeeling	3
unfettered	3
unfinished	10
unfit	7
unflattering	3
unfocused	3
unfold	6
unfolded	3
unfolding	4
unfolds	4
unforeseen	5
unforgettable	7
unforgivable	7
unforgiving	5
unfortunate	18
unfortunately	32
unfounded	4
unfreeze	3
unfriendly	5
unfulfilled	4
unfurled	3
ung	3
unger	3
ungh	4
ungodly	4
ungrateful	11
unguarded	4
unh	14
unhand	4
unhappily	3
unhappiness	6
unhappy	20
unharmed	7
unhealthy	7
unheard	6
unhelpful	3
unhinged	4
unholy	6
unhook	4
unhurt	3
uni	6
unicef	3
unico	3
unicorn	8
unicorns	5
unicycle	2
unidentified	9
unification	4
unified	6
uniform	25
uniformed	4
uniforms	14
unify	3
unifying	3
unilateral	3
unimaginable	6
unimaginably	3
unimportant	7
unimpressed	3
uninformed	2
uninhabitable	3
uninhabited	4
uninhibited	3
uninspired	3
unintelligible	5
unintended	3
unintentional	3
unintentionally	4
uninterested	3
uninteresting	3
uninterrupted	4
uninvited	6
union	27
unions	8
unique	23
uniquely	5
uniqueness	3
unis	4
unisex	3
unison	6
unit	31
unite	12
united	33
unites	4
uniting	4
units	21
unity	10
universal	12
universally	4
universe	32
universes	6
universities	6
university	29
unjust	7
unjustified	3
unjustly	4
unkind	6
unknowable	2
unknowingly	4
unknown	22
unknowns	3
unlawful	6
unlawfully	3
unleash	7
unleashed	7
unleashes	3
unleashing	3
unless	50
unlicensed	4
unlike	20
unlikely	14
unlimited	8
unlisted	3
unload	10
unloaded	6
unloading	6
unlock	12
unlocked	10
unlocking	5
unlocks	5
unloved	3
unlucky	12
unmanned	4
unmarked	6
unmarried	7
unmask	3
unmasked	3
unmatched	3
unmistakable	4
unmitigated	3
unmoved	2
unnamed	4
unnatural	8
unnecessarily	7
unnecessary	13
unnerved	2
unnerving	4
unni	6
unnie	3
unnoticed	7
uno	7
unoccupied	3
unofficial	6
unofficially	5
unopened	4
unopposed	3
unorthodox	6
unos	3
unpack	8
unpacked	5
unpacking	5
unpaid	6
unparalleled	4
unpatriotic	3
unplanned	3
unpleasant	14
unpleasantness	4
unplug	5
unplugged	4
unpopular	5
unprecedented	8
unpredictability	2
unpredictable	10
unprepared	5
unprofessional	7
unprotected	6
unproven	3
unprovoked	4
unpublished	3
unpunished	5
unqualified	3
unquestionably	3
unquote	4
unravel	6
unraveled	3
unraveling	4
unreachable	4
unreadable	2
unreal	8
unrealistic	5
unreasonable	9
unrecognizable	4
unregistered	4
unrelated	6
unrelenting	3
unreliable	7
unremarkable	3
unrequited	4
unresolved	5
unresponsive	4
unrest	6
unrestrained	3
unrestricted	3
unromantic	3
unruly	5
uns	4
unsafe	6
unsaid	4
unsanitary	3
unsatisfactory	3
unsatisfied	4
unsavory	4
unscathed	4
unscheduled	4
unscrew	3
unscrupulous	4
unsealed	3
unsecured	2
unseemly	4
unseen	8
unselfish	4
unser	4
unsettled	4
unsettling	6
unshakable	2
unsightly	3
unsigned	3
unskilled	2
unsolicited	3
unsolved	8
unsophisticated	3
unsound	3
unspeakable	6
unspoiled	3
unspoken	5
unstable	12
unsteady	3
unstoppable	8
unstuck	3
unsub	10
unsubs	3
unsubstantiated	3
unsuccessful	6
unsuccessfully	3
unsuitable	4
unsullied	2
unsung	3
unsupervised	4
unsure	6
unsuspecting	5
unsustainable	3
unsympathetic	3
untalented	2
untamed	4
untangle	3
untapped	3
untenable	3
untested	3
unthinkable	7
untidy	4
untie	12
untied	5
until	88
untill	4
untimely	5
unto	13
untold	5
untouchable	6
untouchables	3
untouched	7
untoward	4
untraceable	6
untrained	4
untreated	3
untrue	6
untrustworthy	3
unturned	4
untying	2
unusable	3
unused	4
unusual	25
unusually	7
unveil	4
unveiled	4
unveiling	5
unwanted	8
unwarranted	3
unwashed	3
unwavering	3
unwed	3
unwelcome	5
unwell	8
unwilling	6
unwillingly	3
unwind	6
unwise	5
unwitting	3
unwittingly	4
unworthy	7
unwrap	4
unwrapped	3
unwritten	4
unyielding	3
unzip	4
unzipped	2
unzipping	3
unzips	3
up	292
upbeat	14
upbringing	7
upcoming	8
update	14
updated	7
updates	7
updating	4
upfront	5
upgrade	8
upgraded	6
upgrades	4
upgrading	3
upheaval	4
upheld	4
uphill	6
uphold	8
upholding	3
upholstery	4
upkeep	3
uplift	3
uplifting	5
uplink	4
upload	7
uploaded	7
uploading	4
upon	41
upped	5
upper	18
uppercut	4
uppers	3
upping	3
uppity	4
uppsala	2
upright	9
uprising	7
uprisings	2
upriver	4
uproar	5
uproot	3
uprooted	3
ups	10
upscale	4
upset	43
upsets	6
upsetting	11
upshot	3
upside	16
upstage	3
upstairs	38
upstanding	5
upstart	4
upstate	7
upstream	5
uptake	2
uptight	9
upto	4
upton	4
uptown	8
upward	6
upwards	7
ur	5
urals	2
uranium	9
uranus	5
urban	12
urchin	5
urchins	3
urdu	4
urethra	3
urge	13
urged	6
urgency	7
urgent	23
urgently	10
urges	7
urgh	6
urging	5
uri	4
uriah	2
uriel	3
urinal	5
urinals	3
urinary	3
urinate	5
urinated	3
urinating	5
urination	3
urine	12
urko	4
urn	8
urns	3
urologist	3
urquhart	3
ursa	3
ursula	7
ursus	3
uruguay	4
us	216
usa	12
usable	4
usage	5
usagi	2
usain	3
usb	4
usc	4
usd	2
usda	2
use	94
used	96
useful	23
usefulness	4
useless	28
user	9
username	2
users	8
uses	21
usher	8
ushered	3
ushers	3
usin	3
using	48
usman	3
usnavi	3
uso	3
uss	6
ussr	5
ust	6
usted	3
usual	32
usually	40
usurp	3
usurped	3
usurper	3
usury	2
ut	5
uta	3
utah	8
ute	3
utensil	3
utensils	5
uterine	3
uterus	7
uther	4
utica	2
utilities	4
utility	7
utilize	5
utilized	3
utilizing	3
utmost	9
utopia	6
utopian	3
utter	11
uttered	5
uttering	3
utterly	12
utw	4
uuh	3
uv	5
uzbekistan	3
uzi	4
va	8
vac	3
vaca	3
vacancies	4
vacancy	5
vacant	9
vacate	7
vacated	4
vacation	27
vacationing	3
vacations	7
vaccinate	2
vaccinated	4
vaccination	4
vaccinations	3
vaccine	10
vaccines	5
vaclav	3
vacuum	13
vacuumed	3
vacuuming	4
vada	3
vader	6
vadim	4
vag	3
vagabond	5
vagabonds	3
vagina	13
vaginal	6
vaginas	4
vagrancy	3
vagrant	4
vagrants	3
vague	10
vaguely	8
vai	3
vail	4
vain	15
vaishali	2
val	15
vala	3
valco	2
valdemar	3
valdes	3
valdez	5
vale	7
valedictorian	4
valencia	5
valens	3
valente	2
valenti	3
valentin	5
valentina	6
valentine	18
valentines	3
valentino	6
valera	4
valeria	6
valerian	3
valerie	14
valerio	3
valerius	3
valery	3
valet	9
valets	3
valhalla	5
vali	3
valiant	7
valiantly	3
valid	11
validate	4
validated	3
validation	4
valide	3
validity	4
valise	2
valium	6
valjean	4
valkyrie	4
valkyries	3
vallarta	2
valle	3
valley	24
valleys	7
valli	3
valmont	3
valois	3
valor	5
valour	4
valparaiso	2
valter	2
valuable	21
valuables	7
valuation	3
value	27
valued	8
values	15
valve	10
valves	6
valya	3
vamonos	3
vamoose	3
vamos	6
vamp	5
vampire	21
vampires	15
vamps	3
van	36
vance	10
vancouver	7
vanda	3
vandal	4
vandalism	6
vandalized	4
vandals	4
vanderbilt	4
vane	5
vanessa	16
vanguard	5
vani	3
vanilla	10
vanish	11
vanished	15
vanishes	5
vanishing	6
vanities	2
vanity	10
vanna	3
vanni	3
vanquish	5
vanquished	5
vanquishing	3
vans	6
vantage	5
vanya	5
vapid	3
vapor	5
vaporize	3
vaporized	4
vapors	3
vapour	4
varda	2
varg	3
varga	3
vargas	8
variable	5
variables	6
variance	4
variant	3
variation	6
variations	6
varicose	3
varied	5
varies	5
varieties	5
variety	13
various	18
varma	4
varmint	3
varmints	3
varner	3
varnish	4
varrick	3
varsity	6
varun	4
vary	6
varying	4
vas	3
vasa	2
vasco	5
vascular	5
vase	11
vasectomy	5
vaseline	4
vases	4
vash	4
vasile	3
vasily	4
vasquez	6
vassal	4
vassals	3
vassar	3
vassili	2
vassily	3
vast	18
vastly	5
vastness	3
vasu	5
vasya	3
vat	6
vatican	10
vato	3
vats	3
vaudeville	5
vaughan	4
vaughn	10
vault	16
vaults	5
vauxhall	3
vaya	3
vayu	3
vaziri	3
vc	5
vcr	6
vd	5
ve	20
veal	8
vecchio	3
vector	7
vectors	4
veda	4
vee	5
veena	3
veer	7
veera	4
veered	3
veeru	3
veg	4
vega	10
vegan	8
vegas	22
vegeta	4
vegetable	12
vegetables	15
vegetarian	11
vegetarians	4
vegetation	6
vegetative	3
veggie	5
veggies	4
vehemently	3
vehicle	26
vehicles	14
vehicular	3
veil	11
veiled	4
veils	4
vein	9
veins	13
vel	3
velasco	3
velcro	4
velez	3
velma	7
velociraptor	3
velocity	8
velour	3
velu	3
velvet	10
velvety	2
ven	4
vena	3
vendetta	6
vending	7
vendor	7
vendors	5
veneer	3
venerable	4
venerated	2
veneration	3
venereal	3
venetian	5
venetians	2
venezuela	7
venezuelan	3
vengeance	13
vengeful	5
venice	13
venison	5
venkat	3
venky	2
venom	9
venomous	4
vent	10
vented	2
ventilate	3
ventilation	7
ventilator	6
venting	4
ventricle	4
ventricular	3
ventriloquism	2
ventriloquist	4
vents	7
ventura	5
venture	12
ventured	5
ventures	4
venturing	3
venu	3
venue	9
venues	4
venus	13
ver	5
vera	15
veracity	3
veracruz	3
veranda	4
verb	5
verbal	8
verbally	4
verbatim	3
verbs	3
verde	5
verdi	3
verdict	15
verdicts	3
verdun	4
vere	2
verena	2
verge	10
verger	3
verification	4
verified	7
verify	11
verifying	3
verily	3
veritable	5
veritas	3
verity	5
verma	6
vermeer	3
vermilion	3
vermillion	3
vermin	8
vermont	8
vermouth	4
vern	6
verna	4
vernacular	3
verne	6
vernon	11
vero	3
verona	5
veronica	15
veronika	4
veronique	3
versa	7
versace	4
versailles	6
versatile	5
versatility	2
verse	11
versed	4
verses	7
version	22
versions	7
versus	14
vert	2
vertebra	4
vertebrae	6
vertical	9
vertically	4
vertigo	6
vervain	3
very	181
vespa	3
vespasian	2
vespers	3
vessel	16
vessels	10
vest	13
vesta	3
vestal	3
vested	6
vestibule	3
vests	5
vesuvius	5
vet	13
veteran	10
veterans	8
veterinarian	6
veterinary	5
veto	6
vetoed	2
vets	5
vette	2
vetted	4
vetting	3
vex	5
vexed	4
vexing	3
vey	9
vez	2
vhs	4
vi	9
via	14
viability	3
viable	8
viaduct	3
viagra	7
vial	7
vials	5
vibe	11
vibes	6
vibrant	6
vibrate	5
vibrates	8
vibrating	10
vibration	6
vibrations	7
vibrato	2
vibrator	5
vic	20
vicap	3
vicar	10
vicarage	4
vicariously	3
vice	21
vicente	5
viceroy	6
vices	5
vichy	4
vicinity	9
vicious	14
viciously	4
vick	4
vickers	4
vicki	10
vickie	4
vicksburg	3
vicky	14
vico	2
vicodin	5
vicomte	3
vics	4
victim	41
victimized	4
victimless	3
victimology	3
victims	29
victini	3
victor	25
victoria	19
victorian	8
victorians	3
victories	7
victorious	8
victors	4
victory	27
vid	2
vida	5
vidal	5
video	37
videos	14
videotape	8
videotaped	4
videotapes	3
videotaping	3
vidya	5
vie	6
vieira	3
vienna	13
viennese	4
viet	4
vietcong	5
vietnam	16
vietnamese	11
view	33
viewed	7
viewer	6
viewers	11
viewing	8
viewpoint	5
views	13
vig	3
vigata	3
viggo	5
vigil	6
vigilance	5
vigilant	6
vigilante	7
vigilantes	4
vigo	3
vigor	4
vigorous	5
vigorously	4
vigour	3
vii	4
viii	5
vijay	10
viju	3
vik	3
vika	3
viki	5
viking	9
vikings	7
vikram	9
viktor	9
vil	2
vila	5
vilde	3
vile	11
villa	16
village	42
villager	4
villagers	13
villages	12
villain	14
villainous	3
villains	10
villainy	3
villanueva	3
villas	4
ville	4
villeneuve	2
villette	2
villiers	3
vilma	4
vin	8
vinaigrette	3
vinay	3
vince	20
vincent	22
vincente	2
vincenzo	6
vincey	2
vinci	8
vindaloo	3
vindicated	3
vindication	3
vindictive	5
vine	8
vinegar	8
vines	6
vineyard	7
vineyards	4
vinicius	3
vinick	4
vinnie	9
vinny	8
vino	4
vinod	3
vintage	10
vinton	2
vinyl	5
viola	6
violate	8
violated	10
violates	5
violating	7
violation	12
violations	7
violence	27
violent	23
violently	7
violet	14
violeta	3
violets	5
violetta	3
violette	4
violin	13
violinist	5
violins	5
vip	11
viper	8
vipers	4
vips	4
vir	3
viral	9
viren	3
virg	3
virge	2
virgil	10
virgilia	3
virgin	23
virginal	3
virginia	20
virginian	2
virginie	4
virginity	10
virgins	8
virgo	4
virile	4
virility	4
virtual	9
virtually	12
virtue	12
virtues	7
virtuoso	3
virtuous	7
virulent	3
virus	21
viruses	7
vis	3
visa	11
visage	3
visas	5
visceral	3
visconti	3
viscount	4
viscous	3
vise	3
vishal	5
vishnu	6
vishwamitra	3
visibility	6
visible	13
visibly	3
vision	25
visionaries	3
visionary	6
visions	12
visiontext	4
visit	44
visitation	6
visited	18
visiting	21
visitor	16
visitors	18
visits	13
visor	4
vista	7
visual	16
visualise	2
visualization	3
visualize	6
visualizing	2
visually	6
visuals	4
vita	5
vital	17
vitality	5
vitally	3
vitals	8
vitamin	8
vitamins	9
vite	3
vito	8
vitro	3
vitthal	3
vittles	3
vittoria	3
vittorio	6
vitya	3
viv	8
viva	8
vivacious	3
vivaldi	4
vivan	2
vive	5
vivek	3
vivi	3
vivian	13
viviana	2
viviane	3
vivid	8
vividly	4
vivien	5
vivienne	3
vivre	3
vixen	5
vizag	3
vizier	4
vlad	8
vladimir	9
vladimirovich	3
vladivostok	3
vlado	3
vlasta	2
vlog	2
vo	5
vocabulary	7
vocal	10
vocalist	5
vocalizing	9
vocally	3
vocals	5
vocation	6
vocational	3
vod	3
vodka	17
vodkas	3
vogel	6
vogler	3
vogue	6
voice	57
voiced	3
voicemail	9
voicemails	2
voiceover	11
voices	22
void	11
voight	5
voila	7
voir	3
volatile	7
volcanic	9
volcano	12
volcanoes	8
voldemort	3
vole	3
volga	4
volition	3
volker	4
volkoff	3
volkov	2
volkswagen	5
volley	4
volleyball	7
volm	2
volodya	3
volt	3
volta	3
voltage	6
voltaire	4
voltron	3
volts	6
volume	14
volumes	6
voluntarily	8
voluntary	7
volunteer	16
volunteered	11
volunteering	7
volunteers	12
voluptuous	4
volvo	6
vomit	12
vomited	5
vomiting	9
vomits	5
von	18
vonda	2
voodoo	10
voorhees	3
voracious	4
vorenus	2
vortex	7
vos	3
voss	5
vote	34
voted	17
voter	5
voters	9
votes	18
voting	13
votre	3
vou	6
vouch	9
vouched	4
voucher	4
vouchers	4
vour	2
vous	9
vova	3
vow	13
vowed	7
vowel	3
vowels	3
vows	12
voy	3
voyage	12
voyager	9
voyages	4
voyeur	4
vp	6
vr	3
vreedle	3
vronsky	3
vroom	5
vs	5
vu	6
vue	3
vuitton	3
vuk	3
vulcan	8
vulcans	4
vulgar	10
vulgarity	4
vulnerabilities	3
vulnerability	6
vulnerable	17
vulture	8
vultures	8
vulva	3
vve	4
vw	4
vx	2
vying	3
vyvyan	2
wa	14
waa	3
waah	4
wabash	3
wack	4
wacko	6
wackos	2
wacky	7
waco	4
wad	6
wada	3
waddle	3
wade	17
waded	2
wadi	3
wading	4
wads	2
wadsworth	2
wafer	3
wafers	3
waffle	7
waffles	8
wafting	2
wag	5
wage	11
waged	4
wager	9
wages	12
wagging	4
waging	4
wagner	10
wagon	17
wagons	8
wags	3
wagstaff	2
wah	11
wahey	3
wahoo	3
wai	8
waikiki	3
wail	6
wailing	20
wails	8
wainthropp	3
wainwright	5
waist	12
waistband	3
waistcoat	3
waistline	3
wait	141
waited	28
waiter	18
waiters	7
waitin	9
waiting	75
waitress	15
waitresses	5
waitressing	3
waits	12
waive	5
waived	4
waiver	5
wake	51
waked	2
wakefield	5
waken	3
wakes	14
wakey	5
waking	15
wal	3
walcott	3
waldemar	3
walden	7
waldo	7
waldorf	5
waldron	3
wales	10
walid	3
walk	70
walkabout	3
walked	36
walken	2
walker	19
walkers	6
walkie	5
walkies	3
walkin	8
walking	43
walkman	4
walkout	3
walks	21
walkway	3
wall	44
walla	3
wallace	15
wallander	3
walled	4
wallenberg	3
waller	4
wallet	22
wallets	6
wallflower	3
wallice	2
walling	3
wallis	4
wallop	4
wallow	5
wallowing	4
wallpaper	8
walls	28
wally	13
walmart	4
walnut	6
walnuts	5
walpole	3
walrus	5
walsh	10
walt	16
walter	28
walters	7
walther	3
walton	8
waltz	11
waltzed	3
waltzes	3
waltzing	4
wameru	4
wan	10
wand	9
wanda	11
wander	13
wandered	10
wanderer	6
wanderers	3
wandering	15
wanders	5
wands	3
wane	3
wang	15
waning	3
wank	6
wanker	8
wankers	5
wanking	4
wanna	92
wannabe	6
wannabes	3
want	260
wanted	117
wantin	3
wanting	24
wanton	4
wantonly	3
wants	86
wantto	4
wantyou	3
war	70
warble	2
warbler	3
warblers	2
warbles	3
warbling	5
warcraft	3
ward	20
warden	15
wardens	3
warder	3
wardrobe	13
wardroom	2
wards	6
ware	5
warehouse	18
warehouses	5
wares	4
warfare	10
warfield	3
warhead	6
warheads	5
warhol	5
waring	4
warleggan	4
warlike	3
warlock	6
warlocks	3
warlord	5
warlords	5
warm	37
warmed	8
warmer	11
warmers	3
warmest	4
warming	12
warmly	4
warms	6
warmth	12
warn	26
warned	22
warner	11
warning	29
warnings	7
warns	4
warp	12
warpath	4
warped	6
warrant	24
warranted	3
warrants	8
warranty	5
warren	18
warrick	5
warring	4
warrior	20
warriors	15
wars	18
warsaw	9
warship	6
warships	5
wart	5
warthog	3
wartime	6
warts	5
warwick	7
wary	7
was	391
wasabi	4
wash	32
washburn	3
washcloth	3
washed	19
washer	6
washers	3
washes	7
washing	18
washington	26
washout	3
washroom	6
wasim	2
wasjust	3
wasn	104
wasnt	3
wasp	7
wasps	5
wasrt	7
wassup	4
wast	3
waste	38
wastebasket	3
wasted	21
wasteful	4
wasteland	6
wastes	5
wastin	3
wasting	23
wastrel	3
wat	5
watanabe	5
watari	2
wataru	3
watashi	3
watch	85
watchdog	5
watchdogs	2
watched	27
watcher	5
watchers	5
watches	14
watchful	4
watchin	6
watching	51
watchmaker	3
watchman	8
watchmen	3
watchtower	4
water	82
waterbed	3
watered	5
waterfall	8
waterfalls	4
waterford	2
waterfront	6
watergate	5
waterhole	2
waterhouse	2
watering	7
waterloo	6
waterman	3
watermark	2
watermelon	8
watermelons	4
waterproof	5
waters	19
watershed	3
watertight	4
waterway	3
waterways	3
waterworks	3
watery	5
watkins	6
watson	16
watt	5
watts	8
wave	24
waved	7
wavelength	5
wavelengths	3
waver	4
wavered	3
wavering	4
waverly	5
waves	21
waving	11
wavy	4
wawa	2
wax	13
waxed	5
waxing	5
waxy	3
way	186
waya	2
waylon	3
wayne	21
ways	38
wayside	3
wayward	6
wazoo	3
wc	3
we	484
weak	31
weaken	6
weakened	7
weakening	5
weakens	4
weaker	9
weakest	7
weakling	5
weaklings	3
weakly	6
weakness	17
weaknesses	8
wealth	18
wealthier	2
wealthiest	4
wealthy	15
wean	3
weaned	3
weapon	37
weaponized	3
weaponry	6
weapons	34
wear	50
wearable	3
wearer	3
wearin	4
weariness	3
wearing	46
wears	17
weary	10
weasel	10
weasels	4
weather	30
weatherby	3
weathered	4
weatherman	5
weathers	4
weave	8
weaver	10
weavers	4
weaves	3
weaving	6
web	17
webb	8
webbed	3
webber	7
webbing	3
webby	3
webcam	4
weber	7
webs	4
website	15
websites	6
webster	9
wed	9
wedded	8
wedding	52
weddings	11
wedge	7
wedged	4
wedges	3
wedgie	4
wedlock	4
wednesday	20
wednesdays	6
weds	3
wee	16
weed	18
weeding	3
weeds	8
week	74
weekday	3
weekdays	3
weekend	36
weekends	13
weekly	11
weeks	56
weems	2
weenie	6
weenies	2
weeny	2
weep	11
weeping	10
weeps	5
weepy	4
weet	3
weevil	3
wegener	3
wehrmacht	4
wei	10
weigh	13
weighed	9
weighing	8
weighs	10
weight	31
weighted	4
weightless	3
weightlessness	2
weights	8
weighty	3
weimar	3
weinberg	3
weiner	4
weinstein	3
weir	6
weird	52
weirded	3
weirder	7
weirdest	7
weirdly	5
weirdness	4
weirdo	10
weirdoes	3
weirdos	5
weiss	6
wejust	3
wel	3
welch	5
welcome	70
welcomed	9
welcomes	5
welcoming	9
weld	5
welded	4
welder	4
welding	5
weldon	3
welfare	14
well	274
wellbeing	3
weller	5
welles	7
wellesley	3
welling	3
wellington	8
wellingtons	3
wellman	3
wellness	4
wells	14
welsh	8
welt	2
wembley	4
wen	8
wench	8
wenches	3
wendell	9
wendigo	3
wendy	18
weng	2
went	106
wentworth	5
wept	7
wer	4
were	214
weren	55
werert	4
werewolf	11
werewolves	7
werner	8
wertanen	3
werther	3
wes	13
wescott	2
wesen	5
wesley	11
wessex	4
wesson	4
west	38
westbound	3
westbrook	3
westchester	4
westen	4
westerly	3
western	21
westerner	2
westerners	4
westerns	4
westinghouse	4
westlake	3
westley	2
westminster	6
westmore	3
westmoreland	3
weston	8
westport	3
westside	4
westward	4
westwood	3
wet	30
wetback	2
wetlands	3
wets	3
wetter	4
wetting	4
weve	3
wexler	5
wgbh	4
wh	12
wha	16
whaa	3
whack	12
whacked	8
whacking	5
whacko	3
whacks	3
whaddaya	3
whaddya	4
whale	16
whalen	2
whaler	2
whales	11
whaling	4
wham	7
whammy	3
wharf	6
wharton	5
whassup	3
what	490
whatare	2
whatcha	9
whatchamacallit	3
whatever	79
whateveryou	2
whatevs	3
whatnot	7
whats	9
whatsapp	3
whatsit	3
whatsoever	14
whatta	3
whatyou	4
whe	3
wheal	2
wheat	12
wheaties	3
wheaton	3
whee	7
wheel	25
wheelbarrow	5
wheelchair	13
wheelchairs	3
wheeled	4
wheeler	11
wheelhouse	4
wheelie	3
wheeling	4
wheeljack	3
wheels	19
wheeze	3
wheezes	4
wheezing	8
whelan	4
whelp	2
when	231
whence	5
whenever	31
wher	4
where	214
whereabouts	14
whereas	13
whereby	4
wherefore	4
wherein	4
whereof	2
wheres	3
whereupon	3
wherever	27
wherewithal	2
whet	3
whether	46
whew	14
whey	3
which	121
whichever	9
whiff	7
while	94
whilst	11
whim	8
whimper	4
whimpering	17
whimpers	14
whims	5
whimsical	6
whimsy	3
whine	7
whiner	3
whines	8
whining	13
whinnies	8
whinny	3
whinnying	6
whiny	5
whip	17
whiplash	4
whipped	11
whipping	7
whipple	3
whips	6
whir	3
whirl	6
whirling	4
whirlpool	4
whirlwind	6
whirring	19
whirrs	4
whirs	6
whisk	5
whisked	3
whisker	3
whiskers	7
whiskey	19
whiskeys	3
whiskies	3
whisky	13
whisper	13
whispered	8
whisperer	4
whispering	23
whispers	21
whist	3
whistle	23
whistleblower	3
whistled	4
whistler	5
whistles	16
whistling	18
whit	7
whitaker	5
whitby	3
white	63
whitechapel	4
whitehall	5
whitehead	4
whitelighter	3
whiteness	3
whiter	4
whites	11
whiteside	3
whitest	3
whitewash	3
whitewood	3
whitey	9
whitfield	4
whither	4
whiting	4
whitley	4
whitlock	3
whitman	7
whitmore	4
whitney	11
whittaker	5
whittier	3
whittle	3
whittling	2
whitworth	2
whiz	7
whizz	3
whizzing	4
who	245
whoa	69
whoah	3
whoever	36
whole	95
wholeheartedly	4
wholesale	6
wholesaler	3
wholesalers	2
wholesome	6
wholly	6
whom	36
whomever	6
whoo	33
whooo	4
whoop	9
whooped	3
whoopee	5
whoopi	3
whooping	12
whoops	12
whoopsie	3
whoosh	9
whooshes	5
whooshing	10
whopper	4
whopping	3
whore	27
whorehouse	6
whores	13
whoring	5
whos	3
whose	42
whosoever	4
whrt	2
whup	4
whupped	3
why	245
whys	2
whyte	2
wi	8
wiccan	3
wich	3
wichita	5
wick	6
wicked	18
wickedly	2
wickedness	5
wicker	4
wicket	4
wickets	2
wickham	5
wicks	3
wid	3
widdle	2
wide	25
widely	7
widen	5
widened	3
widener	2
widening	3
wider	9
widespread	6
widest	3
widmore	2
widow	19
widowed	5
widower	6
widows	7
width	6
wie	3
wiedersehen	5
wield	6
wielded	3
wielding	4
wields	3
wiener	7
wieners	4
wife	94
wifey	4
wifi	3
wig	13
wiggins	3
wiggle	8
wiggles	3
wiggling	4
wiggly	3
wiggum	2
wiggy	2
wight	3
wigs	6
wigwam	2
wii	3
wiki	2
wikileaks	4
wikipedia	4
wil	6
wilber	3
wilberforce	3
wilbur	7
wilby	3
wilco	3
wilcock	3
wilcox	6
wild	36
wildcat	5
wildcats	4
wilde	6
wildebeest	4
wilden	3
wilder	7
wilderness	11
wildest	7
wildfire	5
wildflowers	3
wildlife	10
wildly	8
wildness	3
wilds	4
wile	3
wiles	4
wiley	5
wilf	2
wilfred	7
wilfrid	3
wilful	3
wilhelm	6
wilhelmina	5
wilk	3
wilkerson	3
wilkes	7
wilkie	3
wilkins	6
wilkinson	5
will	262
willa	5
willard	7
willed	4
willem	4
willful	4
willfully	3
willi	4
william	30
williams	19
williamsburg	4
williamson	5
willie	18
willies	4
willin	3
willing	36
willingham	3
willingly	9
willingness	5
willis	10
willoughby	6
willow	11
willows	5
willpower	6
wills	7
willy	14
wilma	8
wilmer	3
wilmington	3
wilmot	3
wilshire	4
wilson	22
wilsons	2
wilt	7
wilted	3
wilton	4
wilts	2
wiltshire	3
wily	4
wim	4
wimbledon	4
wimp	8
wimps	4
wimpy	4
wimsey	3
win	60
winces	4
winch	5
winchell	3
winchester	8
winchesters	3
wincing	3
wind	41
windbag	3
windbreaker	3
winded	3
windermere	3
windfall	3
winding	8
windmill	6
windmills	4
window	44
windows	23
windowsill	4
windpipe	4
winds	15
windscreen	4
windshield	8
windsor	7
windward	2
windy	8
wine	42
winehouse	2
winery	4
wines	7
winfield	4
winfrey	2
wing	22
wingate	3
winged	6
winger	4
winging	3
wingman	6
wings	24
wingspan	3
winifred	5
wining	2
wink	10
winked	4
winkie	3
winking	4
winkle	4
winkler	3
winks	4
winky	4
winn	4
winnebago	3
winner	27
winners	12
winnetou	3
winnie	10
winning	26
winnings	6
winnipeg	4
wino	3
winona	4
wins	23
winslow	7
winston	15
winstone	3
winter	29
winterfell	3
wintergreen	3
winters	9
wintertime	3
winthrop	5
winton	3
wipe	21
wiped	16
wiper	4
wipers	4
wipes	6
wiping	8
wir	4
wire	24
wired	12
wireless	9
wires	13
wiretap	4
wiretapping	2
wiretaps	3
wiring	8
wirt	2
wiry	2
wiryegung	3
wisconsin	8
wisdom	18
wise	25
wiseass	3
wisecracks	3
wiseguy	2
wisely	8
wiser	9
wisest	5
wish	75
wishbone	3
wished	16
wishes	24
wishful	5
wishing	12
wisp	3
wisteria	3
wistful	3
wit	11
witch	26
witchcraft	9
witches	13
witching	2
witchy	3
with	364
withal	3
withdraw	14
withdrawal	9
withdrawals	4
withdrawing	5
withdrawn	9
withdraws	3
withdrew	7
wither	6
withered	5
withering	3
withers	4
witherspoon	4
withheld	5
withhold	5
withholding	6
within	44
without	100
withstand	8
withstood	3
witless	3
witness	38
witnessed	14
witnesses	24
witnessing	6
wits	9
witsec	4
witt	3
witten	2
witter	3
witty	8
wives	20
wiz	5
wizard	15
wizardry	3
wizards	6
wladek	4
wmd	3
wo	11
woah	8
wobble	5
wobbles	2
wobbling	3
wobbly	5
woe	9
woeful	3
woefully	2
woes	5
wog	2
wojtek	3
wok	4
woke	26
woken	9
wol	3
wolcott	3
wolf	25
wolfblood	3
wolfbloods	3
wolfe	9
wolff	4
wolfgang	6
wolfie	3
wolfman	3
wolfram	3
wolfsbane	3
wolowitz	3
wolsey	3
wolverine	6
wolverines	3
wolves	16
woman	106
womanhood	4
womanizer	4
womanizing	2
womanly	3
womb	11
wombat	3
women	72
womenfolk	3
won	141
wonder	54
wondered	20
wonderful	55
wonderfully	8
wonderin	4
wondering	36
wonderland	7
wonders	13
wondrous	7
wong	14
wonka	4
wonky	4
wont	11
wonton	2
woo	20
wood	27
woodbury	2
woodchuck	3
woodcock	3
woodcutter	3
wooded	3
wooden	14
woodford	3
woodhouse	4
woodhull	3
woodland	5
woodlands	2
woodley	3
woodman	3
woodpecker	4
woodrow	5
woodruff	3
woods	28
woodsen	3
woodshed	3
woodsman	3
woodstock	5
woodward	5
woodwork	5
woody	15
wooed	3
woof	9
wooh	3
woohoo	3
wooing	4
wook	6
wool	10
wooldoor	3
woolen	3
wooley	3
woolf	3
woolly	4
woolsey	3
woolworth	3
wooly	3
woon	3
woong	4
wooo	3
wooster	4
woozy	4
wop	4
wor	3
worcester	3
word	76
worded	3
wording	3
wordplay	3
words	58
wordsworth	4
wordy	4
wore	21
worf	8
work	146
workable	3
workaholic	4
workday	3
worked	56
worker	20
workers	24
workforce	5
workhouse	4
workin	11
working	82
workings	5
workload	4
workman	4
workmanship	4
workmen	5
workout	9
workouts	3
workplace	8
workroom	3
works	52
workshop	12
workshops	4
workspace	2
workup	4
world	113
worldly	7
worlds	16
worldview	3
worldwide	11
worm	14
wormhole	9
wormholes	4
worms	12
wormwood	3
worn	17
worried	52
worrier	2
worries	21
worrisome	3
worry	86
worrying	20
worse	51
worsen	3
worsened	3
worsening	3
worship	15
worshiped	4
worshiping	3
worshipped	7
worshippers	3
worshipping	5
worships	5
worsley	3
worst	40
wort	3
worth	54
worthing	3
worthington	4
worthless	16
worthwhile	9
worthy	19
wory	4
wotan	3
wou	3
wouid	5
wouidn	2
would	216
woulda	5
wouldn	100
wouldnt	3
wouldst	4
wound	27
wounded	22
wounding	3
wounds	20
wove	3
woven	5
wow	70
wowed	3
woz	3
wozniak	4
wpc	2
wr	3
wracked	3
wraith	8
wrangle	3
wrangler	3
wrangling	2
wrap	20
wrapped	17
wrapper	5
wrappers	4
wrapping	8
wraps	7
wrath	11
wray	4
wreak	5
wreaked	2
wreaking	3
wreath	5
wreaths	3
wreck	17
wreckage	7
wrecked	11
wrecker	3
wrecking	7
wrecks	5
wren	5
wrench	9
wrenched	2
wrenches	3
wrestle	8
wrestled	4
wrestler	7
wrestlers	5
wrestling	13
wretch	10
wretched	12
wretches	4
wriggle	4
wriggling	3
wright	10
wrigley	3
wring	6
wringer	3
wringing	3
wrinkle	6
wrinkled	6
wrinkles	7
wrinkly	4
wrist	15
wristband	3
wristbands	2
wrists	10
wristwatch	4
writ	6
write	57
writer	24
writers	13
writes	15
writhe	2
writhing	4
writin	3
writing	38
writings	7
written	37
wrong	114
wrongdoing	4
wrongdoings	2
wronged	7
wrongful	5
wrongfully	3
wrongly	6
wrongs	6
wrote	42
wrought	4
wrung	3
wry	4
wu	15
wudang	3
wugong	3
wukong	3
wunderbar	3
wuss	6
wussy	3
wuthering	3
ww	3
wwe	3
wwii	3
wy	3
wyatt	14
wyler	3
wylie	4
wyndham	3
wynn	5
wynonna	4
wyoming	7
wyxchari	2
xan	3
xanadu	3
xanax	5
xander	7
xandir	3
xavier	9
xbox	5
xena	12
xenia	3
xenon	3
xerox	4
xerxes	3
xev	6
xi	8
xia	5
xian	4
xiang	7
xiangyang	3
xiao	12
xiaoyi	2
xiaoyu	2
xie	4
xiii	4
xin	5
xindi	3
xing	5
xiomara	3
xiong	3
xiu	4
xiv	4
xl	2
xmas	3
xo	6
xu	7
xuan	3
xue	3
xun	4
xv	3
xvi	3
xx	3
xxx	3
xylophone	2
ya	52
yaah	5
yaar	3
yabe	2
yacht	12
yachts	4
yada	4
yadav	4
yadda	4
yae	3
yael	3
yagami	4
yagyu	4
yagyuu	5
yah	12
yahoo	7
yahoos	3
yahtzee	3
yahweh	2
yai	3
yak	7
yakking	3
yakov	3
yaks	3
yakuza	10
yale	11
yalta	3
yam	6
yama	4
yamada	6
yamaguchi	4
yamaha	3
yamamori	3
yamamoto	6
yaman	3
yamashita	4
yamato	7
yamazaki	4
yami	2
yammering	3
yams	4
yan	10
yana	2
yancey	3
yancy	3
yang	17
yangjung	2
yangtze	3
yangzhou	3
yaniv	3
yank	8
yanked	5
yankee	11
yankees	9
yanking	4
yanks	6
yann	3
yanni	3
yannick	3
yannis	3
yano	3
yao	7
yap	5
yapping	6
yar	3
yard	24
yardley	3
yards	17
yarmulke	2
yarn	6
yas	3
yash	4
yasha	2
yashiro	2
yasin	2
yasir	4
yasmin	4
yasu	3
yasuda	3
yasuko	3
yasuo	2
yasur	3
yat	3
yates	8
yau	5
yaw	2
yawn	5
yawning	6
yawns	7
yay	20
yayoi	3
ye	19
yea	14
yeager	3
yeah	264
year	85
yearbook	8
yearbooks	3
yearly	5
yearn	6
yearned	4
yearning	7
yearns	4
years	129
yeast	6
yeats	3
yee	6
yeehaw	3
yeesh	3
yegor	3
yeh	7
yehuda	2
yelena	3
yell	20
yelled	12
yeller	3
yellin	2
yelling	29
yello	3
yellow	27
yellows	3
yellowstone	6
yells	17
yelp	5
yelping	5
yelps	9
yeltsin	3
yemen	5
yen	17
yens	2
yeo	5
yeogu	4
yeohwa	2
yeol	3
yeoman	3
yeomieul	3
yeon	9
yeong	5
yeow	4
yep	40
yer	10
yes	238
yeses	3
yeshiva	3
yessir	4
yesterday	54
yesterdays	2
yesteryear	2
yet	95
yeti	5
yeung	6
yevgeny	3
yew	3
yggdrasil	3
yhe	3
yi	14
yiddish	5
yield	10
yielded	4
yielding	4
yields	4
yikes	8
yim	3
yin	9
ying	9
yip	6
yippee	5
yipping	3
yitzhak	3
yiu	3
ymca	4
yo	40
yod	2
yoda	6
yodel	3
yodeling	3
yoga	13
yoghurt	5
yogi	6
yogurt	10
yoichi	4
yoke	5
yokel	3
yokels	3
yoko	8
yokohama	5
yokoyama	3
yolanda	6
yolk	4
yolks	3
yolo	2
yom	3
yoma	3
yon	5
yonder	7
yong	8
yoni	3
yonkers	4
yoo	10
yoon	13
yor	3
yore	3
yori	3
yorick	2
yoriko	3
york	48
yorker	6
yorkers	5
yorkshire	7
yorktown	3
yoru	2
yosef	2
yosemite	5
yoshi	5
yoshida	6
yoshie	3
yoshiki	3
yoshiko	5
yoshimura	2
yoshino	3
yoshio	4
yoshioka	4
yoshiwara	3
yossi	3
yost	3
yosuke	3
you	1000
youd	2
youjust	3
youll	4
youn	2
young	82
youngblood	3
younger	28
youngest	13
youngpo	2
youngster	7
youngsters	9
your	400
youre	7
yourface	3
yourfather	4
yourfriend	2
yourjob	5
yours	70
yourself	102
yourselves	27
yourwife	3
yous	7
youse	8
yousef	3
youself	3
youssef	3
youth	25
youthful	7
youths	5
youto	3
youtube	9
youve	4
yow	4
yowling	3
yowls	3
yoyo	3
yr	2
yrs	3
ys	3
ystad	3
yu	15
yuan	10
yucatan	3
yucca	2
yuck	10
yucky	4
yuda	3
yue	6
yuen	6
yugo	4
yugoslav	3
yugoslavia	6
yugoslavian	2
yuh	3
yui	4
yuichi	3
yuji	5
yuk	5
yuka	5
yukari	3
yukawa	4
yuki	9
yukie	3
yukiko	4
yukimura	3
yukio	4
yuko	6
yukon	4
yuku	3
yul	5
yule	3
yuletide	3
yulia	2
yum	10
yuma	4
yume	4
yumi	6
yumiko	4
yummy	11
yun	9
yuna	3
yung	6
yunsik	3
yuntabal	2
yup	22
yuppie	4
yuppies	3
yura	3
yuri	11
yuriko	4
yurt	3
yusef	4
yussef	3
yusuf	6
yusuke	4
yuta	2
yutaka	3
yuu	5
yuuki	4
yuwen	2
yvan	3
yves	6
yvette	6
yvon	3
yvonne	10
za	4
zaara	3
zac	9
zach	15
zachariah	3
zachary	7
zack	14
zackary	3
zaf	3
zafar	3
zafer	3
zag	3
zagreb	4
zaheer	3
zahra	3
zaire	3
zaius	3
zak	5
zaki	3
zale	3
zamani	2
zambia	3
zamboni	2
zambrano	2
zamora	3
zan	3
zander	4
zandra	3
zandt	2
zane	8
zanuck	3
zany	2
zanzibar	3
zap	8
zapata	4
zapatera	2
zappa	3
zapped	4
zapping	7
zaps	3
zara	5
zarek	3
zarina	3
zarkon	2
zat	3
zatoichi	3
zayday	2
zaza	3
zbornak	2
zbz	4
ze	7
zeal	5
zealand	9
zealot	3
zealots	3
zealous	3
zeb	6
zebra	8
zebras	4
zed	5
zedd	6
zee	6
zeek	3
zeeland	3
zeke	10
zelda	8
zelena	3
zen	9
zeng	3
zenigata	3
zenith	4
zeno	3
zenon	3
zeo	6
zephyr	4
zeppelin	5
zero	26
zeroed	3
zeroes	4
zeros	6
zest	4
zeta	5
zeus	10
zeuthen	3
zev	4
zeynep	4
zhaan	4
zhan	4
zhang	10
zhao	8
zhen	5
zheng	5
zhenya	3
zhi	5
zhivago	3
zhong	5
zhou	7
zhu	7
zhukov	3
zi	5
zia	3
zidane	3
ziegfeld	4
ziegler	4
zig	4
ziggy	8
zigzag	3
zilch	4
zillion	4
zim	4
zimbabwe	4
zimmer	4
zimmerman	4
zin	3
zina	3
zinc	4
zing	5
zinger	3
zion	5
zionist	3
zip	13
zipped	4
zipper	9
zippers	3
zipping	4
zippo	3
zippy	3
zips	4
zis	2
zit	4
zita	3
zito	3
zits	3
ziva	8
zloty	3
zlotys	3
zo	6
zod	4
zodiac	7
zoe	18
zoey	9
zohar	3
zoidberg	3
zoila	3
zoinks	4
zola	4
zoloft	2
zoltan	3
zombie	15
zombies	12
zone	25
zoned	3
zones	7
zoning	4
zoo	17
zooey	3
zookeeper	3
zoological	2
zoologist	2
zoology	3
zoom	11
zooming	4
zoos	4
zoot	3
zora	4
zoran	3
zorba	3
zord	3
zordon	7
zords	4
zorn	4
zorro	5
zosia	2
zou	4
zoya	5
zpm	2
zs	3
zsa	3
zu	4
zucchini	5
zucker	2
zuckerberg	3
zuko	4
zulu	6
zuma	3
zumba	3
zuri	3
zurich	7
zwei	4
zweig	2
zz	3
